source,archive,member,dest_path,label,generator,domain,split,sha256
wildfake,Images/Diffusion_based/ADM.zip,ADM/imgs/35ce659f0344afb5f747a8c5328dadac.png,data/wildfake/adm/c863ccaa056eb1f8.jpg,1,adm,imagenet,val,fbf758cc270332dd36784bd022c34cc8a7e2ac2a9bc8ebeafb4849405c937ce4
wildfake,Images/Diffusion_based/ADM.zip,ADM/imgs/9b20e0d54160dd9a54723f9daadc46e1.png,data/wildfake/adm/01e2c71173f5c5c3.jpg,1,adm,imagenet,val,0647b7b90f1482a1fc9d04f01059752c9c11b0f0979ada6f54dd756351f725bd
wildfake,Images/Diffusion_based/ADM.zip,ADM/imgs/2853df569fe99604923068f96ddac505.png,data/wildfake/adm/e89546dd6a49dd1c.jpg,1,adm,imagenet,val,b09117de51fc6483e187119d0773eda49ab1c361c499010a3b151317598626cd
wildfake,Images/Diffusion_based/ADM.zip,ADM/imgs/6b7877187e8a578ffa56ffcb91b2491a.png,data/wildfake/adm/434b2063a609d47c.jpg,1,adm,imagenet,val,4ee4d99aa94ec396038d765a574cd46bd209dc252d8b17184ba0b1a5134dd20b
wildfake,Images/Diffusion_based/ADM.zip,ADM/imgs/8678602f07effacea7034009c28672e5.png,data/wildfake/adm/631c2172bfa0c068.jpg,1,adm,imagenet,val,77c2077cd27da06b39e748b164c0ca33a3066b68fe6d61def2a7a298e5a03d7d
wildfake,Images/Diffusion_based/ADM.zip,ADM/imgs/b64fde0926a15074209f51c22283c101.png,data/wildfake/adm/6b7b9d86b2e7d421.jpg,1,adm,imagenet,val,30030441e086b94712f63188d2d542efbc4f67805978684129339830253bba15
wildfake,Images/Diffusion_based/ADM.zip,ADM/imgs/aadd28d0c9e36c04087a0f06ea289367.png,data/wildfake/adm/faac77dac6e0e670.jpg,1,adm,imagenet,val,7749bb66a7e949bb275b7ccedd8c6d65f09dc2a3f5a028d5ecc458390a3c6ffa
wildfake,Images/Diffusion_based/ADM.zip,ADM/imgs/65cdc09129a8f7c7fed8fe9daa39aa1f.png,data/wildfake/adm/a3aed8a5b8d97367.jpg,1,adm,imagenet,val,966f0c7a56e433f287edb6ccbaefe502d914905b7366ccb7ccddb4523ddf9909
wildfake,Images/Diffusion_based/ADM.zip,ADM/imgs/282471aa274d15ed2e0e15dc3f55d3d2.png,data/wildfake/adm/316b0e7bc00e3841.jpg,1,adm,imagenet,val,aa696d4e67b4e52d2e39a8d84cec6fd6a85d588782dce0b00f93b345d909af39
wildfake,Images/Diffusion_based/ADM.zip,ADM/imgs/96dc1f31c1332fb5887c9fcb3c10ae3b.png,data/wildfake/adm/b5afb459ad42edd1.jpg,1,adm,imagenet,val,045ddc28db546aceed5e8e4f8805109c104d777cddc546afff1000e2a8148a65
wildfake,Images/Diffusion_based/ADM.zip,ADM/imgs/e59214aa85005eecfe20f3f503fdc6d7.png,data/wildfake/adm/049141877135fa07.jpg,1,adm,imagenet,val,f92b54e9b5250ab1e9e0b1679ac572715776a9e901435a7523b40acd91ebf88b
wildfake,Images/Diffusion_based/ADM.zip,ADM/imgs/b8ba43d92bec0145b35f89d2c3d4d745.png,data/wildfake/adm/b67d2d98e1844ebb.jpg,1,adm,imagenet,val,7bff21e4b1d1677cbdba81df7f19069cac273f5e2dd6a3fe892f472e98c7361c
wildfake,Images/Diffusion_based/ADM.zip,ADM/imgs/a57052457a6933cbcf6b1eddf7c31737.png,data/wildfake/adm/b4605326ff5425bb.jpg,1,adm,imagenet,val,3ab135ef19056f9a1a3d3355c3afd0d1c571fa8170446e42a645903de8cec92e
wildfake,Images/Diffusion_based/ADM.zip,ADM/imgs/fced5b2483706f7e6bfb62c9cafebaec.png,data/wildfake/adm/06e20072f885cf36.jpg,1,adm,imagenet,val,cb4fbc4a4a3e8ac10aa8b3f05cc5a62a99ddfabd81f01dfc7c51a2c05599651b
wildfake,Images/Diffusion_based/ADM.zip,ADM/imgs/ca2c612cdfce5080a4b53ebc3ab3e50a.png,data/wildfake/adm/f9a4bcb54031c4a1.jpg,1,adm,imagenet,val,13af4a87f0b8effb6e4bb7aafff77d51085e6daf65e4c4035a5e8558b6030660
wildfake,Images/Diffusion_based/ADM.zip,ADM/imgs/e2450e0bfe039898f9a11e93eb287928.png,data/wildfake/adm/ede94e07dca5f117.jpg,1,adm,imagenet,val,ecff2fda8c8f35cf50789a90583567c66e889e983a09cdf67ca94213efc4cf7c
wildfake,Images/Diffusion_based/ADM.zip,ADM/imgs/43ee1f0419b713531eddfe828e6f586f.png,data/wildfake/adm/fa08fe270d4513a6.jpg,1,adm,imagenet,val,1e68a46ad2564485d3eaa96d2f8b9d1ddc40dcfc2ebcd4acc79963519edc3e47
wildfake,Images/Diffusion_based/ADM.zip,ADM/imgs/aacd47814319819f075e0eba9a16da42.png,data/wildfake/adm/b690ee55c5350e04.jpg,1,adm,imagenet,val,a3bb2cf24b61176dd379c675d2d5cd8592e26be17e9ecf0dd7b97b2e52a1bda3
wildfake,Images/Diffusion_based/ADM.zip,ADM/imgs/85c10599a0e2843093e114c0365e7a04.png,data/wildfake/adm/722b7dc81e237ac8.jpg,1,adm,imagenet,val,ce594028f47ad5e00f500563295a551e08f3f7616f335354f91c1e47c3664d73
wildfake,Images/Diffusion_based/ADM.zip,ADM/imgs/87bf1f7a43e8198de80b962a5bf46a76.png,data/wildfake/adm/7b5cb43cfc038199.jpg,1,adm,imagenet,val,fa19da627b869c5b17d8a11422869c6db8d0b2671e41c0baebeba7a83d95248b
wildfake,Images/Diffusion_based/ADM.zip,ADM/imgs/d1d8a5a199ac94352b475670763c6c96.png,data/wildfake/adm/5b1f7408ac2d2a67.jpg,1,adm,imagenet,val,3a574c271ba9935ffdb18a1ac3e4077434c15d6c1e685ac92c7feb200f82916c
wildfake,Images/Diffusion_based/ADM.zip,ADM/imgs/1946f7193ad08e65ea65827924c20bac.png,data/wildfake/adm/1799ff9726235f52.jpg,1,adm,imagenet,val,b7ac131f3d7e0987e866017b6401c7c63bfd5af18e5bce1891628ca4b5719ade
wildfake,Images/Diffusion_based/ADM.zip,ADM/imgs/d8087aaf97b37aea3ec871b98706806c.png,data/wildfake/adm/eed5f39293997e1c.jpg,1,adm,imagenet,val,97b3289019e705e30fd8d82f92d747fbf3e2332f8befd118d3c76aa49750686d
wildfake,Images/Diffusion_based/ADM.zip,ADM/imgs/9aacc0e11957906f09ff877fd00d6a8e.png,data/wildfake/adm/95bb4e4bca98b4ce.jpg,1,adm,imagenet,val,4dfbd46ba4277588e486c1ac92b84ec0cdd96ea16db79e136e61bc72de54ce7c
wildfake,Images/Diffusion_based/ADM.zip,ADM/imgs/af73d15ab881c510b833736a3a1c0381.png,data/wildfake/adm/60968def243f38dd.jpg,1,adm,imagenet,val,aac916c81782300c1181fad9a19a8499a93539b61e759eb25a51f8ba3844751d
wildfake,Images/Diffusion_based/ADM.zip,ADM/imgs/5c84008abec806bdf7f0b8db9513b629.png,data/wildfake/adm/ebd60601b3eabd56.jpg,1,adm,imagenet,val,d5ebc5ccd2ae94dffd2acc0562013b2e543cd90dd2713d226a8c0afedcf7bddd
wildfake,Images/Diffusion_based/ADM.zip,ADM/imgs/91680eafe5f2743b0b417359aea87eaa.png,data/wildfake/adm/0bd20579682519e4.jpg,1,adm,imagenet,val,511cacfca097ea36f250e6ee4d1f276e92b1d476c47482647afffcc10c748131
wildfake,Images/Diffusion_based/ADM.zip,ADM/imgs/f15a0bed3f24818a628e8a2092273e8f.png,data/wildfake/adm/b1207d8225404263.jpg,1,adm,imagenet,val,4c0224c38f6612d8d2cef2829c1acc37a18625f582c3c6046ce693f4e990188a
wildfake,Images/Diffusion_based/ADM.zip,ADM/imgs/49d338e7f1dc913b660e0911c46a1539.png,data/wildfake/adm/46784b4f70de6deb.jpg,1,adm,imagenet,val,bf318449d6c0e44d5806ad6e339db1bec2403f5b5e5759b42e250b8108d1ba69
wildfake,Images/Diffusion_based/ADM.zip,ADM/imgs/bb3cddbcc7ece951985d0813c8bd0014.png,data/wildfake/adm/66cbacc6a10756ef.jpg,1,adm,imagenet,val,b7d9fb47c928ce874313c14c6b602c7d11a2fc60e82bbd6ea02f8ff9dc49ca45
wildfake,Images/Diffusion_based/ADM.zip,ADM/imgs/f596d7c0a889e52f6d75074db6ce144a.png,data/wildfake/adm/e361bf08769719b5.jpg,1,adm,imagenet,val,4257aa2c0dfd91c2a20260331b63b490e07736a5bb51c6ac1bd88ad8b3a8190f
wildfake,Images/Diffusion_based/ADM.zip,ADM/imgs/73841bbfd46672c498c24ffcb0f1cacf.png,data/wildfake/adm/0c8691501cda3f26.jpg,1,adm,imagenet,val,01891aa4e3db9b8901b91d87df40ce73a4512efe95cd6e5f8ffb2157957967ed
wildfake,Images/Diffusion_based/ADM.zip,ADM/imgs/ba48722947e844dc0e9e75dca3ffdb89.png,data/wildfake/adm/be90b6c7da588239.jpg,1,adm,imagenet,val,adb1638b7848945df0eec0f9ce0ce95b6864eb885a0c16ef6f9f7530de037f4d
wildfake,Images/Diffusion_based/ADM.zip,ADM/imgs/9f73ab6726432b13c9425ac918d9264a.png,data/wildfake/adm/224fbefbbfe0f9d7.jpg,1,adm,imagenet,val,6d2a38a1942d5101a3afdb88673b108baa058c46282937da3eeb2ad7b90e2ba8
wildfake,Images/Diffusion_based/ADM.zip,ADM/imgs/ac5832e8c60186315bae78e435653cd2.png,data/wildfake/adm/c16b0c11196e63a1.jpg,1,adm,imagenet,val,b4af540eeafca079897585727c15d6adf6d0ae7913d913aec9a4aa8c7bde0eab
wildfake,Images/Diffusion_based/ADM.zip,ADM/imgs/493032623c583769e2deacca219ae7a3.png,data/wildfake/adm/b91ad2b2fe099412.jpg,1,adm,imagenet,val,7c03d382ae68a946585c423f337e9a51779035ab39004f29a61934daa884e0e5
wildfake,Images/Diffusion_based/ADM.zip,ADM/imgs/29cd392efcaf36e65c3ab3a9dcec44a6.png,data/wildfake/adm/10daa3935c15d5a4.jpg,1,adm,imagenet,val,541717af3a14ed6c6f1d7a8bd396685f6a8b3b7e47a1c2cfa9378c78518ad215
wildfake,Images/Diffusion_based/ADM.zip,ADM/imgs/611687fc3fd0d735c7bd63534de8ae7c.png,data/wildfake/adm/1b2ffc63ab31bcaf.jpg,1,adm,imagenet,val,686f71764db6dca5b011a58345e730010299383602717cf85c296383773d6193
wildfake,Images/Diffusion_based/ADM.zip,ADM/imgs/813469a329b3eb8d128375aa033f13ad.png,data/wildfake/adm/c731552e49dd565b.jpg,1,adm,imagenet,val,e2cc252bbf84ab32bdbefad3edbb0ac448003b59b6c5de0c9b2fa7c121f8c368
wildfake,Images/Diffusion_based/ADM.zip,ADM/imgs/7acb9aabc53009f68fd2f056965a1b38.png,data/wildfake/adm/2ed7891593301c22.jpg,1,adm,imagenet,val,9c0b193b7f4df684dfbb4e44e1286d8062c6348115bc7b2d52d4349262439542
wildfake,Images/Diffusion_based/ADM.zip,ADM/imgs/828a7a9f4e32def7cd387203b84751b8.png,data/wildfake/adm/148a70aa4b34d8d5.jpg,1,adm,imagenet,val,60355dd6f292a1c6473c17f2097e968cd457af2de36cb62445e492a187ae3655
wildfake,Images/Diffusion_based/ADM.zip,ADM/imgs/233bd7539ecaa7ad8a329b58f9700430.png,data/wildfake/adm/54a64433dd1f9caa.jpg,1,adm,imagenet,val,390761453b4a3f7ab1f6bc0cf66a533d16fac91fd008368f37fc1ff210739a98
wildfake,Images/Diffusion_based/ADM.zip,ADM/imgs/dea47015e019b23d77957f66fe113107.png,data/wildfake/adm/3ff588c45a39e7de.jpg,1,adm,imagenet,val,4bb6163e5c324ef35d5eaccc984a9a9a932cfeec6ec3dc5cd2326ab593254cbe
wildfake,Images/Diffusion_based/ADM.zip,ADM/imgs/82e82883bd923be99c2b842a5b2edd30.png,data/wildfake/adm/cfb5dc48200f89e5.jpg,1,adm,imagenet,val,0c662dd7dc3b9b9796261d078c7fa6989057584a7ee7f7951cb50d809785e08c
wildfake,Images/Diffusion_based/ADM.zip,ADM/imgs/1175795d4a3f1a6eee603a99eddbd701.png,data/wildfake/adm/73d154b180ebfc7d.jpg,1,adm,imagenet,val,c169919e0b53781a3938d045934b33f9281ef47aacdd93744bfa6291e69bf455
wildfake,Images/Diffusion_based/ADM.zip,ADM/imgs/4d3d164d665223abdf049f0292578420.png,data/wildfake/adm/b6f2182c5cb1f1e0.jpg,1,adm,imagenet,val,5625f19250ae706b74719398f1ce587b4a4d8587952ab27b3e0a41c16b2cabba
wildfake,Images/Diffusion_based/ADM.zip,ADM/imgs/98e13135c692adc5d42e568fe9d313fd.png,data/wildfake/adm/4cdebd480e9b4dbb.jpg,1,adm,imagenet,val,f82eef0cb99500f03f6d2a37a091f5b9ce0623bd5ee014640da7a5247776070f
wildfake,Images/Diffusion_based/ADM.zip,ADM/imgs/a0043455f9b1676a9d01934c0f3cd75d.png,data/wildfake/adm/ea5189b5f050bcb7.jpg,1,adm,imagenet,val,c795464dbf4b90f8c6eb4b0bbd08141ebdce08333c2bc60f8011b9e772897d4f
wildfake,Images/Diffusion_based/ADM.zip,ADM/imgs/114d2c2e0fc984b67515c60079201d19.png,data/wildfake/adm/2ae35cfc01aea292.jpg,1,adm,imagenet,val,5d494225ef1e9a560068ff4acd9b6f985d686f91d9bbd22ccb033283f2c4cc20
wildfake,Images/Diffusion_based/ADM.zip,ADM/imgs/1f8655d8b33ef907a51cc1a688f83e7a.png,data/wildfake/adm/121042568d20729a.jpg,1,adm,imagenet,val,5c67beadd369d297385fe964012931df463799ab38c8c823ee2181bb3188b044
wildfake,Images/Diffusion_based/ADM.zip,ADM/imgs/1aee74e651ca9b468aa3dd13eb2234c1.png,data/wildfake/adm/31e988922251c601.jpg,1,adm,imagenet,val,db0943ad65150ea4b0155eb90fdc2e07e15c0aa1733a52b3bb71d67dae678f99
wildfake,Images/Diffusion_based/ADM.zip,ADM/imgs/cd9dff7fe154348895f281b5da544e25.png,data/wildfake/adm/de115e9a58090b01.jpg,1,adm,imagenet,val,5a28ceac6e425d44e1f58e292eefd2f290149af73d63c0b0f0792394b85d7217
wildfake,Images/Diffusion_based/ADM.zip,ADM/imgs/eb25af408d93d93af163408e612852a0.png,data/wildfake/adm/b56c032c276e2e17.jpg,1,adm,imagenet,val,ab89b708a71d1df7f4f94e1f8b25f9962ef8958ded4320f1c9c3683bd8976c5b
wildfake,Images/Diffusion_based/ADM.zip,ADM/imgs/ee4997094110ce90418a4765c17b825c.png,data/wildfake/adm/c93305e3fbb5467c.jpg,1,adm,imagenet,val,99f0b35d23c0917b2ad0735fe745aefc69d41d28e5e4cfa8f587f470fdeb68a1
wildfake,Images/Diffusion_based/ADM.zip,ADM/imgs/e94ca2165e8ffb58e55ff29979205963.png,data/wildfake/adm/e636c0a610a2b69f.jpg,1,adm,imagenet,val,dcc82ffbda2642dc8d97269e4e878e7bd80915f0f5319c0056316c0d9cd972f5
wildfake,Images/Diffusion_based/ADM.zip,ADM/imgs/df2fa83877f9e762d9bfb2ce007ba7a1.png,data/wildfake/adm/e2b307f93d93ab30.jpg,1,adm,imagenet,val,f4617300e3a515c5e167dc7bf9e007fc97c479bed5151d606eb4b8972ece5101
wildfake,Images/Diffusion_based/ADM.zip,ADM/imgs/45b8ded472eec8599f0fa2bc8030b1b6.png,data/wildfake/adm/db74bb018809c79d.jpg,1,adm,imagenet,val,9c766b1762d5e25d97e42bbd211587dd5590ce564bd8666faa1d71f27ddfa94f
wildfake,Images/Diffusion_based/ADM.zip,ADM/imgs/ea0883fc6747c813ac36de47c23166a8.png,data/wildfake/adm/e04dba603340ecfc.jpg,1,adm,imagenet,val,86296c4cb669cb9fa58995941e5849ec9730bfe2d00cb8068a6f4055282548dc
wildfake,Images/Diffusion_based/ADM.zip,ADM/imgs/c4910a554b336c4a8dd1464563f4fb7c.png,data/wildfake/adm/4d0f804de62ca378.jpg,1,adm,imagenet,val,4fb174ec21b66995d59c19fc585d55f129c094e1d8c7a9c01a13fd401a2e9e74
wildfake,Images/Diffusion_based/ADM.zip,ADM/imgs/e8f4bc29935600cbbb7a09d419450481.png,data/wildfake/adm/ed2b63cb6790c137.jpg,1,adm,imagenet,val,a88a41886d44a8287c6253af070dd5ddd10eff24e21314ed434cf24b456dde2d
wildfake,Images/Diffusion_based/ADM.zip,ADM/imgs/e9716bbd7e5397d065a54633d354b612.png,data/wildfake/adm/86e8f00fa463511d.jpg,1,adm,imagenet,val,722b47451f6e1e4226d114cf9d1e41e845e37b3f46a2b6b32f84268abe95303d
wildfake,Images/Diffusion_based/ADM.zip,ADM/imgs/917b9e40f8bbd4694f2c0cda06337d64.png,data/wildfake/adm/307dc998a55d2c23.jpg,1,adm,imagenet,val,8469f638351188eb13cfb670abd09774e5380a34347aad3bc968d47d5fe5ed40
wildfake,Images/Diffusion_based/ADM.zip,ADM/imgs/a3b6d294cfbefc1110f6356bd83cf253.png,data/wildfake/adm/9cd715896e78e570.jpg,1,adm,imagenet,val,4215adbb7f4681046b15ccb192db2e7a80fbf900e3640d32350891c1b91cdaef
wildfake,Images/Diffusion_based/ADM.zip,ADM/imgs/faa9fd61ef0010135e563700f18dc485.png,data/wildfake/adm/832a1f6cff7124dd.jpg,1,adm,imagenet,val,4f3df0593500824a10e8c24ef874edb77f9f563833d7285015f40333ba39ba32
wildfake,Images/Diffusion_based/ADM.zip,ADM/imgs/5244993a3a9b088f478bd88bd3cdcd5c.png,data/wildfake/adm/d5ab51b077d320d2.jpg,1,adm,imagenet,val,cc351f70922263c5291a8adc1fcbf2d0a0d1a6ca75e2ca0d05c9b19612eebb6a
wildfake,Images/Diffusion_based/ADM.zip,ADM/imgs/9304f83b89dbc6e985fe5e9e224f251a.png,data/wildfake/adm/dc215f57f4e8786c.jpg,1,adm,imagenet,val,e9120ff1a14e45ae97cd06137b81c7427c215456e75f1bf94fe191044a0de70b
wildfake,Images/Diffusion_based/ADM.zip,ADM/imgs/5300de1b8bc2e7d1a9f754ef012844e1.png,data/wildfake/adm/299e40d3fdcc87cb.jpg,1,adm,imagenet,val,f520e0609f3bc7549cf7ecee2473e03d8ab85fb385ff78a69fe8010a34d20093
wildfake,Images/Diffusion_based/ADM.zip,ADM/imgs/6960af3ae0a64969f9af55ddd8f0fe47.png,data/wildfake/adm/662caeee1f3bf7b0.jpg,1,adm,imagenet,val,a68b1b04afa828e7b2cd551db2a21ed7fc6346fa890e5652b02d88c04588abf8
wildfake,Images/Diffusion_based/ADM.zip,ADM/imgs/99297ebfacbf915ac836ec5cd5664950.png,data/wildfake/adm/691a8669a87bf77c.jpg,1,adm,imagenet,val,1de09e5bb4bef305a3c79403e539db1cf7f0d648b6dff8aef3dca116a23595d9
wildfake,Images/Diffusion_based/ADM.zip,ADM/imgs/52e98e7377f8915ed4af43eaa79d6b44.png,data/wildfake/adm/adb3a0513e2e40d4.jpg,1,adm,imagenet,val,b4654119cd4c9ed4f6e412c0dcb85674bfedfae62cab0d13c249dc623aaa5e09
wildfake,Images/Diffusion_based/ADM.zip,ADM/imgs/3026644083ed8ac9fab56b5cc10ec767.png,data/wildfake/adm/b96dcf8f5b44f400.jpg,1,adm,imagenet,test,f6370b0b1e438b932477d98131c91ce17661304dac6dc365f35d5483153efb0a
wildfake,Images/Diffusion_based/ADM.zip,ADM/imgs/4c18894fa7fa7b5ca705840bc875dd74.png,data/wildfake/adm/19b19dd6d71eff7e.jpg,1,adm,imagenet,test,b537be769c49632245372652f8a991551c31fd7ce2379445d3995ffe56c3fd7c
wildfake,Images/Diffusion_based/ADM.zip,ADM/imgs/e4f67b8aac30785ed54b8eab36f49077.png,data/wildfake/adm/3bf73f2040d93643.jpg,1,adm,imagenet,test,9df39373c18a0d10cf4bc2615e5bc0c710a286cb7a11ecc14bfafdec3190a829
wildfake,Images/Diffusion_based/ADM.zip,ADM/imgs/ac7a068d782051157669cd308696baa1.png,data/wildfake/adm/37f75140c8c49e3d.jpg,1,adm,imagenet,test,056bbb635321dd9ea3cacc9706b5fe4124a32d7b91f2ae7948e7555248c93c31
wildfake,Images/Diffusion_based/ADM.zip,ADM/imgs/8404474a0dc121042e17153fc937de99.png,data/wildfake/adm/2b4a92a72bf7c4d6.jpg,1,adm,imagenet,test,f64ccca52d320dece5825ab0c9845b80ccbb9c898c60655bd7a388b8436eced4
wildfake,Images/Diffusion_based/ADM.zip,ADM/imgs/a657215100b4b1eb82bb0df27055db45.png,data/wildfake/adm/46000fd74408fefa.jpg,1,adm,imagenet,test,df471f596ea7f9ac37ab26e50ca2e835f4a99b3a64baad65204155877be0838b
wildfake,Images/Diffusion_based/ADM.zip,ADM/imgs/e910db30c0bfb24f8d2fd873e735c35a.png,data/wildfake/adm/5963f6b9c58aa7b6.jpg,1,adm,imagenet,test,37bcac3fac1a048641888f1acffb6e20edc3dcd1b0d6855215d1606365de2439
wildfake,Images/Diffusion_based/ADM.zip,ADM/imgs/fb1fcd714bafac5666d03d5efe16d622.png,data/wildfake/adm/794ae165ea34fbb7.jpg,1,adm,imagenet,test,69d7f512c233938d778800b96df03b49f39f7391956cc96429b0a2a75fa8b233
wildfake,Images/Diffusion_based/ADM.zip,ADM/imgs/282f811c038ca1c0047dd9dde9a6eec7.png,data/wildfake/adm/9137a226dc30569d.jpg,1,adm,imagenet,test,218e5114a4751cad18410c9ea712b109982e4b4d130d420136012688d48419f6
wildfake,Images/Diffusion_based/ADM.zip,ADM/imgs/7c290afe1e12fd6451927875de2887d4.png,data/wildfake/adm/2394b4b5c157cb20.jpg,1,adm,imagenet,test,10dce107fb52d8bbefd9fe61cf4b091bf96a1dac3c1c23b86e9b7136002b3088
wildfake,Images/Diffusion_based/ADM.zip,ADM/imgs/462c6b86e2b00bafa5e293ec59348479.png,data/wildfake/adm/6dbc36ac925a7e23.jpg,1,adm,imagenet,test,16da41f4ac423ce0a088e4e219d66659b755243377a65ffc18b8badb9ae09cab
wildfake,Images/Diffusion_based/ADM.zip,ADM/imgs/9d50c3fe85b926d9d75982a4d41aa4d8.png,data/wildfake/adm/360e7355a6bed6b5.jpg,1,adm,imagenet,test,29519db2ad3e4212be850d2ffc5ced910f6a433c802a23067d3b93326189aefc
wildfake,Images/Diffusion_based/ADM.zip,ADM/imgs/035e16f8977a4d8192f70a7aacc5134b.png,data/wildfake/adm/98664353c7c8717e.jpg,1,adm,imagenet,test,ef460cf9ba0229f0fd6618d2b4896ea825255fb872d56bb50284616cd3195201
wildfake,Images/Diffusion_based/ADM.zip,ADM/imgs/5c512b78ee54baa7166d8946dc4c9228.png,data/wildfake/adm/c9f92fe325811773.jpg,1,adm,imagenet,test,ec648d69648577c22a561c37a99a86b76de6c85bea540a4aee2ca2ff8254a369
wildfake,Images/Diffusion_based/ADM.zip,ADM/imgs/adbc8fbc2225c6dc49617cf06d1a93b0.png,data/wildfake/adm/c5080e8fc910be89.jpg,1,adm,imagenet,test,6a4d69506b6540fb8b61f587a2a8f7ffab026abb5aa838aa28887e06ffab429a
wildfake,Images/Diffusion_based/ADM.zip,ADM/imgs/6ffd80e268c1343d6768845e1592a2a7.png,data/wildfake/adm/c0d9b63ed18778c5.jpg,1,adm,imagenet,test,8304a7dedcbd6079d20f28fce855bd9d3c50e6dcbaf88056e7a9a1def3268bf0
wildfake,Images/Diffusion_based/ADM.zip,ADM/imgs/24e31df6ce6ee60b4012dcb3d0c1dd18.png,data/wildfake/adm/5a3bb02fd1b3b302.jpg,1,adm,imagenet,test,242644a1e446d59378126ef88939c137311531a47aa58022a49127fc6d55a3c0
wildfake,Images/Diffusion_based/ADM.zip,ADM/imgs/62b680d45365750f55376cd440dbe199.png,data/wildfake/adm/c5266e86caaa9177.jpg,1,adm,imagenet,test,eeb05fcd3bb144625db540d96b09d6c93415aeb73f9df2bccbc26fb34b579bbf
wildfake,Images/Diffusion_based/ADM.zip,ADM/imgs/7862d1a0cd69884dfd235c4cbfb93978.png,data/wildfake/adm/1e174cf6861708ae.jpg,1,adm,imagenet,test,632c51a980a71d82711b9bd4e33a718f8303aaa773cb406061d99b2bb9a261c3
wildfake,Images/Diffusion_based/ADM.zip,ADM/imgs/cb678742ded6272c9e930b1ef82aa396.png,data/wildfake/adm/3cd88db6ec4d31a7.jpg,1,adm,imagenet,test,c66aa4bc6239ff13ca3baad9a7bc0a3fa905e30890b9c8a5fb9e1c7bd0ee7312
wildfake,Images/Diffusion_based/ADM.zip,ADM/imgs/87a19e0986a64ba107af5c55f0fec728.png,data/wildfake/adm/d93d22ff74adf233.jpg,1,adm,imagenet,test,b6d88ef636d0acab72407d88d263fc2f46c08d069842e85ae6c0ef7ee35f9300
wildfake,Images/Diffusion_based/ADM.zip,ADM/imgs/c91850f7673a982c16703e107bd69d9b.png,data/wildfake/adm/4f4e2c50caf8e469.jpg,1,adm,imagenet,test,d2c70a2cd183742f47f29fa03ebc7bede5c9b4f7e6d1ccda02e1e7f3905d79d9
wildfake,Images/Diffusion_based/ADM.zip,ADM/imgs/c6f0263c27b9b0144d991ea3bfc23ce4.png,data/wildfake/adm/20bc2987e8edaf9d.jpg,1,adm,imagenet,test,a470b63e484ccd916cc02d33f88421ce3b772f87319e00c4baf8d88f927f389e
wildfake,Images/Diffusion_based/ADM.zip,ADM/imgs/a858c21486d1ed9f4e3929e547a9f7f6.png,data/wildfake/adm/d0a8a34183e320a5.jpg,1,adm,imagenet,test,c0dcaafd51ddf6293dba006b1eb18afca116941ca7d73910e32cd2d17e28e73f
wildfake,Images/Diffusion_based/ADM.zip,ADM/imgs/85494204aca564fea03d8dfb1f814e71.png,data/wildfake/adm/3f494c7869659c41.jpg,1,adm,imagenet,test,ccabf3c9d409479f195d457ff899174a87c817cb0f4448d31b26c83d7ea1fd55
wildfake,Images/Diffusion_based/ADM.zip,ADM/imgs/e69a19bfb8461f389bda1d86d1dc0fc4.png,data/wildfake/adm/3218729781290417.jpg,1,adm,imagenet,test,3f2ebf37feab401a180006ab705cee1ef9a760178369dfde041af2541289169c
wildfake,Images/Diffusion_based/ADM.zip,ADM/imgs/6f0b22d059db49918be2994f39b03f70.png,data/wildfake/adm/e9b9a7e8b61e9c93.jpg,1,adm,imagenet,test,cc1d7e9bb5ff2ee1466a01ce26170286d385f9f12f7b0843ddcdb5b54cf0daa7
wildfake,Images/Diffusion_based/ADM.zip,ADM/imgs/7efdbec6acd623fe96d6abea40771102.png,data/wildfake/adm/7b8de59b14e56556.jpg,1,adm,imagenet,test,1e25cb19f6a99a25a71f8d203d1b3398f5c765602539e9a9cfb87650ea83bb2b
wildfake,Images/Diffusion_based/ADM.zip,ADM/imgs/431532f4e02e30f4b8d36079a5bb8f81.png,data/wildfake/adm/b728ad8434ab231f.jpg,1,adm,imagenet,test,dfd94e35e2260aa3f190e53eca98d146659b1275f0b42ac6a76227a496eb921b
wildfake,Images/Diffusion_based/ADM.zip,ADM/imgs/fcacee2c60963cf70f0f8b975e5c89c0.png,data/wildfake/adm/c8224f11f74dcd58.jpg,1,adm,imagenet,test,7d6760f291a0d9f61e080af6228b194786719a2648ab3215732084c6910d0b3a
wildfake,Images/Diffusion_based/ADM.zip,ADM/imgs/ada4b4a74dc0a308e0e321311ba334f7.png,data/wildfake/adm/f9aef00024a0765f.jpg,1,adm,imagenet,test,38272547bd7486d3c36acafe5cb419cfdc61563b6e960155ca54947957b2b7f3
wildfake,Images/Diffusion_based/ADM.zip,ADM/imgs/2f5b59da01f1db2ae1284c514dc9cb64.png,data/wildfake/adm/2c378abb9f0dbecc.jpg,1,adm,imagenet,test,b97a08a9359cc234e8faad13d33c2c68fa4183c781b1126e573bce1f10ca262b
wildfake,Images/Diffusion_based/ADM.zip,ADM/imgs/27f523d05d45c47aa079d548e278ea95.png,data/wildfake/adm/7eb70d8f9048448b.jpg,1,adm,imagenet,test,17315a57950425ebf21a2a1006bff8ac06dc1993b401b5e4d300191629cd97bb
wildfake,Images/Diffusion_based/ADM.zip,ADM/imgs/0469ed4d51f82eb276e62042e0379438.png,data/wildfake/adm/3aa4d78f45ea8717.jpg,1,adm,imagenet,test,fea5ddfd9366f4dec24ea975f54009d26b501634b978b72332827d1d7b2af7a7
wildfake,Images/Diffusion_based/ADM.zip,ADM/imgs/915174f967f7d3f912dd93dc7af6116d.png,data/wildfake/adm/bba3c56cb36b0899.jpg,1,adm,imagenet,test,d3e5402c1a96fd91c021c28926ac6577da7be5aa61eda63784d5177fec986392
wildfake,Images/Diffusion_based/ADM.zip,ADM/imgs/197702a774bcda262d12ed80ac94eae3.png,data/wildfake/adm/de6332c9369e6479.jpg,1,adm,imagenet,test,d2252439c19a3664ee54dbe2ea546bbac340ce2389d2dbf803685a935e7c4665
wildfake,Images/Diffusion_based/ADM.zip,ADM/imgs/632664dda2985c9817c1d0c47d092994.png,data/wildfake/adm/2e258ef5421d50eb.jpg,1,adm,imagenet,test,c1fc6e708067f2aa3394b6bbb4b3ac2e92393bf5c62b0f4cfb7e053d748d73cb
wildfake,Images/Diffusion_based/ADM.zip,ADM/imgs/d062796cf4e051e30db1a14237240417.png,data/wildfake/adm/610157106ce649a8.jpg,1,adm,imagenet,test,493fe761112d5ef38e4492e757048c6b186f3f7ebec148d15b77eba07e41a963
wildfake,Images/Diffusion_based/ADM.zip,ADM/imgs/8ddc4715e0a8ac419eac63b941cc43e8.png,data/wildfake/adm/252b2dec54579df4.jpg,1,adm,imagenet,test,f2d36a6a870514351e0469af079cbed51f7462e84b362605511fb3d1de53c25c
wildfake,Images/Diffusion_based/ADM.zip,ADM/imgs/91d286e7207bbec510920d9b75498665.png,data/wildfake/adm/3b1c189b2c03ff91.jpg,1,adm,imagenet,test,0ec93f35f4aac0b6460cb783462e0baeaecaee51b539e6e5df54c1c54b3a3908
wildfake,Images/Diffusion_based/ADM.zip,ADM/imgs/88b048dc61928d4c057c72610b4c31c8.png,data/wildfake/adm/04754cc15111d9ce.jpg,1,adm,imagenet,test,d494736e8f209e708186c8d0f086e2dff4775043d2f9138c8d372c53c70475b2
wildfake,Images/Diffusion_based/ADM.zip,ADM/imgs/5254f3c9f76a37170e006277e2b02e88.png,data/wildfake/adm/384ec0ca78afa455.jpg,1,adm,imagenet,test,389efd5d3d283a2047483df58db3a46e6c4cca23b767263d15bbf1da59435b7a
wildfake,Images/Diffusion_based/ADM.zip,ADM/imgs/8c6ee4333e8f78b62133d15f265bc1ad.png,data/wildfake/adm/5499e9a9d667c6a1.jpg,1,adm,imagenet,test,c275ed77cd576f774a5f81b09aa2965a720e215b0d60a7bddd8c4f7adf8ecf86
wildfake,Images/Diffusion_based/ADM.zip,ADM/imgs/c78eec89d7068970bd0f37c9ccba4ae0.png,data/wildfake/adm/9e9b1da40b5d9559.jpg,1,adm,imagenet,test,e39ab910cc689eb1bfa69544b51c4921156531d5d883cbf3119c01eae19a5b65
wildfake,Images/Diffusion_based/ADM.zip,ADM/imgs/f7417cd011e98a35eef44b0863b2c5b0.png,data/wildfake/adm/a917f52c228e79b2.jpg,1,adm,imagenet,test,73f4acc9f0802d0a028ee543ed0e8e38c93bc1e90a05660b437154afb8c1a401
wildfake,Images/Diffusion_based/ADM.zip,ADM/imgs/3a802eddff99a438e07deecf4555a739.png,data/wildfake/adm/bf82c8740afcc775.jpg,1,adm,imagenet,test,c681a81749b13ac0b2c4bdbd0d7962eedbce220cad9bf9573446363866261031
wildfake,Images/Diffusion_based/ADM.zip,ADM/imgs/a53d455396804f7367b828ea5ac90585.png,data/wildfake/adm/c6667b875af9ce93.jpg,1,adm,imagenet,test,b875c7d733f5ee6bb0fcddcdc5398908216d7a06980d5e99fadd9f01d09d5204
wildfake,Images/Diffusion_based/ADM.zip,ADM/imgs/e9846f623942a283c89fa932ee513513.png,data/wildfake/adm/059f0737e421376e.jpg,1,adm,imagenet,test,0129caa5c94ef463489cab5b37a4ffc5868c2c04c4d821dd364a55dbc9481a6a
wildfake,Images/Diffusion_based/ADM.zip,ADM/imgs/667ad91e677ed1c497ba152aeeff9124.png,data/wildfake/adm/ef331e281c9dd1bd.jpg,1,adm,imagenet,test,ae3887186ff237c6fd292376b75fd272bf4101114dbc9953682f8b07f1d95cf6
wildfake,Images/Diffusion_based/ADM.zip,ADM/imgs/8f06e1501319b28ad8333b60482386e9.png,data/wildfake/adm/583acd4d010eaa65.jpg,1,adm,imagenet,test,5fa6a125114375ea8bbbbc7e9292a55e7677a9886f7487bfa2b6abc8ad94819f
wildfake,Images/Diffusion_based/ADM.zip,ADM/imgs/d3812991f9e706852c179a2ae6cf42cc.png,data/wildfake/adm/eb67a21d4fb421a2.jpg,1,adm,imagenet,test,68e889757ac3c9787a53225a0dc72985ee526bdbcd833894aded50a45fa11a81
wildfake,Images/Diffusion_based/ADM.zip,ADM/imgs/81d3aa664f7449a9774bf98f20eb6917.png,data/wildfake/adm/eb3cbd8760064cdb.jpg,1,adm,imagenet,test,a63ec2eea92bbc192be2f88eed9a06ea5973a49b532cc395bc14099e04f498b5
wildfake,Images/Diffusion_based/ADM.zip,ADM/imgs/5ebc01a02a840b67fcf302c8f3299d8b.png,data/wildfake/adm/3bf566c6e3019c2d.jpg,1,adm,imagenet,test,8ce0d856cd8f1c1cf0ceb779b0a0fc7bf7f5c896845855e53f5278ecbb80038e
wildfake,Images/Diffusion_based/ADM.zip,ADM/imgs/0be5460627740520deda8de7c33283bb.png,data/wildfake/adm/e0e1d1d757c58236.jpg,1,adm,imagenet,test,a073935b6ac55121196dfa88d0f09b258d94384a9c8d2b27ccff98d700ff72ac
wildfake,Images/Diffusion_based/ADM.zip,ADM/imgs/24242092d0b2f007f808f8b220c3f589.png,data/wildfake/adm/b442bea361e72744.jpg,1,adm,imagenet,test,7bf3185a9ae009ad0711d00aaf051dc9eb68949d8c1a1f745e164dd33adebf82
wildfake,Images/Diffusion_based/ADM.zip,ADM/imgs/5231362505dd84e8c30705dce624c4b4.png,data/wildfake/adm/e2cb3281334ae4c1.jpg,1,adm,imagenet,test,a6c07187b323faf5f3ff427a0cf39fc4574a55e968b18dcc861b9a49f3d56458
wildfake,Images/Diffusion_based/ADM.zip,ADM/imgs/121a4788493abe624236ec858f286a84.png,data/wildfake/adm/fad22b4d1f3614f5.jpg,1,adm,imagenet,test,396dc1448a37d8c5f80a09fabea36f2077c50c292410725c3d8392044de34174
wildfake,Images/Diffusion_based/ADM.zip,ADM/imgs/564afe2dc69202a9692ee4acbc24b642.png,data/wildfake/adm/619e2eb39c4bf23d.jpg,1,adm,imagenet,test,a337d95be1d871fac336713579feac62529f7adf83f1851a29c9f7c2d7418351
wildfake,Images/Diffusion_based/ADM.zip,ADM/imgs/300cea09f858ebddbb230c77ca0994dd.png,data/wildfake/adm/c3a0d3d1b3d6ae6b.jpg,1,adm,imagenet,test,acdae9a9d5bf4a64beb7010d455cf3f54208195b30bb5d676196d7c771fe8a6a
wildfake,Images/Diffusion_based/ADM.zip,ADM/imgs/88c4fac057450321068460c17b7b7f4a.png,data/wildfake/adm/b7127bc26a151c88.jpg,1,adm,imagenet,test,949a265591921be6ce3c56f9b4365845a158471fa000b9479c683ca11294f854
wildfake,Images/Diffusion_based/ADM.zip,ADM/imgs/bc294b9c4a0d00de697d94acf8c769b7.png,data/wildfake/adm/01d5a5d850656184.jpg,1,adm,imagenet,test,413cef049322b8ff7836dbb431fe7c3fe1c0010e2b218dc9d4fee6cbc71089f6
wildfake,Images/Diffusion_based/ADM.zip,ADM/imgs/11c88134bb50f2e24833553b78c88684.png,data/wildfake/adm/d137ffd4b1fcb406.jpg,1,adm,imagenet,test,e84571d41d6788558cd85db8cbe04f1e59043e86e7a3fe38fb2c09f3c7ef7b29
wildfake,Images/Diffusion_based/ADM.zip,ADM/imgs/f0a31df70feacce1b0d6d059575699ca.png,data/wildfake/adm/b3e76249804f2f0c.jpg,1,adm,imagenet,test,c3e3ede92db0b7d0bed19e7f256e6df82498c4f1eafbce4690bebb52be1b5ddd
wildfake,Images/Diffusion_based/ADM.zip,ADM/imgs/d25eeff8f55db2c4cb7af074ae234b44.png,data/wildfake/adm/7e7a583cf8c3d6de.jpg,1,adm,imagenet,test,5b0d6d19e629dc99c1f84dd8d27c3a83f28bce7068f96a5f7fa9a7ad16e044a5
wildfake,Images/Diffusion_based/ADM.zip,ADM/imgs/9fdf590f2457b0d8711dcb8764117ad5.png,data/wildfake/adm/4ff49412b198aa32.jpg,1,adm,imagenet,test,efbaf978a3a4f81757d3a873c6ecb216c32c1d4014246badfd3401c47137a740
wildfake,Images/Diffusion_based/ADM.zip,ADM/imgs/b3863184e0cdbdd8c8d01fb39a28ab92.png,data/wildfake/adm/3bf8a135e9c0c659.jpg,1,adm,imagenet,test,1b73b5854132f783bffbf6fb9570da924e6f2eed1fb073570ca15effe136aaa4
wildfake,Images/Diffusion_based/ADM.zip,ADM/imgs/b6e82dcc49c232b35ef145064e57bca1.png,data/wildfake/adm/69dc08597c4dd0e7.jpg,1,adm,imagenet,test,c96a1fad08e4133ea8f7f285b6eacaf43122c137fe9410a89fc1e890084cd569
wildfake,Images/Diffusion_based/ADM.zip,ADM/imgs/6d4ff7bbdd6eea8678037a1d4dd481c7.png,data/wildfake/adm/23154ebd3797050e.jpg,1,adm,imagenet,test,fa5ef3d97b4193c37bd68ab904623b2292bc80c17bea80ec5baf11b2e2252468
wildfake,Images/Diffusion_based/ADM.zip,ADM/imgs/8928c8f2a7b599be9b0a3c49ff9763d2.png,data/wildfake/adm/32e998e2f49ef165.jpg,1,adm,imagenet,test,98b192f98db18334fa4dfa78f8a73b63a4ba639dada24fdb7dcaeb8388cc3928
wildfake,Images/Diffusion_based/ADM.zip,ADM/imgs/6147940cffb3079103507a61c12fb103.png,data/wildfake/adm/d93e1049e5623959.jpg,1,adm,imagenet,test,297c0d831456ef0be7da649dfcd08ae2f03065be96bd9598fa97c90f8d053d9e
wildfake,Images/Diffusion_based/ADM.zip,ADM/imgs/41dcd35d35694051295cd1c81c89df96.png,data/wildfake/adm/255f8497d30932c2.jpg,1,adm,imagenet,train,a7d71651f5af0afc07acf18770cc4a3c5e3cf8e4dfdd51e04d4097232b7f5f2e
wildfake,Images/Diffusion_based/ADM.zip,ADM/imgs/15d0ddd0a6a4ac28f2b3cdc0b9fb472f.png,data/wildfake/adm/7f827ea8ddd4157a.jpg,1,adm,imagenet,train,946c30b51186c4a4435fa2b396228bbd646e0f8344fe48002953868a4be0a99a
wildfake,Images/Diffusion_based/ADM.zip,ADM/imgs/9d93a1873211989f7b3c0b21463edd5e.png,data/wildfake/adm/59b5109ece003cff.jpg,1,adm,imagenet,train,d2666bce79c5e70579a866a4198b74b0929b498a6dda8fd8c2212d536745da7c
wildfake,Images/Diffusion_based/ADM.zip,ADM/imgs/ce690e59cd90f011338a1dc5419684ec.png,data/wildfake/adm/c47cc1f31ab1e9d4.jpg,1,adm,imagenet,train,0f930bb16607b7ac0871588c6d863ad2fe13267331b8c3fbc616db24a8bfdf2a
wildfake,Images/Diffusion_based/ADM.zip,ADM/imgs/e8191b7adcc4f60b8122ed7de695b607.png,data/wildfake/adm/9a72aabc0c0a0770.jpg,1,adm,imagenet,train,2c551004a1404a2f0583d797f34921c688fceaaeeea75e3a1909949ffc961c38
wildfake,Images/Diffusion_based/ADM.zip,ADM/imgs/a62a0ff4c76c647703797c0781991a36.png,data/wildfake/adm/1c040942a92bcbc8.jpg,1,adm,imagenet,train,bb18f0ac442a4f77b88bd7e6d28692346e988af65057ce9a43ae5d640bd10390
wildfake,Images/Diffusion_based/ADM.zip,ADM/imgs/0c8436743ec14f319aabfcf7b6fbbc5d.png,data/wildfake/adm/4eeed566918753e1.jpg,1,adm,imagenet,train,1c86f141a2a8f288a78ccfec1fa7fd34caf870fbfa64bd966d2d05ece45249a0
wildfake,Images/Diffusion_based/ADM.zip,ADM/imgs/c912cc81f0500c5ee63fc3cd9304ad2f.png,data/wildfake/adm/5f0850044effc94f.jpg,1,adm,imagenet,train,d7088b343b021aeab86caf405765a3e0d6309ff8752e74cd52fd591278e916b2
wildfake,Images/Diffusion_based/ADM.zip,ADM/imgs/be0ef63ae0e16523e46a31996b0b6974.png,data/wildfake/adm/b668008db217cc62.jpg,1,adm,imagenet,train,a03dbf679440c1f28ba515b3c7f2eb8dba8e8631a8cdf6fed64c577bb3550104
wildfake,Images/Diffusion_based/ADM.zip,ADM/imgs/e96b1d29c92987157f459a815b601d04.png,data/wildfake/adm/07f3467bde3ce68d.jpg,1,adm,imagenet,train,987ce1776c105c72e026bf27af8ea8b6d3d8b77811b1854a067bea0b870db943
wildfake,Images/Diffusion_based/ADM.zip,ADM/imgs/017b423ca83e61ab0bb5066e11ff2a1f.png,data/wildfake/adm/dcb9f702bd50a05c.jpg,1,adm,imagenet,train,fe61cbc16bbdbee78c742ad19296c7f3808e398c841adcf928a83d91ba2fd460
wildfake,Images/Diffusion_based/ADM.zip,ADM/imgs/6ac1b6f0f44a04b82594b30611458785.png,data/wildfake/adm/6cbdab5171775b1b.jpg,1,adm,imagenet,train,fd7fe819dc51ba4f1f0104c12a7c283d51a062c6b9bf28111132168e22caa45c
wildfake,Images/Diffusion_based/ADM.zip,ADM/imgs/ee1111bbad69f72904e0a68e7c2dd286.png,data/wildfake/adm/925938efb32d7516.jpg,1,adm,imagenet,train,059362c198f9714f964eaf7dc31fce57ffc7f8e6e8d8800a160d0a15b74b2a26
wildfake,Images/Diffusion_based/ADM.zip,ADM/imgs/443f884ba95ea5b40165c35f4e23655b.png,data/wildfake/adm/581311d3fc6928fd.jpg,1,adm,imagenet,train,5f7a3b54a1c8119513ba533d2a11b53b0f4853e1be7ed8d4921ce4e1efef31c5
wildfake,Images/Diffusion_based/ADM.zip,ADM/imgs/f0122e0fed32e73ed5d195fdb31d0017.png,data/wildfake/adm/1fff5659e1e09f05.jpg,1,adm,imagenet,train,cd52aea419df5e04cf99a4aad8fdb11de43bd34c371de2245fff064c3bf77846
wildfake,Images/Diffusion_based/ADM.zip,ADM/imgs/133409220b2ff7c63d77c57f84a803c6.png,data/wildfake/adm/a12f4b4436a84358.jpg,1,adm,imagenet,train,61d5efa2559b6662b3c0c32a2149423d1163130c0b1501f3c6517857d55b9faf
wildfake,Images/Diffusion_based/ADM.zip,ADM/imgs/9574d4a2c8a2f76207ce2d8e3082c7c3.png,data/wildfake/adm/d94e71bed77f9c93.jpg,1,adm,imagenet,train,0916dc840264e3f10a2eab79b7940fa51c3b1f92c3ca5d18e7855ca1592dd013
wildfake,Images/Diffusion_based/ADM.zip,ADM/imgs/ccd39ba81e5f5ad6d0ad22b3ddb43e1a.png,data/wildfake/adm/1a97194e4c77f194.jpg,1,adm,imagenet,train,acb10d05b140860bf40d0ce42f14dae757536aa00f4c838217f8640e8bdbb1d4
wildfake,Images/Diffusion_based/ADM.zip,ADM/imgs/0574351c7cde9be37e0b17550a3dae71.png,data/wildfake/adm/99a41a9434eb0a7c.jpg,1,adm,imagenet,train,1ca32ce7ddda0fac0dedb9add58b13942c49d0857fd9ba26f4d4377a62fc8827
wildfake,Images/Diffusion_based/ADM.zip,ADM/imgs/20b79f6263b89a2f61e9d33e18e75b19.png,data/wildfake/adm/fb86942c451be7e3.jpg,1,adm,imagenet,train,b9f8ce36f205938db19c6dfa8fa7424ec8c737fa7de596ffc0763e924471e2c2
wildfake,Images/Diffusion_based/ADM.zip,ADM/imgs/b9b28d04f76f6ff99c0c4ac5b34f517e.png,data/wildfake/adm/79897e0b17924892.jpg,1,adm,imagenet,train,a553a08327c8e4e05d7a0cd2e43b9ec8f444aa57d4bd93ee82dccb91d52eb24c
wildfake,Images/Diffusion_based/ADM.zip,ADM/imgs/ac7c29e9332d445e8dfbb061bbebd7d5.png,data/wildfake/adm/87d27411849d73a1.jpg,1,adm,imagenet,train,5c12dbc415e0e07f68109db707be613f6c0eaf235d257889ee5b607b98c6d36e
wildfake,Images/Diffusion_based/ADM.zip,ADM/imgs/9c6cd81fe79213dadba6fc7409fe11a7.png,data/wildfake/adm/ab8ccfa12038901d.jpg,1,adm,imagenet,train,3a047fc91c012f3dea816a8e29c8b80be5bbb29971fcba384c4e8250b39f2df0
wildfake,Images/Diffusion_based/ADM.zip,ADM/imgs/738562d76869ee741ea2da1a57065ee5.png,data/wildfake/adm/f9fd0f3e7a173da9.jpg,1,adm,imagenet,train,752374f16ddcf8fda34e494eb1959d91bbbdb7a150dc66bb960704f52ef7c1c8
wildfake,Images/Diffusion_based/ADM.zip,ADM/imgs/e821b599838a93f64cbd592a42ee9e96.png,data/wildfake/adm/ddabb29fece96925.jpg,1,adm,imagenet,train,c3952d37a1f7813eeaaed1b3fddba16fee27b1d87e2d72cbb2f8fb3fce1a82e8
wildfake,Images/Diffusion_based/ADM.zip,ADM/imgs/eee33f9d21e8cfed9cd93b17d8e7ac1e.png,data/wildfake/adm/5eda9cdfbe852b84.jpg,1,adm,imagenet,train,ba65f9cf65d3fbb32a610a950d954e1188af4b39acc77deed87b70914f17698a
wildfake,Images/Diffusion_based/ADM.zip,ADM/imgs/29b649cc451adc4405fdfce5f09b9707.png,data/wildfake/adm/f96f155feab12887.jpg,1,adm,imagenet,train,54713cd23ab6745477076e5a1dc3dcf667433abb454f3d32f76d459b58b4c4c6
wildfake,Images/Diffusion_based/ADM.zip,ADM/imgs/eac1066336045cf75562d4de1e53e728.png,data/wildfake/adm/d7f615309c018478.jpg,1,adm,imagenet,train,faea1806fcdabc41afef00acb42240e2d82288e67ccac52059635799ee24abaf
wildfake,Images/Diffusion_based/ADM.zip,ADM/imgs/6a275cd43e2eded178ab0a8a30b1035a.png,data/wildfake/adm/e6566448f27b81e7.jpg,1,adm,imagenet,train,07b4530a35006add2dff6e3745d716055a4cd3a09b0d50e6d2ccbc7e4185a3c6
wildfake,Images/Diffusion_based/ADM.zip,ADM/imgs/02cd060c754a1406da44464e4c6029e1.png,data/wildfake/adm/8477d49c5ef0bf40.jpg,1,adm,imagenet,train,9e01b457150811d8ed1b99427f003eb2cd4b547ebeddb59d01a4a5066d28a437
wildfake,Images/Diffusion_based/ADM.zip,ADM/imgs/1bc6dce7a5b0c6b0bc443cdc204ea2bf.png,data/wildfake/adm/12fca602bf99d56d.jpg,1,adm,imagenet,train,9b087cb42559ff6ac01d359d4cd74815748f001027ba984b66d7c9f57b51881d
wildfake,Images/Diffusion_based/ADM.zip,ADM/imgs/8ce85e95d41d7604fe4cdab5ee04bc57.png,data/wildfake/adm/a556b87ad6a40f10.jpg,1,adm,imagenet,train,6892e54fd72ff8e3b30760588a44356ff384b7d67b52a9b9d1c186016cdcdc3b
wildfake,Images/Diffusion_based/ADM.zip,ADM/imgs/39095652facc04b302bcdf41976daa46.png,data/wildfake/adm/783dcda73d85a4a5.jpg,1,adm,imagenet,train,90460f3b0c1ea31d84a64f7cc7bcdebb2ac37a1697e4996c4587a19c109fb610
wildfake,Images/Diffusion_based/ADM.zip,ADM/imgs/c63f6e1c838688f3ef0522de7b59a646.png,data/wildfake/adm/112dae979edee48e.jpg,1,adm,imagenet,train,db373a740a1b431e054002b742901357b68d54c7dd46888668365f8522fc3e05
wildfake,Images/Diffusion_based/ADM.zip,ADM/imgs/f02520f3f630b73606625bb16068c6b4.png,data/wildfake/adm/bea6076730a4c831.jpg,1,adm,imagenet,train,deb1be23a616a8f75f6c262d58ddab36f69d187070cdcb7e731d35b88b7cdd52
wildfake,Images/Diffusion_based/ADM.zip,ADM/imgs/b60e1952c22c9f32249b284cb39758dc.png,data/wildfake/adm/5026d0b9203bfd4e.jpg,1,adm,imagenet,train,4f45d6699caf88ff3c0965ee4e6e3d5c75c7a1012a86c7e4c7b6bd0df41ca5a9
wildfake,Images/Diffusion_based/ADM.zip,ADM/imgs/271f9204547e1e3a225d9fa4e5476588.png,data/wildfake/adm/5c17c94ccf0402a9.jpg,1,adm,imagenet,train,0110313180401f7b331021555f45e96f1ed429a7c3096e2fd078aebc03267705
wildfake,Images/Diffusion_based/ADM.zip,ADM/imgs/10977c0e6628bde80b12bfa0c41bf46d.png,data/wildfake/adm/113933f902aaf457.jpg,1,adm,imagenet,train,c455813c3e0cf949ef7ec05ae3b4ab260657c381c5320a7d2cadbc1058da4e88
wildfake,Images/Diffusion_based/ADM.zip,ADM/imgs/863eb9807823527c081900dbfe0fc80d.png,data/wildfake/adm/7c71acea4c033500.jpg,1,adm,imagenet,train,c64d2370e2e120980b831c7d31195b86fc5672b32983101cef3907914e2ae454
wildfake,Images/Diffusion_based/ADM.zip,ADM/imgs/bd4a32e96b07905529554ad2827972de.png,data/wildfake/adm/45104bf3dacb92c2.jpg,1,adm,imagenet,train,5687175a16ccbfac35877b20b280a66516e6a2b29ef503e96705c4d918b8ce8d
wildfake,Images/Diffusion_based/ADM.zip,ADM/imgs/31704664362c231e65454df2beb30683.png,data/wildfake/adm/96057f0f9ec297dc.jpg,1,adm,imagenet,train,31575c0f7b0efd2027ed86c2a9992494fbc7c238da3c22198b2f42a57c9b247b
wildfake,Images/Diffusion_based/ADM.zip,ADM/imgs/42aba994bb3f975c65ad9d7e5653efb1.png,data/wildfake/adm/9f32c8bc8bcb36e8.jpg,1,adm,imagenet,train,05119afffffe682825e49c4fe97d210ea1868bb903f5cea83fcc0344acce3c44
wildfake,Images/Diffusion_based/ADM.zip,ADM/imgs/402b73263f9256657523c58fc2768ac1.png,data/wildfake/adm/98baae335bf6aace.jpg,1,adm,imagenet,train,772823431d002f5951d2b9aa5ddcf56198c16974f02e6ead9a434a3105f87ab2
wildfake,Images/Diffusion_based/ADM.zip,ADM/imgs/afb997f213b1053d7d10eba381d49067.png,data/wildfake/adm/0add55b8e0578e63.jpg,1,adm,imagenet,train,366c9182b58f07c9f27d09770669c8cfa589980385ead0900c8cab92b833287a
wildfake,Images/Diffusion_based/ADM.zip,ADM/imgs/74260936b1eaca41b2848529ab9bc777.png,data/wildfake/adm/f1f47309dfbcd8c1.jpg,1,adm,imagenet,train,fb13eccbe282f174b7a06d9cc49251efa905bf6165da98fab0755e0f27bd1ec2
wildfake,Images/Diffusion_based/ADM.zip,ADM/imgs/23435379ee4defe984be332d6f1353da.png,data/wildfake/adm/da6696a147e0b434.jpg,1,adm,imagenet,train,87eb1ac60a44de872e3ddf462461e1fbf390441fe3033ea95c69f1014eedfb46
wildfake,Images/Diffusion_based/ADM.zip,ADM/imgs/0d6981a698211544697be0831ba23ff0.png,data/wildfake/adm/449ef761b5fdfd22.jpg,1,adm,imagenet,train,c8bf186ed24e30c652c4b7a34f97f3b089b2344baffb6a8181cb0903ceba7658
wildfake,Images/Diffusion_based/ADM.zip,ADM/imgs/785c90fd80fb4836d511f9c27b8bd9b0.png,data/wildfake/adm/2880064a6d2afb19.jpg,1,adm,imagenet,train,944c5117d647a9e893f960856d26716035d76ab9151d22908f321fb8e9d897e9
wildfake,Images/Diffusion_based/ADM.zip,ADM/imgs/d357c8f62980d72682a49bd56a2fbae5.png,data/wildfake/adm/0c9d9888f113d07f.jpg,1,adm,imagenet,train,f48d46e6aa07a02eddf2af25e2f7360bcf6f80fa8e5c93d933c2f7a8940e24a2
wildfake,Images/Diffusion_based/ADM.zip,ADM/imgs/0abb61678076d61d7490598390cccbb8.png,data/wildfake/adm/29fda0306dfe7944.jpg,1,adm,imagenet,train,887923159960c0624657bf293082c8070b8d6f899f3b85843a36a49c60efe74e
wildfake,Images/Diffusion_based/ADM.zip,ADM/imgs/bc1eb3df7d2df4b50814fc6badc698fc.png,data/wildfake/adm/cb4263191dcd6ca2.jpg,1,adm,imagenet,train,83bd04355b7bcdf6ba56d95e10b8a485e374a4e97c4c2c21abf98e379b1bed77
wildfake,Images/Diffusion_based/ADM.zip,ADM/imgs/2dfff09d6f13ee4403827bcb6c929e65.png,data/wildfake/adm/ce532c0ccca78990.jpg,1,adm,imagenet,train,e1926ca0c42fbd84f735c8c16a5dd96ffddcfe6e044827d0a4f3f406652feeb0
wildfake,Images/Diffusion_based/ADM.zip,ADM/imgs/4860dbe92d13e0bc9fb7e3c447ff18c8.png,data/wildfake/adm/3ad5e2c51ce6e3c7.jpg,1,adm,imagenet,train,c41c647eeacf8fcab3e2a81ad15830a12b8f2e034f398d9ecdda40988e7e4822
wildfake,Images/Diffusion_based/ADM.zip,ADM/imgs/03119041c12699210133c95152f78c9e.png,data/wildfake/adm/b7f3e9239d0a5d56.jpg,1,adm,imagenet,train,fd8474a2240413784e14446d1799d755d89044c526eb6beb71b41e8d102d42c5
wildfake,Images/Diffusion_based/ADM.zip,ADM/imgs/69cfec05fde2c0532e0e2e90e980c33c.png,data/wildfake/adm/3213c1a77a1cef40.jpg,1,adm,imagenet,train,8accc8f5fd4946eab88e3383178d5e9951fbcf8f27e60643e327668ba9452cb8
wildfake,Images/Diffusion_based/ADM.zip,ADM/imgs/7b7076f0ee72e647a043b0c1b70ca58d.png,data/wildfake/adm/a40ffd170f74a94a.jpg,1,adm,imagenet,train,d96d8dd71e425767869e8957bcd41a5fd0b5d8dadd84c318a385554b5b5c63e4
wildfake,Images/Diffusion_based/ADM.zip,ADM/imgs/b9141579eb6d76aa21fcf5f1803c39e5.png,data/wildfake/adm/271657f0f4e9fb3b.jpg,1,adm,imagenet,train,8f33259add7f493ac5fa54185034af89b8e0c9fdd178716fe557cd514f623206
wildfake,Images/Diffusion_based/ADM.zip,ADM/imgs/e7348185b1fdb5efaced65519ec67e3e.png,data/wildfake/adm/7e5492c65b451962.jpg,1,adm,imagenet,train,d8b4e520dd92eb586949b74d573b5cf00b0bb070e46561681fd7bfba60c98cf5
wildfake,Images/Diffusion_based/ADM.zip,ADM/imgs/bc45541ba343e0f2a11df32666397bab.png,data/wildfake/adm/04af09683f3c2dfa.jpg,1,adm,imagenet,train,988b4408dae185ed73dd13099dbf6db41900ac85f2b5630e8d74330627e31a9d
wildfake,Images/Diffusion_based/ADM.zip,ADM/imgs/c8f7f12a92c58ae98988ee6bf750f2c7.png,data/wildfake/adm/a830b1f9c730dbeb.jpg,1,adm,imagenet,train,41e655516aad003917042165d5cf75a8707f789538430192b5c99486eeab3dce
wildfake,Images/Diffusion_based/ADM.zip,ADM/imgs/c3d7369c386261ac5558aaa1893c4dba.png,data/wildfake/adm/fa630b9655a0a337.jpg,1,adm,imagenet,train,b6600e83d0dea05a18b6b5d30b27a6d99d0ffb1c3cce68da7376a8f18172a2b2
wildfake,Images/Diffusion_based/ADM.zip,ADM/imgs/7224a5211470126b91f0b6f132d58f91.png,data/wildfake/adm/0efa0cacc2bd933e.jpg,1,adm,imagenet,train,54a48312ff45c72327e6e0f9341313ecaafb6120cc479baed42a06746ebd5a11
wildfake,Images/Diffusion_based/ADM.zip,ADM/imgs/7fe6909b0a6eba63203497faaa7b286e.png,data/wildfake/adm/22e27e29df1d25f3.jpg,1,adm,imagenet,train,1157778a9f33fc8cf848179fefbb4735689f6e449e09be65355fb2dd6b082f24
wildfake,Images/Diffusion_based/ADM.zip,ADM/imgs/065f8a09285a7b0cfa7901511a86ef07.png,data/wildfake/adm/ff673e562b10f545.jpg,1,adm,imagenet,train,95d3fe45bc64b27b016980a764f4526584ba9d9664453009b0a9b4fbb15a7c8b
wildfake,Images/Diffusion_based/ADM.zip,ADM/imgs/3c3ade2d89d449a23edd2148913b867c.png,data/wildfake/adm/fdfb46528b57971b.jpg,1,adm,imagenet,train,3d21b543c8d8bf9f792cda3cb26c1b5fcd7c78f353fe5d2d63ae00077f2303e8
wildfake,Images/Diffusion_based/ADM.zip,ADM/imgs/16117ad13437041cc195f28119b94e23.png,data/wildfake/adm/a98900d2d3b1c018.jpg,1,adm,imagenet,train,7fe2110e68c160dd5631b1b3abb24fcd31b4302fa706e05d7ad5e30f62202c79
wildfake,Images/Diffusion_based/ADM.zip,ADM/imgs/387229d5897fe8e255efd8d0e637b439.png,data/wildfake/adm/73129fb7e791ad8e.jpg,1,adm,imagenet,train,d7160b878920dbc3a3b65e4a92907e023738dce24004c3c8c318a52177fefb6a
wildfake,Images/Diffusion_based/ADM.zip,ADM/imgs/d99a696f354c3bd63e6598144a2e0888.png,data/wildfake/adm/43201f8917cb1ee9.jpg,1,adm,imagenet,train,f87c56110cba712fd54d6d9b2f1d0b03ab53d44c2314e69098e23d4fbf3c74af
wildfake,Images/Diffusion_based/ADM.zip,ADM/imgs/33aba9e0ec940e449125438b26a2380a.png,data/wildfake/adm/1d5fab5c5f199e29.jpg,1,adm,imagenet,train,ab579090c977e8c3cb87b858d8843ccc9b532964de17414960527c855157cf89
wildfake,Images/Diffusion_based/ADM.zip,ADM/imgs/cc93f64ed5cb8756d4a3681026fae46a.png,data/wildfake/adm/ca9a448ff91ee261.jpg,1,adm,imagenet,train,2c455ef84ff3ca416460ddf8b50224f0ecb8e8bc59b24dd2ea07cdd1f13643ba
wildfake,Images/Diffusion_based/ADM.zip,ADM/imgs/0261b8aa201c495e68ed89a6e2165126.png,data/wildfake/adm/e2a1bd2d9d2aee38.jpg,1,adm,imagenet,train,a40894fb57915d61bfe90c28fc216d669976f7eb26e39b8c0f0f21caafa3b269
wildfake,Images/Diffusion_based/ADM.zip,ADM/imgs/f6bbe178a06a577715e86d7d9931554a.png,data/wildfake/adm/c6ace134dbc3baff.jpg,1,adm,imagenet,train,86f29831f44638d78ee16fbc575b4b81a2ed1949f3d1d1e896dae32896d760ad
wildfake,Images/Diffusion_based/ADM.zip,ADM/imgs/183ab78e6912ee26cdb3ec0554c4e81d.png,data/wildfake/adm/ac35ae6bdfaec2fa.jpg,1,adm,imagenet,train,9edbe8c74a1b3c1b72a75319540d7ebf247d3eac3d5af9e9272efd8dbb3e3242
wildfake,Images/Diffusion_based/ADM.zip,ADM/imgs/f0a54f9f51cb01a96e66fb306b92a156.png,data/wildfake/adm/fb6ac9176ef48a2f.jpg,1,adm,imagenet,train,01c074036753d20b0333a7936b6270c71a659cf248c8371fcd0c716cee71dfab
wildfake,Images/Diffusion_based/ADM.zip,ADM/imgs/febc5f5e4f980ac0bdad934fb95967c6.png,data/wildfake/adm/2fa76f009f4cddca.jpg,1,adm,imagenet,train,502c5510013e7d475f1add6c7308094489179e2fdc1ec22e526d74f6168a1b2c
wildfake,Images/Diffusion_based/ADM.zip,ADM/imgs/fb5eac1968c1d51b153da08fb0bd7f0d.png,data/wildfake/adm/76977a3f19dc337a.jpg,1,adm,imagenet,train,86784b41701e25587bffa7c3f7711f55757cdba3b18423fd8270b60ed2c896d4
wildfake,Images/Diffusion_based/ADM.zip,ADM/imgs/3ba7e90772f16bde5813998348f3de1e.png,data/wildfake/adm/e475e6c51700a39d.jpg,1,adm,imagenet,train,ea434390f3bd31e86c60e91960f1bf9cc6ef4531446401cdc685ffdfbddd37a9
wildfake,Images/Diffusion_based/ADM.zip,ADM/imgs/bd4eb589b1964ef0ce2c4bb30bee4431.png,data/wildfake/adm/ada04438e1ba5287.jpg,1,adm,imagenet,train,323337f6ca0bf61b9b1f293f359926bafd3e942d2b07c08e91905be635e3ee7f
wildfake,Images/Diffusion_based/ADM.zip,ADM/imgs/bee54dc7e3f6e8173825c31d2a61e46c.png,data/wildfake/adm/2294b74d93c594b1.jpg,1,adm,imagenet,train,a0ee9cf05652c48cf21951eb77072862ebf5db5948627ef1770c0c09ca25ec27
wildfake,Images/Diffusion_based/ADM.zip,ADM/imgs/a4d720e6d099179d94d355201cbecf14.png,data/wildfake/adm/23551728efadf4a2.jpg,1,adm,imagenet,train,b8c4652c89d4e487da20b7cc011a96492d939b50a53cd208f5320b3458f1727c
wildfake,Images/Diffusion_based/ADM.zip,ADM/imgs/bedfa4286aeff476019990dd7a27adc5.png,data/wildfake/adm/93db3a6b72ab5426.jpg,1,adm,imagenet,train,36411f2e3b94fba29d600cea9b8add93ce49f1a223581933596cad51712b8371
wildfake,Images/Diffusion_based/ADM.zip,ADM/imgs/553b802c4bdad2f766ba93ea147eccaf.png,data/wildfake/adm/18a5bea7e2d97cc8.jpg,1,adm,imagenet,train,e7d3d5496d83672b41a292972f94d467088a4c6cb250b50d2841f29a1fb67964
wildfake,Images/Diffusion_based/ADM.zip,ADM/imgs/5ea85d8ba468ea2d6fdb30031a63a73d.png,data/wildfake/adm/bbb191632a2f39ad.jpg,1,adm,imagenet,train,3698d5b1de42f6ffc06b992d480f7c440921cd536a80dd88bd870d636e35a99d
wildfake,Images/Diffusion_based/ADM.zip,ADM/imgs/ec71ce92d1314c0ea89190d40bd08d00.png,data/wildfake/adm/7a9a49ea3aa6b9dd.jpg,1,adm,imagenet,train,ce03f2a04369655fa808c5be385363d4f945d1ac739afd187a3bd1701ebdb3c5
wildfake,Images/Diffusion_based/ADM.zip,ADM/imgs/21e0e0c44549cd29da7446afa0854dff.png,data/wildfake/adm/59f1e7749c31b5e9.jpg,1,adm,imagenet,train,dc355f9a38083a2210b0e8c560ec9ef82f0c7fcc3dde68b6a3ff8f458df9ccfb
wildfake,Images/Diffusion_based/ADM.zip,ADM/imgs/e86dbe08db007a3650fa4861f0f40ce1.png,data/wildfake/adm/2c25284655dac976.jpg,1,adm,imagenet,train,599a59165a662a4a91ec738ad8a906d38a748e5e8daaf6567420937a6514bc11
wildfake,Images/Diffusion_based/ADM.zip,ADM/imgs/0c5e9298aaee6e6ddc9eb24062e03e41.png,data/wildfake/adm/4326596db5b0be79.jpg,1,adm,imagenet,train,731a6c6e98c71eb89901bcfabc0d1a87b0d828c9d865a32c3a6d66d24c79d2c6
wildfake,Images/Diffusion_based/ADM.zip,ADM/imgs/315e2e23aefb4df6d7ce542b9e84fd05.png,data/wildfake/adm/fe83b9e943583783.jpg,1,adm,imagenet,train,122000294122751e06103c57dd506fc0a44c7d7f2c52d6590e7d794281a0057f
wildfake,Images/Diffusion_based/ADM.zip,ADM/imgs/609b9c59785b7c2cc363a56ac14af644.png,data/wildfake/adm/0e394aec83158f79.jpg,1,adm,imagenet,train,521caf37d9f8a7455412644ba89157900302a330c0dbef39e9fe3e9729b5481b
wildfake,Images/Diffusion_based/ADM.zip,ADM/imgs/00ec31ef25a7759b4c993050dcb54efb.png,data/wildfake/adm/b2bdaa307e476ac9.jpg,1,adm,imagenet,train,e85f8f7bd3a945f1300503bdd4d7f8f4a886d00130a9dbd1937cf8c9c18a7320
wildfake,Images/Diffusion_based/ADM.zip,ADM/imgs/d23d59c1981fa882423cf1c524558691.png,data/wildfake/adm/bba3facfed8dcfa1.jpg,1,adm,imagenet,train,6d074c366dd640497fb39a34176b446f1b2b037dd18572e03ba6ee93649abd4e
wildfake,Images/Diffusion_based/ADM.zip,ADM/imgs/69c307ff15c783c99bb6e0d652d8d65d.png,data/wildfake/adm/af4962e064aa6f52.jpg,1,adm,imagenet,train,fa14d8a262dc7ec396659ffce1486be4e440e4b8f063c8d52216e7637deeb3ac
wildfake,Images/Diffusion_based/ADM.zip,ADM/imgs/f5aa058c677460e9daefe90b816be802.png,data/wildfake/adm/13b22bbd1a92d658.jpg,1,adm,imagenet,train,e6174b9355816e1214f21571645a41f1d8c4d486357dc520d1c037e4b90c70ff
wildfake,Images/Diffusion_based/ADM.zip,ADM/imgs/efdbfcca589c5d919a6cda755717a870.png,data/wildfake/adm/b2a212723f37de0c.jpg,1,adm,imagenet,train,49589528e1802530744d743103187a97d02360640845c9cd9cd569a02f60eebd
wildfake,Images/Diffusion_based/ADM.zip,ADM/imgs/31e8a54f89d74fbfef222d6bed2091e4.png,data/wildfake/adm/ed756aa5b59d13c9.jpg,1,adm,imagenet,train,56b649df4571a214c0d93c4af65559c566fd93dacb2356be612101046493533e
wildfake,Images/Diffusion_based/ADM.zip,ADM/imgs/e8f95912e89e27d63e1334c0aa79b470.png,data/wildfake/adm/367dcd246a6987a1.jpg,1,adm,imagenet,train,f9865a7447c12e17d9801487d0076a4ba63d9ef57b5ce005b635f4209fa1d8a5
wildfake,Images/Diffusion_based/ADM.zip,ADM/imgs/f980fe8cc3806ef98c907bf0bb6b52e3.png,data/wildfake/adm/a12615acdbd54252.jpg,1,adm,imagenet,train,ce7797f74165a29cedfdf27293bca8bba553586cbfc72570359b1e677a23ad2b
wildfake,Images/Diffusion_based/ADM.zip,ADM/imgs/b84929189e9715bc6f14bf52d1774ca0.png,data/wildfake/adm/417069f1984955f6.jpg,1,adm,imagenet,train,3e5b0781d49e674b9c019562c974f3e869dfef487827fabec864440865ce2201
wildfake,Images/Diffusion_based/ADM.zip,ADM/imgs/40f5cffbc5191d28da2e8d95227a58c4.png,data/wildfake/adm/25f827c7e2bbef34.jpg,1,adm,imagenet,train,93d3c3896ccd84ba8e5face17568d44c315cdc7ae9530ef2c209f95e44148201
wildfake,Images/Diffusion_based/ADM.zip,ADM/imgs/b5931d9e4d9efa9e3f3e07dbba994d52.png,data/wildfake/adm/90c98e7f4df1dd2e.jpg,1,adm,imagenet,train,034097f1aadd0378ce9e4ae723dbd82331abf28c8ee05feb9ed89e425b30fc06
wildfake,Images/Diffusion_based/ADM.zip,ADM/imgs/f94a0ba8783dba15d95f6fd177a4e8a4.png,data/wildfake/adm/1ddf4c7f31a29091.jpg,1,adm,imagenet,train,358b99f1d8e1231adcd9ceecf0577e4e93dd36361e2f4def1ff10858b1125676
wildfake,Images/Diffusion_based/ADM.zip,ADM/imgs/81fac90207e758d0764c88a232e5a0dc.png,data/wildfake/adm/ee09b862f5f3740a.jpg,1,adm,imagenet,train,dc91634a4cc7a9909221f3c40803602542b0102824162580d4ecd0fc92a0b837
wildfake,Images/Diffusion_based/ADM.zip,ADM/imgs/1697c61b6b0612ece97aecbb84bd3f08.png,data/wildfake/adm/296ebb2263978fb6.jpg,1,adm,imagenet,train,e2b750860e46bf86f6db6f68a22bf8f8f3136ad8d439eaa8b45d2390c7c691c7
wildfake,Images/Diffusion_based/ADM.zip,ADM/imgs/bbd3b16e0829bc55f3386dd0fe3d45f3.png,data/wildfake/adm/7285abcf142a094f.jpg,1,adm,imagenet,train,8a33d8cfdec4a8fc9ec90c25583436df12986013ecb39958bd2c500c582df42e
wildfake,Images/Diffusion_based/ADM.zip,ADM/imgs/0db9679de50537c8f4160bdcdec68c76.png,data/wildfake/adm/dd27c40962c3ed2e.jpg,1,adm,imagenet,train,431696e265e80ead895a65d635acc76b9d602e7ac7ea4e82feb537f7d91ac2d1
wildfake,Images/Diffusion_based/ADM.zip,ADM/imgs/087a2def828eb631082ce069f7f9110d.png,data/wildfake/adm/cf8713d913e1fca6.jpg,1,adm,imagenet,train,f81ac71e9da6031c2a42c558957fa79bddf1e0185dabea9baa74191bd4709117
wildfake,Images/Diffusion_based/ADM.zip,ADM/imgs/902e87d84e14f1164a582a3cb0673bcb.png,data/wildfake/adm/803849e0f3259a31.jpg,1,adm,imagenet,train,92ef7cc9a94c13318ca6b87d11a85f3ebebc8eafcd5be12bf76fb55e2d0f0ff8
wildfake,Images/Diffusion_based/ADM.zip,ADM/imgs/0bae62a6d6c3505f778cb8ebab3d7e2f.png,data/wildfake/adm/6848f81c59419f00.jpg,1,adm,imagenet,train,b28345f1736d119af07dc82640e3dba0ee6dce7a29606a5e60ec4d3eb3224990
wildfake,Images/Diffusion_based/ADM.zip,ADM/imgs/4c7ed984103df312a60de449083349ff.png,data/wildfake/adm/6ccbf34282f46fd5.jpg,1,adm,imagenet,train,f0eed1e4d37790acffa4f45b35ea7b7a5e7cb6e491a6946dac215c51fb1cf5f1
wildfake,Images/Diffusion_based/ADM.zip,ADM/imgs/1f340b262e9d5032e433dec67ed5e085.png,data/wildfake/adm/1da5c54850023aec.jpg,1,adm,imagenet,train,42e23bee807dae63650118f78bb8802537c3da33e3746d01893feb830578419a
wildfake,Images/Diffusion_based/ADM.zip,ADM/imgs/7889ff640c03dc7880d3ca2c35f02bf6.png,data/wildfake/adm/0c7b01e6da21c2d0.jpg,1,adm,imagenet,train,144e1f5764ea3f015fbae6677cdcdb5db49a57ea71b955dc8689b4005f25244c
wildfake,Images/Diffusion_based/ADM.zip,ADM/imgs/8c253f4059d79ae2ea12ef30789ec32a.png,data/wildfake/adm/35fcd4a179da2afe.jpg,1,adm,imagenet,train,fbde5bccde33a364a1a7bbcfc80ed33379a194c6d2151ba405e301b0269b1ec0
wildfake,Images/Diffusion_based/ADM.zip,ADM/imgs/e5e628dbf7976947e4610172aa8af747.png,data/wildfake/adm/70a76733bef64f27.jpg,1,adm,imagenet,train,60a697a9c6aae8d153e5386077efe68526977a9a4fb39ee33c4eeb41b3bd17cb
wildfake,Images/Diffusion_based/ADM.zip,ADM/imgs/4d34f848146ae204ef782c9d150db8c5.png,data/wildfake/adm/b9b33cdd75a7a86d.jpg,1,adm,imagenet,train,7e59eb80c68923e9ae3a4566bd3b379a29329b1ce28fa59b2117b29a6e5e785c
wildfake,Images/Diffusion_based/ADM.zip,ADM/imgs/6af03645d07b6146509ca1d33433a786.png,data/wildfake/adm/49ad60d06fc0351b.jpg,1,adm,imagenet,train,d54d9fb792d2b2bfe514e73d479bda5123c9da025530fc18bcf6543dc7bd2b6e
wildfake,Images/Diffusion_based/ADM.zip,ADM/imgs/fd16d08d6a925760e83bc76330db3c89.png,data/wildfake/adm/656815cb9bf74a64.jpg,1,adm,imagenet,train,c68d65b2e65704d96bccdb7d0fc6a9c02d38ce0d6768f27c984bd59db575fe23
wildfake,Images/Diffusion_based/ADM.zip,ADM/imgs/2f32642a9f5826b90b74377635be2830.png,data/wildfake/adm/0cfde642fd8f5421.jpg,1,adm,imagenet,train,377c1715a29f168d75dc14e25dab74ad4b0906a44d4aa45fd1383d1f720fdf44
wildfake,Images/Diffusion_based/ADM.zip,ADM/imgs/1e9b08229409813702d94b0afaada151.png,data/wildfake/adm/a30d46a6a6011c6c.jpg,1,adm,imagenet,train,88a89776c2194478c125e4958bbaede09ee8555e4d6a781f33956717cb820829
wildfake,Images/Diffusion_based/ADM.zip,ADM/imgs/c27e70203a2fa7612033877ed94ca83f.png,data/wildfake/adm/b49e1e8076b6f96f.jpg,1,adm,imagenet,train,e0d7eb5af4155745172e65d6fbead38bf75715693a9f0110f3d6499f1d3b0888
wildfake,Images/Diffusion_based/ADM.zip,ADM/imgs/ec1052d331ac9bdf758e05923402017b.png,data/wildfake/adm/7aa89c133cb2d00d.jpg,1,adm,imagenet,train,617116850b2e8dcda09acb8a3363ca24922470e3ffb61ecb6082efe24db5eb09
wildfake,Images/Diffusion_based/ADM.zip,ADM/imgs/44dc7db2248ad821d5352b8acdd03b7f.png,data/wildfake/adm/f18b0b680a85551c.jpg,1,adm,imagenet,train,583f3e45e94f460126dd46beb21dba3d38961c0de1e0f26b52a33375f0adf94c
wildfake,Images/Diffusion_based/ADM.zip,ADM/imgs/632f3937c12b4324e8aadb12637d6999.png,data/wildfake/adm/945fae1209074390.jpg,1,adm,imagenet,train,1f738dbb10bccead7adcfd3255749112d75e8c54bad8c4bb4d742df3a2a69c75
wildfake,Images/Diffusion_based/ADM.zip,ADM/imgs/ef081e02799f86c3b63bac81b0779867.png,data/wildfake/adm/2dfeff77951c2cd1.jpg,1,adm,imagenet,train,bbede2a01d4349f4bfa8b1201ebcb7930037eb827d206f79ea70a2980fd5b613
wildfake,Images/Diffusion_based/ADM.zip,ADM/imgs/787d6a8bcf6f78d5a7dcfefda9c3d820.png,data/wildfake/adm/cfed22eb66aa0314.jpg,1,adm,imagenet,train,68ebc92a3458caaba4ebe068e9b4a5bc34c785d8812245dbf03d3252b864a3b1
wildfake,Images/Diffusion_based/ADM.zip,ADM/imgs/9cc6581bd51f36cc7698387586ae8b52.png,data/wildfake/adm/7be211f6d69a978c.jpg,1,adm,imagenet,train,fa49d34182f7f501f60b267d11b9abf169eb90ec7fdc65f24fde5198d1a7d5e2
wildfake,Images/Diffusion_based/ADM.zip,ADM/imgs/3d91ab199d2558a474cc280a55ba9619.png,data/wildfake/adm/6064f597097f4429.jpg,1,adm,imagenet,train,8099fee389ac7207e3634d0c79cdc18c73bdfe33724424aa365f39401bc6cdd4
wildfake,Images/Diffusion_based/ADM.zip,ADM/imgs/69ea3e6c9ea619efaeca68becea99b87.png,data/wildfake/adm/a87af067183507d7.jpg,1,adm,imagenet,train,42f4f91de328d0a4f4ce6da2ffebe1ae9833610035fa3f6fc802d6d4dc46e795
wildfake,Images/Diffusion_based/ADM.zip,ADM/imgs/78abf838bca1c0003882aaf72eec1d92.png,data/wildfake/adm/56807c156f24ca1a.jpg,1,adm,imagenet,train,31650a58450a8a75e36a5d9c38a17f6ebf71695dc51dc7027f6d08ac79851bdc
wildfake,Images/Diffusion_based/ADM.zip,ADM/imgs/b17786f7500074f4443576bcc6e94a7a.png,data/wildfake/adm/3b930ee3b0c70c52.jpg,1,adm,imagenet,train,b7636104afc07f561113b6a23987eda2bd9b15f5c64850e8a2eca657a2c0295b
wildfake,Images/Diffusion_based/ADM.zip,ADM/imgs/44a72cbb8e89db09edc05df971957d4d.png,data/wildfake/adm/67cff60ecb7a72e5.jpg,1,adm,imagenet,train,7cff3a0fa360db11e55d86df5071ec812bd65e21d1b15c54edae1b8a54ed6e45
wildfake,Images/Diffusion_based/ADM.zip,ADM/imgs/fc41aa7f491ed565a8faf7f8988ac170.png,data/wildfake/adm/3846ac4b7da4e14c.jpg,1,adm,imagenet,train,4cce67f738d3b359251dc26215118e835b5613bbe1a58200de69fa7693f67e3d
wildfake,Images/Diffusion_based/ADM.zip,ADM/imgs/dbc7b87f644a9eec14f501c4a5aafaf3.png,data/wildfake/adm/614c17e7b08024fc.jpg,1,adm,imagenet,train,e52b94a6f447c18b68240831fdbda816305dd559d7d1b461b12e26eff21de24c
wildfake,Images/Diffusion_based/ADM.zip,ADM/imgs/3916124e023bbb89fed7f5cfc7628bfc.png,data/wildfake/adm/824f88ee130400ac.jpg,1,adm,imagenet,train,9746fd5ea7d037caf7ae0f399ea1001900c97442e9f3c1407be735f5c35bcec6
wildfake,Images/Diffusion_based/ADM.zip,ADM/imgs/08d1d0ae65640af5075a3fca4a9f104a.png,data/wildfake/adm/3617d680e2d204f9.jpg,1,adm,imagenet,train,281d34abc874c3901c62fad6ed8dac0a6e634d7747ad52ed1fcfa4fe73469bc4
wildfake,Images/Diffusion_based/ADM.zip,ADM/imgs/13cf8d501acb2bb2ee8075407516f732.png,data/wildfake/adm/228eeb80de2939fc.jpg,1,adm,imagenet,train,2e0e9543d18c1234d6f583c95b3111945681af748f799f4a94c8c811f5fe8dbc
wildfake,Images/Diffusion_based/ADM.zip,ADM/imgs/1baf8c181b2c87acd71bef69af89b994.png,data/wildfake/adm/5d3546b39b7b572d.jpg,1,adm,imagenet,train,37a606549eddf98fa18bd948dadbba608c71b6580df0657f96d32b89a2434e43
wildfake,Images/Diffusion_based/ADM.zip,ADM/imgs/e9d6bf639e0b4d0a83f2ac6f68c715c2.png,data/wildfake/adm/4c28e2328c1de871.jpg,1,adm,imagenet,train,fb021847585d9c1d7a128789e2132238a1c3bec7c4c8ec1f57de80e8a864a155
wildfake,Images/Diffusion_based/ADM.zip,ADM/imgs/b90fe1c8acdc61ce612d2880bb35186a.png,data/wildfake/adm/a9fb657f3a32f17b.jpg,1,adm,imagenet,train,f53ab324d4217b286f1c784191800c4b356e515bd1171b2cba96d42fc247bf54
wildfake,Images/Diffusion_based/ADM.zip,ADM/imgs/289cdf8866a1344e627df9a307ac120f.png,data/wildfake/adm/d0ef071564a76ad5.jpg,1,adm,imagenet,train,b75e0ed8ca638d62f925a52516d4613d532f9d1c002b3863c238c67c987d615b
wildfake,Images/Diffusion_based/ADM.zip,ADM/imgs/4313026ac6135716862e4bf53d891234.png,data/wildfake/adm/d317d7d91cfac16e.jpg,1,adm,imagenet,train,4aa8f25e727a6f09c6d010e4902dc65b884c0421f0851a113404a89f6d8d2273
wildfake,Images/Diffusion_based/ADM.zip,ADM/imgs/e01fbbb8dab19da97e804914fdf2e0a6.png,data/wildfake/adm/0307db8c1732faee.jpg,1,adm,imagenet,train,3671343d86a6e72402a396c299cbe5e6ac6464dc17a84ad6139990cde7a8c6e7
wildfake,Images/Diffusion_based/ADM.zip,ADM/imgs/3442eded7243e447b4c86aff2b67c6b4.png,data/wildfake/adm/74097b4413ad7dbb.jpg,1,adm,imagenet,train,d5b076220d8707d7aaa3b4c08fdf7ef96bce51250b7f498e8ce3158996f3038e
wildfake,Images/Diffusion_based/ADM.zip,ADM/imgs/b56de6cecbe8907a43b8353384865da2.png,data/wildfake/adm/86b79fb094eb2ddd.jpg,1,adm,imagenet,train,d4cca8aac610f5fcf676f67e11076ab93fd3163d88b9e6ba5b330e53da7dca0d
wildfake,Images/Diffusion_based/ADM.zip,ADM/imgs/0ad73c2654b7a4d68fb529434bb231c9.png,data/wildfake/adm/81e4c0df0514c8c1.jpg,1,adm,imagenet,train,bb1ca9991ea7135e45e4c02d467aa543ff500548314394e91252bb6943b8e447
wildfake,Images/Diffusion_based/ADM.zip,ADM/imgs/70bbedc3e0d038c3daaacdc3a36b1aa9.png,data/wildfake/adm/67c0f06f936e5b5e.jpg,1,adm,imagenet,train,04b4c2b56ecabe4b2bdbeacee9ed032b2d9b357e60d6a46d5d03e367e0d93356
wildfake,Images/Diffusion_based/ADM.zip,ADM/imgs/31c795db1e0ac54ef64370bc552859b3.png,data/wildfake/adm/1ad6d38b17482798.jpg,1,adm,imagenet,train,f704f290f2d1eb28349e4a71cfb98c2a8bc53a5a8e23abacb4d37e886662f01a
wildfake,Images/Diffusion_based/ADM.zip,ADM/imgs/ce5166eb67b7e8c5df496f7e9ffd91ba.png,data/wildfake/adm/b06e84201df71692.jpg,1,adm,imagenet,train,5d08227de765d8579074b010c7d3083949785cd360f810006f4f7e4e2866df29
wildfake,Images/Diffusion_based/ADM.zip,ADM/imgs/0408f6cacf1f2e1ab535fb1b57ae2293.png,data/wildfake/adm/ba5f160a5e424765.jpg,1,adm,imagenet,train,9cfb1977189cad4b5a85488bde150d2b58ecd541599259dc9bf2a5a5f38c0a2b
wildfake,Images/Diffusion_based/ADM.zip,ADM/imgs/7392b10437c426b2c1d198d6d340ab74.png,data/wildfake/adm/b5e1525a59d43f43.jpg,1,adm,imagenet,train,4543c635b864a08a1b6a8800182e66ac51608aab7888baaa3072ee27c6a1dc29
wildfake,Images/Diffusion_based/ADM.zip,ADM/imgs/36e12e3032105ce88de2cbff11bf6751.png,data/wildfake/adm/b83f9eb7963ffa4f.jpg,1,adm,imagenet,train,142e616d47fe42f8f873ba2fda0d412af9c7506a67f529a779fa7926c7840990
wildfake,Images/Diffusion_based/ADM.zip,ADM/imgs/76297128ad4888c61b613d6bff0a9dac.png,data/wildfake/adm/5adfc599cf68ed7d.jpg,1,adm,imagenet,train,449d85b8d719de6be5d2a5a1248887340057505fedf5c9efda8a2dacd1949cc2
wildfake,Images/Diffusion_based/ADM.zip,ADM/imgs/72df7ebaab928ec798964541987d7374.png,data/wildfake/adm/9f2701c11bc7b821.jpg,1,adm,imagenet,train,02be750c468a99363e7fc1e0344b636e887366e3802517864f102485c122582d
wildfake,Images/Diffusion_based/ADM.zip,ADM/imgs/ef8b6b4502231ed550d4b4ca7cb43af6.png,data/wildfake/adm/87a2cd241420d1c6.jpg,1,adm,imagenet,train,aa2e185cba86b032efcc3dfedba9a39830a09f7409addcdfcdc2d6f34c71d27a
wildfake,Images/Diffusion_based/ADM.zip,ADM/imgs/e5084c9bb8611623e5c4d44c0523e63d.png,data/wildfake/adm/337370f24b71c924.jpg,1,adm,imagenet,train,43d329a461a5b63bc486b362d027e5a9f4446e1f677998e397f89f29e8d7f838
wildfake,Images/Diffusion_based/ADM.zip,ADM/imgs/ff1a59c70b17c8683f9f9ca89b30c134.png,data/wildfake/adm/b34c2fbc2ffaa032.jpg,1,adm,imagenet,train,6a74f8b59d936a3b1d5aa72c3d935fb9f28a439aa9daaa01a9a09bc994eb1592
wildfake,Images/Diffusion_based/ADM.zip,ADM/imgs/9c568852156f69a8ec3faee10977b5cc.png,data/wildfake/adm/387ebb1f897b4cd2.jpg,1,adm,imagenet,train,cdd8f125be2558966c1336a14348ae4cc3b4b7a2697ea990ea415be49cfb8d44
wildfake,Images/Diffusion_based/ADM.zip,ADM/imgs/daf4f78b3eb3279f46a5d1429e1693e2.png,data/wildfake/adm/bf22a49bb59dbdd5.jpg,1,adm,imagenet,train,3102aea3d76374e2231d8f0908d9be1a91930d37a9f8c220697a3e01dcb674dc
wildfake,Images/Diffusion_based/ADM.zip,ADM/imgs/3764de1a66e4a2d2e7d9a711872ac8a7.png,data/wildfake/adm/ec7c1f26bca7e637.jpg,1,adm,imagenet,train,207f8ccc47cadd5df7d4396b9b47770bd4e3a410e0714d4bc305d32ab9654959
wildfake,Images/Diffusion_based/ADM.zip,ADM/imgs/87a86b3999ccf3ce316da477e68346e3.png,data/wildfake/adm/455f9f59f2c7fd22.jpg,1,adm,imagenet,train,303caa0026afbd49e4b826717abbaa3b3e7c9587901aafe5c1a34d5183f71eab
wildfake,Images/Diffusion_based/ADM.zip,ADM/imgs/2eb4b6cb726560d1f3a371fab51ec16c.png,data/wildfake/adm/8ad4065ec94c5eac.jpg,1,adm,imagenet,train,b17362787582574b33af694f879ae2b5f85d149ef1da8469f6536138f9e1fc58
wildfake,Images/Diffusion_based/ADM.zip,ADM/imgs/52b596232d828a5ad27827146915057e.png,data/wildfake/adm/cce2601e125645ce.jpg,1,adm,imagenet,train,523d1f731a1b7284cbbb9b2a8b257a0d9223a06c1f8291973966211846047ede
wildfake,Images/Diffusion_based/ADM.zip,ADM/imgs/783a50a8443cb9d4a66300d9f608ebaf.png,data/wildfake/adm/3f97a08a09b01b52.jpg,1,adm,imagenet,train,d2f75fab8de967ab5194f653a63bb4904d9faca53c341b81587e115ddb044c00
wildfake,Images/Diffusion_based/ADM.zip,ADM/imgs/980e7b52f57f15347468bfc132154812.png,data/wildfake/adm/65b47af8f1f4122b.jpg,1,adm,imagenet,train,8d058c1a30f4d99bd8b09bfde6121dd5cfd205cf5ad81ead29484ceda8e18f0e
wildfake,Images/Diffusion_based/ADM.zip,ADM/imgs/944253786f3602af0b1343ddcaf01bb4.png,data/wildfake/adm/541f4a12477b063b.jpg,1,adm,imagenet,train,05842766e921ad360e3c13f28a21b8c6a6756b76f4ebda693b98e79fe36b5e9c
wildfake,Images/Diffusion_based/ADM.zip,ADM/imgs/b4f41c86d1311ac1fa78a66d67fe9f72.png,data/wildfake/adm/30264defbbf158bc.jpg,1,adm,imagenet,train,95043d9ddf2bf141e665b3910acf19c8296ba0fbe1b6459b4219317c59e80927
wildfake,Images/Diffusion_based/ADM.zip,ADM/imgs/bbbd86ce4153459b89bdd41b8f94adfa.png,data/wildfake/adm/70d16a8e3ec3e637.jpg,1,adm,imagenet,train,cffc62ba37ac5630a4e11142fa7a0581fa4a61e6b2a562f7e93595118b202472
wildfake,Images/Diffusion_based/ADM.zip,ADM/imgs/1df9843335aa7b4ce7e8948a97e8b943.png,data/wildfake/adm/2de918c93676a9d5.jpg,1,adm,imagenet,train,806c7a453d3b63d39252d70bd20c8926128f19646b7137088a6ef4beeb181e84
wildfake,Images/Diffusion_based/ADM.zip,ADM/imgs/676933731636c52ad3e5b5f0da3f8007.png,data/wildfake/adm/de379afede238ae1.jpg,1,adm,imagenet,train,dea2456cbfaf35c0e17cad078843b78a90cea070776739d009783824b056d1fc
wildfake,Images/Diffusion_based/ADM.zip,ADM/imgs/79004e68e9b9a5674aabf2aa11ce8c72.png,data/wildfake/adm/47c4a4516b249a4f.jpg,1,adm,imagenet,train,61c6bf4c6a526e2f91a4f7f430e7a9c727c8f537cd8e9d2b8e9d1219ed9ccfbd
wildfake,Images/Diffusion_based/ADM.zip,ADM/imgs/5b5c6d2b1e1f073c66a3a26aa623b9ee.png,data/wildfake/adm/43d6ea3629f397d4.jpg,1,adm,imagenet,train,e87cad0d63ac38240f46c6ff34b802b461d96315787cc813a3d9579574110601
wildfake,Images/Diffusion_based/ADM.zip,ADM/imgs/015a6445e4e39f24c6165b4efa737714.png,data/wildfake/adm/de61057715d9b224.jpg,1,adm,imagenet,train,7dbc3f9e9362ce786a0d2c13ee155f4192f395590426b5b72ba39c399829c17a
wildfake,Images/Diffusion_based/ADM.zip,ADM/imgs/f44ed4618aaafc0e3fc7b635d195a46d.png,data/wildfake/adm/c79eefd47256abbc.jpg,1,adm,imagenet,train,a90c21fdeaae301462627e7bf0a4d4b3994f5b62fa0ac54de7c112b0d6a50d4b
wildfake,Images/Diffusion_based/ADM.zip,ADM/imgs/5af34b9e3bc5987aee493ce0f9ea3bbe.png,data/wildfake/adm/c8eb2d326ca2b619.jpg,1,adm,imagenet,train,ef58f392930beea37e98d736eab51a6600088c1f0a4aa28a6d7f332986efee7a
wildfake,Images/Diffusion_based/ADM.zip,ADM/imgs/2ed8111d2b13c6b54a04bea67cb10f77.png,data/wildfake/adm/99725018564fc553.jpg,1,adm,imagenet,train,4204965924b0929dedd386da883a0bc8a6bb07d9e38836f0ffbd365774a3aa6d
wildfake,Images/Diffusion_based/ADM.zip,ADM/imgs/a8213b31a7a8af6ca0a7e3a2ea6d465e.png,data/wildfake/adm/d24a303112636b9d.jpg,1,adm,imagenet,train,89c48c8dc03cb6f429aeba393bc255b1ea3994b1a055825787ce9ce8fc27830b
wildfake,Images/Diffusion_based/ADM.zip,ADM/imgs/c8e4942a1a673185dabeeb59097cd42d.png,data/wildfake/adm/c92a70523b62ef7b.jpg,1,adm,imagenet,train,75544d55eee98a133fb08e2e3dd5001f69a0cdd675bf9a8c3bb1050699ba3f8d
wildfake,Images/Diffusion_based/ADM.zip,ADM/imgs/86c2d706cd39d1eb1bcf3407636f46f8.png,data/wildfake/adm/3647e3209a766f2c.jpg,1,adm,imagenet,train,663a5886dcce90def96cd502051695edc650d9dc9fddbd7f16bfb9b96a1b4c41
wildfake,Images/Diffusion_based/ADM.zip,ADM/imgs/db8bbbda7890af927af32c3891a8792e.png,data/wildfake/adm/195ec6e91ab3987f.jpg,1,adm,imagenet,train,4363ab2b5178a8890720ecab7cccc9ddee444f24c95cb5895defacec61e660ac
wildfake,Images/Diffusion_based/ADM.zip,ADM/imgs/e10fd0c1c5b67f6da853d4df3b3d8a5b.png,data/wildfake/adm/22f3a6f3b83ac965.jpg,1,adm,imagenet,train,77ef6274f45db41f928cf3f93b8556bb2c8f4955eea40da838a9d2c4d930e650
wildfake,Images/Diffusion_based/ADM.zip,ADM/imgs/f307793ada49c25f48ab5dc62ce85241.png,data/wildfake/adm/e5489bfb658698a4.jpg,1,adm,imagenet,train,351587a325544d7306eb050f1359c0add02f85a1c624d585437d1319a351c2a9
wildfake,Images/Diffusion_based/ADM.zip,ADM/imgs/72925784ee9ae334b5a763de67c88ac0.png,data/wildfake/adm/529c268ba14a4124.jpg,1,adm,imagenet,train,2756d19b6a636ee7c4db5c0b81dd1f89cd5f565bf941971c4e6e3f00600ae0a3
wildfake,Images/Diffusion_based/ADM.zip,ADM/imgs/8d3723dfaf826fe29e4cde63a87a587b.png,data/wildfake/adm/7ae37f2289dbb707.jpg,1,adm,imagenet,train,7b270ee4f1d2a23573575a01406553f7aa555a6faf4d43b37b95d8099bcba168
wildfake,Images/Diffusion_based/ADM.zip,ADM/imgs/dbc5878b22e87a87c24c4e5b2c4a6a86.png,data/wildfake/adm/98a219b8e742d7ef.jpg,1,adm,imagenet,train,11bfcba8df9f1d63759db56703850ed0b6049f7bf128ed4cee5b35e86a2e1d36
wildfake,Images/Diffusion_based/ADM.zip,ADM/imgs/c6a43a508a9e452151863d7c792c4790.png,data/wildfake/adm/4e25c893695d98ae.jpg,1,adm,imagenet,train,fa849fc8ffe9a3f38f861a150b2c4f2dc47461c6e6eb37c518414b7f343e2b9b
wildfake,Images/Diffusion_based/ADM.zip,ADM/imgs/2068a69d95bd8c312991e66e257d8be2.png,data/wildfake/adm/df94a9b3407e7c32.jpg,1,adm,imagenet,train,e8f281b546f2956275ee79f8163dec03b0b476f7fef0321cde4726e70546086f
wildfake,Images/Diffusion_based/ADM.zip,ADM/imgs/e1a3c05160022e4a7fd70487c75d53e6.png,data/wildfake/adm/dc45c0c8b23502fc.jpg,1,adm,imagenet,train,c6a7529be6090aaf9a78f42254d3f738692929372ffea7cafa0996699f39d3f6
wildfake,Images/Diffusion_based/ADM.zip,ADM/imgs/2156ae2134a43beeb2a470905176dc04.png,data/wildfake/adm/bb61bd28531970b2.jpg,1,adm,imagenet,train,0c3d7045160ac3083c2798a971561ada4dd27ead495a135a7922148cabfc00a7
wildfake,Images/Diffusion_based/ADM.zip,ADM/imgs/d2289b0a7d76772185f3b6eea96d2ab5.png,data/wildfake/adm/8accec9e604d17a8.jpg,1,adm,imagenet,train,44c37e20985d34d5c4d061764b3f9819fb9cd104d929ed0e2739c95d9e234488
wildfake,Images/Diffusion_based/ADM.zip,ADM/imgs/8f21a84dcb7f05ea8bc4e6a34e283239.png,data/wildfake/adm/f5a595dfc3b7fbc0.jpg,1,adm,imagenet,train,8735efcf9c8fbcdec45e99fe53138f4887af7841414162336623cdc3768a2c00
wildfake,Images/Diffusion_based/ADM.zip,ADM/imgs/64cf959963532164ecd4c2ce79b09741.png,data/wildfake/adm/6b3c43b9260626a5.jpg,1,adm,imagenet,train,f8e90742160999b2406d3634c2e5d1083abe88fa56434477e48c0309697af7f3
wildfake,Images/Diffusion_based/ADM.zip,ADM/imgs/2df0d741c249df4ae46e4dd71fa3c71a.png,data/wildfake/adm/89b879a9cbbc3bf5.jpg,1,adm,imagenet,train,e57bc72d2a24efe23c5a2232eae35eed39c153ed05b658e5412996724cba27f9
wildfake,Images/Diffusion_based/ADM.zip,ADM/imgs/a2153fc4a15db18780aa6c5ca10681e1.png,data/wildfake/adm/5525477f98ec8e07.jpg,1,adm,imagenet,train,dd1a00837d68e70f91894841078dfe49320df9a1a0c8da80337852573dcfc7ec
wildfake,Images/Diffusion_based/ADM.zip,ADM/imgs/5333d0cf503f74ce420bbfb4a5a79b28.png,data/wildfake/adm/aa60ef0e466d706c.jpg,1,adm,imagenet,train,25f9dc45885a7efbe8f05caa8b8c5df42c4ad2ad6756a8199610e70535bfd329
wildfake,Images/Diffusion_based/ADM.zip,ADM/imgs/4619055448f6767261e98ac4e4214858.png,data/wildfake/adm/864ddd751c8ac975.jpg,1,adm,imagenet,train,e68faf2ccc619a1824e1dce7ad2a06d7e4ce99e04a864ffc263e1b1c0646ff26
wildfake,Images/Diffusion_based/ADM.zip,ADM/imgs/ed30543eaab50ad3c93077f10d500fb9.png,data/wildfake/adm/62e979be0279c828.jpg,1,adm,imagenet,train,2797ed970e0f2fa3a85cc878a98e9ac979733793ed8fbbd831f54a1496d74da7
wildfake,Images/Diffusion_based/ADM.zip,ADM/imgs/366a4803813e7863fb03adbb689aec61.png,data/wildfake/adm/65f7f1fde45da7ea.jpg,1,adm,imagenet,train,57e7910a0d9b7c1c73ada92ffabc5b74492247e29a3d1ec3a6863822e450f4e9
wildfake,Images/Diffusion_based/ADM.zip,ADM/imgs/0ba30fbb927aa2e64839300d3ae1d02d.png,data/wildfake/adm/79ee7f3bac63ab20.jpg,1,adm,imagenet,train,6fdddc1fb4e6372b4c13b64907bc9f6cc1ae38f0cf51883965ac236702925aae
wildfake,Images/Diffusion_based/ADM.zip,ADM/imgs/3c79b73c03f7bc70bebce3cfc293b1b5.png,data/wildfake/adm/6f5364e850ace225.jpg,1,adm,imagenet,train,cf93a0af8f7de73808403c3ec5934d4fe13ccb0d72b30f339e6bfd78846b5a30
wildfake,Images/Diffusion_based/ADM.zip,ADM/imgs/0a9321ace637626c33c3b6bbd56f5b3f.png,data/wildfake/adm/2810f0bef1bd9270.jpg,1,adm,imagenet,train,ae43687ba9384ac32cfaa26699b8f118c46fe70361db5f7642d33706ec3a93b2
wildfake,Images/Diffusion_based/ADM.zip,ADM/imgs/ae43edcab60e6d79b95acc83bc3bf932.png,data/wildfake/adm/a64b4fca97486007.jpg,1,adm,imagenet,train,568d2213aed7ed4dff4a450ecb06b8cb8e097e4fce6e9a6e598eb25b587e511c
wildfake,Images/Diffusion_based/ADM.zip,ADM/imgs/370be0fb2a89709c7b05180462b25611.png,data/wildfake/adm/91897d911b77f5c3.jpg,1,adm,imagenet,train,20204182850ffb74ac0f4e8a51706323e1629df83113257fb843ece7070be888
wildfake,Images/Diffusion_based/ADM.zip,ADM/imgs/1ec5447d8d2986fd13e813a2e8e9e15e.png,data/wildfake/adm/53aaf063e3afd7f8.jpg,1,adm,imagenet,train,54369bf34548b597200753c7f9b09f7561a6521253788df6ea8b3604907ee6c1
wildfake,Images/Diffusion_based/ADM.zip,ADM/imgs/561c7c9d0ad8740812e714584dc88cb3.png,data/wildfake/adm/5b3e035bbdee1644.jpg,1,adm,imagenet,train,3f7e359e7ba3579137f1f29d701fbceff59fb5b6bc3da1a0e944e83e74126576
wildfake,Images/Diffusion_based/ADM.zip,ADM/imgs/8f90a403ff0158cefe07baf4714f26cc.png,data/wildfake/adm/f224378724cbfcee.jpg,1,adm,imagenet,train,56a76c00269d24254468341982826ddcf9c8d2e367684d21de371bae103eeac1
wildfake,Images/Diffusion_based/ADM.zip,ADM/imgs/730e29322a0a4845aa5ad06d3e7af076.png,data/wildfake/adm/1feeaaec1aa2125b.jpg,1,adm,imagenet,train,a1066ae62b1c23251fd4476925e998ad414e50ec3e48007a7c9728ce0bcf543c
wildfake,Images/Diffusion_based/ADM.zip,ADM/imgs/13ffe520699c3de85f25c7987cbda9bf.png,data/wildfake/adm/4df5daea99e6dc18.jpg,1,adm,imagenet,train,9bc505890ed5050860a3c8c0f108373584126deaddad964da100cc7b4bde19c2
wildfake,Images/Diffusion_based/ADM.zip,ADM/imgs/542910f247c115c64359ae90cc7f79b1.png,data/wildfake/adm/7c47b1e684bd949c.jpg,1,adm,imagenet,train,cb583b84c424961a97ebb47bd4300cf8cff0a5f155332155a2ea4e5816793a97
wildfake,Images/Diffusion_based/ADM.zip,ADM/imgs/eaecb188bc3a3d87320622fd09d2f162.png,data/wildfake/adm/cb5bf184c90dcaf9.jpg,1,adm,imagenet,train,bf0421cdc8aca8e5b72720bec4c87a28f6e56cf8e763487c960b7e68210391ee
wildfake,Images/Diffusion_based/ADM.zip,ADM/imgs/e73283966014b8c1eacb5275234d295d.png,data/wildfake/adm/d9633748b1d7f50d.jpg,1,adm,imagenet,train,e4c97db34e47c5c6f382d57a3cec55feebd7cb3dbea933740e3ef3c50072404a
wildfake,Images/Diffusion_based/ADM.zip,ADM/imgs/f93e0ef843afed816c442a650f543857.png,data/wildfake/adm/2158750159dfb165.jpg,1,adm,imagenet,train,048f64d203ef0ac7a59f1a88f06b05f9ccc7d542453c589ca326eca4f2f7ea0a
wildfake,Images/Diffusion_based/ADM.zip,ADM/imgs/79e24cb4cfdfa8ef5023d71e386183c9.png,data/wildfake/adm/fbc9be4f7ddd2a2e.jpg,1,adm,imagenet,train,fd81dcfc3d7fd93423367e08dccc27d74655f986a66b89916e50f6875515d385
wildfake,Images/Diffusion_based/ADM.zip,ADM/imgs/f2c8d88dc62e35f47d7acfb318790ce3.png,data/wildfake/adm/6729387f98568625.jpg,1,adm,imagenet,train,6e86fec55358a495591a33909de50de0ea6c974ba10be1870f7f46e31f406d37
wildfake,Images/Diffusion_based/ADM.zip,ADM/imgs/2c0f7a2aef09547249fc064ba7fd8aca.png,data/wildfake/adm/a4dee96d0e76378a.jpg,1,adm,imagenet,train,7e11c75908ad6e087c4c93059b39a5e60a2e271fbe0949cb4af0ed5f49f0d251
wildfake,Images/Diffusion_based/ADM.zip,ADM/imgs/9f4a6cac7ba260573ed5f4dd1b682d94.png,data/wildfake/adm/f05d406a997d1ebf.jpg,1,adm,imagenet,train,af43118a261bcf6d7cff7617f0b1ba3573fa90de70edb5e5a39da5416a8f0d86
wildfake,Images/Diffusion_based/ADM.zip,ADM/imgs/7262b403929aba826926d05ee4a72684.png,data/wildfake/adm/3deaf1817fd56c14.jpg,1,adm,imagenet,train,b56ccc10a9ae98d69cb179751f4952fd6e8d46c491d16a6f578b8169fec33d18
wildfake,Images/Diffusion_based/ADM.zip,ADM/imgs/8b52f81ee6b605468554dbbc8056b9b2.png,data/wildfake/adm/b211cc8ef0e267f7.jpg,1,adm,imagenet,train,54888d0832dec6fac13314c51d0a686d5851495bf597cafccd9d0ca82d0fd4ff
wildfake,Images/Diffusion_based/ADM.zip,ADM/imgs/bf7259bd1cbd96d5f8025acf27833de9.png,data/wildfake/adm/45ab885889ababfd.jpg,1,adm,imagenet,train,ad1209427cb842a6128c0654f6f648fd2351a8d4afef9b23b08b9bba60db20c6
wildfake,Images/Diffusion_based/ADM.zip,ADM/imgs/fa8d4687aacf6139b94d32502c7d3751.png,data/wildfake/adm/cc1f57051a8e7602.jpg,1,adm,imagenet,train,13892695b1eda3a0718edabd969efd9ca763b14d4f4acd6fed3c79c1b520c6ad
wildfake,Images/Diffusion_based/ADM.zip,ADM/imgs/b50e0b4aee20c158024a1aacc6706c3b.png,data/wildfake/adm/25da12baad4e70f2.jpg,1,adm,imagenet,train,4f7982ac6814830b5404d06ecbf51271425229479bce3ee040fca498df3aba25
wildfake,Images/Diffusion_based/ADM.zip,ADM/imgs/8ed94a3cf2599f065179c094523491f7.png,data/wildfake/adm/328ec42a3ba7f054.jpg,1,adm,imagenet,train,a15bc6a87c471c7e2356f695905ec5c41fcca8af283a3449679c3622944cd266
wildfake,Images/Diffusion_based/ADM.zip,ADM/imgs/46a8d0320e9bd6c9d8a912bc2f6b6089.png,data/wildfake/adm/2e746e16ba81442e.jpg,1,adm,imagenet,train,30f2447a5afd69284f78d2ad5989f043daff05e3d620107cb9a8164c4824de64
wildfake,Images/Diffusion_based/ADM.zip,ADM/imgs/65a0f34b838e56f12368317fdca2af72.png,data/wildfake/adm/7ed19998c5d0c39d.jpg,1,adm,imagenet,train,740e26b5e00adcbb6e60d0a1329932d88785caffe7bbb8bf918efbffbf159018
wildfake,Images/Diffusion_based/ADM.zip,ADM/imgs/7884f6e09f7e926143b4472960abfc4c.png,data/wildfake/adm/d81c12536423fbc8.jpg,1,adm,imagenet,train,a4b0324878ddb39aaaa99888ad64c5ec91be036ec030dd2c386f0abc10acc608
wildfake,Images/Diffusion_based/ADM.zip,ADM/imgs/3f6c2313f6d3dd1a4d274f3f2a5b9cad.png,data/wildfake/adm/c6ec88fdf87374b3.jpg,1,adm,imagenet,train,ecfbecbd0e691b3772a3b6eed89848ef3da72ac45ffa98c4ec276149d82a5680
wildfake,Images/Diffusion_based/ADM.zip,ADM/imgs/c3f7c549df0d2b44f8e55cfaab5cc365.png,data/wildfake/adm/1e856c948003653d.jpg,1,adm,imagenet,train,d8623b29e4d141d2b874efd170a85815b89f6237c1b54847cf07bc358f0e2b00
wildfake,Images/Diffusion_based/ADM.zip,ADM/imgs/759e69448baac9518accd05a8ca5e17c.png,data/wildfake/adm/381b65af7181f1db.jpg,1,adm,imagenet,train,64c3878a7df12d2eab5b96d4e0d6a53c50c8bb031f42bdfbb02c1bfe945b9f1f
wildfake,Images/Diffusion_based/ADM.zip,ADM/imgs/4bfb153a439271ed9307cd66f7865b24.png,data/wildfake/adm/956eba927d3a62e2.jpg,1,adm,imagenet,train,629c45ae8fd1854502da8dcca36bc8c8d95d5a16c8eb0d5e96078e0422adad86
wildfake,Images/Diffusion_based/ADM.zip,ADM/imgs/7ba570c2d797564b57dd6bfea3164adf.png,data/wildfake/adm/ba417b6839f3a343.jpg,1,adm,imagenet,train,576eba8bfad1f7ea4b24429ef08c189acc9154071824f490a014b7ddf27a942a
wildfake,Images/Diffusion_based/ADM.zip,ADM/imgs/72bfa15c9072004098672d666f2d3bea.png,data/wildfake/adm/16dda9e79ea35a0a.jpg,1,adm,imagenet,train,17d1d3d78b9c571573d82dd1b7e587fa30759502dd18abbdcde549fe3f0559d0
wildfake,Images/Diffusion_based/ADM.zip,ADM/imgs/41a3f0a667877c7ef62ac20698012602.png,data/wildfake/adm/4edf84163cfaaa6d.jpg,1,adm,imagenet,train,6d7e64c6c162e0909555d5e30e51a52cead4a88c83f5e8b09dd5554c6f49c171
wildfake,Images/Diffusion_based/ADM.zip,ADM/imgs/304b2dbd16d72736e7de1cb28ce0729d.png,data/wildfake/adm/fbfd372eabf6f5bc.jpg,1,adm,imagenet,train,79873dbd30b340c39ba65bd218cbbf3593fabecb089b36372a7f7005d8e17bad
wildfake,Images/Diffusion_based/ADM.zip,ADM/imgs/5bbda0b88b44c9c085bb85a63cdfedfd.png,data/wildfake/adm/10297902887adff6.jpg,1,adm,imagenet,train,c471461bf181a72691945e073befc8b0e699f42a2870c3b8b0b5fb4fb452b8dd
wildfake,Images/Diffusion_based/ADM.zip,ADM/imgs/0fa408c45321de35558b4956d51d1b3b.png,data/wildfake/adm/4ab1300da3932351.jpg,1,adm,imagenet,train,ab828569a21c535b76cdcfe5f0e56f33f6a5c4a288aa88ac90c793d97e06d38a
wildfake,Images/Diffusion_based/ADM.zip,ADM/imgs/1de438b7b61c4685e89aa698712e4cda.png,data/wildfake/adm/2a782728b84ab91e.jpg,1,adm,imagenet,train,c54d0a1166303ad6299c5585bcb760e03674ded99430cafe6eb982bff083e1d5
wildfake,Images/Diffusion_based/ADM.zip,ADM/imgs/76deb295c2ac7dd5fa3343a1e873327a.png,data/wildfake/adm/94a9e7b2d2425f61.jpg,1,adm,imagenet,train,5789ee120de94763574d0ab72b573d53845afb152b46fd9adbaff84b735ec0d8
wildfake,Images/Diffusion_based/ADM.zip,ADM/imgs/4e84f9ca36dcc06005df5a7c15b1516f.png,data/wildfake/adm/58bbeb489917a900.jpg,1,adm,imagenet,train,3c5ccc826aad271d01a02d21dd61c3921758e106e07a96823ded26c945576864
wildfake,Images/Diffusion_based/ADM.zip,ADM/imgs/d5ddc6ad8bee36824eef7c7ff44a6271.png,data/wildfake/adm/72e8227bb066ceec.jpg,1,adm,imagenet,train,2407f2a191a7ab255766c821e938d9e982529cc0d2389728709fdcdfd13a3969
wildfake,Images/Diffusion_based/ADM.zip,ADM/imgs/ed3a3f97ee16a49604b35f6d81eb2d43.png,data/wildfake/adm/37688a215ba57e71.jpg,1,adm,imagenet,train,104e5eb585d1606dee0f318d1ec498302295955a5175e9eaac96a076596b731f
wildfake,Images/Diffusion_based/ADM.zip,ADM/imgs/abfdb63189bed1ac8cab65110768ecc6.png,data/wildfake/adm/0cf1940a95fff086.jpg,1,adm,imagenet,train,68e6df6502cba8176ef4851194000b2ef5732852b7da2e7adf266142a7ffda23
wildfake,Images/Diffusion_based/ADM.zip,ADM/imgs/ad22f8aa494c0ae9b78a8639d6be14ba.png,data/wildfake/adm/d77d4d7abf48b13e.jpg,1,adm,imagenet,train,f204f043739b7a211015364c907f0a2457d76754d503486ef8bb7977ccdbcce3
wildfake,Images/Diffusion_based/ADM.zip,ADM/imgs/63abf0dff5fa04f0aa4e4d74168a6c85.png,data/wildfake/adm/f08e601861f6dcc2.jpg,1,adm,imagenet,train,b088f4dfe438b6914a61583af92c8613080d92f6d98d76d3901902b33023441b
wildfake,Images/Diffusion_based/ADM.zip,ADM/imgs/886326a886d5fdb6cd3594abb38d4f04.png,data/wildfake/adm/e56a850bab57d1ff.jpg,1,adm,imagenet,train,626c57462e280d21045e320dd7ebac7b9e8e5f6434df534afa665f6f12159271
wildfake,Images/Diffusion_based/ADM.zip,ADM/imgs/55f799b06f7edf0ae2ec7dde620fc9bf.png,data/wildfake/adm/9e23a2c099db9b79.jpg,1,adm,imagenet,train,3634ad41b0690fbf8df15987d2a287165a5c2f723c0bce77e03558ef220bc669
wildfake,Images/Diffusion_based/ADM.zip,ADM/imgs/14693c011fbba0c435a4478a63ae0853.png,data/wildfake/adm/b70da7ec7ce0f972.jpg,1,adm,imagenet,train,31aca39b61fd02c9c246fc02432d03b9f856f283d0d3456c8955e0fcf0c397b7
wildfake,Images/Diffusion_based/ADM.zip,ADM/imgs/f6697888b8779b9ef954407a73a53b47.png,data/wildfake/adm/73b39d3196298cfd.jpg,1,adm,imagenet,train,dba9878696c4505c51010f9dc4919954c20161f445217e2a6d3d9caaf076039a
wildfake,Images/Diffusion_based/ADM.zip,ADM/imgs/6c467a06117acee0e5805941ace54c70.png,data/wildfake/adm/8c4aba779d1c93ea.jpg,1,adm,imagenet,train,a701db61f2e835aa2e0d604d50dde692317995d7c7c8542fc50821baf1cb051c
wildfake,Images/Diffusion_based/ADM.zip,ADM/imgs/f42596dcf8d7b4ea225b15ea5f166990.png,data/wildfake/adm/1f83baa09474910d.jpg,1,adm,imagenet,train,a4a60c098a2fb7ebaba465c2d8f4df1d8787686a74a68b5913ee54479d8608f8
wildfake,Images/Diffusion_based/ADM.zip,ADM/imgs/195aff77b8f4c26fb24b6239b8d9a18a.png,data/wildfake/adm/c51fc8736e76561a.jpg,1,adm,imagenet,train,4d653f42aa527e23ac045a9240e08e32983e7fcce1205aef51619e740c665049
wildfake,Images/Diffusion_based/ADM.zip,ADM/imgs/0872a1bc8a0ed11714d944d03b875f37.png,data/wildfake/adm/a923b2b4c1616355.jpg,1,adm,imagenet,train,b3722bbcfc23b89607268aa9c0f0beb538a7b563dd3cc21223b99a0f722f7aa0
wildfake,Images/Diffusion_based/ADM.zip,ADM/imgs/5eebbc16d1d4abd145b74ead9e5eb50c.png,data/wildfake/adm/00461aa88486e08b.jpg,1,adm,imagenet,train,a7a750bc6eba1df72049fd972a246fd04bc311550d5fc15684f8c61cde680768
wildfake,Images/Diffusion_based/ADM.zip,ADM/imgs/1db9532942ff0762e634e38fc6188ef4.png,data/wildfake/adm/c94c7e88de3d1012.jpg,1,adm,imagenet,train,2688170cebabb4f490902f08e6f1da869d59d639d6772db194e5a15ba5a43646
wildfake,Images/Diffusion_based/ADM.zip,ADM/imgs/75e5c3715fb4e4db82616f757e8d0eb5.png,data/wildfake/adm/edebf81e0b335233.jpg,1,adm,imagenet,train,ca859cfcaae701038025f512e2923295128b9cd7787b2a7c16751dd2c6c244ca
wildfake,Images/Diffusion_based/ADM.zip,ADM/imgs/77ff435d302ec25f8b1974278ff558d3.png,data/wildfake/adm/0e934dfaa61f5702.jpg,1,adm,imagenet,train,88b776622e0b976851cbe4ce8faa9a7a03ea64d13aa00cf5de4263731a514753
wildfake,Images/Diffusion_based/ADM.zip,ADM/imgs/f2f5b9d82b63aeccae4498e50c5d0485.png,data/wildfake/adm/60e26fbfe82221c4.jpg,1,adm,imagenet,train,77f39496cebc94fee947736e265b07a20caab79e0ea70448799aed765da238ac
wildfake,Images/Diffusion_based/ADM.zip,ADM/imgs/4716afab40253fff0e7f6c2de6a141d0.png,data/wildfake/adm/f4101d29d92624da.jpg,1,adm,imagenet,train,be371b9a6ea122499e284d6569b2d51a9ac79e1d8b9c1ac74a7caec96746970f
wildfake,Images/Diffusion_based/ADM.zip,ADM/imgs/dca6bf38a733f1866e4201aebe055eb0.png,data/wildfake/adm/d9ad2883175b93aa.jpg,1,adm,imagenet,train,9e67940625b930544fea71683031ff93757c009123106ea0d10a5e6e7cb8bd25
wildfake,Images/Diffusion_based/ADM.zip,ADM/imgs/5c123c4046f3be68bde0aadca9cfbe24.png,data/wildfake/adm/f64bb427dc102b0e.jpg,1,adm,imagenet,train,80e86bc963bd236770592010e101355d22d7825466de57099a5250417f9bc4e9
wildfake,Images/Diffusion_based/ADM.zip,ADM/imgs/87d9aaa636d6a24d1cde89847037fbba.png,data/wildfake/adm/bb1564711247e03c.jpg,1,adm,imagenet,train,0b2c516ecb1268b9489575ae6a4d15b44beafb4a55a617d0a055cbfa5143c3ad
wildfake,Images/Diffusion_based/ADM.zip,ADM/imgs/3ba396e5fd9eded12bb211de03f6f61f.png,data/wildfake/adm/94158455105faeea.jpg,1,adm,imagenet,train,33bdef283530a5fe75055a2281bf2642de8b2892da36906bafe5f1021266913e
wildfake,Images/Diffusion_based/ADM.zip,ADM/imgs/0a3db396b39396644164c74d026e4304.png,data/wildfake/adm/a19e9d634d596ff4.jpg,1,adm,imagenet,train,06ea05f3fca642a8f40c393a596d7d7f3510506273b03ad1d78c760ee2a0dab9
wildfake,Images/Diffusion_based/ADM.zip,ADM/imgs/4e8f637adb238a55cc7d7274f94f766e.png,data/wildfake/adm/3f21a6a59aa86ad4.jpg,1,adm,imagenet,train,0b88d2ee29c659d64039ae2ec5dadf11d1917fb91642f7ba7e9d6cbd067f43cb
wildfake,Images/Diffusion_based/ADM.zip,ADM/imgs/8ebdc0a4bc68c151b2c8afba78b8c484.png,data/wildfake/adm/e2a7d27c27fbc1ca.jpg,1,adm,imagenet,train,92f8b5c399248f27ea87e04ebd4f97b5324b7dcd1d5477711c2767503309646a
wildfake,Images/Diffusion_based/ADM.zip,ADM/imgs/2bed84fd1c10c1bd07d5dd2fe2c6c3ca.png,data/wildfake/adm/4820cf446981573c.jpg,1,adm,imagenet,train,1587cdca2733b9b4ef99ccafbcade4fd72a41ba9514aa314191a4fceda927529
wildfake,Images/Diffusion_based/ADM.zip,ADM/imgs/a17b5bd720cf2216a082274c1fdb312a.png,data/wildfake/adm/dd40f932f40c76fc.jpg,1,adm,imagenet,train,b8157adeacd69ab94b922e5d83121ad47df70a6210576b3fb8c73364a3c06ad3
wildfake,Images/Diffusion_based/ADM.zip,ADM/imgs/6a785272a6cbc6eb8e6fe9805a6b964e.png,data/wildfake/adm/246ccc3dda95fada.jpg,1,adm,imagenet,train,089d02aa54d8a04ff848a7148e7376e9d67a9d44ed94976a4502f2f57f677ab0
wildfake,Images/Diffusion_based/ADM.zip,ADM/imgs/b0485defa6a97ff6bf95be8fc8c7532d.png,data/wildfake/adm/f75f79c2e576c5fa.jpg,1,adm,imagenet,train,16a52dce99c523dc404edfd644b1a6f961185c4e4799f1bab39ab50e63f25abb
wildfake,Images/Diffusion_based/ADM.zip,ADM/imgs/bf0558666455ecb14c04dcf2ed4234ea.png,data/wildfake/adm/1c0561673e46f9f3.jpg,1,adm,imagenet,train,285e9c62ac8d3dd586c13c17cb498c6221cb4faf8ff75421d92f00b49ac4d444
wildfake,Images/Diffusion_based/ADM.zip,ADM/imgs/b63213a4b01bc801a7763db554da87c0.png,data/wildfake/adm/a595d8948e74eabe.jpg,1,adm,imagenet,train,82adf5eb518363cb8b3b0f76b880b6039ada11f284cc78fc86a23fa32b5268fd
wildfake,Images/Diffusion_based/ADM.zip,ADM/imgs/bc886d9723a41e2554eb5b28f53561a9.png,data/wildfake/adm/c2b2dbd825b15fe1.jpg,1,adm,imagenet,train,0d52bdf78f58acec3283e793bcf302768ad21b1fe13f0bf74804230856ab281e
wildfake,Images/Diffusion_based/ADM.zip,ADM/imgs/c09f82d623e2c4ba7874ea5347b4a114.png,data/wildfake/adm/06cdf6ad35dacbf2.jpg,1,adm,imagenet,train,0b6a11c06a7d5f0e6f532db4d64f9646c6346d2e0eec1e4339eb1c9f46c87662
wildfake,Images/Diffusion_based/ADM.zip,ADM/imgs/467dbf3690a67263fe5a6cf24fdeb975.png,data/wildfake/adm/950609b506593d9d.jpg,1,adm,imagenet,train,2f0e21b8dacdf3f7232ae20c2f30e4e0046661bc2b07236d1e0f2a9437dad2e6
wildfake,Images/Diffusion_based/ADM.zip,ADM/imgs/c8f1f8c4e69e5abe7d37ad33e99c4f47.png,data/wildfake/adm/20ab242bf112618b.jpg,1,adm,imagenet,train,0d379838a6cfbd9532e2f5701466b0f7f4dfa38604e3906d629f5c436a381f2f
wildfake,Images/Diffusion_based/ADM.zip,ADM/imgs/8c18989c073b1c2a8ec58ae71cb44dfd.png,data/wildfake/adm/40a39336716119df.jpg,1,adm,imagenet,train,3bd109eafe7c978e0abc7cdc4d4cf0a1de6ce29d170fffb9eb99c1690f0109bf
wildfake,Images/Diffusion_based/ADM.zip,ADM/imgs/b6b974d21707ec5fd1099899090bd841.png,data/wildfake/adm/4527cf4c74b1e7e9.jpg,1,adm,imagenet,train,ef21a287e9339a123c4c2e60b6bdad9c3b80c5b9e5af912bcb7f13298240ca8d
wildfake,Images/Diffusion_based/ADM.zip,ADM/imgs/3fbe7fe29942d955293da0fd92a5dad6.png,data/wildfake/adm/568355165142ff6a.jpg,1,adm,imagenet,train,0e43d97cef48ca019549d09461320dd63e7f71ed00fbfc02ad9c1ddb39f2904e
wildfake,Images/Diffusion_based/ADM.zip,ADM/imgs/41dcecd236eee78a90b8c661dbf5d36f.png,data/wildfake/adm/8f4425177ef211af.jpg,1,adm,imagenet,train,90d59c0472e3c5da6dbd69ba7c21260f1f0f888f8de8304d4faff02ba3f755c5
wildfake,Images/Diffusion_based/ADM.zip,ADM/imgs/c9806240d36433dfa804970cabc318a2.png,data/wildfake/adm/3dfa98e7885c8521.jpg,1,adm,imagenet,train,c86288a8aee7b811f8043d031df06cab0430be67b38d287c57383c8f1f037e24
wildfake,Images/Diffusion_based/ADM.zip,ADM/imgs/c46fbdfa9ae351f828605fdee6506340.png,data/wildfake/adm/82e710c3cd44ee70.jpg,1,adm,imagenet,train,3991dbaf8f3ab4e6d465eb9919d3e7919bb7bfbe738aa82c6801dccca31d4040
wildfake,Images/Diffusion_based/ADM.zip,ADM/imgs/5631b70f87b3034b596f1b3ca269008b.png,data/wildfake/adm/3e074ddb8de9c3fb.jpg,1,adm,imagenet,train,d1a0caf3337afebad1b4a023fdd33ee8461a9c0d5eb2d68fad245be29e7084ae
wildfake,Images/Diffusion_based/ADM.zip,ADM/imgs/d5902d635acfc8913fbc05cae7c27427.png,data/wildfake/adm/0823229479803813.jpg,1,adm,imagenet,train,4f7e1c01ceaf1d5fccb3e7629769f2a14dd50d7aac12f0a8ae9f2e1796d5b54c
wildfake,Images/Diffusion_based/ADM.zip,ADM/imgs/5e59b424f485e7b82818989505b03719.png,data/wildfake/adm/b7b19e5deab1a5b8.jpg,1,adm,imagenet,train,60756c9238104c26d42341c07aaf46bfda7799cb3cba8b56ebee39fb31cb91b8
wildfake,Images/Diffusion_based/ADM.zip,ADM/imgs/bc6262438cfabbcf4daa94244a285531.png,data/wildfake/adm/c86f5dd3603938fd.jpg,1,adm,imagenet,train,862d50841bf4ae287e03baf8b5e26a2a1e6b8b6ff0f98461c0b32afc1c146a8b
wildfake,Images/Diffusion_based/ADM.zip,ADM/imgs/6b3ae49101e31fd321fc101139ea7046.png,data/wildfake/adm/a97f8c29c23e0721.jpg,1,adm,imagenet,train,e914eb9283d4c06e4a7c0d2f81a17beefd4eae7b1580116626bb81b91a2f3740
wildfake,Images/Diffusion_based/ADM.zip,ADM/imgs/6c049125f3b19db41a450113391d19a8.png,data/wildfake/adm/4a5d0ebf655f10d6.jpg,1,adm,imagenet,train,2e405bea4880b2cc6409eb4d9041220e1a0ec4ce3f86f4312642d88a110ba6ef
wildfake,Images/Diffusion_based/ADM.zip,ADM/imgs/feac364f6de7baf734c67a264bc76a5a.png,data/wildfake/adm/3c3c3d94ee6954bb.jpg,1,adm,imagenet,train,9c5ee6c348305015979f70f402e1d9d8e6092b5aca604031c9dd9ed434b0ec98
wildfake,Images/Diffusion_based/ADM.zip,ADM/imgs/85009cdaca64bbdb0a837e694a111c5b.png,data/wildfake/adm/f4e04942ca15d0fd.jpg,1,adm,imagenet,train,bc6492f3738ebd8f8c36b50d0f7119ee5e0f7ea19b7edc4993ab33cfa52b64af
wildfake,Images/Diffusion_based/ADM.zip,ADM/imgs/341fb558cc72ac7959a847c0f3b8dd83.png,data/wildfake/adm/7eced16e92033f98.jpg,1,adm,imagenet,train,4aa0e51fa96705e087a183caa47165ced98f0ea2ce0bf70427c2c6af34bf022e
wildfake,Images/Diffusion_based/ADM.zip,ADM/imgs/003dd10fec3d43fb94dc40bf8d3a4bd9.png,data/wildfake/adm/058e8835360b61f2.jpg,1,adm,imagenet,train,8023e3f0f41559746157099787574d7419a85b271a002ec8da377cf6b8a92848
wildfake,Images/Diffusion_based/ADM.zip,ADM/imgs/97222feaa11c3b5fae92e6419f6e77ca.png,data/wildfake/adm/b983f0aafd2d4c20.jpg,1,adm,imagenet,train,c73ff6d7ff4a5471c1cb7cb2e5d8b9c556e7e5d84ce32c852459b33c8563c857
wildfake,Images/Diffusion_based/ADM.zip,ADM/imgs/b1ff7451c72afca1231d32014817ad4f.png,data/wildfake/adm/5f33064525c61cc5.jpg,1,adm,imagenet,train,7dcfff637d3ca1053dd68a68b5158e88a921b9802c35b3bdd8bf2c35afef4009
wildfake,Images/Diffusion_based/ADM.zip,ADM/imgs/604aaa8797d204d160140723069c9ce2.png,data/wildfake/adm/ceab9b799c812ed6.jpg,1,adm,imagenet,train,072d92ca9748c24f28294260e04341f68fc652f67a3ba2db3127af0988f2f3c7
wildfake,Images/Diffusion_based/ADM.zip,ADM/imgs/90ec11c647fdb12130391dee303ef036.png,data/wildfake/adm/404800e942c9eb2f.jpg,1,adm,imagenet,train,c66e08ef34cb8e628bf11b4cd915e7dc7b0822790c9c0b35c5aa08fdab3b3d3f
wildfake,Images/Diffusion_based/ADM.zip,ADM/imgs/41da28b700b3859545508fe61c80cf49.png,data/wildfake/adm/348ebdb469699f6a.jpg,1,adm,imagenet,train,ebf1dca2093628b34e70a85e2011e9f5ab4015e5eec1f7c1cccb5fe6f3adb4ee
wildfake,Images/Diffusion_based/ADM.zip,ADM/imgs/e8b7e2f89aa9a8288b813b03e5880cd6.png,data/wildfake/adm/ae49634eac81ff44.jpg,1,adm,imagenet,train,0713d137851c226e2875e79aa1c4d8ff11d6144a0492b017fc0ae2ade3e513b9
wildfake,Images/Diffusion_based/ADM.zip,ADM/imgs/91339cd93c328fc159707557be29a9b8.png,data/wildfake/adm/5067d33310855f60.jpg,1,adm,imagenet,train,2e4a0cb770e1dc2301074f8b32e11dba09d5179910f143cdf115ca5f29969edf
wildfake,Images/Diffusion_based/ADM.zip,ADM/imgs/8d6d3420823baef6de0863dce0c2ecf9.png,data/wildfake/adm/cd8081363af687fc.jpg,1,adm,imagenet,train,201461c2176851f966a0e3e16b679feffcebe1034d509839707205ebebc1604f
wildfake,Images/Diffusion_based/ADM.zip,ADM/imgs/31d21ec3de21fbbd47c64be3e292a907.png,data/wildfake/adm/e7230de4461a0f5a.jpg,1,adm,imagenet,train,348d0ff4e0a7bceb4f5f67737405d11b0f4a74648083ee4017aebb9c49c49292
wildfake,Images/Diffusion_based/ADM.zip,ADM/imgs/0d8f74ce02858ad772e4251fa492524c.png,data/wildfake/adm/03b9ab69a2c35a3a.jpg,1,adm,imagenet,train,b15c807f7886566245e0ac5af7a4187708b2de4727b1bcecf48698d9e2e20581
wildfake,Images/Diffusion_based/ADM.zip,ADM/imgs/1b7c6e035cef3d1cd7885f1bb67147f0.png,data/wildfake/adm/fccac04d24fc71df.jpg,1,adm,imagenet,train,2d7ed30b4d329b125c82f51b128fcfe6e900a658edc7921ed3e063a389074347
wildfake,Images/Diffusion_based/ADM.zip,ADM/imgs/8812b63387419f53bb7c2c53e0993b04.png,data/wildfake/adm/acd0c7b0a3a5b66f.jpg,1,adm,imagenet,train,254822c48fc1b1d71d280e8da9296baa6251f6c58b4accfb743368ef55b75958
wildfake,Images/Diffusion_based/ADM.zip,ADM/imgs/a456e9c940185f3ef08289f070f457fc.png,data/wildfake/adm/d88aef05d19fc756.jpg,1,adm,imagenet,train,d9ba4dbf20ebf183accc1f3ba1efb32c0d900b97baf3ba2dbeacc0cb9c79d396
wildfake,Images/Diffusion_based/ADM.zip,ADM/imgs/6e61f2dfcb80e0d2b2781b63e995ed0a.png,data/wildfake/adm/51e6541fc42c0780.jpg,1,adm,imagenet,train,ceb97990feb9ac7cb111d87aadf880aef4a15842395444e79f7537181a55ebc5
wildfake,Images/Diffusion_based/ADM.zip,ADM/imgs/22aaafe0fe893d5b0f1efd9a99b7291c.png,data/wildfake/adm/6159df12c552024d.jpg,1,adm,imagenet,train,10973d99104dcbb9146b1c07cc2927a0f59a963cc3a1788513eb284d7bded52d
wildfake,Images/Diffusion_based/ADM.zip,ADM/imgs/fce13594996e8c1f3c3e15b444b55580.png,data/wildfake/adm/1242d14acbdd8594.jpg,1,adm,imagenet,train,c6e39ef0988b15a22f815584796096455070f6c04de4be4fe656cb748c499634
wildfake,Images/Diffusion_based/ADM.zip,ADM/imgs/1d62820afb5c3f6f5d17f517b233392a.png,data/wildfake/adm/61a8b83b83f7fa51.jpg,1,adm,imagenet,train,c8ccbfe35459a3522c619f68324e43f39e428a6b36d95550adee30a97797a953
wildfake,Images/Diffusion_based/ADM.zip,ADM/imgs/ab42bb676b6a7fb53a33c6bcba752d01.png,data/wildfake/adm/819a23a63fdb8714.jpg,1,adm,imagenet,train,f24a3fdba25e8f10ed3de14a97229facaf186112519617ba9aa43c1a91a50a53
wildfake,Images/Diffusion_based/ADM.zip,ADM/imgs/598f8c41ab221a76e30ebef21a956d44.png,data/wildfake/adm/df7e649485a0d5e9.jpg,1,adm,imagenet,train,c7639942eda5ce1a3e6cf7f499f849604fb79d74c869eb2c12e700f282b61680
wildfake,Images/Diffusion_based/ADM.zip,ADM/imgs/2d8949bfe8116fc84d9503e771f207e1.png,data/wildfake/adm/88df016fca6debb4.jpg,1,adm,imagenet,train,c0fa838cf8c4ffb633704cd3102f92728de7c67008f885a3d8dc0ce88ee589d3
wildfake,Images/Diffusion_based/ADM.zip,ADM/imgs/5bde894a15c0773022bc7db24281d2a4.png,data/wildfake/adm/7484fb70b0c0ec14.jpg,1,adm,imagenet,train,3bc55b8f384c85ad275874d9475cc5eac3bde7a0dbc0af6dc0e85ad4f5de70a6
wildfake,Images/Diffusion_based/ADM.zip,ADM/imgs/ff9c9b6c6b9019d6001fe38db6982e13.png,data/wildfake/adm/f8fea0af658fde2c.jpg,1,adm,imagenet,train,8ca2a1bee7424b4630cc16b32e86d5e989ffff10c2eb5c74a4eb12e69cb8e2de
wildfake,Images/Diffusion_based/ADM.zip,ADM/imgs/999715cfd897132524126f84be777243.png,data/wildfake/adm/0499c6bae1354f06.jpg,1,adm,imagenet,train,f38cba63f8fb6ece6d0a286f91bb309b55b90c1d215db95bca26767b1dd8a496
wildfake,Images/Diffusion_based/ADM.zip,ADM/imgs/dac09773901df56ebab1c299ba1d1cbc.png,data/wildfake/adm/6f17cc30fcb8932a.jpg,1,adm,imagenet,train,cbfa8cf7507a0cd2b7194fc065dde60b232788bbe0c09844784539202ed7909e
wildfake,Images/Diffusion_based/ADM.zip,ADM/imgs/3171885c7a0d9d60b62d7a84bd9bea73.png,data/wildfake/adm/6f224a8874cfc5fc.jpg,1,adm,imagenet,train,01714d96d82400e3d5fa2a54cb4a474fe879dffa74b913f298d20bef3401caef
wildfake,Images/Diffusion_based/ADM.zip,ADM/imgs/81252ccf4507f24d1090ff86535f0431.png,data/wildfake/adm/e6b5adb9a0b79ce6.jpg,1,adm,imagenet,train,19fce1a9aa4c25fa951075993f2253d74892148044d74f338a0846351df3f12d
wildfake,Images/Diffusion_based/ADM.zip,ADM/imgs/607aae70a29806906ae8acbdf3c3c91e.png,data/wildfake/adm/58ae004559aa66b2.jpg,1,adm,imagenet,train,5a4c47977633e0c2c9bcdd644b296abb8d6bd2325f30f16f7fdc3499fccc1c12
wildfake,Images/Diffusion_based/ADM.zip,ADM/imgs/36382dae1ca10a672e26ad0958e10f83.png,data/wildfake/adm/4ba0eec34a792333.jpg,1,adm,imagenet,train,6b7797b19bb87fced80c2e89a2da896b5dbc70b3dbead8c0e6982f0586a06615
wildfake,Images/Diffusion_based/ADM.zip,ADM/imgs/823faaa5afec63e3f7bc9e6853924ff2.png,data/wildfake/adm/009c8ad3162e97c5.jpg,1,adm,imagenet,train,b51ff132ec4c96384632ba963e7ceafdb06666adb0d79a30331871a93721e613
wildfake,Images/Diffusion_based/ADM.zip,ADM/imgs/b52d3d39cb7fd19414aa5b446def7394.png,data/wildfake/adm/f3fd22dd9b141b20.jpg,1,adm,imagenet,train,28a71048927d0d8d7edf2710879cc8f58dd5e24624d43fcf6530b9add74741ae
wildfake,Images/Diffusion_based/ADM.zip,ADM/imgs/1dcbfefd318caa73fc86521aafecfe4a.png,data/wildfake/adm/ca2746af84edcd5c.jpg,1,adm,imagenet,train,c4edb14fd9dddf2bcaf0f7db4da2c3e4b6d1350e336f7c681ab662c2378e9956
wildfake,Images/Diffusion_based/ADM.zip,ADM/imgs/dfb96482245bb0e9069dca0dc98cfe30.png,data/wildfake/adm/161d9e0036e4d08e.jpg,1,adm,imagenet,train,4fbcf5e6f5e55a66700f3267e158949d33d3e482860d4fa49d53dab6ad695c76
wildfake,Images/Diffusion_based/ADM.zip,ADM/imgs/b9a94930d6002242e0fcf0b29e1f9983.png,data/wildfake/adm/e75163a4faa574bd.jpg,1,adm,imagenet,train,20e9db6b969530c63695c1fff1e0922e8d519859ee9450d5be9f1c08e3049289
wildfake,Images/Diffusion_based/ADM.zip,ADM/imgs/18972fcc769fb4a29e22decd73351ec0.png,data/wildfake/adm/bd4b1a25e40659ec.jpg,1,adm,imagenet,train,87d8b747a6110de5846005a4bb99635640560312d5403e241ea8a4b6825c543e
wildfake,Images/Diffusion_based/ADM.zip,ADM/imgs/e97d1e0d095edbffac8bfb8614e89595.png,data/wildfake/adm/9484e3b4f3f16f24.jpg,1,adm,imagenet,train,ff875fcacdd555084ecab6f1b3d339ec3f96e0c9a0ce58684603fd4fdd62fe3f
wildfake,Images/Diffusion_based/ADM.zip,ADM/imgs/17812e733465de2e2a26b0b03ab98fd2.png,data/wildfake/adm/ac13cbd1c0c2e0bf.jpg,1,adm,imagenet,train,ff0d17865fb7f18d99aa3d49783bbcfc7533f2bc9a21bf343cf86186db66d68b
wildfake,Images/Diffusion_based/ADM.zip,ADM/imgs/9c34257d5e26b6f38b79b75d69d16eec.png,data/wildfake/adm/cdd6cb7d6cc4f037.jpg,1,adm,imagenet,train,a9a0b835bf016b6a95da71e3fb85badebcde22fb7ed72fc3fd3d69e5d464dca0
wildfake,Images/Diffusion_based/ADM.zip,ADM/imgs/2a406c11b696ed53be00bdbfc2f7650f.png,data/wildfake/adm/bd31ecfe9de10076.jpg,1,adm,imagenet,train,c5250b9cda7ecfed4a11e0abb871d694d359dcb34a7be219df1de0b5ef02e458
wildfake,Images/Diffusion_based/ADM.zip,ADM/imgs/130fc79a0cea7d66433004007a884535.png,data/wildfake/adm/d19dcbb13116d611.jpg,1,adm,imagenet,train,83f53a15580693ee040343ca73ee564996af3be7da97bbb39cb7fc58bfbe1396
wildfake,Images/Diffusion_based/ADM.zip,ADM/imgs/4d8294d73f0b0769a046326132cef68e.png,data/wildfake/adm/f0cab5fc634830d2.jpg,1,adm,imagenet,train,083ab7fbfa671a47e0807a00afc400a9347f33e401f1b0b655b49bdb954d7164
wildfake,Images/Diffusion_based/ADM.zip,ADM/imgs/ac33ccdcf6605393ff31447d6b185fbe.png,data/wildfake/adm/87919dd79730b286.jpg,1,adm,imagenet,train,44883a1ca04bac6a4fe2a3ed73e40b2d1d649480eb0e0ec96db519018208612c
wildfake,Images/Diffusion_based/ADM.zip,ADM/imgs/028c51662702a1a23b9fb612a2a64f3e.png,data/wildfake/adm/560663e720448bb9.jpg,1,adm,imagenet,train,a33669920efedea9962bda8d29ac7f92eee1ddae54b4ef2381885d2354d69c22
wildfake,Images/Diffusion_based/ADM.zip,ADM/imgs/67d5f88c19d319f22e4abac8f2a9420a.png,data/wildfake/adm/258c4f3f62894f72.jpg,1,adm,imagenet,train,8ca1182706785fe16db21d49a28b0ef6d54cbced5729a44cb8c568087551b998
wildfake,Images/Diffusion_based/ADM.zip,ADM/imgs/397829b4c46faf52bfff139b68c9ccdd.png,data/wildfake/adm/39e596408d0c7201.jpg,1,adm,imagenet,train,f7848d2379a7e625e08524d1404f7c21a8be0304aaa33a3af66b527639b520ff
wildfake,Images/Diffusion_based/ADM.zip,ADM/imgs/1e09fa7f20a76ae7b7ce08a5dcb87bc0.png,data/wildfake/adm/fc16ee7428824146.jpg,1,adm,imagenet,train,f27de5198a7c384519033c22d3f6916d0c70816e9e7292dbe8b8aacae992a6cf
wildfake,Images/Diffusion_based/ADM.zip,ADM/imgs/818723435349c84e54794d2c9f84e3f2.png,data/wildfake/adm/3afeb6fd9c10e2bc.jpg,1,adm,imagenet,train,6b1f970939ca4dfd0c57535f8c64cc0d43ad47004fe58adadcf06d1fb61e7462
wildfake,Images/Diffusion_based/ADM.zip,ADM/imgs/f2572e56701d6dd3d2e23998499344b5.png,data/wildfake/adm/2779811df1d87597.jpg,1,adm,imagenet,train,114177ec49185a559a3667f53d10e0a3b103a9c37860a413a1c8782e6bb67afe
wildfake,Images/Diffusion_based/ADM.zip,ADM/imgs/9211d099860016ca38dcbfbe7e2b0169.png,data/wildfake/adm/d339f6ed5e0a6135.jpg,1,adm,imagenet,train,18946bc5c8c70a766d71c721491c4232cf0e44190155c13f7237fa7d657a69c5
wildfake,Images/Diffusion_based/ADM.zip,ADM/imgs/cd5c125b4a25c462332ac4a4bd212add.png,data/wildfake/adm/7bc4254880ce0a13.jpg,1,adm,imagenet,train,3b41f948c6c970b29e1ff563b3a40c3c90788906fc962cd1fabee2c1ed2c0431
wildfake,Images/Diffusion_based/ADM.zip,ADM/imgs/ba308bc334c21ec9ee789c6e4308e3e3.png,data/wildfake/adm/9e215a90d6b267c2.jpg,1,adm,imagenet,train,81fbaea6dc4944be095e23c410b22e7681f640411da5c08720b03f7a2bfaf20e
wildfake,Images/Diffusion_based/ADM.zip,ADM/imgs/ec2ea9f1bdbfc29f3be57934af512280.png,data/wildfake/adm/b8d8355f08400d49.jpg,1,adm,imagenet,train,fa3d30159fa884ad7601af1feabafd27309613869b741488da27cbf09418f8b1
wildfake,Images/Diffusion_based/ADM.zip,ADM/imgs/1909bc50df4bd383ad93999a0e483db7.png,data/wildfake/adm/310fcaf3a719f795.jpg,1,adm,imagenet,train,604e29b4a2b51869de2d395a6edda38367e8f1442bfb3f0d004795f63fbef4cf
wildfake,Images/Diffusion_based/ADM.zip,ADM/imgs/5d33cc864a41d606662eadb3d2266b74.png,data/wildfake/adm/48861e60da1ca2f3.jpg,1,adm,imagenet,train,2097f76796d0865c20ac4e1d1c225bd46fc86a9221d8e43ba1f695403cf65d5e
wildfake,Images/Diffusion_based/ADM.zip,ADM/imgs/7ee0699594ca3382111979a3432d6a8a.png,data/wildfake/adm/3bc82b054ba71e35.jpg,1,adm,imagenet,train,deea27824cc84f6b2594ec5609189eb559d2f35314c4730d3bc8acc5002f8563
wildfake,Images/Diffusion_based/ADM.zip,ADM/imgs/a3ca827b290348f861dcfa6b53b96d04.png,data/wildfake/adm/69e129db1188b2fc.jpg,1,adm,imagenet,train,c499d946837118fdc7bf26946b1fdbca9a906746131cdf0b48a758adc67076b5
wildfake,Images/Diffusion_based/ADM.zip,ADM/imgs/55c1946878b24687f5065c72761bbefb.png,data/wildfake/adm/6d463aed7a3a92ff.jpg,1,adm,imagenet,train,75e3585f3cca4dfa43661fab5d29d24a016c6fa98cbb1afb23d011e2c1e6701f
wildfake,Images/Diffusion_based/ADM.zip,ADM/imgs/35b7c3f7fc6f13bf422216945e1fcc92.png,data/wildfake/adm/974cbcb76cbb4d78.jpg,1,adm,imagenet,train,14ec794df902f8c270eab6e05ba4b44dbabc5a70c68c754a4e1b60f2f6b5dc98
wildfake,Images/Diffusion_based/ADM.zip,ADM/imgs/ad12f7313be73ecc6d1f91c579a27c5b.png,data/wildfake/adm/3ee91e26ce25a0f4.jpg,1,adm,imagenet,train,7d4df39a1b6c35171b6f17e140519cc7cafb8a1260910b99e4e5e3c50eaf54f9
wildfake,Images/Diffusion_based/ADM.zip,ADM/imgs/1a5906de232c6c72f4a5632c2b22e7ef.png,data/wildfake/adm/afd39ed5ddc2bf2f.jpg,1,adm,imagenet,train,f20d2542a5484d57db5272b8789ae84584cdbb27ef2ff6b9ba002e0cd76b76e1
wildfake,Images/Diffusion_based/ADM.zip,ADM/imgs/67bca57f47a1fad95fe84653c3a125f1.png,data/wildfake/adm/139bda091f283810.jpg,1,adm,imagenet,train,5d7a138726ea4004727617597ba19ce408024b1af091dba4615ab00312bbaea3
wildfake,Images/Diffusion_based/ADM.zip,ADM/imgs/304c3deade6423b25f2b9e4c3533cb9f.png,data/wildfake/adm/0a8438f758601a8b.jpg,1,adm,imagenet,train,553463ddf89069602d6516060c3e89d81a6d5de8ace1d87766ac6216aea2088b
wildfake,Images/Diffusion_based/ADM.zip,ADM/imgs/254962132c9e6d080c0a6e162ab4e92e.png,data/wildfake/adm/6b2bf4a0ae786dd7.jpg,1,adm,imagenet,train,565027fc0b025a9d8bcc70141ec5a6a1515705e6b3175d85d36460bc2cecc687
wildfake,Images/Diffusion_based/ADM.zip,ADM/imgs/c58c91700df2bdd99c052d29c6d246c1.png,data/wildfake/adm/fe66495714cb1621.jpg,1,adm,imagenet,train,2ec7ef98c3c9ba47486a0ffeb73583e85d7fe758353480d888a53a0d9022e30e
wildfake,Images/Diffusion_based/ADM.zip,ADM/imgs/dd7a4e4bd686c9c42b68fe24cbdfc434.png,data/wildfake/adm/272d72b6b5fcc652.jpg,1,adm,imagenet,train,514c15f96ff018f98a122b8f9585f298246120c00ea7e394d6d77514b39ab11e
wildfake,Images/Diffusion_based/ADM.zip,ADM/imgs/fac39b58e7c9eb5eecadbc04761aaae5.png,data/wildfake/adm/ac8c7767aa5e524d.jpg,1,adm,imagenet,train,2f0ef47cc1048f7ea7123c59f9edd03486c0d34d7d775776cb588aebab1e5f68
wildfake,Images/Diffusion_based/ADM.zip,ADM/imgs/72d5e24bf71651d5ae286427a2eb7d66.png,data/wildfake/adm/a3a7e65c0dced90f.jpg,1,adm,imagenet,train,0c7c63d1d22b436776fe45a1ae8cf7e76d5d454b8fa9d0eed2a0c606e89fcea5
wildfake,Images/Diffusion_based/ADM.zip,ADM/imgs/5f0f0c0c54dd4ad74255a0a880dbf9a5.png,data/wildfake/adm/6b6c27d228664274.jpg,1,adm,imagenet,train,a436417f9bfd269eeb4b52881fcc8f1e945f61f0a9a060ebb76679c97ab9274d
wildfake,Images/Diffusion_based/ADM.zip,ADM/imgs/8a1dfd9ae76cdeee6d48cd65cacb2b8b.png,data/wildfake/adm/a43bdda4f1585e7f.jpg,1,adm,imagenet,train,f0bbef3c234409a22a86effd0b5e94ad3fb474cd82f2d94a2cc4bb2b55765816
wildfake,Images/Diffusion_based/ADM.zip,ADM/imgs/7297ef9629ebbfdb6d8f348cd2b66ab7.png,data/wildfake/adm/86a68066d0c85bd7.jpg,1,adm,imagenet,train,4e3036a5c30ebb4d137bd83e5f96eac4a7e41388995e5ea631ab1bbbec09a9d1
wildfake,Images/Diffusion_based/ADM.zip,ADM/imgs/c1d2b7208dae4b2237c5de841758faf6.png,data/wildfake/adm/626408aece08478d.jpg,1,adm,imagenet,train,f250ed51337d7d82d2c186725c62e0ad773a4be38113600ce56a988a90b583ff
wildfake,Images/Diffusion_based/ADM.zip,ADM/imgs/628d93bd9753ad3d56edd387c554865c.png,data/wildfake/adm/08dcfbd23e3422df.jpg,1,adm,imagenet,train,61219fb837e22d7b8a7c595a805297d3d821d2bf3a96a50823d8f22c67e0836f
wildfake,Images/Diffusion_based/ADM.zip,ADM/imgs/227b99fd012ec636d1b4e6e9c1b8bf6b.png,data/wildfake/adm/1d0550494e0793d5.jpg,1,adm,imagenet,train,043cdab20af2c0f219c7202235bebc33d27b797d795ecaee0715e01d4d435ff4
wildfake,Images/Diffusion_based/ADM.zip,ADM/imgs/0b73f1e464dc80666da46796d0b2b29d.png,data/wildfake/adm/ff5758213f8f9191.jpg,1,adm,imagenet,train,1cda83602335c98c3fd7448351cd2ff849cb1de64cd9976bc2c064e5c7321e5b
wildfake,Images/Diffusion_based/ADM.zip,ADM/imgs/4f427e5dd9170ba8437f9ae4170d5970.png,data/wildfake/adm/a35ba9f8d91fcd0b.jpg,1,adm,imagenet,train,02a53c7c03f8fdce37dc599246a1c2df00822b86869133ded79c087f4f874bec
wildfake,Images/Diffusion_based/ADM.zip,ADM/imgs/f3bc6da09402dd7b17e4980b7103d389.png,data/wildfake/adm/c084dba6a90eeca0.jpg,1,adm,imagenet,train,0532f0863905812f93194854efb42b235f71f5ccbb336c927707d87c15dc14c7
wildfake,Images/Diffusion_based/ADM.zip,ADM/imgs/f4b068768c917059779478a2fee798aa.png,data/wildfake/adm/5d936654dbb334a0.jpg,1,adm,imagenet,train,cdbfde91da25c5ce6afb979fd4c9c2f3aec19c46d5aef5325793209465bf6de2
wildfake,Images/Diffusion_based/ADM.zip,ADM/imgs/a37b652c9f179d9e726fb477a8695804.png,data/wildfake/adm/a1c76526c52a6f87.jpg,1,adm,imagenet,train,f48adeeb31a87f4ecdfce4e20521fcc30724191c3b6483265d9405d05a80c2ab
wildfake,Images/Diffusion_based/ADM.zip,ADM/imgs/770d710c179d9b887b8fc929c1f0090c.png,data/wildfake/adm/96734ed0108f15b6.jpg,1,adm,imagenet,train,76ff3e05c39e29b5a97e3c98eb5c529338c49011501725dadbee48a7300d7ce2
wildfake,Images/Diffusion_based/ADM.zip,ADM/imgs/002b65092b7934816f210fefe1dc8966.png,data/wildfake/adm/e41c815d61130e05.jpg,1,adm,imagenet,train,dd95291faf8e84f405d27d260248fe1f89d3aa43cb3edddaf1fd83c691439af4
wildfake,Images/Diffusion_based/ADM.zip,ADM/imgs/c7f6499a2e25cff907aad30fe2ea4f10.png,data/wildfake/adm/d3c921215ab4baab.jpg,1,adm,imagenet,train,18e63da66f581d0ec55759892f1e4c32af8ad062cc65b27e6b0b5f12d17d46b6
wildfake,Images/Diffusion_based/ADM.zip,ADM/imgs/97cf412dad4c2e4cd3c619311b5ddf9c.png,data/wildfake/adm/31d2ebc94218850b.jpg,1,adm,imagenet,train,fabd2e62062d6bdf4556174a91f26599aba08a0bc10bf45a72d946737161595a
wildfake,Images/Diffusion_based/ADM.zip,ADM/imgs/61417323eadc7fb4be29b36c7272107a.png,data/wildfake/adm/7a472385407081da.jpg,1,adm,imagenet,train,2bdeec72ea2c45965f91aed0c577778e7aa735c8c3cb8bfbe450a0d93ce1fe2d
wildfake,Images/Diffusion_based/ADM.zip,ADM/imgs/f1efe64d1280beaa9e878dd1965395e5.png,data/wildfake/adm/b6902ba777c1c309.jpg,1,adm,imagenet,train,45e3a26b2e32c739387e2169d4cb79ae0ca6ee8887e9355136eac2bbf5089439
wildfake,Images/Diffusion_based/ADM.zip,ADM/imgs/93190002dd7a0335abb4148d4bd5dacd.png,data/wildfake/adm/ba9802293119839b.jpg,1,adm,imagenet,train,bc02460b5211ecaa5210fdc694431da0eb4b5b9bf030b69de4b997c1da7fcec4
wildfake,Images/Diffusion_based/ADM.zip,ADM/imgs/2b893a549e81917d4f29b1c694f3d1fa.png,data/wildfake/adm/7f22278d37303a5a.jpg,1,adm,imagenet,train,9c5241a3e454c76c8bcbe46b21301ed5d953d22e7873b470a2eb8b176723884c
wildfake,Images/Diffusion_based/ADM.zip,ADM/imgs/74e76465eeee467159290594919800d7.png,data/wildfake/adm/447f7d0ba239811d.jpg,1,adm,imagenet,train,72cfe51efe44bb7a78e439eb5358c89b737ca041e51a48a9f1d78a4178e61079
wildfake,Images/Diffusion_based/ADM.zip,ADM/imgs/e817b73c0da4de85b4a024bf4d554420.png,data/wildfake/adm/9eef573d7272849e.jpg,1,adm,imagenet,train,327e2e4db41f726e36d4d16bf0144df2e9fb9e0c5fff22ce6febffaa2ffeaf79
wildfake,Images/Diffusion_based/ADM.zip,ADM/imgs/72dfb5ae1dd02bdb6e986f741220966d.png,data/wildfake/adm/7a0c48d8f083bfb3.jpg,1,adm,imagenet,train,ae02de1a83be565cbab4dcb8bcd1c05fb56336915af8b09ffbe26efc73bef54f
wildfake,Images/Diffusion_based/ADM.zip,ADM/imgs/207988043aac3e6fcef07b6d4f6e9738.png,data/wildfake/adm/33f97b00196a02d7.jpg,1,adm,imagenet,train,02ddc7f91f068a6dc9ea261421fa18182ce2d3e24720f4a5fa9d7bc25b654a57
wildfake,Images/Diffusion_based/ADM.zip,ADM/imgs/aa1dce51fd8fb4a18dbd394c8daeabab.png,data/wildfake/adm/5f445244ee2ecd1d.jpg,1,adm,imagenet,train,4f0a4ee582320e14c634918ea1182ef72e784d1ec09c0dcd2e7cb8dfd2cc6c36
wildfake,Images/Diffusion_based/ADM.zip,ADM/imgs/0de285b45fd8d91e76bd93ade46fc7d2.png,data/wildfake/adm/af21111f2eac0c5c.jpg,1,adm,imagenet,train,2df122820d47d2c803387449b873ccfb27d7ec53841e946bea124330fa59352d
wildfake,Images/Diffusion_based/ADM.zip,ADM/imgs/e695ef80f3fe5a6cc3e498448d43d8c2.png,data/wildfake/adm/a93e6e47821c33ca.jpg,1,adm,imagenet,train,cc4e64f18a5256b6cb04ec89b9261a243726e9abaa58996335c42536e2611a5a
wildfake,Images/Diffusion_based/ADM.zip,ADM/imgs/ca05c73a360952dc4be130837f8adac8.png,data/wildfake/adm/cb7973373b6e4b05.jpg,1,adm,imagenet,train,af826a737084329534c4735d5cd96fc2138bb203e663f86a714a697d5d4385d4
wildfake,Images/Diffusion_based/ADM.zip,ADM/imgs/b796caed9d32aa77590e700eb77d1d7d.png,data/wildfake/adm/ebf972e498732bab.jpg,1,adm,imagenet,train,9367ab87d6b13eded4c2ab17c15c674d97ac2b7659a542827ce4dec34c2ea503
wildfake,Images/Diffusion_based/ADM.zip,ADM/imgs/97458eb4437a9d495183c174c7bdc08f.png,data/wildfake/adm/f757128eb193a8ac.jpg,1,adm,imagenet,train,98e667e77309a6bddfaf084988254e6e72c65dd1dc46eb14f877b926f9c85d9f
wildfake,Images/Diffusion_based/ADM.zip,ADM/imgs/77930c05363097c89e1b1ebfdc396ef6.png,data/wildfake/adm/187e8daba551694b.jpg,1,adm,imagenet,train,19c1e5c144725d2e30732d5bd69afeeb389a7c1c8ad2a71b5a3ba06f29f9595d
wildfake,Images/Diffusion_based/ADM.zip,ADM/imgs/3c2ef30a01f9cf76fb3de22b5a516ff2.png,data/wildfake/adm/b2b6d7110caaa42b.jpg,1,adm,imagenet,train,c1ddf6a45dbde81b17b12bdb2d577e57604f17569ce9476c225966c0039e2732
wildfake,Images/Diffusion_based/ADM.zip,ADM/imgs/27bd0e892ff28a3f6f13f7c915b15108.png,data/wildfake/adm/c25f18fcf4ccd116.jpg,1,adm,imagenet,train,a9a7badf7ec31f2cc70115b2dcfe36d75cb86d86eca7567e41afe34f21b3143a
wildfake,Images/Diffusion_based/ADM.zip,ADM/imgs/73e3799a7b3885cc5cabe2150b9004f3.png,data/wildfake/adm/708775aae8a71572.jpg,1,adm,imagenet,train,36005c6d0257158f4773c2235e68097bc2c692cc5b7395212540ef23428ccfb6
wildfake,Images/Diffusion_based/ADM.zip,ADM/imgs/784323ecf283ac73c3c270e6396f2eee.png,data/wildfake/adm/866da2574e33bf59.jpg,1,adm,imagenet,train,fdc5a4120c0506d92fb77df713c6827d5e1ee8aa93d98b30869a50ace7316b94
wildfake,Images/Diffusion_based/ADM.zip,ADM/imgs/d376b8440951ec20e574ae25b33033bc.png,data/wildfake/adm/5ac80dd1ad4cb1a0.jpg,1,adm,imagenet,train,2d708ea429572a09a1a163b774f4a2b0f2c003f0540539432b74b1ccc275d4df
wildfake,Images/Diffusion_based/ADM.zip,ADM/imgs/7d4b0c3d9703ae444bed7451f60c6b2e.png,data/wildfake/adm/be00d17ccce01f6d.jpg,1,adm,imagenet,train,3f557facc3cef0d53f5d00172c0745222f51fe83b4782d465878188eb1607936
wildfake,Images/Diffusion_based/ADM.zip,ADM/imgs/c3134a267b98a87a5b3b24501b65841d.png,data/wildfake/adm/8e966b8cffa62d8f.jpg,1,adm,imagenet,train,0bc9adb8579b32701abc44fb426f9b41d4ecb28eac60d9ad833790f833c8fd20
wildfake,Images/Diffusion_based/ADM.zip,ADM/imgs/c5331b1c18ddeb98dc4ad7bed945d23d.png,data/wildfake/adm/778ff673464d0794.jpg,1,adm,imagenet,train,b03014b978a1850ec8a0d7cc508d196ee9b9aa6118643f1a605f1869c4d6fb5e
wildfake,Images/Diffusion_based/ADM.zip,ADM/imgs/e5e6ac911fd31fb0322c96b04021882c.png,data/wildfake/adm/df450accd2813e59.jpg,1,adm,imagenet,train,e6cf9319e07f8ae464dfd2cf5826f6858c6f1767a1276df14a002a559dadc596
wildfake,Images/Diffusion_based/ADM.zip,ADM/imgs/a3b4e3676d2f70dcd074f3f601fcddad.png,data/wildfake/adm/2a54083872a5a792.jpg,1,adm,imagenet,train,bcc6f4757cccb0dd78b04a0dc8f6161ba33f06ea3249ff354d55e950183a3864
wildfake,Images/Diffusion_based/ADM.zip,ADM/imgs/44a52f3dacb00cb114f62630c06e8aad.png,data/wildfake/adm/08274b689f4c7699.jpg,1,adm,imagenet,train,4a68ffd0cce41ad8d8da9be1e7b2d170c165d119bbc1ef534ff0f061ad4b2495
wildfake,Images/Diffusion_based/ADM.zip,ADM/imgs/695125256ec1bf9e2732248aa9587339.png,data/wildfake/adm/bf729a2398cb81dc.jpg,1,adm,imagenet,train,2eb9647cd9ec3831dbcbc6fd70c31483deb6005ad90ca2e77f4ebd706793d0ea
wildfake,Images/Diffusion_based/ADM.zip,ADM/imgs/a421e6e94552b547f95de2ebdcc012e9.png,data/wildfake/adm/ca16fac4276792b9.jpg,1,adm,imagenet,train,e748c08f6368858854831749e0f3070e3735e23aa4fd0d5c213a5b5fde2d6643
wildfake,Images/Diffusion_based/ADM.zip,ADM/imgs/bf3d99f29dbb5d2880dd520a11f626d2.png,data/wildfake/adm/5cf12797f3ff6394.jpg,1,adm,imagenet,train,0512051b304ce4e7548157a7fb5d357bc652de7929a6ad891b15b31f9ac2e9f8
wildfake,Images/Diffusion_based/ADM.zip,ADM/imgs/d3115d97a8757f8945316dd31af96435.png,data/wildfake/adm/d14b392d0f544148.jpg,1,adm,imagenet,train,8995660c1e32913b72dbd8f99715de1b3884d878c7b093088c22621de866288d
wildfake,Images/Diffusion_based/ADM.zip,ADM/imgs/42cb3d1694702362c60b01741503e308.png,data/wildfake/adm/e1fe8471d545864e.jpg,1,adm,imagenet,train,62e98a1c356c5957fd29fa331026dc7df2f276cca83845b236421d4d21929407
wildfake,Images/Diffusion_based/ADM.zip,ADM/imgs/11381d214f8cf4b4d55b401e3cab17cc.png,data/wildfake/adm/893f39d02f2e8f71.jpg,1,adm,imagenet,train,b43b3f858fbfbaca0660bf7c2b67d7c960e997cb7a6b3dcd694eacd8d78d231c
wildfake,Images/Diffusion_based/ADM.zip,ADM/imgs/65fac04c2d6d6e253592ce93d4b9ba06.png,data/wildfake/adm/4a9a9c4146e847f3.jpg,1,adm,imagenet,train,f15500becd92f4a9c66826a4cd40e75232e8632f90d91309534188dd51f368cc
wildfake,Images/Diffusion_based/ADM.zip,ADM/imgs/0915ee743c66f070857be7b89a1421f0.png,data/wildfake/adm/55f401023ddb56cf.jpg,1,adm,imagenet,train,ae88ac0154f6554d3a72c120703b48edf9f5bd395a993f18f88ccd5f9e557fc2
wildfake,Images/Diffusion_based/ADM.zip,ADM/imgs/5ab68c6ab7c2e01a0db50169fbd1604e.png,data/wildfake/adm/1c7cee26f671b236.jpg,1,adm,imagenet,train,027cdf156a99e0358b7a6972b817e2c539c7b82bd1a79e3002aa61d1ea252933
wildfake,Images/Diffusion_based/ADM.zip,ADM/imgs/21dbee94b5add9c3b2f73bde3376f5e5.png,data/wildfake/adm/c888584b6377c1b3.jpg,1,adm,imagenet,train,15b9c504e84a4b605a1842500464b0fd4608e85cd844316ae3ab2940818c9052
wildfake,Images/Diffusion_based/ADM.zip,ADM/imgs/0b1a26758b466658b268d44f437e3cbc.png,data/wildfake/adm/45a12973c70b1800.jpg,1,adm,imagenet,train,275864e14a1848ba07c4a8517596bd10b6b2b6deda9b05ec5de48a40e936da1e
wildfake,Images/Diffusion_based/ADM.zip,ADM/imgs/5f527103f4e949d364066d7b2bebf587.png,data/wildfake/adm/597fed7607a78005.jpg,1,adm,imagenet,train,f8b56ea924ac095826b17122bafe11bd9a71ec627ea97681bcf55a525c9b4a08
wildfake,Images/Diffusion_based/ADM.zip,ADM/imgs/74d8e63e911fdf0a66e4ebf42a39ea30.png,data/wildfake/adm/12cece28d59eb635.jpg,1,adm,imagenet,train,d5202eec163b6273c20df7a8301ad6342cefde9e6fb3f15b91be0e52ff98673e
wildfake,Images/Diffusion_based/ADM.zip,ADM/imgs/a14187209a6c36f95fb0326ef7b67f82.png,data/wildfake/adm/02326d487a073c8e.jpg,1,adm,imagenet,train,117e3a9841f4119bd2f36c70e759b78f3280bef091c300ef1c58d87349e1d5c3
wildfake,Images/Diffusion_based/ADM.zip,ADM/imgs/10d1175ebf0614d11c451f4b3aaf2859.png,data/wildfake/adm/8ddc345b4fd77131.jpg,1,adm,imagenet,train,8652b03c213c8995f04085e4afa61906886099bc28936b2bff1903c2eee871e0
wildfake,Images/Diffusion_based/ADM.zip,ADM/imgs/1e339446776ae4a3e4b42fe507cacb05.png,data/wildfake/adm/47c4c9373f74ee84.jpg,1,adm,imagenet,train,bd916f0a2780b009c8e4b87a226b369d23c5efe70ac18e4c84113e8a313d3f4f
wildfake,Images/Diffusion_based/ADM.zip,ADM/imgs/a3c628a2e48eb49d5785ff915525d536.png,data/wildfake/adm/80ccd069602449b1.jpg,1,adm,imagenet,train,3fdd090f420709ccad7fc0c76376f3568c9bc1fa0592dc85fff0e4ec306e07f4
wildfake,Images/Diffusion_based/ADM.zip,ADM/imgs/b6e7e79e5329994c9f0c4e375678558f.png,data/wildfake/adm/b63e37d8c72c42ca.jpg,1,adm,imagenet,train,5ff29d58ac1ac735e6710a0d71eba673a0ba4128f35f050d39b37c162ddb8d96
wildfake,Images/Diffusion_based/ADM.zip,ADM/imgs/c7c98ee4217f3d9bef0e944c5181def5.png,data/wildfake/adm/4831e5367e6715a7.jpg,1,adm,imagenet,train,a5e723f576dd5dea5807468b4646e6d1ff28d2d8d603603087889a9e34f0ef81
wildfake,Images/Diffusion_based/ADM.zip,ADM/imgs/b928318758274da84446199d99565dc9.png,data/wildfake/adm/6c98471ff6f0175a.jpg,1,adm,imagenet,train,e7050e8b12baa5b944155e38e377cd424418879be93f25312fab96b2b2a72af6
wildfake,Images/Diffusion_based/ADM.zip,ADM/imgs/67300a864eded403906fff4a30b3d809.png,data/wildfake/adm/4358532cf532bb3a.jpg,1,adm,imagenet,train,bac0832f77f7a71ac70866d93cc35be1bf92ec49c2a4ba76f62f9928c37fc352
wildfake,Images/Diffusion_based/ADM.zip,ADM/imgs/930f2772aa41ef182a3079d1014d1925.png,data/wildfake/adm/b51b1410281e5a7e.jpg,1,adm,imagenet,train,07f16ee515f8fd20d826ad3f4ac6f013ac119a05ba8868153b373e917c0e8416
wildfake,Images/Diffusion_based/ADM.zip,ADM/imgs/e1d4016551a9827469bfe46cc2009a86.png,data/wildfake/adm/77dbf69736de0a15.jpg,1,adm,imagenet,train,cf6fc36a2c23f146a05cabf94569a58ad70936fab00b992dff4b45b4276dacb1
wildfake,Images/Diffusion_based/ADM.zip,ADM/imgs/ae7e7d49a834dcb5a3428877b58d0cc5.png,data/wildfake/adm/b971701314931882.jpg,1,adm,imagenet,train,202f1607344d082d56826f312f61445261c713fc39ff84133a8dace5ee7fa877
wildfake,Images/Diffusion_based/ADM.zip,ADM/imgs/2e3c06feb5d29dda6ec5fb5fbd3f1b2f.png,data/wildfake/adm/c39c6bbf261eb21b.jpg,1,adm,imagenet,train,7d5c99e3d371405008dc0a5dc7c350e3b5da555dc911e52ca3c80fb0991fbd56
wildfake,Images/Diffusion_based/ADM.zip,ADM/imgs/a3c8b0ee7c24a3ffd11511457748c3d2.png,data/wildfake/adm/9fc3bffb2d42a784.jpg,1,adm,imagenet,train,cb51fc16ff56666bb01206da29a9fe09d66a1b2ac5cbd7d03a232a710971215a
wildfake,Images/Diffusion_based/ADM.zip,ADM/imgs/d23cd4dbf54859c5119b20480f2723a0.png,data/wildfake/adm/fde94b114a8959fe.jpg,1,adm,imagenet,train,bbce027de2439a2388d4dc23914a8c2747016062bd486377acc8afe2bca46f6b
wildfake,Images/Diffusion_based/ADM.zip,ADM/imgs/71de89ed94108705778cc4a6962cee21.png,data/wildfake/adm/5dabc004a124fabd.jpg,1,adm,imagenet,train,65944cba6ef53e4e5955672515de50209a289a6973ea887084e53de7db2c656d
wildfake,Images/Diffusion_based/ADM.zip,ADM/imgs/3f7fbb847ccd3f009ce22cac55d57a13.png,data/wildfake/adm/f8282d6e4ec9051c.jpg,1,adm,imagenet,train,136434776f2785f97071d17774b63d60a6b40e6bb05862abc7136578cc7d4ca5
wildfake,Images/Diffusion_based/ADM.zip,ADM/imgs/dafcaa5a5ad642a0f069b1d7770251ba.png,data/wildfake/adm/cb46de83b77c33d1.jpg,1,adm,imagenet,train,f80dc1a1d36cef6de4c68efd75ea523b45a88f34498adfb7a8b96dba28c700c3
wildfake,Images/Diffusion_based/ADM.zip,ADM/imgs/1d271ccbf67160c874d7bb8c17d93c51.png,data/wildfake/adm/e873bee57c0487d8.jpg,1,adm,imagenet,train,dc29312a6dfa43f725e691b48fa79adbeda0fa066148135705cdee0802919d27
wildfake,Images/Diffusion_based/ADM.zip,ADM/imgs/3425392a339214f3c225f12ad6e7b168.png,data/wildfake/adm/a3dbbc4a32ce4f8a.jpg,1,adm,imagenet,train,d8f975080170564053267359df5859ce2832eebb89722044c989730ebee137e7
wildfake,Images/Diffusion_based/ADM.zip,ADM/imgs/64de15c1189fe15f6d4d549e306aae3e.png,data/wildfake/adm/2ac747d8334d5f80.jpg,1,adm,imagenet,train,031b6c52b8842a0c0d121298d465cef7872f679e0c42df48d1d066457ddc4560
wildfake,Images/Diffusion_based/ADM.zip,ADM/imgs/e4638506bdf543fd512f796d7a50efa0.png,data/wildfake/adm/c8c4f4c4b8ed69de.jpg,1,adm,imagenet,train,bc77337cf67764a358a1bb5b6887fc21cc04a60a8e713d6a815d4ce4f6e8c8d9
wildfake,Images/Diffusion_based/ADM.zip,ADM/imgs/56feb0a315b4cb970cf6c94d5c293ede.png,data/wildfake/adm/6519f97dd72db3a1.jpg,1,adm,imagenet,train,2ff0ba50a3e774532de90220d145ffa85ded3b5e7d7b842b3b5f64205e5c56d6
wildfake,Images/Diffusion_based/ADM.zip,ADM/imgs/c90955a1ea4add4235b9fd585bbda306.png,data/wildfake/adm/0b581184285daf8e.jpg,1,adm,imagenet,train,e23bfd992c8625ed565fd10398de8ac673206dc19064f86419f681ed488c0032
wildfake,Images/Diffusion_based/ADM.zip,ADM/imgs/2b1af5eb9d4977b76ddd3b4baeb44325.png,data/wildfake/adm/717d161e5f71a13e.jpg,1,adm,imagenet,train,40c5859a28aa5bd469f9fc358c04ab71a3438cd3eea2c02efa24e28815cab90b
wildfake,Images/Diffusion_based/ADM.zip,ADM/imgs/f6ace92d9b829f886a64b6109b6b0572.png,data/wildfake/adm/6e93b71959c1bfb0.jpg,1,adm,imagenet,train,2e19c2560c803c32e35f22f120d5a53cf3f3a9dc01c56bd3d3c72f60b12ec2f6
wildfake,Images/Diffusion_based/ADM.zip,ADM/imgs/4b25bc4d3b45941f76233a0da506052f.png,data/wildfake/adm/01f5ef7ef6a998e0.jpg,1,adm,imagenet,train,c32216eebe293d1d1fc219d5732aae6de2c67a5e19a90f65aec01235a0185207
wildfake,Images/Diffusion_based/ADM.zip,ADM/imgs/da78d6eb8a98512ce72083936bc521be.png,data/wildfake/adm/283e722c54d007f1.jpg,1,adm,imagenet,train,2409047e6fce6d0052d2b355fab076c4ca17fe53e97062d78648f75b52e14449
wildfake,Images/Diffusion_based/ADM.zip,ADM/imgs/5baf69a1b7176b434dec15a7e752ffd4.png,data/wildfake/adm/120190211f58065a.jpg,1,adm,imagenet,train,b8361bdeef125124a774290314532e76b51e09ccd15d65a1856309d791bc3297
wildfake,Images/Diffusion_based/ADM.zip,ADM/imgs/1c9ecd5b7cdf39009b2f790da881f398.png,data/wildfake/adm/2f0d6621bacbd423.jpg,1,adm,imagenet,train,6b2434b8195788324e556563b8be6b6eaefb322ac4863c8b586a6f2d8a32adbc
wildfake,Images/Diffusion_based/ADM.zip,ADM/imgs/f4fc839d5dc8b1cdd3c0926d354711c3.png,data/wildfake/adm/d91327cc20bd4812.jpg,1,adm,imagenet,train,f9de273cbb6204890124bed5467068a3b3cd6c4a601935c171b2539dde5ac90d
wildfake,Images/Diffusion_based/ADM.zip,ADM/imgs/ef40bedef69b1af00d637b941fd4bc60.png,data/wildfake/adm/0672cd438702739b.jpg,1,adm,imagenet,train,6db02805045ce299035f333a8ed7dde79658fbd9856ce73457d95fb58ec26521
wildfake,Images/Diffusion_based/ADM.zip,ADM/imgs/6b359ec036006c230c0e198306985d5c.png,data/wildfake/adm/d2bd88879e4cae2d.jpg,1,adm,imagenet,train,bda233d09d9ffa2af5fc90c01c64f836763746318df524d9cc5a573217584070
wildfake,Images/Diffusion_based/ADM.zip,ADM/imgs/5b33248c29c211cc95b22527546271ea.png,data/wildfake/adm/220f9c7afdb9ef23.jpg,1,adm,imagenet,train,dcf4fa4c5b73ae765664c0da695ff81253933c55afa0eacfd750a198be3ef4c0
wildfake,Images/Diffusion_based/ADM.zip,ADM/imgs/0ce3017f495b43414592e0abe300ca92.png,data/wildfake/adm/4ee8023e32e52a59.jpg,1,adm,imagenet,train,15e4f985a3c35d9ad8633be229964e2879d91164d19f6d872fe2802a90d500b3
wildfake,Images/Diffusion_based/ADM.zip,ADM/imgs/6b9869e2b7dc7fd49c354c18c3cc5628.png,data/wildfake/adm/931898e47a2390ee.jpg,1,adm,imagenet,train,7618f0e435931afcaac899595852593bef79ccd476e840bb1ab9d5b24c9bef61
wildfake,Images/Diffusion_based/ADM.zip,ADM/imgs/af6ea2fee4b0f6429086a13469be18b3.png,data/wildfake/adm/4521a76023b66de7.jpg,1,adm,imagenet,train,82b391c53ca6a4de6a99303b3b24810e08cec9184984fe5c5489f22ea97b151f
wildfake,Images/Diffusion_based/ADM.zip,ADM/imgs/dd61c7baf079a394d92ed6ade280f0e3.png,data/wildfake/adm/7125d1269fc8abcd.jpg,1,adm,imagenet,train,27083cf4db2bed718db62f9038b59140cb1dd762df6cb3a64317e58cb3965899
wildfake,Images/Diffusion_based/ADM.zip,ADM/imgs/961768bd11c19bc630618b4d9533f61e.png,data/wildfake/adm/77944a7fd898d1fa.jpg,1,adm,imagenet,train,a30e358d9dfc39c7263b66966d975168672435f9021912bde20eb0c33b328597
wildfake,Images/Diffusion_based/ADM.zip,ADM/imgs/00b4f4c8aa6e92e989d375cc9f5f6536.png,data/wildfake/adm/44dcfd2f472099a4.jpg,1,adm,imagenet,train,6e567b04e2cc9791ec66c1edcd630096c05efed170742a34cfc7784ff3b424e7
wildfake,Images/Diffusion_based/ADM.zip,ADM/imgs/d89aa1809b495002abe5c9d50612767e.png,data/wildfake/adm/ab3ea4c2da96bae6.jpg,1,adm,imagenet,train,094070e7dffc24fa2c112835cf399f13fe69cc453e85f3322647b59891f523ea
wildfake,Images/Diffusion_based/ADM.zip,ADM/imgs/1da7c1e6bc7d1218e23b11231789f2d7.png,data/wildfake/adm/c91929e65a49460f.jpg,1,adm,imagenet,train,5bfa283f6f1019ed0b54ede2446815a01eb10765758f0641230047fa1f032d1e
wildfake,Images/Diffusion_based/ADM.zip,ADM/imgs/cb922dbb877aed061da6cc8553039813.png,data/wildfake/adm/00b97963d9c0226a.jpg,1,adm,imagenet,train,2c3c9ba798a5a89303739ab1f1c116615ececdb01d22781ac85efec3328ffb3e
wildfake,Images/Diffusion_based/ADM.zip,ADM/imgs/41eb6da3e9c8695931ae7eee202c6748.png,data/wildfake/adm/2d7f3ef023f85f11.jpg,1,adm,imagenet,train,7538b78ea83855a2dfd2c6bbc528c497f55c62e2abdf5c18dab8e2c6193522e2
wildfake,Images/Diffusion_based/ADM.zip,ADM/imgs/5c876671260dac5a10c3b045a7bb4ea0.png,data/wildfake/adm/9d7e2c1f0f016f4d.jpg,1,adm,imagenet,train,44ac8be263795dfeb2ef4390518560036be4ac0a04bc0770a1a6b5c641f2bc9e
wildfake,Images/Diffusion_based/ADM.zip,ADM/imgs/39e06b7a09f6c34a326a58e5dd8e9f0a.png,data/wildfake/adm/46c4b7c3fbf9c49e.jpg,1,adm,imagenet,train,a9f3ec47ed1f3c041134855e6886575ae1042543b97ae4a246b33ad61bf350a0
wildfake,Images/Diffusion_based/ADM.zip,ADM/imgs/1e8cc9c5e711f4cdcf554c43dc5529f9.png,data/wildfake/adm/af07ed32055214ec.jpg,1,adm,imagenet,train,342188bb2e3dbd0ed3abbb909cd55e345f577fa0d72f7ed6362d8165528c89e0
wildfake,Images/Diffusion_based/ADM.zip,ADM/imgs/64280cd7bf6b46b04554f1634609ab66.png,data/wildfake/adm/f7b679c2cbdb2778.jpg,1,adm,imagenet,train,1995b4d5c8b656ac64322a07e4f92399dbf6bc90f38269163b46c3f8d76cc5c6
wildfake,Images/Diffusion_based/ADM.zip,ADM/imgs/526c0718b02de6a020cf4240b7ed751d.png,data/wildfake/adm/f5ec9737fd5d4e3b.jpg,1,adm,imagenet,train,3d402e754108e99b84761a83505f8eede681e637644d85355dfb1b00f636f62c
wildfake,Images/Diffusion_based/ADM.zip,ADM/imgs/50608ce6210a2d3cde4f3dd6b2fa22a8.png,data/wildfake/adm/87552fc3a990a27d.jpg,1,adm,imagenet,train,bf3be9f6b76257b0e2fee27ac61eb703c530a29a0521c7eaa8b25f2e89af36d4
wildfake,Images/Diffusion_based/ADM.zip,ADM/imgs/24897cbfb163a9f2546b51cbbc725515.png,data/wildfake/adm/125afbfd7e503c30.jpg,1,adm,imagenet,train,634e8d5e28fee85a3929f54615b877349d9d0ee2fa85cf1c5585d8b7cfb39c79
wildfake,Images/Diffusion_based/ADM.zip,ADM/imgs/18b7e7e2661be729f603a96643d22455.png,data/wildfake/adm/21cfe7fc8515eb89.jpg,1,adm,imagenet,train,b6fe619c1fa15200de7d65864deb27421b5b37be1fa33f0d1252d514de03fc19
wildfake,Images/Diffusion_based/ADM.zip,ADM/imgs/d2ac97d3fc273ed41838a41a95701567.png,data/wildfake/adm/1019fe4799a52df3.jpg,1,adm,imagenet,train,c672d95a2ddb3b7ac653fd2b9d933c49c102c7b5b022e5d68be0fd219479b9d7
wildfake,Images/Diffusion_based/ADM.zip,ADM/imgs/7134cfe675ae318a14ed059f09ce6ec7.png,data/wildfake/adm/15ac1d0b92aedd5b.jpg,1,adm,imagenet,train,67ed7fa237042cca55f9c5bffa83d2f129036c8a11dd1d9f166bf86f5a72ef6c
wildfake,Images/Diffusion_based/ADM.zip,ADM/imgs/9f9858f83b7f687433a26d5349841106.png,data/wildfake/adm/37aaa33f5800ba68.jpg,1,adm,imagenet,train,7ee501208f58832777467a018d39867617e6817557af219cfd86386fb173daf1
wildfake,Images/Diffusion_based/ADM.zip,ADM/imgs/dbd7b9f82ce28b14a0c5bf9b1b1f1554.png,data/wildfake/adm/874256abd06e8e0e.jpg,1,adm,imagenet,train,c441dd2841baa0301bc8f0ee781c18bbbe09793a83f08d291a851eec8d61da6c
wildfake,Images/Diffusion_based/ADM.zip,ADM/imgs/6cf1a95d2b389eeebc50d5661f176c55.png,data/wildfake/adm/a392e1ef58e4591a.jpg,1,adm,imagenet,train,55697176fb2a34a607d3d6d6c1c366faea1add992cf7397ddf5fcac9448251d6
wildfake,Images/Diffusion_based/ADM.zip,ADM/imgs/a43c3c6483ee9d5b1874306f58119867.png,data/wildfake/adm/c065f7b7b7d5e94c.jpg,1,adm,imagenet,train,cc1c3cc964b98812a371120a99eee29a0354d742765aa9e7bf760ca2201ae554
wildfake,Images/Diffusion_based/ADM.zip,ADM/imgs/a7d98f1d8f85ff489d4da583ad22e861.png,data/wildfake/adm/bab7b351e5784b63.jpg,1,adm,imagenet,train,48a5c88025d31dc37a6af831f0c301b67ef50327e736aba0e51132e3cd46e845
wildfake,Images/Diffusion_based/ADM.zip,ADM/imgs/8b5b3a8bfad79313694b0eccf574fbb2.png,data/wildfake/adm/6d7ab9fbf6299ae8.jpg,1,adm,imagenet,train,2146248733410e29ee72a2b858cef336320cf349a0d823d766fbb3214a43f8b3
wildfake,Images/Diffusion_based/ADM.zip,ADM/imgs/c21af26c629ac5f960a7c19d921f621f.png,data/wildfake/adm/0567c106bb4db531.jpg,1,adm,imagenet,train,07bc498d2f528a9f071751bb46638a7720ff2a14b91897a55c975f7a26a99d68
wildfake,Images/Diffusion_based/ADM.zip,ADM/imgs/5813cc6c9d3b719b5fd5dd1e566bd9fb.png,data/wildfake/adm/500a0a8110be1310.jpg,1,adm,imagenet,train,eaeb89e6cde0cc41cfd8b59e713f03a9fc545e3495e96ceea5cee8954764c21f
wildfake,Images/Diffusion_based/ADM.zip,ADM/imgs/9968b358b67d9b8412f7ef986850d4b2.png,data/wildfake/adm/4744d724d40f01d5.jpg,1,adm,imagenet,train,1be49855897c11064dd43bc3bc846bae37eb6136c801b68f0bf43f110054a048
wildfake,Images/Diffusion_based/ADM.zip,ADM/imgs/cd8ca1b35ddfd8d85c5641bec16fe97d.png,data/wildfake/adm/cae9766eef1ab4d2.jpg,1,adm,imagenet,train,c9f5f2c2f193ad26c14905565302ed7ac5b780a5312d8e10fa858eab914f6459
wildfake,Images/Diffusion_based/ADM.zip,ADM/imgs/2c2db8baa4cf05c42a7a70e4cfe2223a.png,data/wildfake/adm/4358bbbaaad0d73d.jpg,1,adm,imagenet,train,b36ef4e7c10f741a885a11f67cdcbd6577ffe666ecf8a6edf51e59c14cb31b52
wildfake,Images/Diffusion_based/ADM.zip,ADM/imgs/5ef79c6de4549fdc4c5c31c6ef8e2a50.png,data/wildfake/adm/441d6d6c6b643e86.jpg,1,adm,imagenet,train,455ef737ff8fd6750d240011e9212203e4668ab3a36d10fcd10d35d334d2d2a4
wildfake,Images/Diffusion_based/ADM.zip,ADM/imgs/1f538ae0389ec5c6c84b65d56cc77c9e.png,data/wildfake/adm/0740730787229eb7.jpg,1,adm,imagenet,train,b0d2da855dd1549be3494b112164520f7a85b113daa2ab759425b1b4181a0061
wildfake,Images/Diffusion_based/ADM.zip,ADM/imgs/70ff146be0eb1e71e653639881758c9f.png,data/wildfake/adm/b7b256f1a739e459.jpg,1,adm,imagenet,train,c2a79804b8407b46304c3ef5b317b30018ca46de991b81f6455bbac34bb8e598
wildfake,Images/Diffusion_based/ADM.zip,ADM/imgs/d1549b039d3390885a5902795831054f.png,data/wildfake/adm/0e3172258e7b977d.jpg,1,adm,imagenet,train,8b2448589bdd04299db0950b24d5d835d7299f0afd680d0ffff45c858e7bbcdc
wildfake,Images/Diffusion_based/ADM.zip,ADM/imgs/36f50df1173db461986084b4994b98c2.png,data/wildfake/adm/d7966f931bf64ab8.jpg,1,adm,imagenet,train,9ee6717151567a663a5e40c8c3df44e245749c48b322f7fe283c666a29aa15d7
wildfake,Images/Diffusion_based/ADM.zip,ADM/imgs/386b1f99105897adc761078feb659551.png,data/wildfake/adm/ed66a7d28ff95f9c.jpg,1,adm,imagenet,train,6c92266f6c9fc0d8350124af65f1a473342b2a2999515dc3fcb1674bd8e3a6fd
wildfake,Images/Diffusion_based/ADM.zip,ADM/imgs/15d79869d1e5e38fda5aad31a4e03377.png,data/wildfake/adm/0778b9981bfda155.jpg,1,adm,imagenet,train,27f22d86c76628cbc3f4de73f891beea4a173b846d30dd35547cfa8034425c63
wildfake,Images/Diffusion_based/ADM.zip,ADM/imgs/d5e51aaa9c5de369f1c01371bcc79578.png,data/wildfake/adm/fc32f6edd7fc64f2.jpg,1,adm,imagenet,train,cb835f8ff6742fc6800178082df17510a19fbffede44001dacd3e27309baca91
wildfake,Images/Diffusion_based/ADM.zip,ADM/imgs/1d9d08ca4926e5202a820f2ff43e1d07.png,data/wildfake/adm/8ae507d070335b6c.jpg,1,adm,imagenet,train,63967b384481ddc7d3a6cd4a063fef4ead997b1e5e0136b38bf838a2f3f92711
wildfake,Images/Diffusion_based/ADM.zip,ADM/imgs/b6ab77587274bc2be8fc83cabff99d06.png,data/wildfake/adm/ab437cde2a2be89c.jpg,1,adm,imagenet,train,497502c6fba0ca15a29ae970b2534ec8df8850ac396342c60a7c02fadea2d03c
wildfake,Images/Diffusion_based/ADM.zip,ADM/imgs/929eb2fa1dab60b50af1da7088e6d147.png,data/wildfake/adm/efb323991ef7f276.jpg,1,adm,imagenet,train,90e93eb18fa600bf1738585c08ea7a5d09221690f13f60603f198edcb313261b
wildfake,Images/Diffusion_based/ADM.zip,ADM/imgs/1a38a3b09297b5ef0a861fe6b2d10613.png,data/wildfake/adm/ce671622cff3e6a7.jpg,1,adm,imagenet,train,5437bf2e2eb39311254169bc7496b3b37ff5f1059711efcfbe4dc85eccc788e0
wildfake,Images/Diffusion_based/ADM.zip,ADM/imgs/2a75362a824500a03060e76690ecd2bc.png,data/wildfake/adm/c119100e11900ddc.jpg,1,adm,imagenet,train,f2945f200bccbc62b8e6aa35905c93d9ae62bf962ce827c59dc14b0d169d0e5b
wildfake,Images/Diffusion_based/ADM.zip,ADM/imgs/b2f16fc2e3578b76f33711d56d866190.png,data/wildfake/adm/e81147ed5a6d99e7.jpg,1,adm,imagenet,train,4f40ed874d997b1f0e6e1e8120b15dc453e80c35e8b2d8c4a6bd1178f91c01da
wildfake,Images/Diffusion_based/ADM.zip,ADM/imgs/5f783acbb917b5a0c7eafb5e3b889aca.png,data/wildfake/adm/122776f696fed053.jpg,1,adm,imagenet,train,90cd52f36a7e635d1bb3067f603fe273c50be1268bef3dc63171498a4c07fd9a
wildfake,Images/Diffusion_based/ADM.zip,ADM/imgs/15ca4d9862711d15cc2d6e0409ef4305.png,data/wildfake/adm/fa4af864edcf2858.jpg,1,adm,imagenet,train,6e77b96f64a2cd9f732d5b5b9381da6790ff39673e1a803299ab13f8b49c707f
wildfake,Images/Diffusion_based/ADM.zip,ADM/imgs/4502f3dbb3fbf9374dcc6ea8ac5beecf.png,data/wildfake/adm/dbeb6b585d7bd60d.jpg,1,adm,imagenet,train,06d61b3c56163841c841487e7fad4e99f787580959f92726625d514fcc45075e
wildfake,Images/Diffusion_based/ADM.zip,ADM/imgs/78c5b067798d1e4f30e0c6527146d2f8.png,data/wildfake/adm/3c5fd2945797d125.jpg,1,adm,imagenet,train,d35ad8b25ea514da2c21456e2dfc20477b8f03eb6e92272d18da783c5db06d4c
wildfake,Images/Diffusion_based/ADM.zip,ADM/imgs/a3ec9254cee513f6e37ed8e5ed143993.png,data/wildfake/adm/964f8ed2f63ffa48.jpg,1,adm,imagenet,train,8bc1ff215d778001d7203a213ba0ba6b68ec95c31529bb2094bb643f8cca6866
wildfake,Images/Diffusion_based/ADM.zip,ADM/imgs/b31eb57ba05a5e191a32c89c9d85fdb9.png,data/wildfake/adm/970aa7b2c5f074fd.jpg,1,adm,imagenet,train,91cd3969d999b709751688281f5d089954891ce926ec5a1ae468c510bf7ed2fa
wildfake,Images/Diffusion_based/ADM.zip,ADM/imgs/af4eb5edd9a9846d35566e5b55ee2039.png,data/wildfake/adm/f95cf74a44d6ccf9.jpg,1,adm,imagenet,train,59e758bca1213739267ddfb100dd3d7bf6a488de61b24f86f3835dc02ad9e866
wildfake,Images/Diffusion_based/ADM.zip,ADM/imgs/6a2ee64243b41801e229882adf61dfde.png,data/wildfake/adm/6c66c04ee8e7adf4.jpg,1,adm,imagenet,train,f464e2f81c0d672ca34b3e8e2d381ab4db10911ef79544b150b7b8e0dcfee24b
wildfake,Images/Diffusion_based/ADM.zip,ADM/imgs/d424ab126e3f59bfed99c40d22886af5.png,data/wildfake/adm/a433b0dbfc8d752d.jpg,1,adm,imagenet,train,76f56fd893e671a3efa51d18bead6914e8babf66d18ba3543360a730cf866ffb
wildfake,Images/Diffusion_based/ADM.zip,ADM/imgs/04303f00cc02caeb5fd8b9cd0645c265.png,data/wildfake/adm/d4438df4c6288b6f.jpg,1,adm,imagenet,train,b6de3c16f9c3a4bc9d88481845bd621165d57a027ac1f8d6edc3827d5e012aea
wildfake,Images/Diffusion_based/ADM.zip,ADM/imgs/2566312d55157e31f38979a121150a0c.png,data/wildfake/adm/54a5e10980bf69f0.jpg,1,adm,imagenet,train,bcf14e6d0fa9ce036031e91531015f93dfab82d986abfabbac6af1d55a9f2844
wildfake,Images/Diffusion_based/ADM.zip,ADM/imgs/fcbb2dab995844dcfbfb28365069065e.png,data/wildfake/adm/4b9a8a986f9edb82.jpg,1,adm,imagenet,train,e33b2d0b04938c4b89f8ccc0a6b03374e0831e707c952dbbd29899e519c3ab8c
wildfake,Images/Diffusion_based/ADM.zip,ADM/imgs/ebe548d00cd90bb9ecd5da5869293929.png,data/wildfake/adm/b5002c6d54d51291.jpg,1,adm,imagenet,train,01bfcbe5bb9703709e7995919b1c9a660a59bdd0c5379b0a838eabbf8491dc7b
wildfake,Images/Diffusion_based/ADM.zip,ADM/imgs/6bcd43eef5099be1eea04540be461938.png,data/wildfake/adm/0ac4e8142eba618f.jpg,1,adm,imagenet,train,4e07199066ce366cf857a0cf78d90d335574d4cff3275bdface79f73b019188d
wildfake,Images/Diffusion_based/ADM.zip,ADM/imgs/f9a67b1dc36360a40fa8e536a24e3ff3.png,data/wildfake/adm/46d12c28ff4cd414.jpg,1,adm,imagenet,train,5e2ce69aaceb8d9e3d118ec413791e861c48433c61fdbcd125fba21e4aacda2b
wildfake,Images/Diffusion_based/ADM.zip,ADM/imgs/15f9bfe4c57f9c7da2d83c55ff7e31fd.png,data/wildfake/adm/cc308f01ee956998.jpg,1,adm,imagenet,train,503a4ff79f113a6d69988191bcc492b42e33070664bd7af3003c4076df66a923
wildfake,Images/Diffusion_based/ADM.zip,ADM/imgs/12c524efb6c29f25dfabf37c76a98c2e.png,data/wildfake/adm/b0199e6ac4567f83.jpg,1,adm,imagenet,train,0befc31046a20e288bbdacd9f5607e373af252490163ece6a405300074e6a5a8
wildfake,Images/Diffusion_based/ADM.zip,ADM/imgs/6776a4225c9c2bc9105fc912ed9bb2d1.png,data/wildfake/adm/9c4e60e1ed537008.jpg,1,adm,imagenet,train,548bebf28296adab4ebbdd8ba1b561be0c98e126503e1452a1b7c84121a7a799
wildfake,Images/Diffusion_based/ADM.zip,ADM/imgs/2eb55dff6e7a762fcb49f67eb7168b87.png,data/wildfake/adm/3fb50d5ec621a36b.jpg,1,adm,imagenet,train,25be0fb09f8557a08bf264a85b6f0540b0ea6223c223d6d272aba11588aa7d99
wildfake,Images/Diffusion_based/ADM.zip,ADM/imgs/c604dbe89030898f417673063849d222.png,data/wildfake/adm/6d5f8f7a09a03111.jpg,1,adm,imagenet,train,dcb61b050f50d42a7236431a3935ee6148f7cf75963df571c09aed4325b22525
wildfake,Images/Diffusion_based/ADM.zip,ADM/imgs/04ec863da714b7af9917c283a1214b02.png,data/wildfake/adm/5268621e32488085.jpg,1,adm,imagenet,train,ccb824441d3cecb282cd91599da9bb541ed3f317da82edc6eacdd719ac1060c5
wildfake,Images/Diffusion_based/ADM.zip,ADM/imgs/70523b06f32cbaaf21c1c16817a2df69.png,data/wildfake/adm/16428da791b056fe.jpg,1,adm,imagenet,train,faec86e88d53a79a9e0666b67a86745c9fd8eea9541c6d316110332785d748fd
wildfake,Images/Diffusion_based/ADM.zip,ADM/imgs/4410bfcc6c25997355059a5b4498e9e2.png,data/wildfake/adm/8036cd1bddc089b1.jpg,1,adm,imagenet,train,8c346ea3bcc24daabd02046e4b46b8547a936d1dd33e25d5422e4376ad723499
wildfake,Images/Diffusion_based/ADM.zip,ADM/imgs/837aea6fa761485ad53765febb51c467.png,data/wildfake/adm/f4d6c7ef48c71d3b.jpg,1,adm,imagenet,train,1bea8015d1788d2d8a8b9e169d02dd3b056c70eb4dc91a8a9a15791f2331e3e5
wildfake,Images/Diffusion_based/ADM.zip,ADM/imgs/585c66270cadab5329aace0aca2a0be1.png,data/wildfake/adm/7df58164807c8eff.jpg,1,adm,imagenet,train,3a9482f1b68a01a6ca44596245bad7b59dae51b0910808a6232b63fd9f770990
wildfake,Images/Diffusion_based/ADM.zip,ADM/imgs/6cd94059e6d7dcaac1069fa7eda3c79e.png,data/wildfake/adm/7f88ccb49aeac4ca.jpg,1,adm,imagenet,train,63b7edd05ed9ac7a66b88985bae3eef2d64f4d2816db38e66036db053f615366
wildfake,Images/Diffusion_based/ADM.zip,ADM/imgs/47cb4918931f3d043405c166cfac3d78.png,data/wildfake/adm/27895ea94f401b5a.jpg,1,adm,imagenet,train,03eaa8c39b8f174a7dc404e849243829a12094b82eafcc874fc300c4e8aaf765
wildfake,Images/Diffusion_based/ADM.zip,ADM/imgs/24dedab6d2797d7e3ede44a3cf137bd0.png,data/wildfake/adm/f154cd0f2713152d.jpg,1,adm,imagenet,train,367623fe237e5a9b6151e4a835a0f1c28359ab6f2d768d23f9b321369bbd33a5
wildfake,Images/Diffusion_based/ADM.zip,ADM/imgs/6a24203ac64f36332cfd788e85f6e303.png,data/wildfake/adm/3c0970723b71af7d.jpg,1,adm,imagenet,train,f7b2542dd3d539f430ebd9dafea3e2c5308549246954c5752912c94e724c5176
wildfake,Images/Diffusion_based/ADM.zip,ADM/imgs/e049064f980fee7280cfa9ebab8baa9d.png,data/wildfake/adm/dca99e9804dc5f02.jpg,1,adm,imagenet,train,61570cadcf5cfd99045b4edcb42e586784acfb76dcaa3b570d903d09740cc962
wildfake,Images/Diffusion_based/ADM.zip,ADM/imgs/c2cc137f1a8a40f89d119b5404675951.png,data/wildfake/adm/748a937481ad9dd9.jpg,1,adm,imagenet,train,87c8b9c12b22c20b4a0117bd7e0b5fb26c4844d682aa444524bd0d5bd380d042
wildfake,Images/Diffusion_based/ADM.zip,ADM/imgs/dc96b7ad983a9d10949f946f87701367.png,data/wildfake/adm/005c620e5a6a4b2d.jpg,1,adm,imagenet,train,3b187c9522c9dbf074c2405daf5e71e507225e1ca5af73a37df2de1587501ced
wildfake,Images/Diffusion_based/ADM.zip,ADM/imgs/687df2bdf4bcc45e88dcaca73d00bdc2.png,data/wildfake/adm/60e08b1a23b05f99.jpg,1,adm,imagenet,train,8e49818a2fcd1c83609ea1267cd13b717f705fe30398345aed2d9fe34b278567
wildfake,Images/Diffusion_based/ADM.zip,ADM/imgs/b56692923afe57a79b082ed3ffa2ebce.png,data/wildfake/adm/1a913989edd25728.jpg,1,adm,imagenet,train,e745ce2f1832dd01e96cdb1730470c98d816abaa5e01ab976263b6a4c7abe49c
wildfake,Images/Diffusion_based/ADM.zip,ADM/imgs/538d0ac6651d0da04bd70b8f74ec2dc4.png,data/wildfake/adm/986fb5a912e71830.jpg,1,adm,imagenet,train,642c68456aaaff7d2f87e587562b502651936f9a883e749068acc842fe694140
wildfake,Images/Diffusion_based/ADM.zip,ADM/imgs/474664e04118750399cd292fbc29040b.png,data/wildfake/adm/f000292e95c975aa.jpg,1,adm,imagenet,train,8c161004e408dfeabb60edeca6aa75cbab53a16a42735a7b6338410c979181f2
wildfake,Images/Diffusion_based/ADM.zip,ADM/imgs/45b533c39f98bea7298e42c29e93f9c1.png,data/wildfake/adm/fff976af7b527434.jpg,1,adm,imagenet,train,2fb1adee5cb328e702bc60c2b8049682856ebf481847c407fa714009206fc995
wildfake,Images/Diffusion_based/ADM.zip,ADM/imgs/c67dcf8b1e8f579c0f23114f580786f6.png,data/wildfake/adm/7bcb61301e7d23d8.jpg,1,adm,imagenet,train,8d52ff8803a866f727e57221280936fe88e7e70421fc74518da5d747535ed672
wildfake,Images/Diffusion_based/ADM.zip,ADM/imgs/2c50f5845712241a7781cbcefa1fcb9c.png,data/wildfake/adm/af9e5a31ac799c46.jpg,1,adm,imagenet,train,f365c2d6d6b6a7dd3a805800c0fcdee738eea7555a1218e42035bb99dfb04205
wildfake,Images/Diffusion_based/ADM.zip,ADM/imgs/72f9bc1bb3d6bd232a2bcabe4fa5cb54.png,data/wildfake/adm/6617d59be95dd036.jpg,1,adm,imagenet,train,4b1584ef946f3512bbb80df4003ab827bece56f8feca6230091c721d2781d280
wildfake,Images/Diffusion_based/ADM.zip,ADM/imgs/47519088c9fea62337ee35a450a2b8bf.png,data/wildfake/adm/19349d0444f1ff69.jpg,1,adm,imagenet,train,867ea30bfeca0c5264857e4506d4ca4d730fe105b99c951dc1cf21a6fdfcf997
wildfake,Images/Diffusion_based/ADM.zip,ADM/imgs/2caa231ebb0469d1af675e7940274425.png,data/wildfake/adm/042b129b3919b2ca.jpg,1,adm,imagenet,train,86ff0d9bd049bb5bafa7e235f9dc6959b6090472644a4460ed288f8397e7ebd8
wildfake,Images/Diffusion_based/ADM.zip,ADM/imgs/5b01effe9fcf8883f793f6da81148a7d.png,data/wildfake/adm/83a91f8a95b594e8.jpg,1,adm,imagenet,train,08f4d96fad8b2b2748ef1cedc83ff2a2e0fe5057fa9f4730531c5f1d25e3efd0
wildfake,Images/Diffusion_based/ADM.zip,ADM/imgs/5f6e3349c6cd65fc5e3ee2bc3bbcb636.png,data/wildfake/adm/28e327ff31861772.jpg,1,adm,imagenet,train,62ff7c183509ed568172a58eb12f26d412c9b06e449ec113de928780a3366390
wildfake,Images/Diffusion_based/ADM.zip,ADM/imgs/f9f6f6b4c58cfa82bf1803598cce52df.png,data/wildfake/adm/9efa7a3e5479b823.jpg,1,adm,imagenet,train,487e5a0672740f3418cd6d3635619a850f0ca5fea4706638575b3028828209ad
wildfake,Images/Diffusion_based/ADM.zip,ADM/imgs/66a918c964f787c9bff238236213466e.png,data/wildfake/adm/29609679246779e9.jpg,1,adm,imagenet,train,650d191633cf68cb1e6dd0df19d4639e3345cdec9c1ddb34ddd835bdcdf7d58b
wildfake,Images/Diffusion_based/ADM.zip,ADM/imgs/a881db9431f1af2137b1a1d7a7b11f6e.png,data/wildfake/adm/2b810b8d670d8c35.jpg,1,adm,imagenet,train,ced5b680f4b0f1c4c4262a66674e258f0eb82e3dab24dee8c94c32630835674f
wildfake,Images/Diffusion_based/ADM.zip,ADM/imgs/805c250202a3f7dc44b11d515931d446.png,data/wildfake/adm/dd2e675af05e539b.jpg,1,adm,imagenet,train,b5abcbc978de3638205a21459bc522dd23632a53b4ed46f8eb88bf230dd8bf2d
wildfake,Images/Diffusion_based/ADM.zip,ADM/imgs/77ba4a60ab06fd3603f0f15c0f0719da.png,data/wildfake/adm/5bd7ce68bcd7779a.jpg,1,adm,imagenet,train,9507cd60bca839319724e995ad0c09040a6aad1e0ec962f48cfa305aa22be909
wildfake,Images/Diffusion_based/ADM.zip,ADM/imgs/ca6f873c332917fed15399cb10a597c6.png,data/wildfake/adm/0ffc95b32d30d346.jpg,1,adm,imagenet,train,adb7a456d1a2df70d76e433112543d8de9b17bdede107ece7484a7b6291bfa08
wildfake,Images/Diffusion_based/ADM.zip,ADM/imgs/9d801b9db837d370f7e81151bd3cbc24.png,data/wildfake/adm/ddf0378a542b1ded.jpg,1,adm,imagenet,train,d4562153ffdceae65ea89fea0edeaa0739516020f01a26569b0be7c5ced62812
wildfake,Images/Diffusion_based/ADM.zip,ADM/imgs/7b5715b893c4c53e3a31ce2f893b5b25.png,data/wildfake/adm/2ea75bce6311a1de.jpg,1,adm,imagenet,train,8f04c4c283190c869da2ceeeb3f37f073a7e7580bdafc8ae20d8383c58cb967d
wildfake,Images/Diffusion_based/ADM.zip,ADM/imgs/c4c421494a7a5fd320d4ffab6becc0d5.png,data/wildfake/adm/91f2403876487702.jpg,1,adm,imagenet,train,dd158090e38a7dbe7475ad2860975501c52fab7d11a614c45f5651369acb259b
wildfake,Images/Diffusion_based/ADM.zip,ADM/imgs/cc75c500e81f167f357a24386667bdc8.png,data/wildfake/adm/b48871e3d9d77156.jpg,1,adm,imagenet,train,8fe10a968b9a3249cb97a529e1d002ce58d023544d1b3f75248e53dceb3ae143
wildfake,Images/Diffusion_based/ADM.zip,ADM/imgs/aff39d957cea614d79445d4b1223a7dc.png,data/wildfake/adm/c82e857f1cc844f5.jpg,1,adm,imagenet,train,37d0959c4d54e35062859522aa1ec9a2cbcd16a35ed937524d9a65814ebf2864
wildfake,Images/Diffusion_based/ADM.zip,ADM/imgs/86e10eaf32af87782677d0eb755d3546.png,data/wildfake/adm/7914b52a79cf103d.jpg,1,adm,imagenet,train,75eb85a8a62e11e13f8e382651400dd13e890c79cf8c03630c2485f7bcc9e6ab
wildfake,Images/Diffusion_based/ADM.zip,ADM/imgs/dab7f710c59cc68cb2bf94871b544f8e.png,data/wildfake/adm/102e335cb8fcc3b7.jpg,1,adm,imagenet,train,be7d631a9a67605f90c95755b680004b8c8a59c99cbe184f0186d4010789ad82
wildfake,Images/Diffusion_based/ADM.zip,ADM/imgs/f93ae72358c9d5fcee293cb64951623a.png,data/wildfake/adm/77a8e423335d387a.jpg,1,adm,imagenet,train,010f215d0fe9069ce19ef7ce16e78f88ed020fb39d36c60d9bca958b02783323
wildfake,Images/Diffusion_based/ADM.zip,ADM/imgs/71817095134208d42375abfe9869092f.png,data/wildfake/adm/df116a186f07fe2a.jpg,1,adm,imagenet,train,b10342bc4f2974c667d8c4892a29673ee7d16c04a1126367b2a7c1446dbe393a
wildfake,Images/Diffusion_based/ADM.zip,ADM/imgs/5e416cd2933eb102418aaf04c874f3f2.png,data/wildfake/adm/b7b95e18b0082d6e.jpg,1,adm,imagenet,train,8460220a6886ef4c7210862561c94c43bbb7e6b1618853306af6d1e2b0e3d89d
wildfake,Images/Diffusion_based/ADM.zip,ADM/imgs/937ea8a642ed080d267fe8d150747499.png,data/wildfake/adm/a44a31e4a0f2d878.jpg,1,adm,imagenet,train,74c9b5a83bef5cae9c36297a9a9e7ee28e74ce5ac612813000f6c44e57d295e5
wildfake,Images/Diffusion_based/ADM.zip,ADM/imgs/5600be5d6bc149d6a0860925f8c81a1e.png,data/wildfake/adm/fb1843fb1040c0ff.jpg,1,adm,imagenet,train,ae5c606c15228d0713d5eb4d5a909b90cad15a9a6c32101e726c3cccd618222b
wildfake,Images/Diffusion_based/ADM.zip,ADM/imgs/6c2a27e6ee90a75990929811c11e8058.png,data/wildfake/adm/98dd79732c76cf83.jpg,1,adm,imagenet,train,fdd6cf252edbfd9afddf5b0c80485853cc819f83e3dce8f9a7382f6beaf3ce61
wildfake,Images/Diffusion_based/ADM.zip,ADM/imgs/22575122290e282473d520333afbd2c4.png,data/wildfake/adm/507d7170bdb8ea93.jpg,1,adm,imagenet,train,d3bdb80e38cd6a0219ffd234029fce5b78f4d0aa8a40639297e8f5249127195a
wildfake,Images/Diffusion_based/ADM.zip,ADM/imgs/0869a1064d9b1fe5afbb1bcc04b9db0a.png,data/wildfake/adm/df43d41f5e8455f0.jpg,1,adm,imagenet,train,73e44e761a5752d252db70d96e04414f60222a9f20155f1fe3bb1d55adffee36
wildfake,Images/Diffusion_based/ADM.zip,ADM/imgs/a5d228372da6143f7072500533eeaebe.png,data/wildfake/adm/df59889af70279ba.jpg,1,adm,imagenet,train,6a94a2192889b83044f96805bb67576e4853ef68d44eaf5edc4937624483a0f2
wildfake,Images/Diffusion_based/ADM.zip,ADM/imgs/b684327c6a13491d526715aba3b466e1.png,data/wildfake/adm/5f60f552b103adba.jpg,1,adm,imagenet,train,76e7f69697bc8886a8063b1f485b5ffb01d6c9c1a89a67e495b2dfc5733f87c4
wildfake,Images/Diffusion_based/ADM.zip,ADM/imgs/f125b6644c71a11fcd1c537731a64c6b.png,data/wildfake/adm/3f8495dfc019a912.jpg,1,adm,imagenet,train,f60ee111dae8036b63ceb7cdddeadaf398d234e052f9d409febb007876d3c6f7
wildfake,Images/Diffusion_based/ADM.zip,ADM/imgs/b1be815d2dd08999d9c2d4f2650a7418.png,data/wildfake/adm/7084d4b6c9b0efb8.jpg,1,adm,imagenet,train,32d6af976546a548cdeb1dd6b3a0bcb7609c6c11e6f32b012fb469b187372ec5
wildfake,Images/Diffusion_based/ADM.zip,ADM/imgs/5c9bebbf7d6d0b0c6ed9f4486a744892.png,data/wildfake/adm/91cfdd8b10b0456d.jpg,1,adm,imagenet,train,415b2df9722d8b52c682c48047a6e686dafd55f6fd80f5f35db963d60517dc57
wildfake,Images/Diffusion_based/ADM.zip,ADM/imgs/cca6530ce98f3547212a877184418591.png,data/wildfake/adm/31bc4cc3eeabec88.jpg,1,adm,imagenet,train,b61ef193e7aa1c7ce1fccafda253bd4c2fc34b8f16b9793c9f5c4cc1d1b44a5e
wildfake,Images/Diffusion_based/ADM.zip,ADM/imgs/b636f1e4a8fd9971f3d6cf106fa4aa10.png,data/wildfake/adm/5eb6851cc43ed06d.jpg,1,adm,imagenet,train,f90c4cd8489e5e811270b955c22c35fccade201922160416eda1a58aab1d5001
wildfake,Images/Diffusion_based/ADM.zip,ADM/imgs/94b65414425b4267924f539dc08f0255.png,data/wildfake/adm/02cd31dc66325c42.jpg,1,adm,imagenet,train,229aa86eb35e84ac4ecc3b97a6eb6682e1aaff069297248fa400bfb464fa6ce0
wildfake,Images/Diffusion_based/ADM.zip,ADM/imgs/5cbd132759e914d19ad7bc8fd372c0b3.png,data/wildfake/adm/06e1c97e922f37e1.jpg,1,adm,imagenet,train,4839e38e7f9ac6e89f2676c6add09eb80ada49d018bffee560740b1e05d62441
wildfake,Images/Other_based.zip,Other_based/Typical/VQVAE/tt-coco/samples_nopix/img000614.jpg,data/wildfake/vqvae/785e5e9dcebdda10.jpg,1,vqvae,coco,val,fe17117fe3dfa34b7dcceb4d873d62dc2571f174eead354f3e5448767780baf0
wildfake,Images/Other_based.zip,Other_based/Typical/VQVAE/tt-coco/samples_nopix/img004688.jpg,data/wildfake/vqvae/f0edd66d39ee8796.jpg,1,vqvae,coco,val,e5a8674be84ecc4571a575749307529be00c4f29cc1c25bc0ddf955a1424633f
wildfake,Images/Other_based.zip,Other_based/Typical/VQVAE/tt-coco/samples_nopix/img004472.jpg,data/wildfake/vqvae/86f131b531a56399.jpg,1,vqvae,coco,val,6b0f1c46c506f9d8cf8393da54d0b8b5098a3bbc31c3acdd35c730c2541f085d
wildfake,Images/Other_based.zip,Other_based/Typical/VQVAE/tt-coco/samples_nopix/img000329.jpg,data/wildfake/vqvae/d00d254422e77efd.jpg,1,vqvae,coco,val,23770b476b4b00be6e7e55319714cab4a9ec3cc1c9c192cd98f208750cbed255
wildfake,Images/Other_based.zip,Other_based/Typical/VQVAE/tt-coco/samples_nopix/img002526.jpg,data/wildfake/vqvae/40290586dbe898e1.jpg,1,vqvae,coco,val,d8aea6f44fe3cd803a6427a3c3fc3ffe0779bbda4585fa21b7223e072c1e26c7
wildfake,Images/Other_based.zip,Other_based/Typical/VQVAE/tt-coco/samples_nopix/img000414.jpg,data/wildfake/vqvae/f970dfdc184c9b40.jpg,1,vqvae,coco,val,ddcd1e90541cf101101dbcf62a8deda0a2ba4554645b92402eaf46e5f0cc995d
wildfake,Images/Other_based.zip,Other_based/Typical/VQVAE/tt-coco/samples_nopix/img004897.jpg,data/wildfake/vqvae/87cae5ba500a8c30.jpg,1,vqvae,coco,val,14922e56a3b630607d7b1761c88c7a4e0f5bf0e2038cd915fb8380434cd4ee9c
wildfake,Images/Other_based.zip,Other_based/Typical/VQVAE/tt-coco/samples_nopix/img001589.jpg,data/wildfake/vqvae/3406fd9af4349091.jpg,1,vqvae,coco,val,6670525285460bba3345e95b5eecba91524e4d974aa69bed2fbf8a1f3797e594
wildfake,Images/Other_based.zip,Other_based/Typical/VQVAE/tt-coco/samples_nopix/img003198.jpg,data/wildfake/vqvae/e33256ae76a2be30.jpg,1,vqvae,coco,val,1e139d6217dff65e77f92466d24856b3f1c0a8d095eccfd4ac54bde234f1145f
wildfake,Images/Other_based.zip,Other_based/Typical/VQVAE/tt-coco/samples_nopix/img000343.jpg,data/wildfake/vqvae/68f25363fa38b71b.jpg,1,vqvae,coco,val,d666e1ccf3a04547faf23314439f7c5ce77cddfe56641d5b661ebdc23843c820
wildfake,Images/Other_based.zip,Other_based/Typical/VQVAE/tt-coco/samples_nopix/img001933.jpg,data/wildfake/vqvae/ce516dd5de9f841f.jpg,1,vqvae,coco,val,dacd0a6f3b975114408405a9a12da5536acb7f5222ad3d5b80d52055e180e1de
wildfake,Images/Other_based.zip,Other_based/Typical/VQVAE/tt-coco/samples_nopix/img001145.jpg,data/wildfake/vqvae/264f6f3dd418b8ad.jpg,1,vqvae,coco,val,7f7b7ee8c02ca8320de8867e12b1d094baabaef04e24c27f37f4b654ffba7727
wildfake,Images/Other_based.zip,Other_based/Typical/VQVAE/tt-coco/samples_nopix/img003855.jpg,data/wildfake/vqvae/553b1398fe70d88e.jpg,1,vqvae,coco,val,2d6ce3ff0acd988099436bf55eefd4f89ccf86bf7d5338a863c384b02a5dc030
wildfake,Images/Other_based.zip,Other_based/Typical/VQVAE/tt-coco/samples_nopix/img002799.jpg,data/wildfake/vqvae/c245f8b803fe1e64.jpg,1,vqvae,coco,val,fdacf185ea4eddb1942051fd521bab43fecbd00e5d8e70ec599f0c385f91ab51
wildfake,Images/Other_based.zip,Other_based/Typical/VQVAE/tt-coco/samples_nopix/img002597.jpg,data/wildfake/vqvae/56127f64bacd80e7.jpg,1,vqvae,coco,val,d0360fb50d977a8f0a051c591179b330db5813d0eb2bf7004f2e24ac909524c4
wildfake,Images/Other_based.zip,Other_based/Typical/VQVAE/tt-coco/samples_nopix/img004686.jpg,data/wildfake/vqvae/0aaebda7e36eb482.jpg,1,vqvae,coco,val,79e1f7fc0f84ad186ba1f5ea2509e3e448c7b053249e39ffd81a3a94a74d56da
wildfake,Images/Other_based.zip,Other_based/Typical/VQVAE/tt-coco/samples_nopix/img003806.jpg,data/wildfake/vqvae/dfd0d70be8bd4d93.jpg,1,vqvae,coco,val,b2bb80621a44498a6f1d1d1004c1e28932f8994e9827225fa2269cbe1285b0ce
wildfake,Images/Other_based.zip,Other_based/Typical/VQVAE/tt-coco/samples_nopix/img001490.jpg,data/wildfake/vqvae/0269ac915dd550af.jpg,1,vqvae,coco,val,dc81853e427795d4d8584e0e8a936b9f0fcafe1fef58194266026792236f4b6a
wildfake,Images/Other_based.zip,Other_based/Typical/VQVAE/tt-coco/samples_nopix/img003035.jpg,data/wildfake/vqvae/b5674be9329eaf3a.jpg,1,vqvae,coco,val,ea5c07fbc9aadafb6fb7e5757d51e169f369089e423a11b5f1a583ebd1f6f127
wildfake,Images/Other_based.zip,Other_based/Typical/VQVAE/tt-coco/samples_nopix/img002455.jpg,data/wildfake/vqvae/c1a3255efc898c8d.jpg,1,vqvae,coco,val,6fed994a82a05c1d80f842b3dc29beacfb5e7148939d8499420ca451ab1deb8a
wildfake,Images/Other_based.zip,Other_based/Typical/VQVAE/tt-coco/samples_nopix/img002746.jpg,data/wildfake/vqvae/420a2965fbcdda0f.jpg,1,vqvae,coco,val,46c6f65f604ff2eaa92b4f43be1090f2b56ab9a135ba3614b3a73df46382e4a5
wildfake,Images/Other_based.zip,Other_based/Typical/VQVAE/tt-coco/samples_nopix/img001104.jpg,data/wildfake/vqvae/0d7eaf269e216a16.jpg,1,vqvae,coco,val,31a3f2d2b0a4be2a980a5d780fbf1b08566ed87b08cf857b25af9c05baa4a2e7
wildfake,Images/Other_based.zip,Other_based/Typical/VQVAE/tt-coco/samples_nopix/img004216.jpg,data/wildfake/vqvae/c902cd99dd17b662.jpg,1,vqvae,coco,val,74383a68039feb9cd49cabec481406bf1ec496250668262496d3e766c27ffed2
wildfake,Images/Other_based.zip,Other_based/Typical/VQVAE/tt-coco/samples_nopix/img001885.jpg,data/wildfake/vqvae/a51a47ef1f609d17.jpg,1,vqvae,coco,val,2af5f7c5e00d6e19b74141052ea41df688bed2bfcee7c227290b894ece3f7816
wildfake,Images/Other_based.zip,Other_based/Typical/VQVAE/tt-coco/samples_nopix/img000170.jpg,data/wildfake/vqvae/969a9bdd84ab1786.jpg,1,vqvae,coco,val,603718d49dbdc7a6da9384843448f857d9b9040562fea4df9146d0beed5f7dcc
wildfake,Images/Other_based.zip,Other_based/Typical/VQVAE/tt-coco/samples_nopix/img001176.jpg,data/wildfake/vqvae/310728a320c2700d.jpg,1,vqvae,coco,val,2db724ad5171fde265be16dc444cf42567da30744a73adec894f21698cc7b6a7
wildfake,Images/Other_based.zip,Other_based/Typical/VQVAE/tt-coco/samples_nopix/img000690.jpg,data/wildfake/vqvae/e74d8cdc8f8d2a31.jpg,1,vqvae,coco,val,b4a83789a45c6b50f8cf1a5defaa29136484a069199f8f5c938f3c96e0f62913
wildfake,Images/Other_based.zip,Other_based/Typical/VQVAE/tt-coco/samples_nopix/img003247.jpg,data/wildfake/vqvae/2243f023ba0ba8cf.jpg,1,vqvae,coco,val,be7712eb4a8176de0ee7389c72fbfac5ece2511e22ad8380a72ef71e6a4e3e42
wildfake,Images/Other_based.zip,Other_based/Typical/VQVAE/tt-coco/samples_nopix/img003166.jpg,data/wildfake/vqvae/7ad0c8731a444e83.jpg,1,vqvae,coco,val,c2a500203cc8e3b147abb5a779d0fca44ada71eb11025f893be9d1c519ba5b0d
wildfake,Images/Other_based.zip,Other_based/Typical/VQVAE/tt-coco/samples_nopix/img001021.jpg,data/wildfake/vqvae/d0d087bad895b86a.jpg,1,vqvae,coco,val,57d8889eb6317108681326475f0394aa350d55c1d8ee01bfecb160a4020bab9b
wildfake,Images/Other_based.zip,Other_based/Typical/VQVAE/tt-coco/samples_nopix/img001063.jpg,data/wildfake/vqvae/5498ee84fbe10f5c.jpg,1,vqvae,coco,val,631b2500b1bd63cb35cded1b52b8393ff56c093bfb66185abaebbff97bc97176
wildfake,Images/Other_based.zip,Other_based/Typical/VQVAE/tt-coco/samples_nopix/img000637.jpg,data/wildfake/vqvae/aae9b69a98fca2ff.jpg,1,vqvae,coco,val,016e018567a35cf9a4d1afaa8fef423b86035a4ac0fd6fa6bb5e44d0c14c1dad
wildfake,Images/Other_based.zip,Other_based/Typical/VQVAE/tt-coco/samples_nopix/img004094.jpg,data/wildfake/vqvae/f175c095652bb77c.jpg,1,vqvae,coco,val,e1a34cc5c13a25facc10377ecfe5d339b1e70b87f4a3db337ade88624f12ea4d
wildfake,Images/Other_based.zip,Other_based/Typical/VQVAE/tt-coco/samples_nopix/img003677.jpg,data/wildfake/vqvae/0a2e28bc608f0a5e.jpg,1,vqvae,coco,val,e525d35088391725191f38136ff8cf79a511d5de15c1a79f4d4d5ba4a8f7d032
wildfake,Images/Other_based.zip,Other_based/Typical/VQVAE/tt-coco/samples_nopix/img000012.jpg,data/wildfake/vqvae/530b11dbddb73de4.jpg,1,vqvae,coco,val,7643cda4e5d69dd84b4e8f8f1820de2cb2d8be5732fbccd4c31ca391228d0a55
wildfake,Images/Other_based.zip,Other_based/Typical/VQVAE/tt-coco/samples_nopix/img002981.jpg,data/wildfake/vqvae/76a1d9aa10db6483.jpg,1,vqvae,coco,val,dd5cfb6f59e04e8a648231fea605023b97445aa64a6d6d2a40eb2a9580d0f89a
wildfake,Images/Other_based.zip,Other_based/Typical/VQVAE/tt-coco/samples_nopix/img000604.jpg,data/wildfake/vqvae/c15edae627b761a1.jpg,1,vqvae,coco,val,65a7069196c81f2bc79be88a4be945241ee45c176882f95207deb8533c28d934
wildfake,Images/Other_based.zip,Other_based/Typical/VQVAE/tt-coco/samples_nopix/img004766.jpg,data/wildfake/vqvae/4a45cd2ab553f288.jpg,1,vqvae,coco,val,a892bf79abd7d23d0fe509c9fd682bf52c29c10c7679078a11d879461ee27114
wildfake,Images/Other_based.zip,Other_based/Typical/VQVAE/tt-coco/samples_nopix/img004448.jpg,data/wildfake/vqvae/3c8ca5740136e690.jpg,1,vqvae,coco,val,c7bc2d17a0f83f592778a2696a0a057477052b730b68b7e7304166c261966e4f
wildfake,Images/Other_based.zip,Other_based/Typical/VQVAE/tt-coco/samples_nopix/img000448.jpg,data/wildfake/vqvae/c96162660df496c9.jpg,1,vqvae,coco,val,7d91057469f9c790be80df7385f39377a2ed447d116edd6c277d3c08d58c40a9
wildfake,Images/Other_based.zip,Other_based/Typical/VQVAE/tt-coco/samples_nopix/img004241.jpg,data/wildfake/vqvae/00748b0976ac48fa.jpg,1,vqvae,coco,val,5f3e38c90f5b91c60bbb813805c0c4e1c3752267df358d3f3c64cd1fdf5ad68a
wildfake,Images/Other_based.zip,Other_based/Typical/VQVAE/tt-coco/samples_nopix/img001815.jpg,data/wildfake/vqvae/0eb8b1e4575d4fa6.jpg,1,vqvae,coco,val,15ef87dc6c6f7f93d49fd3efaa580599221c84486b1d749e6bbd62869c553800
wildfake,Images/Other_based.zip,Other_based/Typical/VQVAE/tt-coco/samples_nopix/img004312.jpg,data/wildfake/vqvae/d5428a7df76a6b76.jpg,1,vqvae,coco,val,26ec5644c72596af8d174ac631749dd50a7103e38221a74422cb010bb933d208
wildfake,Images/Other_based.zip,Other_based/Typical/VQVAE/tt-coco/samples_nopix/img001236.jpg,data/wildfake/vqvae/56bbc3a9244c12d1.jpg,1,vqvae,coco,val,fd0dcf0ffa6e81c8782d613b56c9b518f3dfea53b5e136f1951aacfe21ba5b6d
wildfake,Images/Other_based.zip,Other_based/Typical/VQVAE/tt-coco/samples_nopix/img003636.jpg,data/wildfake/vqvae/16a744c57190ffd8.jpg,1,vqvae,coco,val,d817c35150269df2979d84ac9dd96dc07aca52e2df9085028e4ec63df72c0ee5
wildfake,Images/Other_based.zip,Other_based/Typical/VQVAE/tt-coco/samples_nopix/img003686.jpg,data/wildfake/vqvae/929086cc7cabd705.jpg,1,vqvae,coco,val,59a042fbbe0d653d6c9e50f6cce8b71002b130ea9f8319a4e0f9ab27f0823ee3
wildfake,Images/Other_based.zip,Other_based/Typical/VQVAE/tt-coco/samples_nopix/img004709.jpg,data/wildfake/vqvae/5a14cc277b582598.jpg,1,vqvae,coco,val,435c15472af01cd7f107ce69273eb864b1ac0b4d9bb63d696dfa04ae270e53a5
wildfake,Images/Other_based.zip,Other_based/Typical/VQVAE/tt-coco/samples_nopix/img004155.jpg,data/wildfake/vqvae/e4516ab3776f19d7.jpg,1,vqvae,coco,val,17c263e992d81bc904cfd6da6b9a4c44daa4dbd7669dcbfa1d644ea1786667a8
wildfake,Images/Other_based.zip,Other_based/Typical/VQVAE/tt-coco/samples_nopix/img001252.jpg,data/wildfake/vqvae/eee2493b1c183c3c.jpg,1,vqvae,coco,val,eca0ee4b49741036d4bd99e3aa75094d1fd43de2aa6eae57ddfce361b4a1ec79
wildfake,Images/Other_based.zip,Other_based/Typical/VQVAE/tt-coco/samples_nopix/img004079.jpg,data/wildfake/vqvae/154474a4b39aac96.jpg,1,vqvae,coco,val,a0b542323178bb434e38bc40054c29116e88b92bcb4836b8b43cd8bdd085ed9f
wildfake,Images/Other_based.zip,Other_based/Typical/VQVAE/tt-coco/samples_nopix/img001616.jpg,data/wildfake/vqvae/8b13ccd8829ea74d.jpg,1,vqvae,coco,val,f4830df1b4d373e4c59eedd4100485a3397e88227f6ff9772610d88a4ae7b993
wildfake,Images/Other_based.zip,Other_based/Typical/VQVAE/tt-coco/samples_nopix/img002771.jpg,data/wildfake/vqvae/ffb78564c322ba67.jpg,1,vqvae,coco,val,d274b104d834017c772f8a5bbce8ed619a1488cc8a021fc8583a25152abe2d4d
wildfake,Images/Other_based.zip,Other_based/Typical/VQVAE/tt-coco/samples_nopix/img002304.jpg,data/wildfake/vqvae/8b21e15555109a65.jpg,1,vqvae,coco,val,446a1d30c69a3701643884193ed34eed3e27ace002c4ecca7f4e29781dc4b210
wildfake,Images/Other_based.zip,Other_based/Typical/VQVAE/tt-coco/samples_nopix/img001294.jpg,data/wildfake/vqvae/1bbe099f9209c174.jpg,1,vqvae,coco,val,a342396615af74c46b5c8672c618fe9ffb63c127c97300a5b24a1970bb486752
wildfake,Images/Other_based.zip,Other_based/Typical/VQVAE/tt-coco/samples_nopix/img001806.jpg,data/wildfake/vqvae/d82c7601a8ed5755.jpg,1,vqvae,coco,val,d9a67f372f713e5f913999a0025dacce6ef16ec5333954ec546310e334245650
wildfake,Images/Other_based.zip,Other_based/Typical/VQVAE/tt-coco/samples_nopix/img003219.jpg,data/wildfake/vqvae/a95a8b0849657453.jpg,1,vqvae,coco,val,47aff16c04b319e28e55b5c3957ff52e82aa4a82bce70596ab38834db30df8d2
wildfake,Images/Other_based.zip,Other_based/Typical/VQVAE/tt-coco/samples_nopix/img002406.jpg,data/wildfake/vqvae/61f3f16b285fb9b9.jpg,1,vqvae,coco,val,9bcad786cb82b85f4c4ca3bd9f2c3a7f9f38f196195aed0231359f8aafbed9be
wildfake,Images/Other_based.zip,Other_based/Typical/VQVAE/tt-coco/samples_nopix/img002343.jpg,data/wildfake/vqvae/fd46ffa106b9eeb6.jpg,1,vqvae,coco,val,5ce93e884713928cf2f636f7c1ddc53904c37b88ed185c674f032ecc9cca575b
wildfake,Images/Other_based.zip,Other_based/Typical/VQVAE/tt-coco/samples_nopix/img004848.jpg,data/wildfake/vqvae/58962dfb3ecebb2d.jpg,1,vqvae,coco,val,240992853a1b0e568bb77d58f76335e62314ff5706690a6753d4a049724522ad
wildfake,Images/Other_based.zip,Other_based/Typical/VQVAE/tt-coco/samples_nopix/img001124.jpg,data/wildfake/vqvae/d6be6043ff281667.jpg,1,vqvae,coco,val,56c5128013410f6a1bacefd36d23589ee120a1ddaf4e7f2726f4b03ae3261089
wildfake,Images/Other_based.zip,Other_based/Typical/VQVAE/tt-coco/samples_nopix/img003173.jpg,data/wildfake/vqvae/f724354f696e9e8c.jpg,1,vqvae,coco,val,1fcb396f93a47a018641afe48b01dea1c607e993e8ddf9590275e643ad164bd3
wildfake,Images/Other_based.zip,Other_based/Typical/VQVAE/tt-coco/samples_nopix/img004617.jpg,data/wildfake/vqvae/65988572e8f8748a.jpg,1,vqvae,coco,val,3cd6009cb2ea56e54bc899b03db77ab64d2fd382d66735b41d643dabdbb83420
wildfake,Images/Other_based.zip,Other_based/Typical/VQVAE/tt-coco/samples_nopix/img003936.jpg,data/wildfake/vqvae/96fa40b6ae229eb1.jpg,1,vqvae,coco,val,14d39a150a0283fe285209ef7f197fdb93dad5c08cd020317d2682d1fdd89245
wildfake,Images/Other_based.zip,Other_based/Typical/VQVAE/tt-coco/samples_nopix/img002378.jpg,data/wildfake/vqvae/3e5afc580661048b.jpg,1,vqvae,coco,val,6ffe4082132f17e30bd3c67e3f194014db421b122af9f9dd1775fa1a2a4a0d44
wildfake,Images/Other_based.zip,Other_based/Typical/VQVAE/tt-coco/samples_nopix/img001162.jpg,data/wildfake/vqvae/5beaff6c57057e0c.jpg,1,vqvae,coco,val,d4b7b3acad4ad62531b0a93ce1787d970c1546cdbdbd6e60b11a2b7ee8a81742
wildfake,Images/Other_based.zip,Other_based/Typical/VQVAE/tt-coco/samples_nopix/img002030.jpg,data/wildfake/vqvae/a6303feb7e8e83b9.jpg,1,vqvae,coco,val,b58978badee16f0adef010772719b046829ce175a2b25178e180af5a31a303aa
wildfake,Images/Other_based.zip,Other_based/Typical/VQVAE/tt-coco/samples_nopix/img001300.jpg,data/wildfake/vqvae/0748ff5e944df623.jpg,1,vqvae,coco,val,d9abdfe8c695acd24981781a1c9c23e3d7d4e44aa7451b29579d2d4e2a2827cd
wildfake,Images/Other_based.zip,Other_based/Typical/VQVAE/tt-coco/samples_nopix/img002956.jpg,data/wildfake/vqvae/02ddd7bdf6cd48cc.jpg,1,vqvae,coco,val,368d233d7e074c17cf56b89356862b78d5370ada8250d4fca68511ec3e5ab454
wildfake,Images/Other_based.zip,Other_based/Typical/VQVAE/tt-coco/samples_nopix/img001220.jpg,data/wildfake/vqvae/2c59eb46fa116316.jpg,1,vqvae,coco,val,c95bbebc24d518bc180898cba01fd7050af705a23a8bd9d8c12ed371fef34904
wildfake,Images/Other_based.zip,Other_based/Typical/VQVAE/tt-coco/samples_nopix/img001414.jpg,data/wildfake/vqvae/71119ea109dbe67b.jpg,1,vqvae,coco,val,5cca4c67a3a1b91b9d9a181676aedd3990b4743f2108b9a3e91acd8ef92ffdf1
wildfake,Images/Other_based.zip,Other_based/Typical/VQVAE/tt-coco/samples_nopix/img000811.jpg,data/wildfake/vqvae/b34b59ccc6b479b4.jpg,1,vqvae,coco,test,40bda45959d003dcd825e5a91d6e7587d171a99e49470e1852e26fe3d33c1997
wildfake,Images/Other_based.zip,Other_based/Typical/VQVAE/tt-coco/samples_nopix/img002533.jpg,data/wildfake/vqvae/bf9761125c4d0879.jpg,1,vqvae,coco,test,4d25a49fdad36fecfe96b68239ea4a31232730e05b8305fb3cdee560722b5c8e
wildfake,Images/Other_based.zip,Other_based/Typical/VQVAE/tt-coco/samples_nopix/img000910.jpg,data/wildfake/vqvae/b14ef1f562d6b6be.jpg,1,vqvae,coco,test,34a08344ff8dd48924fa85cff025e7e4e129b9d7033636447652319615ef1195
wildfake,Images/Other_based.zip,Other_based/Typical/VQVAE/tt-coco/samples_nopix/img004519.jpg,data/wildfake/vqvae/9bab1bbf8f790c49.jpg,1,vqvae,coco,test,b174aecbebb51d3db3bdd2a949a85dd0a2f03dfc64bddae57095c649c647b803
wildfake,Images/Other_based.zip,Other_based/Typical/VQVAE/tt-coco/samples_nopix/img003804.jpg,data/wildfake/vqvae/7e548f043c204de5.jpg,1,vqvae,coco,test,87bff93a601d103f898bc101ecb7c180eceefb7ee4ba69603c0d4e2c5f2296eb
wildfake,Images/Other_based.zip,Other_based/Typical/VQVAE/tt-coco/samples_nopix/img000372.jpg,data/wildfake/vqvae/d413927b73399eab.jpg,1,vqvae,coco,test,d8015d5621af922b5e02908b71ee1a925d5368347913f817d20d0df4313953d6
wildfake,Images/Other_based.zip,Other_based/Typical/VQVAE/tt-coco/samples_nopix/img003283.jpg,data/wildfake/vqvae/b3fd212355aad5ed.jpg,1,vqvae,coco,test,e1347ea80fbe2a3d3b737a22b5749eb5cfc8ea358c780f3a7c542b82f51a5dc5
wildfake,Images/Other_based.zip,Other_based/Typical/VQVAE/tt-coco/samples_nopix/img004756.jpg,data/wildfake/vqvae/b3dd118ef62f0dd1.jpg,1,vqvae,coco,test,d7632c318490025d899fb8a0d9353977ab76c230d778d45cb00e22180494596b
wildfake,Images/Other_based.zip,Other_based/Typical/VQVAE/tt-coco/samples_nopix/img004153.jpg,data/wildfake/vqvae/236e8d806e9666f9.jpg,1,vqvae,coco,test,992e5fb29e3346962f5f661d0abe01166fe3a0bf16052754ea4a248be8c01e92
wildfake,Images/Other_based.zip,Other_based/Typical/VQVAE/tt-coco/samples_nopix/img003169.jpg,data/wildfake/vqvae/a2778ca30306fd5c.jpg,1,vqvae,coco,test,bb0dc80f0b5b04038ff03373fe131411de9682c67998313a07fec8dff19082f7
wildfake,Images/Other_based.zip,Other_based/Typical/VQVAE/tt-coco/samples_nopix/img002360.jpg,data/wildfake/vqvae/a927b6f2d1866001.jpg,1,vqvae,coco,test,9dd971fbf47e5d5eabc7c17c250269fd43f63146b7e8e0667ae64a375dde05b5
wildfake,Images/Other_based.zip,Other_based/Typical/VQVAE/tt-coco/samples_nopix/img000721.jpg,data/wildfake/vqvae/fc546ea6fd831c8e.jpg,1,vqvae,coco,test,4ee64b67560276213fc12a2620788a2fc4215f9ef2d68d1d37a8aa3a317a37be
wildfake,Images/Other_based.zip,Other_based/Typical/VQVAE/tt-coco/samples_nopix/img003149.jpg,data/wildfake/vqvae/85779c70008c81d3.jpg,1,vqvae,coco,test,e0ccc883874d4804a12b3305a7ee37c762f370329355b21c0294d509d53684b1
wildfake,Images/Other_based.zip,Other_based/Typical/VQVAE/tt-coco/samples_nopix/img000646.jpg,data/wildfake/vqvae/aef1a04fd45c0e25.jpg,1,vqvae,coco,test,498a6cf8f5f2ee1d457bd3154d0d0ddf82f7063d82b3eb7c0da195470531040b
wildfake,Images/Other_based.zip,Other_based/Typical/VQVAE/tt-coco/samples_nopix/img003022.jpg,data/wildfake/vqvae/07f44c926d88afd4.jpg,1,vqvae,coco,test,2d78180f97760ef4f1a9f34669cc964517f9923650767406caf16ad97c3e89a0
wildfake,Images/Other_based.zip,Other_based/Typical/VQVAE/tt-coco/samples_nopix/img000719.jpg,data/wildfake/vqvae/b74743cabb19a2f8.jpg,1,vqvae,coco,test,b0de3d50ed7f88decf39dafe090ee77cbbaade8f782a0da3b25be938dfe5ba19
wildfake,Images/Other_based.zip,Other_based/Typical/VQVAE/tt-coco/samples_nopix/img001959.jpg,data/wildfake/vqvae/365e57fa83f62b03.jpg,1,vqvae,coco,test,154ffde45041b3bd4c517f983e47b5f8a66c78aa13bd1b2468fa2a9d8db6e7e7
wildfake,Images/Other_based.zip,Other_based/Typical/VQVAE/tt-coco/samples_nopix/img001639.jpg,data/wildfake/vqvae/218e7c40695b92d9.jpg,1,vqvae,coco,test,9da677f6d498d452972b8128fe17a159b7bf5be35fce1370a8beca69dc5a45f7
wildfake,Images/Other_based.zip,Other_based/Typical/VQVAE/tt-coco/samples_nopix/img004238.jpg,data/wildfake/vqvae/1b024a1b0e430a67.jpg,1,vqvae,coco,test,e7a2fd8bcd1939310c9864c7a5999916c7ea0d9d33c187ef053878bd27f539f1
wildfake,Images/Other_based.zip,Other_based/Typical/VQVAE/tt-coco/samples_nopix/img001608.jpg,data/wildfake/vqvae/75b1f671e5bbb2c1.jpg,1,vqvae,coco,test,3cfb2757de607e2471b719c71a2a762f2d02ac56a858bceb803f7c8d4fa5fc21
wildfake,Images/Other_based.zip,Other_based/Typical/VQVAE/tt-coco/samples_nopix/img000230.jpg,data/wildfake/vqvae/86915d2faba94dd9.jpg,1,vqvae,coco,test,f56fda2b48184174f238fbc35a1346f4ece1b65084ad34645b908331770f8486
wildfake,Images/Other_based.zip,Other_based/Typical/VQVAE/tt-coco/samples_nopix/img002618.jpg,data/wildfake/vqvae/c79a88763c4d6a8b.jpg,1,vqvae,coco,test,dd206a4060937c152f7bd8f46a02ceff28985d158a3114561f2c5d69a0e1afe5
wildfake,Images/Other_based.zip,Other_based/Typical/VQVAE/tt-coco/samples_nopix/img003599.jpg,data/wildfake/vqvae/f47bfc7b1351fed6.jpg,1,vqvae,coco,test,3eae3444ade2ae08d85be7bc58a2c5ed7879bf2c99b18c5c6921bd23352d3bda
wildfake,Images/Other_based.zip,Other_based/Typical/VQVAE/tt-coco/samples_nopix/img002996.jpg,data/wildfake/vqvae/d3a607374e7a4483.jpg,1,vqvae,coco,test,cc1370576bf0b6ee9ac72d2984b071bbbfe876a93059d799dcacc312afc175c7
wildfake,Images/Other_based.zip,Other_based/Typical/VQVAE/tt-coco/samples_nopix/img004374.jpg,data/wildfake/vqvae/fb471259005fe2a8.jpg,1,vqvae,coco,test,f2c097cb3c7f94023b98b87ade6fe5326900bc3049e900d9939172f662e000c7
wildfake,Images/Other_based.zip,Other_based/Typical/VQVAE/tt-coco/samples_nopix/img002954.jpg,data/wildfake/vqvae/6f8bcd87e15ea97f.jpg,1,vqvae,coco,test,6808bdf30535656dfa797c60d534f5a6eb973d909e423d342b2c2284ff9bfb4d
wildfake,Images/Other_based.zip,Other_based/Typical/VQVAE/tt-coco/samples_nopix/img002741.jpg,data/wildfake/vqvae/d5999bddb0966c4a.jpg,1,vqvae,coco,test,4e0a013de40f2ec431d5bfaf6156d6b13368834f765a3274030022b45c4b671a
wildfake,Images/Other_based.zip,Other_based/Typical/VQVAE/tt-coco/samples_nopix/img002777.jpg,data/wildfake/vqvae/f08c23c346c2e1aa.jpg,1,vqvae,coco,test,3d5ae4134f8ff536131659532ae069ca7fdd356248848e7ca7eda707531cf730
wildfake,Images/Other_based.zip,Other_based/Typical/VQVAE/tt-coco/samples_nopix/img004611.jpg,data/wildfake/vqvae/697fa505a0caa8c0.jpg,1,vqvae,coco,test,5c9a9c663d096135a376c7ca0389240da1efc90aebf5dc1943ba64950b775f40
wildfake,Images/Other_based.zip,Other_based/Typical/VQVAE/tt-coco/samples_nopix/img002997.jpg,data/wildfake/vqvae/0760195148694040.jpg,1,vqvae,coco,test,3274fc73b95685e69092f7367d989c43dce11eb00fbb49cc2420be00478488cc
wildfake,Images/Other_based.zip,Other_based/Typical/VQVAE/tt-coco/samples_nopix/img002589.jpg,data/wildfake/vqvae/634d6e2eebc6d4ba.jpg,1,vqvae,coco,test,d04c368b30dc1a9fb5e2234aa5bfb0fdaef649b32aa51024cd7c826cd407b567
wildfake,Images/Other_based.zip,Other_based/Typical/VQVAE/tt-coco/samples_nopix/img000655.jpg,data/wildfake/vqvae/ce00eabb283f9dc7.jpg,1,vqvae,coco,test,961554a25790c5a759982f2a2db0ae1609d855e6ab2309d9279c264f4c4d4bf4
wildfake,Images/Other_based.zip,Other_based/Typical/VQVAE/tt-coco/samples_nopix/img004107.jpg,data/wildfake/vqvae/1e49643734bd4751.jpg,1,vqvae,coco,test,ee62dda0b498c89973869fa78d5be9ef0a48338380c8a6a32f667d8f3983c009
wildfake,Images/Other_based.zip,Other_based/Typical/VQVAE/tt-coco/samples_nopix/img002510.jpg,data/wildfake/vqvae/33c1e6a1b86b5609.jpg,1,vqvae,coco,test,eb3160c44d5663614d5e5a9f489efbb04fb28eedcb124e42fc51446d205cef9c
wildfake,Images/Other_based.zip,Other_based/Typical/VQVAE/tt-coco/samples_nopix/img004773.jpg,data/wildfake/vqvae/bc2f4496ba1830d1.jpg,1,vqvae,coco,test,4e3baddf4ced1fe4483bb393294bb0619060e77fa48108c27fdf0d784feafe90
wildfake,Images/Other_based.zip,Other_based/Typical/VQVAE/tt-coco/samples_nopix/img003743.jpg,data/wildfake/vqvae/ad677d045f70a6ad.jpg,1,vqvae,coco,test,06b1ac18e6edea3a2fd08b75301211ed7cc4b7a6d44fedfb6cab8036f0c80d53
wildfake,Images/Other_based.zip,Other_based/Typical/VQVAE/tt-coco/samples_nopix/img002862.jpg,data/wildfake/vqvae/953018c6d1d1d7b9.jpg,1,vqvae,coco,test,7c4555aadacdec924260d023c81f5c830aa1be09a2b542e70c4a5077f31bda6c
wildfake,Images/Other_based.zip,Other_based/Typical/VQVAE/tt-coco/samples_nopix/img003851.jpg,data/wildfake/vqvae/24e982261c0724bd.jpg,1,vqvae,coco,test,01a7d2edf3857d0ed5aff75d231771cbdc2f343453aab252995f15880724bda6
wildfake,Images/Other_based.zip,Other_based/Typical/VQVAE/tt-coco/samples_nopix/img004892.jpg,data/wildfake/vqvae/f6a30adaee23cb84.jpg,1,vqvae,coco,test,f9b3d0044870f881a486f987e318f5f5d8b24854ea453f327c3dbccd275feb60
wildfake,Images/Other_based.zip,Other_based/Typical/VQVAE/tt-coco/samples_nopix/img002340.jpg,data/wildfake/vqvae/3368cbc3599cb322.jpg,1,vqvae,coco,test,9e1f70dba1ace8c49859b884ccd41bce46c05916eb9c0ab28d046d9b96536f06
wildfake,Images/Other_based.zip,Other_based/Typical/VQVAE/tt-coco/samples_nopix/img004223.jpg,data/wildfake/vqvae/2219b8153d4005dc.jpg,1,vqvae,coco,test,1bbc67e189fe628860dbaea85f974548935476c1c2f79a3614964869fca0190e
wildfake,Images/Other_based.zip,Other_based/Typical/VQVAE/tt-coco/samples_nopix/img003210.jpg,data/wildfake/vqvae/f1317d0862745c40.jpg,1,vqvae,coco,test,8d5c60a45775147047bf44756029150c794648fa7e27bed2d8df702b47ef1eba
wildfake,Images/Other_based.zip,Other_based/Typical/VQVAE/tt-coco/samples_nopix/img001313.jpg,data/wildfake/vqvae/e9d073c6f290c85b.jpg,1,vqvae,coco,test,aa987d13cb868012eaf82905b3ce925c7f3bdd8dbc70e2c3ac3ccbacdea771cc
wildfake,Images/Other_based.zip,Other_based/Typical/VQVAE/tt-coco/samples_nopix/img004096.jpg,data/wildfake/vqvae/7ef10f0624a62c85.jpg,1,vqvae,coco,test,a33c3fbf4ad3aa4eabc3b874d5f7af56b31a2fba2a81b114e420e281ca371773
wildfake,Images/Other_based.zip,Other_based/Typical/VQVAE/tt-coco/samples_nopix/img000597.jpg,data/wildfake/vqvae/697aee18cbbab775.jpg,1,vqvae,coco,test,b4c9e4dc84e92a899e8fa658f78fb3e64127a5d540c6267d91e592b98c0dd372
wildfake,Images/Other_based.zip,Other_based/Typical/VQVAE/tt-coco/samples_nopix/img000370.jpg,data/wildfake/vqvae/3e4ecf69e59938c0.jpg,1,vqvae,coco,test,c374f7ca9f7f265f0bb27455dac27f9e91ee12582b258732056795a7580c1153
wildfake,Images/Other_based.zip,Other_based/Typical/VQVAE/tt-coco/samples_nopix/img000737.jpg,data/wildfake/vqvae/dfc04c346a30fda0.jpg,1,vqvae,coco,test,ba413dcaa7be32d2f7c76aff0875979b662252f85549405a0147d8cf4541f158
wildfake,Images/Other_based.zip,Other_based/Typical/VQVAE/tt-coco/samples_nopix/img000632.jpg,data/wildfake/vqvae/c8685a14093137b8.jpg,1,vqvae,coco,test,869315144418ef30bdde4b48ad7a2a040bf968e8371ef0acaeb2e655ffe8ef87
wildfake,Images/Other_based.zip,Other_based/Typical/VQVAE/tt-coco/samples_nopix/img003136.jpg,data/wildfake/vqvae/d15a145065ce1026.jpg,1,vqvae,coco,test,4eb7ac3f0e76d52fa4bdfc0a8e5ff008969083e9c64432c8f69cd735f00ecff2
wildfake,Images/Other_based.zip,Other_based/Typical/VQVAE/tt-coco/samples_nopix/img004054.jpg,data/wildfake/vqvae/5393dcf863f85b13.jpg,1,vqvae,coco,test,78c24c52d823fe592019d08e28466baadfbf8731b9c0b8b3b59ab08ab4f9d366
wildfake,Images/Other_based.zip,Other_based/Typical/VQVAE/tt-coco/samples_nopix/img003703.jpg,data/wildfake/vqvae/e92ea13615be3bbf.jpg,1,vqvae,coco,test,1a0a3d6acab8569eda26a88ca21d9366f24bcc3c67a0208b76b820d50e705fd1
wildfake,Images/Other_based.zip,Other_based/Typical/VQVAE/tt-coco/samples_nopix/img000153.jpg,data/wildfake/vqvae/1d0485212c2f7c76.jpg,1,vqvae,coco,test,b327c78dd44752ae843d3d0183d510351f07c20d4dcbe8b13d30c9303596a1b1
wildfake,Images/Other_based.zip,Other_based/Typical/VQVAE/tt-coco/samples_nopix/img000248.jpg,data/wildfake/vqvae/a0ea2d917e296d6f.jpg,1,vqvae,coco,test,52872387b77787ffbb5979c66cb778229c616da6493864ad1dc34a86e3d79519
wildfake,Images/Other_based.zip,Other_based/Typical/VQVAE/tt-coco/samples_nopix/img002491.jpg,data/wildfake/vqvae/e0c0da55eab096e7.jpg,1,vqvae,coco,test,c08b6e8991bfe16c895fad9ad47850ecb99ece9831eab63f55a130457c4642d6
wildfake,Images/Other_based.zip,Other_based/Typical/VQVAE/tt-coco/samples_nopix/img001199.jpg,data/wildfake/vqvae/4c89f2ad0362a777.jpg,1,vqvae,coco,test,b2b00522ea4c62fa46d6a71ecb3d78aec99bb346a2bc064dd15d82614cf5b952
wildfake,Images/Other_based.zip,Other_based/Typical/VQVAE/tt-coco/samples_nopix/img001839.jpg,data/wildfake/vqvae/4315d2cbeabad9c0.jpg,1,vqvae,coco,test,cc2fdf66762a7770df503bf910d0af28d70ae52599a74dee212bcc4f2e76d59c
wildfake,Images/Other_based.zip,Other_based/Typical/VQVAE/tt-coco/samples_nopix/img003585.jpg,data/wildfake/vqvae/a8adf20296f0b901.jpg,1,vqvae,coco,test,2442e9047fadb6a17bce83c34d715393da2f2124cdd37060a4c2e1fa141d94dd
wildfake,Images/Other_based.zip,Other_based/Typical/VQVAE/tt-coco/samples_nopix/img002541.jpg,data/wildfake/vqvae/9a1a940307584f68.jpg,1,vqvae,coco,test,5d2937bec18c4942dc377ee69080bd82b92471d5c7c8c405ab278d5454010b2f
wildfake,Images/Other_based.zip,Other_based/Typical/VQVAE/tt-coco/samples_nopix/img003921.jpg,data/wildfake/vqvae/87fa8737caa99f57.jpg,1,vqvae,coco,test,92c6f891ba8ff04e07616b05ee3f5b89cf036bafa68c7983a43318550a46e603
wildfake,Images/Other_based.zip,Other_based/Typical/VQVAE/tt-coco/samples_nopix/img004360.jpg,data/wildfake/vqvae/006b80c52aee03a6.jpg,1,vqvae,coco,test,ce068255b49943430c941c5cf931fd2964acabb1673c0c6e0e9170fbb4377087
wildfake,Images/Other_based.zip,Other_based/Typical/VQVAE/tt-coco/samples_nopix/img004047.jpg,data/wildfake/vqvae/c4d000e26f28b487.jpg,1,vqvae,coco,test,1fe7cd0c9d217cb5b5b838d4445022fb53f442c70eb48933f79d881a366adfd2
wildfake,Images/Other_based.zip,Other_based/Typical/VQVAE/tt-coco/samples_nopix/img004250.jpg,data/wildfake/vqvae/4e7b89378698bc04.jpg,1,vqvae,coco,test,3c040c5a3bf78caf21ca806623ab08d1d2736e77dcb49de057ff044a0eb56b0f
wildfake,Images/Other_based.zip,Other_based/Typical/VQVAE/tt-coco/samples_nopix/img004306.jpg,data/wildfake/vqvae/852f7e19e4c296ac.jpg,1,vqvae,coco,test,e2e355293631fe8eb72cbc28e8c6fad1432cdd2b72da6b7cffc882f025ab67d9
wildfake,Images/Other_based.zip,Other_based/Typical/VQVAE/tt-coco/samples_nopix/img003638.jpg,data/wildfake/vqvae/70c580a496d751cc.jpg,1,vqvae,coco,test,7d0cbad7903bdfadd67296bfd8b2c887560e2bbc76fb86d17fab8dded66306dd
wildfake,Images/Other_based.zip,Other_based/Typical/VQVAE/tt-coco/samples_nopix/img004540.jpg,data/wildfake/vqvae/29a2f7d7daf030ee.jpg,1,vqvae,coco,test,3038b4b96e9f3b05efaeab704cdbcc456898134aaf94bd37f8afecbe2cf29d89
wildfake,Images/Other_based.zip,Other_based/Typical/VQVAE/tt-coco/samples_nopix/img002755.jpg,data/wildfake/vqvae/6a37c66150e2b778.jpg,1,vqvae,coco,test,4c575bd8b9009ced16ef505576c44f1a9eff703efc714fe39402a222ef5e0320
wildfake,Images/Other_based.zip,Other_based/Typical/VQVAE/tt-coco/samples_nopix/img004701.jpg,data/wildfake/vqvae/2a36983636f18bf1.jpg,1,vqvae,coco,test,fa908f193e55ac7bc915814c7e18b48032a0f937bc1217ad03243eb5c2cd685f
wildfake,Images/Other_based.zip,Other_based/Typical/VQVAE/tt-coco/samples_nopix/img004345.jpg,data/wildfake/vqvae/8a0fecce12f8d100.jpg,1,vqvae,coco,test,72528b530ec9b3235c451ec5821df72015daa4d44c366612cf7f677b79debfa8
wildfake,Images/Other_based.zip,Other_based/Typical/VQVAE/tt-coco/samples_nopix/img004085.jpg,data/wildfake/vqvae/f9319c1845a812f7.jpg,1,vqvae,coco,test,a2d6b18589e1793a3eba5f5144181c546c69c4f10dcf3d8b7b1d082a0c9ea187
wildfake,Images/Other_based.zip,Other_based/Typical/VQVAE/tt-coco/samples_nopix/img004935.jpg,data/wildfake/vqvae/55f679ee9029bb3d.jpg,1,vqvae,coco,test,4f63689fe4c3e6609263ab4b149b3726226aa1cb003ae546927d95f2265023df
wildfake,Images/Other_based.zip,Other_based/Typical/VQVAE/tt-coco/samples_nopix/img002813.jpg,data/wildfake/vqvae/001aa5977a11a8e6.jpg,1,vqvae,coco,train,220e6db484948b0bcc5b3a1057735764ecd8ea6521627c87601a091d9c5aa79f
wildfake,Images/Other_based.zip,Other_based/Typical/VQVAE/tt-coco/samples_nopix/img000739.jpg,data/wildfake/vqvae/5b6d364e50d2c6bf.jpg,1,vqvae,coco,train,be0ec173518ae1a9c0ff8fa19e921ba6fb8492efd423cb70ce67d7bdf1b36e5c
wildfake,Images/Other_based.zip,Other_based/Typical/VQVAE/tt-coco/samples_nopix/img003326.jpg,data/wildfake/vqvae/7f87b61a2007e589.jpg,1,vqvae,coco,train,f47124e5769976e62f826f241a793016c69104bafed0cf114bc9afe7ed293350
wildfake,Images/Other_based.zip,Other_based/Typical/VQVAE/tt-coco/samples_nopix/img001421.jpg,data/wildfake/vqvae/f894f9c27a10a91d.jpg,1,vqvae,coco,train,3a5e8b07513ba71c6cc0b6bc6bdceff0cc61763692d897057beeb16668d19d6d
wildfake,Images/Other_based.zip,Other_based/Typical/VQVAE/tt-coco/samples_nopix/img000538.jpg,data/wildfake/vqvae/ac7ba3d454604c37.jpg,1,vqvae,coco,train,790118e096c93f9132c9b4492032c7db3237bed21935b7f68c1e402e97cd2b10
wildfake,Images/Other_based.zip,Other_based/Typical/VQVAE/tt-coco/samples_nopix/img004391.jpg,data/wildfake/vqvae/2cc6dbcffbde9052.jpg,1,vqvae,coco,train,78f635fac4a17662b35046bd8c071eb04cbab7952916c586327f8d1ca8e2a631
wildfake,Images/Other_based.zip,Other_based/Typical/VQVAE/tt-coco/samples_nopix/img000419.jpg,data/wildfake/vqvae/3c380210bbd94246.jpg,1,vqvae,coco,train,d7edb686c151a32a92f5c85c521a7f494d4b45072400a4014974ac037f29c412
wildfake,Images/Other_based.zip,Other_based/Typical/VQVAE/tt-coco/samples_nopix/img000514.jpg,data/wildfake/vqvae/8ca066570974cfea.jpg,1,vqvae,coco,train,95a7a3b1763a93538b30e16a3a501f517fa9b7216115f340efc6b534db9d963e
wildfake,Images/Other_based.zip,Other_based/Typical/VQVAE/tt-coco/samples_nopix/img004672.jpg,data/wildfake/vqvae/94d7ee50d10ee6f6.jpg,1,vqvae,coco,train,53eecff47490e865ead6b33257e0bf7e329051d341e9d475f6074dbad529affd
wildfake,Images/Other_based.zip,Other_based/Typical/VQVAE/tt-coco/samples_nopix/img003956.jpg,data/wildfake/vqvae/4eebfcbaf80ee00e.jpg,1,vqvae,coco,train,ece6c4d6c82b1b5e8eef9310c297adfd9b83e5766aa1b9c8213f12ff266082ea
wildfake,Images/Other_based.zip,Other_based/Typical/VQVAE/tt-coco/samples_nopix/img002457.jpg,data/wildfake/vqvae/300a177300c0b576.jpg,1,vqvae,coco,train,258331720bffcd5f9bcb0efbb6c197bf2b54bb39dbad289cf37f0a6b6af42972
wildfake,Images/Other_based.zip,Other_based/Typical/VQVAE/tt-coco/samples_nopix/img004988.jpg,data/wildfake/vqvae/e79e98701274f3cc.jpg,1,vqvae,coco,train,b230d483b8044dab943a7c1cc1da0e665766905e3b703852c71e876f39262320
wildfake,Images/Other_based.zip,Other_based/Typical/VQVAE/tt-coco/samples_nopix/img000391.jpg,data/wildfake/vqvae/fb36ed5c54485d1a.jpg,1,vqvae,coco,train,d7e70f9a99e5079735b2d175e0d1b50f266541c72df9455e18002006fdf043bd
wildfake,Images/Other_based.zip,Other_based/Typical/VQVAE/tt-coco/samples_nopix/img000842.jpg,data/wildfake/vqvae/1b82a7ddc6fce982.jpg,1,vqvae,coco,train,dd9be444d81e53e5f1ff475d9b85f702b9621220bae16be8c073c7832a9be1cb
wildfake,Images/Other_based.zip,Other_based/Typical/VQVAE/tt-coco/samples_nopix/img001003.jpg,data/wildfake/vqvae/dcfac1dadf0478e4.jpg,1,vqvae,coco,train,3b8a8fcd626e2509e22bc827a7e64075b8d7776441ce9b0a7c6cb796fe219b6b
wildfake,Images/Other_based.zip,Other_based/Typical/VQVAE/tt-coco/samples_nopix/img001169.jpg,data/wildfake/vqvae/fdc1a511cb49fa03.jpg,1,vqvae,coco,train,6616536b4ec0a2f01e2c4c0f973ae39d3d7dded626a66bb97db5fb8c80925d49
wildfake,Images/Other_based.zip,Other_based/Typical/VQVAE/tt-coco/samples_nopix/img002350.jpg,data/wildfake/vqvae/d43f25c4d38f5b78.jpg,1,vqvae,coco,train,c35803290f643e28677d49cd47558c9d415023fed04a3e89fef590546462db0a
wildfake,Images/Other_based.zip,Other_based/Typical/VQVAE/tt-coco/samples_nopix/img003365.jpg,data/wildfake/vqvae/412e52e5cc97bd01.jpg,1,vqvae,coco,train,93422c856012084d4dd281e0e991744b937e803456dae2530d52299fc10a26f8
wildfake,Images/Other_based.zip,Other_based/Typical/VQVAE/tt-coco/samples_nopix/img000570.jpg,data/wildfake/vqvae/96b885cfa37098d2.jpg,1,vqvae,coco,train,cddb9092cab8acfc2b9a0de71420b96995ac7207359bc7315b266e2d390cf7a4
wildfake,Images/Other_based.zip,Other_based/Typical/VQVAE/tt-coco/samples_nopix/img001034.jpg,data/wildfake/vqvae/06d7ba596bd6bbd5.jpg,1,vqvae,coco,train,ff0718acef782edb44fb698d36f67d7916d132c32fa7c0d7b052f495805bdf49
wildfake,Images/Other_based.zip,Other_based/Typical/VQVAE/tt-coco/samples_nopix/img003983.jpg,data/wildfake/vqvae/f431989b9e7b6270.jpg,1,vqvae,coco,train,4509ead2f362d921c493c9696140287a234ace58f1ea28f31a6abbdf8b7add0e
wildfake,Images/Other_based.zip,Other_based/Typical/VQVAE/tt-coco/samples_nopix/img000062.jpg,data/wildfake/vqvae/b22fb9a58ecfa52e.jpg,1,vqvae,coco,train,a9aa4af4a9d570ed9f62a00d9a98a82d32f3cac15775a9b6aef16ed3b57cdbe6
wildfake,Images/Other_based.zip,Other_based/Typical/VQVAE/tt-coco/samples_nopix/img003896.jpg,data/wildfake/vqvae/c46225fe40fc03a3.jpg,1,vqvae,coco,train,3fabe23be749196e9256ec40e667b41d09943f89f07b94542d1a375d6f9f437d
wildfake,Images/Other_based.zip,Other_based/Typical/VQVAE/tt-coco/samples_nopix/img002966.jpg,data/wildfake/vqvae/af957566aadc2bc2.jpg,1,vqvae,coco,train,3d5366e0c426212db568734afc572a832f9365e7c7344ac52f5b1223b5c75205
wildfake,Images/Other_based.zip,Other_based/Typical/VQVAE/tt-coco/samples_nopix/img001046.jpg,data/wildfake/vqvae/00de9a2d7820f215.jpg,1,vqvae,coco,train,24f7bb9abaaaf0b5e46d39114a935053840db0d01decf31f418d796d86130e3a
wildfake,Images/Other_based.zip,Other_based/Typical/VQVAE/tt-coco/samples_nopix/img001478.jpg,data/wildfake/vqvae/060372e1fdefda25.jpg,1,vqvae,coco,train,5166b70e1938a638e0f623ca60d0df5373d41c6bdbe1d8d02078310ebe75cd7f
wildfake,Images/Other_based.zip,Other_based/Typical/VQVAE/tt-coco/samples_nopix/img004288.jpg,data/wildfake/vqvae/e41c7de711753c4a.jpg,1,vqvae,coco,train,4377920be1796fb05fe8fff246c574a81bb9ee06dff57132f22385e1f582d16a
wildfake,Images/Other_based.zip,Other_based/Typical/VQVAE/tt-coco/samples_nopix/img002033.jpg,data/wildfake/vqvae/c1ab9baec84fa31b.jpg,1,vqvae,coco,train,b8d148147bc082b1b86fa42630d00b1febbb86b0d7cd947fe8a2adea08c659b7
wildfake,Images/Other_based.zip,Other_based/Typical/VQVAE/tt-coco/samples_nopix/img002687.jpg,data/wildfake/vqvae/3345de3450097ee3.jpg,1,vqvae,coco,train,71c3dcc9afab7ebbe3e646ffa84a1e8753bd5cae5db460da43b93dc407a8dfd4
wildfake,Images/Other_based.zip,Other_based/Typical/VQVAE/tt-coco/samples_nopix/img001970.jpg,data/wildfake/vqvae/05b3a22b3f474c6c.jpg,1,vqvae,coco,train,ed3cd938093a9a5043fbf7461276a2441abf0586340f1ae874b7fd2d8e3f05ff
wildfake,Images/Other_based.zip,Other_based/Typical/VQVAE/tt-coco/samples_nopix/img002792.jpg,data/wildfake/vqvae/c09376540acba1c8.jpg,1,vqvae,coco,train,a3d227717ff760389d8c67e9989e76fc684c72ffa4089a849e016bb1a9b87776
wildfake,Images/Other_based.zip,Other_based/Typical/VQVAE/tt-coco/samples_nopix/img002423.jpg,data/wildfake/vqvae/90f59569c97593a2.jpg,1,vqvae,coco,train,15552ebe0bc16c3144e9bea073efcf6de7d57c05e5932a12d29825e29c9587c6
wildfake,Images/Other_based.zip,Other_based/Typical/VQVAE/tt-coco/samples_nopix/img001158.jpg,data/wildfake/vqvae/20e89149518f93c3.jpg,1,vqvae,coco,train,938977d2c87ad38316209c484035dd7bfa72910a78dcf1f9b5c5fd5e2db3dad8
wildfake,Images/Other_based.zip,Other_based/Typical/VQVAE/tt-coco/samples_nopix/img003490.jpg,data/wildfake/vqvae/7d6ec13161e93f8e.jpg,1,vqvae,coco,train,4791241ca270ddfc2a8100974bded1d61ce7ee026754c0a506561171f8be3c38
wildfake,Images/Other_based.zip,Other_based/Typical/VQVAE/tt-coco/samples_nopix/img000695.jpg,data/wildfake/vqvae/456b49031f0ee6b0.jpg,1,vqvae,coco,train,293bab5ec3df62e7300847d5b4ac5bbde3b392b58e10ac9a129cbefd453e0d8b
wildfake,Images/Other_based.zip,Other_based/Typical/VQVAE/tt-coco/samples_nopix/img000897.jpg,data/wildfake/vqvae/b9fc30d3afba176a.jpg,1,vqvae,coco,train,44203f67aadec67a0eccbaa46201db71390f38954ad58b347e46828a145f8746
wildfake,Images/Other_based.zip,Other_based/Typical/VQVAE/tt-coco/samples_nopix/img001004.jpg,data/wildfake/vqvae/d986490f33cc28fa.jpg,1,vqvae,coco,train,509a7441fd2759e8c2f61a6a6e4a652d4903869c63d6e30762d1db0c95c1d205
wildfake,Images/Other_based.zip,Other_based/Typical/VQVAE/tt-coco/samples_nopix/img000453.jpg,data/wildfake/vqvae/951587bfcf46bb54.jpg,1,vqvae,coco,train,a0c165f4732f2827cbede2bce46fddccf5d6bcd975314eaf00a87b4802b02636
wildfake,Images/Other_based.zip,Other_based/Typical/VQVAE/tt-coco/samples_nopix/img000050.jpg,data/wildfake/vqvae/0238ecce35d6adfb.jpg,1,vqvae,coco,train,0f01449a6397aa903248c7301df0b275ac9cfae2c7b53399156295fca98002fe
wildfake,Images/Other_based.zip,Other_based/Typical/VQVAE/tt-coco/samples_nopix/img004112.jpg,data/wildfake/vqvae/3afca4334d89e628.jpg,1,vqvae,coco,train,34b5f9eb6ceb4153eb06564a8caf4fd2049f614f8f44c240692e52cf1c345fe4
wildfake,Images/Other_based.zip,Other_based/Typical/VQVAE/tt-coco/samples_nopix/img002686.jpg,data/wildfake/vqvae/0d7bdd33d27f45c7.jpg,1,vqvae,coco,train,76ca4279b82ebf87c99e810620bedab94cf705a2a6efac6505d5ff95e39e4854
wildfake,Images/Other_based.zip,Other_based/Typical/VQVAE/tt-coco/samples_nopix/img003276.jpg,data/wildfake/vqvae/ed73d40fab30a9f5.jpg,1,vqvae,coco,train,20de2dfbf1caacca085f8aad9b29831be95d432a904eb703beb3444de0807273
wildfake,Images/Other_based.zip,Other_based/Typical/VQVAE/tt-coco/samples_nopix/img004957.jpg,data/wildfake/vqvae/e2d95d7c9d68fe17.jpg,1,vqvae,coco,train,95ca954bbabaa7467b4f0ac906d807c6a251e2f5b29cb35c4a5508a3c3abfc1a
wildfake,Images/Other_based.zip,Other_based/Typical/VQVAE/tt-coco/samples_nopix/img004177.jpg,data/wildfake/vqvae/3a0af6d6a4556f2b.jpg,1,vqvae,coco,train,e2e0644570fe936ca8ad07daca7346dda827c2a7e181260973d47d5923d8c385
wildfake,Images/Other_based.zip,Other_based/Typical/VQVAE/tt-coco/samples_nopix/img003348.jpg,data/wildfake/vqvae/009652b8d678ccde.jpg,1,vqvae,coco,train,8896cb6d54837b2d0cd1362133fd266f960ee43f981bdcf47e810cc1c77fb6dd
wildfake,Images/Other_based.zip,Other_based/Typical/VQVAE/tt-coco/samples_nopix/img002846.jpg,data/wildfake/vqvae/9ccae910f2c7f6be.jpg,1,vqvae,coco,train,b8a3cb4a74a3376db49eae535268f5dc278c1c9af0cc49e4216f7b6c3fdba816
wildfake,Images/Other_based.zip,Other_based/Typical/VQVAE/tt-coco/samples_nopix/img000166.jpg,data/wildfake/vqvae/84d0ed2556039faf.jpg,1,vqvae,coco,train,8ac51786e4f5dff13f156ea32507b25315666ed8666b3e5f85c40516ba58b4b0
wildfake,Images/Other_based.zip,Other_based/Typical/VQVAE/tt-coco/samples_nopix/img001235.jpg,data/wildfake/vqvae/101595e9377f7309.jpg,1,vqvae,coco,train,05e6e26dc3825db0c384cffd0f100c02f5e57863a84a81321fa7dd6744acb486
wildfake,Images/Other_based.zip,Other_based/Typical/VQVAE/tt-coco/samples_nopix/img004858.jpg,data/wildfake/vqvae/919814c29ba771f3.jpg,1,vqvae,coco,train,c388dc0f9323664d04c85a8fa3c97904d96109bece0f9e18e38bb9704f436b17
wildfake,Images/Other_based.zip,Other_based/Typical/VQVAE/tt-coco/samples_nopix/img002723.jpg,data/wildfake/vqvae/8bc13e719d6c87ec.jpg,1,vqvae,coco,train,88f47793b142976c1910fa311d43507b272d9f0a8dd6d470a27259b8d26d2c9f
wildfake,Images/Other_based.zip,Other_based/Typical/VQVAE/tt-coco/samples_nopix/img001026.jpg,data/wildfake/vqvae/cd30ff679ad2eaf0.jpg,1,vqvae,coco,train,bbd27acb8eca38671d784c2ac132f5d0a17f5516f94a4f833cb120420ed7dac2
wildfake,Images/Other_based.zip,Other_based/Typical/VQVAE/tt-coco/samples_nopix/img000212.jpg,data/wildfake/vqvae/5e7a42f9f75a6bfb.jpg,1,vqvae,coco,train,28410cfe70a6320fa6692f4b98bf5880b3c51f67f8f2e49cc2a3ff3101c74c67
wildfake,Images/Other_based.zip,Other_based/Typical/VQVAE/tt-coco/samples_nopix/img004346.jpg,data/wildfake/vqvae/c566454d0220e36a.jpg,1,vqvae,coco,train,69a0836dfe4bde865cc6ccbd47ee3f57392f1cd34877b2cd4ceaa7e715bb203b
wildfake,Images/Other_based.zip,Other_based/Typical/VQVAE/tt-coco/samples_nopix/img001054.jpg,data/wildfake/vqvae/85a47f99777292f3.jpg,1,vqvae,coco,train,25feb41c871c6f21289d87b3e0c447eaf598153706bfed930e9022c411b68cc7
wildfake,Images/Other_based.zip,Other_based/Typical/VQVAE/tt-coco/samples_nopix/img002469.jpg,data/wildfake/vqvae/055f914686f1ddb6.jpg,1,vqvae,coco,train,9a772d1c6012d21cff032fe8504c89397648132261ccb6947b0b81109e14b461
wildfake,Images/Other_based.zip,Other_based/Typical/VQVAE/tt-coco/samples_nopix/img004504.jpg,data/wildfake/vqvae/fa49ba967a921657.jpg,1,vqvae,coco,train,40f4da307293b2db17c15b8226cfa4fcabe8b871a1a0be292e8a11d718e434f1
wildfake,Images/Other_based.zip,Other_based/Typical/VQVAE/tt-coco/samples_nopix/img001056.jpg,data/wildfake/vqvae/406ee812d9a00e9d.jpg,1,vqvae,coco,train,b400b1c7c39bf82556042418fc4811e3d3e3f3a9c5dea4260ac2e61e4f3684b1
wildfake,Images/Other_based.zip,Other_based/Typical/VQVAE/tt-coco/samples_nopix/img003769.jpg,data/wildfake/vqvae/cfdb99c07231f9b7.jpg,1,vqvae,coco,train,2569c4d366656b11781c735a3d3bb5a2e8df08303ccc1ad656ce8eecd1e7f3d0
wildfake,Images/Other_based.zip,Other_based/Typical/VQVAE/tt-coco/samples_nopix/img004218.jpg,data/wildfake/vqvae/e83c71c70360e615.jpg,1,vqvae,coco,train,7dd49d1e70f84195ee106a278e31209e1764b278c835c7082215788b22154ef3
wildfake,Images/Other_based.zip,Other_based/Typical/VQVAE/tt-coco/samples_nopix/img003114.jpg,data/wildfake/vqvae/f3c5e984377be76a.jpg,1,vqvae,coco,train,e4324bcb827c2fa23e15b7dd75cb2c80f7a616181770970167b7e6b493dace22
wildfake,Images/Other_based.zip,Other_based/Typical/VQVAE/tt-coco/samples_nopix/img000668.jpg,data/wildfake/vqvae/d042f73204def286.jpg,1,vqvae,coco,train,7c252156c5fc22d34628b49ca7603f53872f691af7712cc966aa40a42bd88573
wildfake,Images/Other_based.zip,Other_based/Typical/VQVAE/tt-coco/samples_nopix/img001326.jpg,data/wildfake/vqvae/3c6c25b29a888782.jpg,1,vqvae,coco,train,af749d0a3f1b9e924b22126786e0adfdc37683e95d17781b4e1c589d93fc3e47
wildfake,Images/Other_based.zip,Other_based/Typical/VQVAE/tt-coco/samples_nopix/img004441.jpg,data/wildfake/vqvae/b3bc771b74c9e0eb.jpg,1,vqvae,coco,train,f90b54beb7632b622f4d608d9a9472f7f66b932221a53ff427c8ac181341ecaf
wildfake,Images/Other_based.zip,Other_based/Typical/VQVAE/tt-coco/samples_nopix/img004710.jpg,data/wildfake/vqvae/d3e286f7efa28945.jpg,1,vqvae,coco,train,429061fa01a180a60324c168ffc6d0019032528e547285c4eb6afd6aa4f4771d
wildfake,Images/Other_based.zip,Other_based/Typical/VQVAE/tt-coco/samples_nopix/img004778.jpg,data/wildfake/vqvae/bfd4783ce20ead2c.jpg,1,vqvae,coco,train,f6a84ea6404ab9b7f36aaaba14b2ed3bb35ef6340a43489b11edafc702e000c8
wildfake,Images/Other_based.zip,Other_based/Typical/VQVAE/tt-coco/samples_nopix/img003170.jpg,data/wildfake/vqvae/f02b8193dbaa1d56.jpg,1,vqvae,coco,train,3470502cca67192acb468a4064f3315f8d948385de366ad771cc6b6e94f689be
wildfake,Images/Other_based.zip,Other_based/Typical/VQVAE/tt-coco/samples_nopix/img003242.jpg,data/wildfake/vqvae/773bfd4ea62fed5b.jpg,1,vqvae,coco,train,ad3ac7b3310bd923f1bb0850d231d53a25b11c9fce7d70e08722a9608f09ffb3
wildfake,Images/Other_based.zip,Other_based/Typical/VQVAE/tt-coco/samples_nopix/img003429.jpg,data/wildfake/vqvae/19613b85561b3018.jpg,1,vqvae,coco,train,aa69e6f0a21f5c8ff69e44ef2f6cf84ca556b3c7e2c8ab40e9792b286cdcce0a
wildfake,Images/Other_based.zip,Other_based/Typical/VQVAE/tt-coco/samples_nopix/img004671.jpg,data/wildfake/vqvae/9915ff93c4db3baf.jpg,1,vqvae,coco,train,d663770591c558ef8665fdb190dfee5858d27daf7b5fab3b33158b4557e7f910
wildfake,Images/Other_based.zip,Other_based/Typical/VQVAE/tt-coco/samples_nopix/img002451.jpg,data/wildfake/vqvae/4b876b7b628e1b28.jpg,1,vqvae,coco,train,9c728e137bccde75414d5f432637b40e28b6ec33ad35c064f26d67251518a945
wildfake,Images/Other_based.zip,Other_based/Typical/VQVAE/tt-coco/samples_nopix/img003527.jpg,data/wildfake/vqvae/60fe5d773895f1e8.jpg,1,vqvae,coco,train,dc5f8ab0c3d2f370b39518c89f850d821979cdaabafe3aedab16d452d2c26f70
wildfake,Images/Other_based.zip,Other_based/Typical/VQVAE/tt-coco/samples_nopix/img000649.jpg,data/wildfake/vqvae/d7966d84fdff0200.jpg,1,vqvae,coco,train,1469159bac6adac2ce9909d4880232a8e63cef623b0b62db0ad3d0cbfcd6c00d
wildfake,Images/Other_based.zip,Other_based/Typical/VQVAE/tt-coco/samples_nopix/img001256.jpg,data/wildfake/vqvae/1ff2b24e6eabed75.jpg,1,vqvae,coco,train,b4e8edfe5afc093188c0cef3b371f90c1ca4f8b1a274efa464adabff6934c928
wildfake,Images/Other_based.zip,Other_based/Typical/VQVAE/tt-coco/samples_nopix/img003288.jpg,data/wildfake/vqvae/270a312be55d0e6f.jpg,1,vqvae,coco,train,a5429edb7480de200d12a807a1d62b498ae1fd29add4760c2460d13c80e55bc9
wildfake,Images/Other_based.zip,Other_based/Typical/VQVAE/tt-coco/samples_nopix/img002527.jpg,data/wildfake/vqvae/6e83ce37d89e9ede.jpg,1,vqvae,coco,train,588b9853278fcf7402cb26010e7d1d7e672ab2c559c150a872583f8f87c951d7
wildfake,Images/Other_based.zip,Other_based/Typical/VQVAE/tt-coco/samples_nopix/img001939.jpg,data/wildfake/vqvae/bebdfa63cc139cb8.jpg,1,vqvae,coco,train,761424901d6c8a3472dd9690c4e33bee0fdcde8aff4fc9c3976b5279e4b97718
wildfake,Images/Other_based.zip,Other_based/Typical/VQVAE/tt-coco/samples_nopix/img000516.jpg,data/wildfake/vqvae/753a4408c4e99637.jpg,1,vqvae,coco,train,a24e273520e954853f41ff8c36ebba9773ea68d25254602e08f1473ec1e906ae
wildfake,Images/Other_based.zip,Other_based/Typical/VQVAE/tt-coco/samples_nopix/img003058.jpg,data/wildfake/vqvae/b8b9f5572afbde2d.jpg,1,vqvae,coco,train,ee357305a07d4180b1d64307b4e9d2958313ceac381563dd4b8c06ad00c781ea
wildfake,Images/Other_based.zip,Other_based/Typical/VQVAE/tt-coco/samples_nopix/img001092.jpg,data/wildfake/vqvae/76dd2e36f0a23c8c.jpg,1,vqvae,coco,train,201f97664bad49e8e6e790242b28aa07e73e91b6c28c88a0b06942c3c564c9e9
wildfake,Images/Other_based.zip,Other_based/Typical/VQVAE/tt-coco/samples_nopix/img004646.jpg,data/wildfake/vqvae/f376aa478b37c745.jpg,1,vqvae,coco,train,382bb1cb95afbe7b4d6ea2f644966d5c499acff4893677bac8c0c8402d13dc3f
wildfake,Images/Other_based.zip,Other_based/Typical/VQVAE/tt-coco/samples_nopix/img000469.jpg,data/wildfake/vqvae/c602ce5fe3b68513.jpg,1,vqvae,coco,train,6aa4c0dff58f5475e024097f45b3ea027ecfafd9d5c437ee6619e084d4596a63
wildfake,Images/Other_based.zip,Other_based/Typical/VQVAE/tt-coco/samples_nopix/img003303.jpg,data/wildfake/vqvae/f9fda95fa0bcd17a.jpg,1,vqvae,coco,train,1364206664879731916c6774c9cae34d5020e3249ceb2c1392b5923bbfa35c57
wildfake,Images/Other_based.zip,Other_based/Typical/VQVAE/tt-coco/samples_nopix/img000427.jpg,data/wildfake/vqvae/e8fe4343de69d9da.jpg,1,vqvae,coco,train,089705ce2f6a65e1b7dbf1a15de582821ce1bdb30263860e9eadac5c9c83d046
wildfake,Images/Other_based.zip,Other_based/Typical/VQVAE/tt-coco/samples_nopix/img003425.jpg,data/wildfake/vqvae/5f08762c339b755a.jpg,1,vqvae,coco,train,853957ac12cf9d14495172a0d6d646465d669ebe069c7ec0782012f4debcb8ee
wildfake,Images/Other_based.zip,Other_based/Typical/VQVAE/tt-coco/samples_nopix/img000606.jpg,data/wildfake/vqvae/db43c5e8ea7b415f.jpg,1,vqvae,coco,train,da8239be159e9878ce40af1f460f24f38c0392bd04fdd20b561f3f362aa5e919
wildfake,Images/Other_based.zip,Other_based/Typical/VQVAE/tt-coco/samples_nopix/img003870.jpg,data/wildfake/vqvae/6d0aa4388d4fb899.jpg,1,vqvae,coco,train,fd987ac675fd6e6416397c8f6038e81536831fd7dc2836cfd2afac35ed63a561
wildfake,Images/Other_based.zip,Other_based/Typical/VQVAE/tt-coco/samples_nopix/img001916.jpg,data/wildfake/vqvae/ff4c87d4812e7dbe.jpg,1,vqvae,coco,train,d3523a30cd8365623bb9d12cdb6c9a298bbf8c1a9288148c8299ac6aec0b66fb
wildfake,Images/Other_based.zip,Other_based/Typical/VQVAE/tt-coco/samples_nopix/img003652.jpg,data/wildfake/vqvae/23ee4bd10e22415d.jpg,1,vqvae,coco,train,550c6bcb479a4395b7f1ec1bb8f93aa6017f7870f36c877c274a7ccfe8cba675
wildfake,Images/Other_based.zip,Other_based/Typical/VQVAE/tt-coco/samples_nopix/img004624.jpg,data/wildfake/vqvae/7b9e185c87a91f2a.jpg,1,vqvae,coco,train,6fbb9ebc663cc387fd39ddad2135b86ae231015549be8410d02d097f7fc56662
wildfake,Images/Other_based.zip,Other_based/Typical/VQVAE/tt-coco/samples_nopix/img002822.jpg,data/wildfake/vqvae/06043c169f7d9366.jpg,1,vqvae,coco,train,b00ba7d0ecaba10bb464706c758c71b8f6a98b1c67d6da60887572e35fd21ffc
wildfake,Images/Other_based.zip,Other_based/Typical/VQVAE/tt-coco/samples_nopix/img000550.jpg,data/wildfake/vqvae/fda7d581c08ab642.jpg,1,vqvae,coco,train,78692684811d0602139b21ad20bec5f625ee0fe41882bfcdad8f0d70c6b50b66
wildfake,Images/Other_based.zip,Other_based/Typical/VQVAE/tt-coco/samples_nopix/img000063.jpg,data/wildfake/vqvae/357b927edd99ff46.jpg,1,vqvae,coco,train,0932da1f5f8d52ef18a8aa8f7c228850d463d7e8db86d9a7a22b6878241c6bdb
wildfake,Images/Other_based.zip,Other_based/Typical/VQVAE/tt-coco/samples_nopix/img003085.jpg,data/wildfake/vqvae/438d9364245ef8f8.jpg,1,vqvae,coco,train,e61300a690d4c1c324554277c94641ddc5a680e1873476e7f74c39147a39646d
wildfake,Images/Other_based.zip,Other_based/Typical/VQVAE/tt-coco/samples_nopix/img002560.jpg,data/wildfake/vqvae/1251dfb586405e64.jpg,1,vqvae,coco,train,673cfd097f645b558b8ca0eb4d4175961270bc0a762c7bad3a46ce1966764671
wildfake,Images/Other_based.zip,Other_based/Typical/VQVAE/tt-coco/samples_nopix/img000460.jpg,data/wildfake/vqvae/b6c2e1de48f30bec.jpg,1,vqvae,coco,train,56714278d8def62ae94cdc26db02a61ebc12b2b536fe00c7b3c6fc5b2297d035
wildfake,Images/Other_based.zip,Other_based/Typical/VQVAE/tt-coco/samples_nopix/img001594.jpg,data/wildfake/vqvae/b88792c80bb6d768.jpg,1,vqvae,coco,train,df374e3914bb7141d904ef53cc1fcb835fe90d42111f936490e42422ac0795ab
wildfake,Images/Other_based.zip,Other_based/Typical/VQVAE/tt-coco/samples_nopix/img001981.jpg,data/wildfake/vqvae/85a36eddaf37b9ae.jpg,1,vqvae,coco,train,5ded700d064e0330274ecc179237bcf81679f2861dbe413b2e007097c32068be
wildfake,Images/Other_based.zip,Other_based/Typical/VQVAE/tt-coco/samples_nopix/img003622.jpg,data/wildfake/vqvae/c43f284a9cb80bf5.jpg,1,vqvae,coco,train,5d1937e5bf10891809e85c0b5c2b552994549d5aea5d75279896c1eaf307871d
wildfake,Images/Other_based.zip,Other_based/Typical/VQVAE/tt-coco/samples_nopix/img003601.jpg,data/wildfake/vqvae/445dfd909c4ba01b.jpg,1,vqvae,coco,train,45dbd44025e1990adaaaec79d82e6c0796a3f13111394889104e713febde80ca
wildfake,Images/Other_based.zip,Other_based/Typical/VQVAE/tt-coco/samples_nopix/img004396.jpg,data/wildfake/vqvae/7c869c93bcdffbe8.jpg,1,vqvae,coco,train,0253ac63b22f11ebf7d28f816777d3b3b1402e6f7a11e1b05ab52668687434a8
wildfake,Images/Other_based.zip,Other_based/Typical/VQVAE/tt-coco/samples_nopix/img002377.jpg,data/wildfake/vqvae/092d26d9a3381bb8.jpg,1,vqvae,coco,train,0e3e61da0a861e0cf6ec474f29ddab547e8eee38070bb85108e9285eb381fe89
wildfake,Images/Other_based.zip,Other_based/Typical/VQVAE/tt-coco/samples_nopix/img004953.jpg,data/wildfake/vqvae/be444dcb597f63d7.jpg,1,vqvae,coco,train,8c63d101d6db5ead4cfbb027d61fddbf47b8fbb6842b59392af43791492b4b6c
wildfake,Images/Other_based.zip,Other_based/Typical/VQVAE/tt-coco/samples_nopix/img001754.jpg,data/wildfake/vqvae/2740a1128da7a44f.jpg,1,vqvae,coco,train,e429635b2003aa47c17e300631935ee9398ac3fa9501b3ad7f873e7be563e817
wildfake,Images/Other_based.zip,Other_based/Typical/VQVAE/tt-coco/samples_nopix/img000629.jpg,data/wildfake/vqvae/f50a901f3d233348.jpg,1,vqvae,coco,train,c7431c1b990dcf9309d0aacafa77144549da45dd909350b6d626bb9387b3d570
wildfake,Images/Other_based.zip,Other_based/Typical/VQVAE/tt-coco/samples_nopix/img002730.jpg,data/wildfake/vqvae/952a8aa02c8e4212.jpg,1,vqvae,coco,train,530c6e0066e1e1a3fd0a086a6715193ee2474b423c739f11c9e314b08984cd49
wildfake,Images/Other_based.zip,Other_based/Typical/VQVAE/tt-coco/samples_nopix/img001980.jpg,data/wildfake/vqvae/0fdf08d502b772c2.jpg,1,vqvae,coco,train,19038078ad9a2d2ad17accef18d2c3f796051085ecb09687a7cce13f4d4f0cf9
wildfake,Images/Other_based.zip,Other_based/Typical/VQVAE/tt-coco/samples_nopix/img003683.jpg,data/wildfake/vqvae/aeaaffe8fba40aef.jpg,1,vqvae,coco,train,3e4e76944617751f785029b65d35ff6de5e47ae665a7ade1a090f5bb6749eafc
wildfake,Images/Other_based.zip,Other_based/Typical/VQVAE/tt-coco/samples_nopix/img001308.jpg,data/wildfake/vqvae/709b56f4972707d5.jpg,1,vqvae,coco,train,2bbe7a4d4f2aa57591ad721a49dfd4d48c15a74abc1c7f72d033563913fae959
wildfake,Images/Other_based.zip,Other_based/Typical/VQVAE/tt-coco/samples_nopix/img003266.jpg,data/wildfake/vqvae/263207e88d66fba6.jpg,1,vqvae,coco,train,147195473c93d579aa81eec59fb6fd3f8abe60d4570c9c867d07ebc2a98eebe9
wildfake,Images/Other_based.zip,Other_based/Typical/VQVAE/tt-coco/samples_nopix/img000285.jpg,data/wildfake/vqvae/94ddf0179fac60d6.jpg,1,vqvae,coco,train,249c389b3747d04d75ae01f55f37903007e338bb18352a99514d58102b1f11ef
wildfake,Images/Other_based.zip,Other_based/Typical/VQVAE/tt-coco/samples_nopix/img002575.jpg,data/wildfake/vqvae/c392091c7a42541e.jpg,1,vqvae,coco,train,81f72e6c0ff77e0b8e4ed961ea4794b9a92e909a105b19c1b15055126d79f9f5
wildfake,Images/Other_based.zip,Other_based/Typical/VQVAE/tt-coco/samples_nopix/img000998.jpg,data/wildfake/vqvae/d47edbff10fcfd81.jpg,1,vqvae,coco,train,638bf92e64db7693418fad47c6b41691b53c4598299e81a14441cfd17b254168
wildfake,Images/Other_based.zip,Other_based/Typical/VQVAE/tt-coco/samples_nopix/img001634.jpg,data/wildfake/vqvae/4816049c02328c7d.jpg,1,vqvae,coco,train,8cfe89d508c5f8b33689c32ba5b8ad6e7e173e635334ec35e2cf92bac150cd62
wildfake,Images/Other_based.zip,Other_based/Typical/VQVAE/tt-coco/samples_nopix/img001019.jpg,data/wildfake/vqvae/b086c9730756b7c8.jpg,1,vqvae,coco,train,46a9e29033216eb79e433370953b078f2d44717a51149908ccdef8814d46c6b2
wildfake,Images/Other_based.zip,Other_based/Typical/VQVAE/tt-coco/samples_nopix/img003006.jpg,data/wildfake/vqvae/c90c0ca11628ed33.jpg,1,vqvae,coco,train,49787aa9a3f415a8820a920bacd69171e3a53102ed4c0ece1b5b528046cdb918
wildfake,Images/Other_based.zip,Other_based/Typical/VQVAE/tt-coco/samples_nopix/img001025.jpg,data/wildfake/vqvae/ee66050dd72262a2.jpg,1,vqvae,coco,train,06f870b562c87dc331347ae3e6da04bc95c98cdcb357c7f066c31163c690a34e
wildfake,Images/Other_based.zip,Other_based/Typical/VQVAE/tt-coco/samples_nopix/img003146.jpg,data/wildfake/vqvae/da52b568ecad02a5.jpg,1,vqvae,coco,train,33b281adee113499cec4da727f5dc263b3994d779e4e00a2bf8d4136a599c1be
wildfake,Images/Other_based.zip,Other_based/Typical/VQVAE/tt-coco/samples_nopix/img001305.jpg,data/wildfake/vqvae/d95a478041798d0b.jpg,1,vqvae,coco,train,a1cdce88d921ce5f46be0f72748a642c647dad5f92af2fa311b2b8a5c499b533
wildfake,Images/Other_based.zip,Other_based/Typical/VQVAE/tt-coco/samples_nopix/img004282.jpg,data/wildfake/vqvae/6d43377c42667d30.jpg,1,vqvae,coco,train,c4ea8be97722705fb5dc9ae1ddda067dd473e38d735b4ce9f8464d0b45277293
wildfake,Images/Other_based.zip,Other_based/Typical/VQVAE/tt-coco/samples_nopix/img002786.jpg,data/wildfake/vqvae/34b2a8f6d67917ea.jpg,1,vqvae,coco,train,389a1590516075cde4d60acc8ee3e369c2014366b67d32443ecdef9b06c88a63
wildfake,Images/Other_based.zip,Other_based/Typical/VQVAE/tt-coco/samples_nopix/img001073.jpg,data/wildfake/vqvae/9b4d647df1237e59.jpg,1,vqvae,coco,train,6c1c7d7f05e3eeb7cc235607c7e4594ff3b2265220164e0a6dc2325c9b12bcc6
wildfake,Images/Other_based.zip,Other_based/Typical/VQVAE/tt-coco/samples_nopix/img004538.jpg,data/wildfake/vqvae/e4d27c3bcaa1e376.jpg,1,vqvae,coco,train,64db94857dda9424c8997c2f96979b912bcfd0723dd1a60a16e3190e1e9018f9
wildfake,Images/Other_based.zip,Other_based/Typical/VQVAE/tt-coco/samples_nopix/img000943.jpg,data/wildfake/vqvae/341533adae916f20.jpg,1,vqvae,coco,train,9f65262ebd091f078922f7cda09524d036f44310e4508c3edef96f2f0d84b2fc
wildfake,Images/Other_based.zip,Other_based/Typical/VQVAE/tt-coco/samples_nopix/img001439.jpg,data/wildfake/vqvae/3ad6c3aaee0a37a3.jpg,1,vqvae,coco,train,d3193cf1f336b0dacc40aacdcdeecbd5d0b821cad185c84105ae0fec21898eb4
wildfake,Images/Other_based.zip,Other_based/Typical/VQVAE/tt-coco/samples_nopix/img002291.jpg,data/wildfake/vqvae/e63c47ef1aae7577.jpg,1,vqvae,coco,train,c5c21da1fbaf84d79a03946c2465c9080d4f68657643b63c5407415053e2d5f7
wildfake,Images/Other_based.zip,Other_based/Typical/VQVAE/tt-coco/samples_nopix/img004088.jpg,data/wildfake/vqvae/cce8a711611b5cad.jpg,1,vqvae,coco,train,cce842c3064e64a8de3d497657c4aca8233e4a1d5e988461ffdc026e672a9c51
wildfake,Images/Other_based.zip,Other_based/Typical/VQVAE/tt-coco/samples_nopix/img002237.jpg,data/wildfake/vqvae/ad631ad82de3f3e2.jpg,1,vqvae,coco,train,6f54692bbf93319e37c9e90e33011590ad4c7e2887cc3fcdb9848b0b3c03d8ec
wildfake,Images/Other_based.zip,Other_based/Typical/VQVAE/tt-coco/samples_nopix/img002886.jpg,data/wildfake/vqvae/61b2e05cbc42462c.jpg,1,vqvae,coco,train,81be23811b0abcba8f71785c047cd2ace494c03fc24c4c43e19985b1c7cb555a
wildfake,Images/Other_based.zip,Other_based/Typical/VQVAE/tt-coco/samples_nopix/img002234.jpg,data/wildfake/vqvae/43a0cb066213023f.jpg,1,vqvae,coco,train,1256713beb6c0fb74a3db16990095776cd2038820326d80e6278da6470df31e5
wildfake,Images/Other_based.zip,Other_based/Typical/VQVAE/tt-coco/samples_nopix/img000828.jpg,data/wildfake/vqvae/b8a1143226c431e6.jpg,1,vqvae,coco,train,335848164fe82bdd0ab4061d3000725a8b0b0f0a86f437c332ccf2504ca952ce
wildfake,Images/Other_based.zip,Other_based/Typical/VQVAE/tt-coco/samples_nopix/img000134.jpg,data/wildfake/vqvae/4bdae23f0888b2a1.jpg,1,vqvae,coco,train,38f7b9df4e47c1f37838ff9166727bc390e3fdc3f0acf755892d9ed34b921e26
wildfake,Images/Other_based.zip,Other_based/Typical/VQVAE/tt-coco/samples_nopix/img004815.jpg,data/wildfake/vqvae/8229ccb06960c647.jpg,1,vqvae,coco,train,421cad87354e60e70b43d0c6f7b504fd571cf45601fdab69a7538d57bb64aa46
wildfake,Images/Other_based.zip,Other_based/Typical/VQVAE/tt-coco/samples_nopix/img001231.jpg,data/wildfake/vqvae/4375299712c26f53.jpg,1,vqvae,coco,train,809e7d070ab10036077edfdcb0de2ef8f82b74c15d22fe868a08a224d2e89598
wildfake,Images/Other_based.zip,Other_based/Typical/VQVAE/tt-coco/samples_nopix/img000793.jpg,data/wildfake/vqvae/dac8068fe6cb942c.jpg,1,vqvae,coco,train,9aa3042e3380628808cf9a92d7c00da12664c05e16994420b40f801d419909d1
wildfake,Images/Other_based.zip,Other_based/Typical/VQVAE/tt-coco/samples_nopix/img004309.jpg,data/wildfake/vqvae/124f26df1643c7d4.jpg,1,vqvae,coco,train,dc9785cc5e950d3f755a0b3bfc507360e3ee89245c3c5eb43b5d8598056671f4
wildfake,Images/Other_based.zip,Other_based/Typical/VQVAE/tt-coco/samples_nopix/img002657.jpg,data/wildfake/vqvae/f2a61071c2c6591c.jpg,1,vqvae,coco,train,26a6c2f3aa1ab68f8cd69aa3b3f9f7775bce0aa270ba2833b7fc401b8f1f1bcf
wildfake,Images/Other_based.zip,Other_based/Typical/VQVAE/tt-coco/samples_nopix/img003261.jpg,data/wildfake/vqvae/d6bfd3f78a9ca347.jpg,1,vqvae,coco,train,9bbf933690143302821bf5339e43cbb6041ebe223ccfa6af74dc9c57fa80487a
wildfake,Images/Other_based.zip,Other_based/Typical/VQVAE/tt-coco/samples_nopix/img003421.jpg,data/wildfake/vqvae/c54b854094f4aacb.jpg,1,vqvae,coco,train,26036f6c9f0c51af1d60b0321828cdcd561dcf612fefa2e94f44bddfcef9422d
wildfake,Images/Other_based.zip,Other_based/Typical/VQVAE/tt-coco/samples_nopix/img000237.jpg,data/wildfake/vqvae/0e8778d5bda35ac7.jpg,1,vqvae,coco,train,2f5aebb72dfcf441b6485be115ff2de6b3de93db00ec7ce97b1bd76a6f9cfcb3
wildfake,Images/Other_based.zip,Other_based/Typical/VQVAE/tt-coco/samples_nopix/img002964.jpg,data/wildfake/vqvae/267f8fc1c6c691fa.jpg,1,vqvae,coco,train,b5a0c56a7a86a7bf84b6a4be9379c015f70e19f5fc0b795d931a6730183ee017
wildfake,Images/Other_based.zip,Other_based/Typical/VQVAE/tt-coco/samples_nopix/img004074.jpg,data/wildfake/vqvae/0fcaad8045c9575e.jpg,1,vqvae,coco,train,0b378f59158ce460aae23938a46b4557fedbf27f90e63e77534ec3999f582ab1
wildfake,Images/Other_based.zip,Other_based/Typical/VQVAE/tt-coco/samples_nopix/img000299.jpg,data/wildfake/vqvae/f470b537fc1bea36.jpg,1,vqvae,coco,train,4527189ec1e2fe227fca9b6776235b8e50ea6e2eeca4b00c5af82fec75ef3ac6
wildfake,Images/Other_based.zip,Other_based/Typical/VQVAE/tt-coco/samples_nopix/img004697.jpg,data/wildfake/vqvae/58aff867496a74c2.jpg,1,vqvae,coco,train,628cb610b095afc1aaceab91b5edca1c1bfb8474eef20bc199a5d2eb0eca751d
wildfake,Images/Other_based.zip,Other_based/Typical/VQVAE/tt-coco/samples_nopix/img003318.jpg,data/wildfake/vqvae/ac52cd5b282272ec.jpg,1,vqvae,coco,train,136a3ecde3067515dbf3f333de6525605339b9441118e46e52c0e37661ad4c24
wildfake,Images/Other_based.zip,Other_based/Typical/VQVAE/tt-coco/samples_nopix/img000407.jpg,data/wildfake/vqvae/46a7e3b800dbf737.jpg,1,vqvae,coco,train,e0a006f7f39d841dab124b6039f1c0ed061d57860ceb13caa9653ad46fa985b2
wildfake,Images/Other_based.zip,Other_based/Typical/VQVAE/tt-coco/samples_nopix/img003828.jpg,data/wildfake/vqvae/76229f58126c53e3.jpg,1,vqvae,coco,train,11571016459489216610d4331a6cce31a471f6a112cbcdea5926150572e7b19b
wildfake,Images/Other_based.zip,Other_based/Typical/VQVAE/tt-coco/samples_nopix/img004577.jpg,data/wildfake/vqvae/cd0a8dcad4edc02b.jpg,1,vqvae,coco,train,4c6e0e254b6bb0ab329bac2cd05af029e1794092bd3b74fb3e33569b4378473b
wildfake,Images/Other_based.zip,Other_based/Typical/VQVAE/tt-coco/samples_nopix/img000358.jpg,data/wildfake/vqvae/2b7bf1fec35110fb.jpg,1,vqvae,coco,train,38eeb424380c08d72e1ccf0c5f4b79f2b86f37d476272ace5e42bfa8eb3532f0
wildfake,Images/Other_based.zip,Other_based/Typical/VQVAE/tt-coco/samples_nopix/img001224.jpg,data/wildfake/vqvae/5585274a1fe8100c.jpg,1,vqvae,coco,train,06f1c0c30dbf100eb882de6e3de1777a978aa76c56823b567fbe3449058152aa
wildfake,Images/Other_based.zip,Other_based/Typical/VQVAE/tt-coco/samples_nopix/img000774.jpg,data/wildfake/vqvae/2ed9db9f15bad6f5.jpg,1,vqvae,coco,train,d4d86259f9d0e8d3a0e07c6adf08be62f1a5b90681d7a96dbebe82921e498da2
wildfake,Images/Other_based.zip,Other_based/Typical/VQVAE/tt-coco/samples_nopix/img003086.jpg,data/wildfake/vqvae/fd0269c95f2906c1.jpg,1,vqvae,coco,train,968a169924f3b1fdcb2b4f00eaf81908304b1c0739e29477d6373ff7ce4c088f
wildfake,Images/Other_based.zip,Other_based/Typical/VQVAE/tt-coco/samples_nopix/img004505.jpg,data/wildfake/vqvae/27ac0dfef615e2b4.jpg,1,vqvae,coco,train,c55d9b93d240e5463a772699f5930c7a61714e3cccd80debd844edd8799480f3
wildfake,Images/Other_based.zip,Other_based/Typical/VQVAE/tt-coco/samples_nopix/img001413.jpg,data/wildfake/vqvae/fc25fc6f86d9d81c.jpg,1,vqvae,coco,train,c07544b01b09a0332ff755d50b6a0f3eab87ea8df008f078c74a457fc33b9a8f
wildfake,Images/Other_based.zip,Other_based/Typical/VQVAE/tt-coco/samples_nopix/img002901.jpg,data/wildfake/vqvae/f12b868a2507d58f.jpg,1,vqvae,coco,train,42fc19ffd5a3923bb54c2f4363b9502971c3d76deb721aa4bcf56972d95b5133
wildfake,Images/Other_based.zip,Other_based/Typical/VQVAE/tt-coco/samples_nopix/img004973.jpg,data/wildfake/vqvae/92eb78ca241ee7be.jpg,1,vqvae,coco,train,8c4e52f7d321764dbcab2dfe236167a0032e4f3c3f838a26890fd4052292e593
wildfake,Images/Other_based.zip,Other_based/Typical/VQVAE/tt-coco/samples_nopix/img004539.jpg,data/wildfake/vqvae/4351c9542f2f4433.jpg,1,vqvae,coco,train,4c93f9fc7a3d24e28e7a6b13dbe3cb7434d5b341354d7ea8377a2baf38535564
wildfake,Images/Other_based.zip,Other_based/Typical/VQVAE/tt-coco/samples_nopix/img002421.jpg,data/wildfake/vqvae/d902ed200cd7671b.jpg,1,vqvae,coco,train,944704a5af3cbc9cee107bde748973f8d6d5d5db451c8cf55efee2d826cfe8f8
wildfake,Images/Other_based.zip,Other_based/Typical/VQVAE/tt-coco/samples_nopix/img002995.jpg,data/wildfake/vqvae/8b0378ee5afc1918.jpg,1,vqvae,coco,train,77b505f91a67b8311f6c6dfd2e0b6c87f0f2b3f759899bb21b4f7cb133d4a279
wildfake,Images/Other_based.zip,Other_based/Typical/VQVAE/tt-coco/samples_nopix/img002250.jpg,data/wildfake/vqvae/07c233d10acce441.jpg,1,vqvae,coco,train,2b2eb059f2bad625a88515afcfe261c1515134772b0c2c41edf92a810b933aed
wildfake,Images/Other_based.zip,Other_based/Typical/VQVAE/tt-coco/samples_nopix/img003167.jpg,data/wildfake/vqvae/f3c667c370a72ccc.jpg,1,vqvae,coco,train,04ab7608440833661b8f7ce60c17a37667bd938443c4012d6123fbe702be1565
wildfake,Images/Other_based.zip,Other_based/Typical/VQVAE/tt-coco/samples_nopix/img002827.jpg,data/wildfake/vqvae/9858a6eed1a357c0.jpg,1,vqvae,coco,train,e39a3afaede5a6bf441284e501e1a16eb1b1e5985ef8539f63a7d273943de3ea
wildfake,Images/Other_based.zip,Other_based/Typical/VQVAE/tt-coco/samples_nopix/img003816.jpg,data/wildfake/vqvae/5bff433a15fcbe8f.jpg,1,vqvae,coco,train,f168e4847226cf1fe34d16e7e70f0d964e4d046d19a595d099f9051d9b31c11b
wildfake,Images/Other_based.zip,Other_based/Typical/VQVAE/tt-coco/samples_nopix/img003745.jpg,data/wildfake/vqvae/82c067c3205ccab9.jpg,1,vqvae,coco,train,929101d5cf74ee61c48505fb8920e7b11d0493b32e8e3eee700ff938c98a0c2f
wildfake,Images/Other_based.zip,Other_based/Typical/VQVAE/tt-coco/samples_nopix/img004012.jpg,data/wildfake/vqvae/dd27a17738a1ad26.jpg,1,vqvae,coco,train,bb74be70518bc9b211ae7a80a592f347a4991af4423a64eff446fcb07e576af9
wildfake,Images/Other_based.zip,Other_based/Typical/VQVAE/tt-coco/samples_nopix/img003695.jpg,data/wildfake/vqvae/45b38455df550eab.jpg,1,vqvae,coco,train,24835bffb630ba54bac80d91cb88d22949d1e814508ac2b48f1d87fa52b71bc8
wildfake,Images/Other_based.zip,Other_based/Typical/VQVAE/tt-coco/samples_nopix/img001836.jpg,data/wildfake/vqvae/5988821e06ed293d.jpg,1,vqvae,coco,train,2f59301a326129dfccd13f33754be285d5a8ae803270d34cf561f7d38bd327a5
wildfake,Images/Other_based.zip,Other_based/Typical/VQVAE/tt-coco/samples_nopix/img004894.jpg,data/wildfake/vqvae/66d3861fbc490df1.jpg,1,vqvae,coco,train,c9af5d82dc0c5d19b6e757087f4560ff250129c82a67622880ce15b25682976a
wildfake,Images/Other_based.zip,Other_based/Typical/VQVAE/tt-coco/samples_nopix/img000694.jpg,data/wildfake/vqvae/6eb47cb69a83bf0c.jpg,1,vqvae,coco,train,d819e506fa1bd2dae242a24fe1617ffed8ea4b96c03370d7513f5ee2d0150ded
wildfake,Images/Other_based.zip,Other_based/Typical/VQVAE/tt-coco/samples_nopix/img002961.jpg,data/wildfake/vqvae/e745c6a65bad6bfd.jpg,1,vqvae,coco,train,7104a2f2698b601afa3213a15bd0f0f025b2a5e14e9b76e8cbc65010ec47e431
wildfake,Images/Other_based.zip,Other_based/Typical/VQVAE/tt-coco/samples_nopix/img002530.jpg,data/wildfake/vqvae/685141bba8f57025.jpg,1,vqvae,coco,train,36ee053ec8337202d67e40de67556405698ada7e86d0c0125bae655208e8a5e8
wildfake,Images/Other_based.zip,Other_based/Typical/VQVAE/tt-coco/samples_nopix/img004618.jpg,data/wildfake/vqvae/7d5a702657d17c88.jpg,1,vqvae,coco,train,b4feededa47badc360e30727ec5bbe2c60aceced89d9d082c2727fe9bff05b27
wildfake,Images/Other_based.zip,Other_based/Typical/VQVAE/tt-coco/samples_nopix/img003009.jpg,data/wildfake/vqvae/7b65b1b9c20c567d.jpg,1,vqvae,coco,train,ed28aab05de84ee6351c3a5e4ff8560fde068e7354fe3e440ad91b57eb34b5d7
wildfake,Images/Other_based.zip,Other_based/Typical/VQVAE/tt-coco/samples_nopix/img001530.jpg,data/wildfake/vqvae/a5725830cf9b4f29.jpg,1,vqvae,coco,train,726fecd74cbb0e82b6709cb928f89c7dda834737872f65900ba796b23568f97f
wildfake,Images/Other_based.zip,Other_based/Typical/VQVAE/tt-coco/samples_nopix/img003749.jpg,data/wildfake/vqvae/f5ed2cc0feb44114.jpg,1,vqvae,coco,train,7d9e57a9be09c9ffe0b03e2ddc38bc04354438e3ea87e864873031f1d9fe65cd
wildfake,Images/Other_based.zip,Other_based/Typical/VQVAE/tt-coco/samples_nopix/img002052.jpg,data/wildfake/vqvae/bcb8009a1e8cfb75.jpg,1,vqvae,coco,train,9c786de703708e8d868e10f72e23bc5afa03a41f63f303a4a612f27aefc1c0a5
wildfake,Images/Other_based.zip,Other_based/Typical/VQVAE/tt-coco/samples_nopix/img002969.jpg,data/wildfake/vqvae/28d6d9e69d1e71a4.jpg,1,vqvae,coco,train,a715d01e88660ed45478fb9f8792da18c28ac6436fc362560206ae0f19b98fa4
wildfake,Images/Other_based.zip,Other_based/Typical/VQVAE/tt-coco/samples_nopix/img003040.jpg,data/wildfake/vqvae/20eaf6c1577a483a.jpg,1,vqvae,coco,train,87f3f143a6532850b44397489d21ea6073a9b4dc9cc7552bb2d06c4fa7c022f8
wildfake,Images/Other_based.zip,Other_based/Typical/VQVAE/tt-coco/samples_nopix/img002647.jpg,data/wildfake/vqvae/cf9a0c5b4f35dc0e.jpg,1,vqvae,coco,train,49c43262e7232fcbdb91e4aa88a1342b2954c5ee1f562feb5e411a6769c9b6e4
wildfake,Images/Other_based.zip,Other_based/Typical/VQVAE/tt-coco/samples_nopix/img001946.jpg,data/wildfake/vqvae/8cc162ac39e38017.jpg,1,vqvae,coco,train,dcd7c329370ccb5fd3559af5ead3e1fe8143012b25a2e93f5327b59d14532002
wildfake,Images/Other_based.zip,Other_based/Typical/VQVAE/tt-coco/samples_nopix/img002238.jpg,data/wildfake/vqvae/b6d3267c7e8690ee.jpg,1,vqvae,coco,train,585eba07e9bd01aaf4acaa9794316eb0e7a0edf6acf7c10d6eda868368d06f5a
wildfake,Images/Other_based.zip,Other_based/Typical/VQVAE/tt-coco/samples_nopix/img001572.jpg,data/wildfake/vqvae/832496df90b10b74.jpg,1,vqvae,coco,train,ee973d1ed109ced2c7f80362495d370bca6948be8f35a7bfacdd32965ad2f05a
wildfake,Images/Other_based.zip,Other_based/Typical/VQVAE/tt-coco/samples_nopix/img002474.jpg,data/wildfake/vqvae/d04b54250510fd56.jpg,1,vqvae,coco,train,2a2ebf3ba5018dd489f58e55c7a170eaea6968df78e8a3985012d6641c1c2ade
wildfake,Images/Other_based.zip,Other_based/Typical/VQVAE/tt-coco/samples_nopix/img000667.jpg,data/wildfake/vqvae/5d5c35c665522188.jpg,1,vqvae,coco,train,32c2e28bbaf171d2b87b149e72a8caa1ca251aa53bceb8f2f70a2b3b5a42f1cd
wildfake,Images/Other_based.zip,Other_based/Typical/VQVAE/tt-coco/samples_nopix/img003680.jpg,data/wildfake/vqvae/249c1d7ef4dd958d.jpg,1,vqvae,coco,train,69a07c1aa9528634412e7af6b5912bba48b059f797161ec5ce0f8d72bab93ea2
wildfake,Images/Other_based.zip,Other_based/Typical/VQVAE/tt-coco/samples_nopix/img004909.jpg,data/wildfake/vqvae/1e0fec32b0da67dc.jpg,1,vqvae,coco,train,d384ae882c12cb0c6423a791110d09e4f83a4e802cac1caef8949106d68a5247
wildfake,Images/Other_based.zip,Other_based/Typical/VQVAE/tt-coco/samples_nopix/img004674.jpg,data/wildfake/vqvae/af3c51a61cee5cd1.jpg,1,vqvae,coco,train,b7b880f8fa06bb7906ecd6a98bc38eddc0a52dc29e8002f7062cab4422fef1df
wildfake,Images/Other_based.zip,Other_based/Typical/VQVAE/tt-coco/samples_nopix/img004226.jpg,data/wildfake/vqvae/a4cc9bedfdf82ae2.jpg,1,vqvae,coco,train,bb77d06de2e19f2389658104d9f82337f497ad3c040191e9e51642a51dc951ed
wildfake,Images/Other_based.zip,Other_based/Typical/VQVAE/tt-coco/samples_nopix/img001133.jpg,data/wildfake/vqvae/bdc933b8b572ddff.jpg,1,vqvae,coco,train,9d42f062cc4b576695dace50b33aef56766c3f0fad973e2701700ee8b5bda408
wildfake,Images/Other_based.zip,Other_based/Typical/VQVAE/tt-coco/samples_nopix/img001493.jpg,data/wildfake/vqvae/650535f2293de915.jpg,1,vqvae,coco,train,bbdf0f3c4894655ada3c0cf19af3fbb2cce8d1f2137551ec3122216979d950f6
wildfake,Images/Other_based.zip,Other_based/Typical/VQVAE/tt-coco/samples_nopix/img003662.jpg,data/wildfake/vqvae/8d7d0a3b6b7e12fd.jpg,1,vqvae,coco,train,e2d11797fed0a3118a15302b24ff8609cd2ed6e8c7fb67f8e3e73ba2ee9e8606
wildfake,Images/Other_based.zip,Other_based/Typical/VQVAE/tt-coco/samples_nopix/img003281.jpg,data/wildfake/vqvae/4cfd097e17bf4668.jpg,1,vqvae,coco,train,8c58a4052ea116d84ee2e5e88e8e9046df2d81a5b806bbf8fe64a2bc5ae80c5c
wildfake,Images/Other_based.zip,Other_based/Typical/VQVAE/tt-coco/samples_nopix/img000602.jpg,data/wildfake/vqvae/c3199abfa1e5d448.jpg,1,vqvae,coco,train,cddbc73276d3724290e3762bafbe2a3909783389c9592fbeec1c7e76c1a04ba1
wildfake,Images/Other_based.zip,Other_based/Typical/VQVAE/tt-coco/samples_nopix/img001136.jpg,data/wildfake/vqvae/bef64d74bc797520.jpg,1,vqvae,coco,train,a9dda462e2b753175e0bb35a7cd0687831e2b6da80f6743000a51ba0338ce944
wildfake,Images/Other_based.zip,Other_based/Typical/VQVAE/tt-coco/samples_nopix/img003702.jpg,data/wildfake/vqvae/2c4c215385824f98.jpg,1,vqvae,coco,train,e58adefa73e35fe1ce6a92f4d46491f27c04d99c3a983309a91c68f0c25f6a5a
wildfake,Images/Other_based.zip,Other_based/Typical/VQVAE/tt-coco/samples_nopix/img001196.jpg,data/wildfake/vqvae/b7e813a8d846dd36.jpg,1,vqvae,coco,train,3cf2b7dd97154b01ff1569ca92f52134ea3253339440c57e5591606f9042f61a
wildfake,Images/Other_based.zip,Other_based/Typical/VQVAE/tt-coco/samples_nopix/img004468.jpg,data/wildfake/vqvae/be823ba939fe44e5.jpg,1,vqvae,coco,train,63904a28e390df59dc3e3c7be5260b45e2f96548415e7b2ffcfca299e1b3cbc5
wildfake,Images/Other_based.zip,Other_based/Typical/VQVAE/tt-coco/samples_nopix/img004569.jpg,data/wildfake/vqvae/6ee5135103f5b359.jpg,1,vqvae,coco,train,0c0a0316301d0e25cf1bfa984c7fa2e6d24e13d7f39a88f71a63b2ecf7753f14
wildfake,Images/Other_based.zip,Other_based/Typical/VQVAE/tt-coco/samples_nopix/img004649.jpg,data/wildfake/vqvae/1a30593e0aec2521.jpg,1,vqvae,coco,train,c4d57b0d4180baa23f8b89416204c14b2486538fed44f189e64f468cf94548a1
wildfake,Images/Other_based.zip,Other_based/Typical/VQVAE/tt-coco/samples_nopix/img004874.jpg,data/wildfake/vqvae/eb5ea4d12ff0ce8a.jpg,1,vqvae,coco,train,f0224e9e664247235e2fec0ad3375bd2c1545fc07f0c5c347085c652088d7f15
wildfake,Images/Other_based.zip,Other_based/Typical/VQVAE/tt-coco/samples_nopix/img002615.jpg,data/wildfake/vqvae/49cb23d753f5a059.jpg,1,vqvae,coco,train,82cfff7f45e3477cf641f22d3306e6253d51154a241ed37174e7258ee07bcbfa
wildfake,Images/Other_based.zip,Other_based/Typical/VQVAE/tt-coco/samples_nopix/img001111.jpg,data/wildfake/vqvae/d5ea06aeeb65a5a7.jpg,1,vqvae,coco,train,25e2ebf0540adefd3cdda855f0b50f82bbcd8a4bfbe818d30ecc021592fad143
wildfake,Images/Other_based.zip,Other_based/Typical/VQVAE/tt-coco/samples_nopix/img001972.jpg,data/wildfake/vqvae/9e49e159fdd71a1a.jpg,1,vqvae,coco,train,623629ccc86063ef17b3d8c85d092d3d3ebb1794056b6e9f5401bd73cd141bb2
wildfake,Images/Other_based.zip,Other_based/Typical/VQVAE/tt-coco/samples_nopix/img000590.jpg,data/wildfake/vqvae/943c446f586a7b5d.jpg,1,vqvae,coco,train,de716be31f44d11927ea89703aad1c75c57ac0fe07161f079175e17d6ca61ffe
wildfake,Images/Other_based.zip,Other_based/Typical/VQVAE/tt-coco/samples_nopix/img003221.jpg,data/wildfake/vqvae/f5ff25f21a779ade.jpg,1,vqvae,coco,train,3f8f8d566e087b24ba38661e3202c226b72e3f0289f2ce71da4535d8a799ae6d
wildfake,Images/Other_based.zip,Other_based/Typical/VQVAE/tt-coco/samples_nopix/img003063.jpg,data/wildfake/vqvae/1e20782be3c0f5a4.jpg,1,vqvae,coco,train,117715c27ddd4df5964d87b761fc5f7782b28326568fe3ece5818dc7e80ea66c
wildfake,Images/Other_based.zip,Other_based/Typical/VQVAE/tt-coco/samples_nopix/img002924.jpg,data/wildfake/vqvae/fda0110a7856c331.jpg,1,vqvae,coco,train,45d8ec619de60e3dc7481f31fd13289e2b55f9ebf291f9ac1b464a8a092a299b
wildfake,Images/Other_based.zip,Other_based/Typical/VQVAE/tt-coco/samples_nopix/img000929.jpg,data/wildfake/vqvae/7015e72510abbef4.jpg,1,vqvae,coco,train,627eafb9ddc595e4a0bd32bdc055f2b6e1c2f884d238bb8ce3f5d5d7daee0f38
wildfake,Images/Other_based.zip,Other_based/Typical/VQVAE/tt-coco/samples_nopix/img001630.jpg,data/wildfake/vqvae/fc21c47e2a466f02.jpg,1,vqvae,coco,train,90119f3643b0a57c73948ecb93257dc4e27e1cff5ac7ee8548c2020b0d0d7e87
wildfake,Images/Other_based.zip,Other_based/Typical/VQVAE/tt-coco/samples_nopix/img001476.jpg,data/wildfake/vqvae/c617f4bf1e500caf.jpg,1,vqvae,coco,train,48be772fd9deaa29c3adb647967b9cc61734fe6db8f59123c01491867d6cd45b
wildfake,Images/Other_based.zip,Other_based/Typical/VQVAE/tt-coco/samples_nopix/img000251.jpg,data/wildfake/vqvae/12f33c9f4bbc398c.jpg,1,vqvae,coco,train,1faba6b1b893ea9bc0c951c6a33539a23931c970e291d04219648e37da216970
wildfake,Images/Other_based.zip,Other_based/Typical/VQVAE/tt-coco/samples_nopix/img000982.jpg,data/wildfake/vqvae/a2f7f8eea904212e.jpg,1,vqvae,coco,train,51710b55800ec09094ced5dbbfa7e33da1f237011b2403dd0cb02f499397d72c
wildfake,Images/Other_based.zip,Other_based/Typical/VQVAE/tt-coco/samples_nopix/img000265.jpg,data/wildfake/vqvae/76af8011d579e2e5.jpg,1,vqvae,coco,train,48741c70c6a9ae8852ad6df1ad29c8bf44d4c81a6f3c1831073ef7946b2c6619
wildfake,Images/Other_based.zip,Other_based/Typical/VQVAE/tt-coco/samples_nopix/img002824.jpg,data/wildfake/vqvae/449825c3652049f2.jpg,1,vqvae,coco,train,6aec9f09be99273a23dd10fae871bba343fd2cc6fdc754aeca6e3ace6ae7b4ef
wildfake,Images/Other_based.zip,Other_based/Typical/VQVAE/tt-coco/samples_nopix/img002372.jpg,data/wildfake/vqvae/c0e8ab0321d788f6.jpg,1,vqvae,coco,train,0a711ee2ed0c6d17a753773867875a25b459f6aa97de6c2a568c1e3beeb22460
wildfake,Images/Other_based.zip,Other_based/Typical/VQVAE/tt-coco/samples_nopix/img003237.jpg,data/wildfake/vqvae/a269d79f711eff76.jpg,1,vqvae,coco,train,8cccf7de2a2e17c4d75fc1f751eb7494dafd55f802a1c89a7650c6109ea68924
wildfake,Images/Other_based.zip,Other_based/Typical/VQVAE/tt-coco/samples_nopix/img000218.jpg,data/wildfake/vqvae/5e171c23bb21649b.jpg,1,vqvae,coco,train,0be7d9db2a2a75d3b42291066bbe4e124f1a3a7744f62162eb3f605fb14fc67d
wildfake,Images/Other_based.zip,Other_based/Typical/VQVAE/tt-coco/samples_nopix/img004570.jpg,data/wildfake/vqvae/f66cc20a143e956a.jpg,1,vqvae,coco,train,b1bdd00ba7d4be3e2d97d16ae9731da818a0b1bb780b93383d106a41153c6373
wildfake,Images/Other_based.zip,Other_based/Typical/VQVAE/tt-coco/samples_nopix/img004293.jpg,data/wildfake/vqvae/c11251edda9aaef2.jpg,1,vqvae,coco,train,18583c22b2f1414de589b42f019cc2df5ba42b06bbf16626e4d45284c42b5313
wildfake,Images/Other_based.zip,Other_based/Typical/VQVAE/tt-coco/samples_nopix/img000336.jpg,data/wildfake/vqvae/43768e6037f22208.jpg,1,vqvae,coco,train,6cc383adcb9e87934824cfb5d97bad9fb34f1ca9d2be87b09cd590503203a4c3
wildfake,Images/Other_based.zip,Other_based/Typical/VQVAE/tt-coco/samples_nopix/img003262.jpg,data/wildfake/vqvae/bd7912518ef6d54b.jpg,1,vqvae,coco,train,59720ef4b85f44e1f5de2ece2d5d51839d89fd1706a6cb2720e24b6808ae9968
wildfake,Images/Other_based.zip,Other_based/Typical/VQVAE/tt-coco/samples_nopix/img000964.jpg,data/wildfake/vqvae/b9a80437e8fe20ff.jpg,1,vqvae,coco,train,85155fcb2d3d7555a0e49c574f88e5e9255c271fb5cab424b42fbd63bf1a60db
wildfake,Images/Other_based.zip,Other_based/Typical/VQVAE/tt-coco/samples_nopix/img000136.jpg,data/wildfake/vqvae/23cb70541a6483d3.jpg,1,vqvae,coco,train,006d820db1ccd372306a80e472f914666cc595cf3eb6afcb90453aeb0c2f8578
wildfake,Images/Other_based.zip,Other_based/Typical/VQVAE/tt-coco/samples_nopix/img003674.jpg,data/wildfake/vqvae/d0813b8a953c70bc.jpg,1,vqvae,coco,train,52429b1802d763c8b1dde8fc8ec221c78f181c1297601f7312af898968ac2edc
wildfake,Images/Other_based.zip,Other_based/Typical/VQVAE/tt-coco/samples_nopix/img001534.jpg,data/wildfake/vqvae/a1ddbae523f2c963.jpg,1,vqvae,coco,train,0f043fbcc76e8e71e58ff21e7f1b52ae41d89f7ed92adc45c11c162a5c9b5f69
wildfake,Images/Other_based.zip,Other_based/Typical/VQVAE/tt-coco/samples_nopix/img002925.jpg,data/wildfake/vqvae/6cf56c496e89db66.jpg,1,vqvae,coco,train,5f76b77a696978b87ef4345532d1fd1ce5706ea6a1f898231e70f878ea349f98
wildfake,Images/Other_based.zip,Other_based/Typical/VQVAE/tt-coco/samples_nopix/img004754.jpg,data/wildfake/vqvae/4a140947d1ed2278.jpg,1,vqvae,coco,train,0ae89732fa3f4c04cbc66049838cebd0e65c056cd62ae5edbdde3ba44dd9b6df
wildfake,Images/Other_based.zip,Other_based/Typical/VQVAE/tt-coco/samples_nopix/img003404.jpg,data/wildfake/vqvae/a47c8a8b55c64a18.jpg,1,vqvae,coco,train,e64e5522684bddb01c8cc940c61d9cb7c7a945fbddc028a58d06687ac25fec49
wildfake,Images/Other_based.zip,Other_based/Typical/VQVAE/tt-coco/samples_nopix/img000701.jpg,data/wildfake/vqvae/72d6653608752c98.jpg,1,vqvae,coco,train,4b062264c72f43cd712ae9be5f1a0146ef0751c9811940007d68a18ff6dc9b74
wildfake,Images/Other_based.zip,Other_based/Typical/VQVAE/tt-coco/samples_nopix/img004732.jpg,data/wildfake/vqvae/b62fd41690f074b3.jpg,1,vqvae,coco,train,c712f10301936bb27523f74a91d0d29eed78cbd6af37e67b3ea96cf21f00242f
wildfake,Images/Other_based.zip,Other_based/Typical/VQVAE/tt-coco/samples_nopix/img000625.jpg,data/wildfake/vqvae/cc99bfc8d9254469.jpg,1,vqvae,coco,train,ca1923dc8ca3d604c770390af25ef0b9e06cfd56a5c66dca3d70c678536f53d0
wildfake,Images/Other_based.zip,Other_based/Typical/VQVAE/tt-coco/samples_nopix/img004683.jpg,data/wildfake/vqvae/58c6470dc2eca4a6.jpg,1,vqvae,coco,train,ecad4efe352a5a9d4ca547b5bf5d73ca4d712095cd1b7ce227439b8a0778e964
wildfake,Images/Other_based.zip,Other_based/Typical/VQVAE/tt-coco/samples_nopix/img001757.jpg,data/wildfake/vqvae/01a4332bcc0e368d.jpg,1,vqvae,coco,train,7109dd1f90fc68092306080240320c51615441a5216eeb4612b8652e54c4cadc
wildfake,Images/Other_based.zip,Other_based/Typical/VQVAE/tt-coco/samples_nopix/img003544.jpg,data/wildfake/vqvae/20776621cd952325.jpg,1,vqvae,coco,train,4658f675166d17c5f73f786e8c1e85e1648dd4fd39de96aeff4f4da530e9d144
wildfake,Images/Other_based.zip,Other_based/Typical/VQVAE/tt-coco/samples_nopix/img000908.jpg,data/wildfake/vqvae/7a4c0d76d4324993.jpg,1,vqvae,coco,train,adfa78db584de3dc9f8af162cd55aa760b129edd8ca226a5bc14724d4ae517ae
wildfake,Images/Other_based.zip,Other_based/Typical/VQVAE/tt-coco/samples_nopix/img001377.jpg,data/wildfake/vqvae/40d0fed430cd8aee.jpg,1,vqvae,coco,train,15ea508ab0b6ae752dd91809b6b4bade5ead6e91ce8eddaf854113333d251108
wildfake,Images/Other_based.zip,Other_based/Typical/VQVAE/tt-coco/samples_nopix/img002093.jpg,data/wildfake/vqvae/97d554e373d4d05b.jpg,1,vqvae,coco,train,cca53d0f02f1e5ddbba1fb5430181ec71c04f2db8565e2703a963abba9016770
wildfake,Images/Other_based.zip,Other_based/Typical/VQVAE/tt-coco/samples_nopix/img001565.jpg,data/wildfake/vqvae/0aaacf51936a4377.jpg,1,vqvae,coco,train,cb923459f4c5514b7a71bb2eb10b232b21786b14e00c978fbf0ba6c598b7a81c
wildfake,Images/Other_based.zip,Other_based/Typical/VQVAE/tt-coco/samples_nopix/img004320.jpg,data/wildfake/vqvae/3c262a482c392640.jpg,1,vqvae,coco,train,be34e0ee72a877d223587fffc05a902887979976466d9287c9c72ae214639fce
wildfake,Images/Other_based.zip,Other_based/Typical/VQVAE/tt-coco/samples_nopix/img003716.jpg,data/wildfake/vqvae/a26f72fc1206e393.jpg,1,vqvae,coco,train,0bd318ac3bfb15eb024090110d888e2f7355dcb46b16e4efa54a73d984fecc99
wildfake,Images/Other_based.zip,Other_based/Typical/VQVAE/tt-coco/samples_nopix/img003163.jpg,data/wildfake/vqvae/6e65901ca9c1bb9b.jpg,1,vqvae,coco,train,df376ece92360fd9a8107b55773e37af9bc46f7a095cdb4001236cec0bba8ca8
wildfake,Images/Other_based.zip,Other_based/Typical/VQVAE/tt-coco/samples_nopix/img004167.jpg,data/wildfake/vqvae/cc2b3b5106f3a799.jpg,1,vqvae,coco,train,127bddd15fda95f14c530f76a71f186ef8d9c946c74d80595da9648e293a79bb
wildfake,Images/Other_based.zip,Other_based/Typical/VQVAE/tt-coco/samples_nopix/img001127.jpg,data/wildfake/vqvae/f988a07b5ee579ba.jpg,1,vqvae,coco,train,ddf2162dbfdc1d22d1c76d222a05dd71c04abe4d762bb64902c96972767b1c3b
wildfake,Images/Other_based.zip,Other_based/Typical/VQVAE/tt-coco/samples_nopix/img003128.jpg,data/wildfake/vqvae/1894b942df41965d.jpg,1,vqvae,coco,train,ace7ddd3210bae11246f5c76b7a6b88079eab456fd6a171cf21afe502f3fe80c
wildfake,Images/Other_based.zip,Other_based/Typical/VQVAE/tt-coco/samples_nopix/img004824.jpg,data/wildfake/vqvae/48f1ed6e563d7a06.jpg,1,vqvae,coco,train,20eadbe5233cbd4f9de8ef9431e4d6f46700a4358c8fa3950ad65c64afa75a23
wildfake,Images/Other_based.zip,Other_based/Typical/VQVAE/tt-coco/samples_nopix/img000869.jpg,data/wildfake/vqvae/8221f67d061a4b86.jpg,1,vqvae,coco,train,ff4b87919ca2fb5f4a26dbe4be707d1c4bc458496b2be9a231d9aa0d897a0c0b
wildfake,Images/Other_based.zip,Other_based/Typical/VQVAE/tt-coco/samples_nopix/img002781.jpg,data/wildfake/vqvae/70fd3fc86324270f.jpg,1,vqvae,coco,train,4c9ca5619ff7b52ac6b142afa812caee5ab90713832a170f6131737ba975357f
wildfake,Images/Other_based.zip,Other_based/Typical/VQVAE/tt-coco/samples_nopix/img000539.jpg,data/wildfake/vqvae/e37fd65d24a016e0.jpg,1,vqvae,coco,train,bc1fea29e9815968ffaf34ca8376abf0189452ad9378e68981c2710a7583374b
wildfake,Images/Other_based.zip,Other_based/Typical/VQVAE/tt-coco/samples_nopix/img003467.jpg,data/wildfake/vqvae/a48cac6592d757a0.jpg,1,vqvae,coco,train,c895886d5b94670faf337d93c0acbc641ea0f754cc3f9d6ea726a925fc0ff491
wildfake,Images/Other_based.zip,Other_based/Typical/VQVAE/tt-coco/samples_nopix/img001426.jpg,data/wildfake/vqvae/074183dcc06ab65f.jpg,1,vqvae,coco,train,3503895d45af21e725f722aca901f3e8278dffc6548b7a5e46f98a1ce1a6350d
wildfake,Images/Other_based.zip,Other_based/Typical/VQVAE/tt-coco/samples_nopix/img003583.jpg,data/wildfake/vqvae/9d00602663ae4065.jpg,1,vqvae,coco,train,007f9847bc8a7ef66d088626a60629a47dd456d9e6f8c1e02727097415a6755e
wildfake,Images/Other_based.zip,Other_based/Typical/VQVAE/tt-coco/samples_nopix/img004170.jpg,data/wildfake/vqvae/39bcee28ed1a9a79.jpg,1,vqvae,coco,train,8f47b3875d89d2dc8811ed01a7dcd80f74de80f14a3a48eb105b0c696e020bfd
wildfake,Images/Other_based.zip,Other_based/Typical/VQVAE/tt-coco/samples_nopix/img004175.jpg,data/wildfake/vqvae/45e244c0f194fab4.jpg,1,vqvae,coco,train,7b9199f5a88c52285fda677300d3cb31a1161ce6ebaa16072b78672727121aa5
wildfake,Images/Other_based.zip,Other_based/Typical/VQVAE/tt-coco/samples_nopix/img001274.jpg,data/wildfake/vqvae/66d6ea35703e8696.jpg,1,vqvae,coco,train,88c8d3b3dfd6f698558b3a7fb75f3e2a1c08c8ae9a60a36bb4e19cdba077ab54
wildfake,Images/Other_based.zip,Other_based/Typical/VQVAE/tt-coco/samples_nopix/img002542.jpg,data/wildfake/vqvae/1d44c8e744550aaf.jpg,1,vqvae,coco,train,e8fe0df5030afa1b1da6a129a00ce5b96d1fa037809829a44f5e2613373cd307
wildfake,Images/Other_based.zip,Other_based/Typical/VQVAE/tt-coco/samples_nopix/img004075.jpg,data/wildfake/vqvae/2cf8a40014661ae1.jpg,1,vqvae,coco,train,a3996230ef201913ed15b38d1fcbe9a01c087d8e04671dc348dd2875f2c6dadb
wildfake,Images/Other_based.zip,Other_based/Typical/VQVAE/tt-coco/samples_nopix/img002166.jpg,data/wildfake/vqvae/cd163db0dbcdf4de.jpg,1,vqvae,coco,train,3afd66fcdb389e849b6b1a647f2422a9ed0b03de726a3c542635d1eebc282fe9
wildfake,Images/Other_based.zip,Other_based/Typical/VQVAE/tt-coco/samples_nopix/img003986.jpg,data/wildfake/vqvae/a44eb5b53c4028b3.jpg,1,vqvae,coco,train,889b714a1cb127bb91fef7c0018ac15087c2f8a8d3361d7fa6a65bad09dc2263
wildfake,Images/Other_based.zip,Other_based/Typical/VQVAE/tt-coco/samples_nopix/img002633.jpg,data/wildfake/vqvae/9138d98dd4e5afd6.jpg,1,vqvae,coco,train,ce825a27229c1d4a334201d6785b97bd0e78ad7c55f76602ca8b18e7104eb654
wildfake,Images/Other_based.zip,Other_based/Typical/VQVAE/tt-coco/samples_nopix/img003477.jpg,data/wildfake/vqvae/d859e39ee5045e49.jpg,1,vqvae,coco,train,5c7facd8e1eb40094ebff05ffb63655be66e497716ff0fddab659ff211d96391
wildfake,Images/Other_based.zip,Other_based/Typical/VQVAE/tt-coco/samples_nopix/img001356.jpg,data/wildfake/vqvae/4735fa2bd1252bb5.jpg,1,vqvae,coco,train,ad9277bdf70c03227f12907025dddc8359f916ffe0a9569a3d5d32c2b88b7ea1
wildfake,Images/Other_based.zip,Other_based/Typical/VQVAE/tt-coco/samples_nopix/img001365.jpg,data/wildfake/vqvae/20af12f3154e7d61.jpg,1,vqvae,coco,train,595bc822043970aac706c5a40c4aada6cb8a5edcd4f0968df045b8abee79748c
wildfake,Images/Other_based.zip,Other_based/Typical/VQVAE/tt-coco/samples_nopix/img001651.jpg,data/wildfake/vqvae/3b66615fab022274.jpg,1,vqvae,coco,train,6ae120091cbf3d23aebbd1bdd89663f94c595daac846f1dd045eeb92be8babae
wildfake,Images/Other_based.zip,Other_based/Typical/VQVAE/tt-coco/samples_nopix/img004863.jpg,data/wildfake/vqvae/067f2ffbccccd95a.jpg,1,vqvae,coco,train,54167fb0d841801a69527c3e1634a578114032d5397bcf2868b9a784b05bfdb2
wildfake,Images/Other_based.zip,Other_based/Typical/VQVAE/tt-coco/samples_nopix/img003609.jpg,data/wildfake/vqvae/4d5587c1ad3757dc.jpg,1,vqvae,coco,train,e8898377498939cbd8590b6036e4e79aa59ee2d616c639d499e10f3e56439b6f
wildfake,Images/Other_based.zip,Other_based/Typical/VQVAE/tt-coco/samples_nopix/img001542.jpg,data/wildfake/vqvae/9cbdbf8434ac5700.jpg,1,vqvae,coco,train,db9340708053ce76dfdf72065acc40683874fb5286079cde3a49c372331b1178
wildfake,Images/Other_based.zip,Other_based/Typical/VQVAE/tt-coco/samples_nopix/img002535.jpg,data/wildfake/vqvae/bfd8719293328a06.jpg,1,vqvae,coco,train,995c5cbd3537f78bb9351e53d9ce0290fadb8f5650967cd6a1437e1f78c75b39
wildfake,Images/Other_based.zip,Other_based/Typical/VQVAE/tt-coco/samples_nopix/img002783.jpg,data/wildfake/vqvae/e3766fd2015ed067.jpg,1,vqvae,coco,train,c6d66b8ac3da07da4359bb7a93f23a2731b1ce5febf8b4c05403c0eddc5601bd
wildfake,Images/Other_based.zip,Other_based/Typical/VQVAE/tt-coco/samples_nopix/img004181.jpg,data/wildfake/vqvae/8d9f4bcd05018c3c.jpg,1,vqvae,coco,train,12f82ae49554359f45ae5ce3566aeb1b54d17ebd86d804a397584bd97f4bce35
wildfake,Images/Other_based.zip,Other_based/Typical/VQVAE/tt-coco/samples_nopix/img003790.jpg,data/wildfake/vqvae/b26b59a1a7bea0a4.jpg,1,vqvae,coco,train,94c5382ead3e09b2cd0cd24cdc676b26ef2f04d9723f148f54f2f2658b423864
wildfake,Images/Other_based.zip,Other_based/Typical/VQVAE/tt-coco/samples_nopix/img000559.jpg,data/wildfake/vqvae/cbbcfcf2bb903062.jpg,1,vqvae,coco,train,7ca93088e097e7b51eebb688fab39fe47286997d3061aff3fcf5f35088c2d265
wildfake,Images/Other_based.zip,Other_based/Typical/VQVAE/tt-coco/samples_nopix/img002890.jpg,data/wildfake/vqvae/5be7204ce01a5f63.jpg,1,vqvae,coco,train,a9cb4efd0d0c53269e821486adee168740041ad92e09cfbd4d3f9685790aa8e2
wildfake,Images/Other_based.zip,Other_based/Typical/VQVAE/tt-coco/samples_nopix/img000687.jpg,data/wildfake/vqvae/9a0929dd75054322.jpg,1,vqvae,coco,train,5595aa7783a1cae57c745636cc4e449893f9f544146fae8a5ccb7200202a1600
wildfake,Images/Other_based.zip,Other_based/Typical/VQVAE/tt-coco/samples_nopix/img001486.jpg,data/wildfake/vqvae/1ca4aaead2cccffb.jpg,1,vqvae,coco,train,e2e2fcffe3018e9d880ff73f3d48215b0d6514b3eba44f6c8bee77801c4f5095
wildfake,Images/Other_based.zip,Other_based/Typical/VQVAE/tt-coco/samples_nopix/img001097.jpg,data/wildfake/vqvae/ee9defac0b386c9a.jpg,1,vqvae,coco,train,c50cc0fb8f530b52b63f78c209523b8e642090b22906f1d96141313ab783a471
wildfake,Images/Other_based.zip,Other_based/Typical/VQVAE/tt-coco/samples_nopix/img000215.jpg,data/wildfake/vqvae/d73161e6ffec7176.jpg,1,vqvae,coco,train,f62d712c1c54db7d98ff42b0280fc577d9834961fe24badf7d4116eeab4f8ce4
wildfake,Images/Other_based.zip,Other_based/Typical/VQVAE/tt-coco/samples_nopix/img003586.jpg,data/wildfake/vqvae/e88abdc7d6748ebb.jpg,1,vqvae,coco,train,5db250fc0e7204d01673233ca1d5e1da88ec79e33927f2bf0ee0a055f7a84346
wildfake,Images/Other_based.zip,Other_based/Typical/VQVAE/tt-coco/samples_nopix/img000337.jpg,data/wildfake/vqvae/099de74fd19f1bcb.jpg,1,vqvae,coco,train,5bbb27ae8a4f3d7aa949c9004a2071bb0c747771e6d510601b14968c97c94ad5
wildfake,Images/Other_based.zip,Other_based/Typical/VQVAE/tt-coco/samples_nopix/img000313.jpg,data/wildfake/vqvae/a1c24c8f9b47adf2.jpg,1,vqvae,coco,train,081afc864304a25fc6c3058d9e8e67271fa1d33e937d1a0a77d979df1c018cb9
wildfake,Images/Other_based.zip,Other_based/Typical/VQVAE/tt-coco/samples_nopix/img004337.jpg,data/wildfake/vqvae/71dfcf8350e4e792.jpg,1,vqvae,coco,train,4d7d45b3e3f067094e9bcc0b1099d17185032dbb15aa1146ec65f5c93ccc6dcd
wildfake,Images/Other_based.zip,Other_based/Typical/VQVAE/tt-coco/samples_nopix/img004884.jpg,data/wildfake/vqvae/083447e865356bd6.jpg,1,vqvae,coco,train,1268cd0fcd3381b007ff78b2fd42483fbbce70d731c2e2c02c14c4d95e5c2fea
wildfake,Images/Other_based.zip,Other_based/Typical/VQVAE/tt-coco/samples_nopix/img002700.jpg,data/wildfake/vqvae/cacc7a29791a81b7.jpg,1,vqvae,coco,train,975875ff35de2f2cf099cd173506ab0a7daaf0d3070129b2321372f26d19b1f0
wildfake,Images/Other_based.zip,Other_based/Typical/VQVAE/tt-coco/samples_nopix/img001263.jpg,data/wildfake/vqvae/1ed85680ecfee1ea.jpg,1,vqvae,coco,train,95669ac10855285f5257e9030d4353865a3abc2e258c7f7bf6360c5d145de546
wildfake,Images/Other_based.zip,Other_based/Typical/VQVAE/tt-coco/samples_nopix/img001555.jpg,data/wildfake/vqvae/49c3ce1a037f86ec.jpg,1,vqvae,coco,train,56645760749545c8042339a6d5535078e55fb98d3446aa8c6b2c1252599f1466
wildfake,Images/Other_based.zip,Other_based/Typical/VQVAE/tt-coco/samples_nopix/img000255.jpg,data/wildfake/vqvae/530cd55bb01a0fde.jpg,1,vqvae,coco,train,1faa28f7652ea5b785a3609b2743dc01e62c5121aeb9f456e50cda1fac3b8663
wildfake,Images/Other_based.zip,Other_based/Typical/VQVAE/tt-coco/samples_nopix/img004987.jpg,data/wildfake/vqvae/f6486d13934c3196.jpg,1,vqvae,coco,train,97cab69ddc3eed08196520e61f883b691ba966ded806217e2218140c4a177aa0
wildfake,Images/Other_based.zip,Other_based/Typical/VQVAE/tt-coco/samples_nopix/img004601.jpg,data/wildfake/vqvae/6d4000938d7b96a2.jpg,1,vqvae,coco,train,25a3b71808fe8d120fb7b4dcfd07160fbb7f77784db13752a76cfad4f9b2c590
wildfake,Images/Other_based.zip,Other_based/Typical/VQVAE/tt-coco/samples_nopix/img003821.jpg,data/wildfake/vqvae/844977125b0247e7.jpg,1,vqvae,coco,train,7b80f9a9a92b885e6fd59863679205ee1cd45db73bb98b40dc1f0da7c1fb21b2
wildfake,Images/Other_based.zip,Other_based/Typical/VQVAE/tt-coco/samples_nopix/img002829.jpg,data/wildfake/vqvae/ae4df0552d988339.jpg,1,vqvae,coco,train,5d5dd55a14bbd04dc4f35d5fd75bf408ee86c8c9320097c2f0fec142b6867fb6
wildfake,Images/Other_based.zip,Other_based/Typical/VQVAE/tt-coco/samples_nopix/img000043.jpg,data/wildfake/vqvae/5db1eb1498c252ef.jpg,1,vqvae,coco,train,7cd9fda586472fc2e519aebb929d8101e30e3f866eb3be4a519182952fd1da5a
wildfake,Images/Other_based.zip,Other_based/Typical/VQVAE/tt-coco/samples_nopix/img003031.jpg,data/wildfake/vqvae/26a3a944ed8d95b6.jpg,1,vqvae,coco,train,c849ce1ceb139f97855f09ff0291edcf17f1b015bf82e639c11fa4947aead1b7
wildfake,Images/Other_based.zip,Other_based/Typical/VQVAE/tt-coco/samples_nopix/img001017.jpg,data/wildfake/vqvae/30856710f705c8e9.jpg,1,vqvae,coco,train,0208b1d9b0a332c5bed3105762f83e176809012218929f133d919feb3b1265ed
wildfake,Images/Other_based.zip,Other_based/Typical/VQVAE/tt-coco/samples_nopix/img001434.jpg,data/wildfake/vqvae/d37a29504fd22172.jpg,1,vqvae,coco,train,f4cab405915eb6ded6a5c04f6273b30893c0477054c3d298a929f3215026a913
wildfake,Images/Other_based.zip,Other_based/Typical/VQVAE/tt-coco/samples_nopix/img003744.jpg,data/wildfake/vqvae/57e29b23a34f6d8b.jpg,1,vqvae,coco,train,498f6b6ef79b1de9ccd6e30a26e808fb35331084ca30d223cfd061f414ab69c1
wildfake,Images/Other_based.zip,Other_based/Typical/VQVAE/tt-coco/samples_nopix/img002773.jpg,data/wildfake/vqvae/c9942b674622938d.jpg,1,vqvae,coco,train,51a6796b6fe07157674d15066cab513ca54e44d875b6a5206fc50a0cb1318ca0
wildfake,Images/Other_based.zip,Other_based/Typical/VQVAE/tt-coco/samples_nopix/img001154.jpg,data/wildfake/vqvae/889381a955308896.jpg,1,vqvae,coco,train,80f7a6c80f53150132f3002337c9c8e9baa291d5e08480cc52728975d78d6236
wildfake,Images/Other_based.zip,Other_based/Typical/VQVAE/tt-coco/samples_nopix/img003013.jpg,data/wildfake/vqvae/e25ee1eaa39fbbd0.jpg,1,vqvae,coco,train,bd31e1ae00d5a22bccf12d46f1841924d1e54d3463ce29e9538bb48a320fa7b5
wildfake,Images/Other_based.zip,Other_based/Typical/VQVAE/tt-coco/samples_nopix/img002610.jpg,data/wildfake/vqvae/8755f70d1a555e95.jpg,1,vqvae,coco,train,9f4ef9f2a180dae4f2bb8a270db5c76b33b2393da71097053d74ff5ba7b09122
wildfake,Images/Other_based.zip,Other_based/Typical/VQVAE/tt-coco/samples_nopix/img001762.jpg,data/wildfake/vqvae/1733e1d6480a447c.jpg,1,vqvae,coco,train,3143c2741ca5db37f4f1bab7c3c5d8623e47a288fff75d8bac58cb583fc75ae9
wildfake,Images/Other_based.zip,Other_based/Typical/VQVAE/tt-coco/samples_nopix/img002249.jpg,data/wildfake/vqvae/9713dbf99cc4be7a.jpg,1,vqvae,coco,train,42379e592f309a97ff0cb15ecb32d47c786a9abadb582f5da2947783192ab120
wildfake,Images/Other_based.zip,Other_based/Typical/VQVAE/tt-coco/samples_nopix/img000309.jpg,data/wildfake/vqvae/c5bd910afe058049.jpg,1,vqvae,coco,train,2c80d2b3d0451fd7ac4036104244ed5bb432c66c3a20fab3dc4bf3a28e43b23c
wildfake,Images/Other_based.zip,Other_based/Typical/VQVAE/tt-coco/samples_nopix/img003412.jpg,data/wildfake/vqvae/2b49ed31469f9351.jpg,1,vqvae,coco,train,70d5824c436bd030377ea5236fc8f5c3a27e0ec9c91b434c12db7bd5504cda90
wildfake,Images/Other_based.zip,Other_based/Typical/VQVAE/tt-coco/samples_nopix/img004956.jpg,data/wildfake/vqvae/aa6c4423444c2381.jpg,1,vqvae,coco,train,a3686abb3afb6b26cc8c951570657f46cb84ad49959b0f7115ed33ac02fb9854
wildfake,Images/Other_based.zip,Other_based/Typical/VQVAE/tt-coco/samples_nopix/img003602.jpg,data/wildfake/vqvae/c479d29e78d89f6f.jpg,1,vqvae,coco,train,b2ec9ea5024f79ae3482b7f0394ff37c7a5b350169ddc26b33c9cf7db068f87b
wildfake,Images/Other_based.zip,Other_based/Typical/VQVAE/tt-coco/samples_nopix/img004370.jpg,data/wildfake/vqvae/74708d45012d575b.jpg,1,vqvae,coco,train,4eec87163a51c71fedfc0b2383053adb993bb9c1b8e90f6572ac9519b6868528
wildfake,Images/Other_based.zip,Other_based/Typical/VQVAE/tt-coco/samples_nopix/img000553.jpg,data/wildfake/vqvae/4df3394a01cbb38d.jpg,1,vqvae,coco,train,eb2e7d79849f5a9b2742702809bf7fef5b0633e8112809414442ac187fe2dd14
wildfake,Images/Other_based.zip,Other_based/Typical/VQVAE/tt-coco/samples_nopix/img003629.jpg,data/wildfake/vqvae/1730cbf1349cc16c.jpg,1,vqvae,coco,train,13436ba64d2bcee1c4f75184d738e26fb5841d3583c7f49125a5dc3a71e42a82
wildfake,Images/Other_based.zip,Other_based/Typical/VQVAE/tt-coco/samples_nopix/img000308.jpg,data/wildfake/vqvae/823c3c394f398789.jpg,1,vqvae,coco,train,7ded33616e66f8c47da8839506ef744cfd96a99d22ed87e1bd4e728a127b5a86
wildfake,Images/Other_based.zip,Other_based/Typical/VQVAE/tt-coco/samples_nopix/img003014.jpg,data/wildfake/vqvae/8db7c0b66995fdcc.jpg,1,vqvae,coco,train,be4bdd4f238da7f8b22ceafa98567940ea5da84873cdb4764607fe2c1675dce5
wildfake,Images/Other_based.zip,Other_based/Typical/VQVAE/tt-coco/samples_nopix/img003468.jpg,data/wildfake/vqvae/82db11969cdb5cae.jpg,1,vqvae,coco,train,67de514dca89c205bafc91e0470dc9fee3047cc0cb792a3582bc83b57e00084c
wildfake,Images/Other_based.zip,Other_based/Typical/VQVAE/tt-coco/samples_nopix/img001993.jpg,data/wildfake/vqvae/fcfe8bb218f31eb0.jpg,1,vqvae,coco,train,08bcfdad56a009351747db5f07b1262271e4f96e2d06f3c536411452c8e3aadf
wildfake,Images/Other_based.zip,Other_based/Typical/VQVAE/tt-coco/samples_nopix/img000398.jpg,data/wildfake/vqvae/03da37a762724918.jpg,1,vqvae,coco,train,cec5206b024201156ec98e76090050623ee4b541c2f6a822368c2508946afc5d
wildfake,Images/Other_based.zip,Other_based/Typical/VQVAE/tt-coco/samples_nopix/img001935.jpg,data/wildfake/vqvae/31a995cd43df1923.jpg,1,vqvae,coco,train,3367b1aac7c37d6181511ad624243b2232821dd62b758a21b519bf2c4476151f
wildfake,Images/Other_based.zip,Other_based/Typical/VQVAE/tt-coco/samples_nopix/img002339.jpg,data/wildfake/vqvae/896354e3ad009a4a.jpg,1,vqvae,coco,train,12be7e5ff51b5e98126c8f5094065324fa0f62f1fec030d282ddb4d060e14124
wildfake,Images/Other_based.zip,Other_based/Typical/VQVAE/tt-coco/samples_nopix/img002758.jpg,data/wildfake/vqvae/8b7ace0ec519a804.jpg,1,vqvae,coco,train,f4a3e7c83cf66ba361d7632d1531f845bdef5b4d13570408bea4e50150e824c8
wildfake,Images/Other_based.zip,Other_based/Typical/VQVAE/tt-coco/samples_nopix/img000792.jpg,data/wildfake/vqvae/6167c0d639207b9a.jpg,1,vqvae,coco,train,13fe4456384ea412b3bfc1326a435327c8cac7dc2343557a112b967a593ca42b
wildfake,Images/Other_based.zip,Other_based/Typical/VQVAE/tt-coco/samples_nopix/img004977.jpg,data/wildfake/vqvae/fcf9404e6461cbc3.jpg,1,vqvae,coco,train,e5fbe2824ee67294ea567589688cd1711646133dbb1c086edae7c295398471cf
wildfake,Images/Other_based.zip,Other_based/Typical/VQVAE/tt-coco/samples_nopix/img000490.jpg,data/wildfake/vqvae/c12ecc4485776469.jpg,1,vqvae,coco,train,8de1d1ee4f7cced6790e1917d6ab3acd94023e5b721137396d5b48d881451c89
wildfake,Images/Other_based.zip,Other_based/Typical/VQVAE/tt-coco/samples_nopix/img001635.jpg,data/wildfake/vqvae/729fc4aa5cd40e7a.jpg,1,vqvae,coco,train,20415f9c91893162b1f5f781665b213ebc5f414285715a5e546c3f687303f65f
wildfake,Images/Other_based.zip,Other_based/Typical/VQVAE/tt-coco/samples_nopix/img002044.jpg,data/wildfake/vqvae/601bdd00c28e8698.jpg,1,vqvae,coco,train,8a64f22bd5616cf2c767689d4701a2aa18a2d87ebde24b2589d68d9218e47fd9
wildfake,Images/Other_based.zip,Other_based/Typical/VQVAE/tt-coco/samples_nopix/img004292.jpg,data/wildfake/vqvae/785491d80bee7f96.jpg,1,vqvae,coco,train,384a04efec5407c2027171e25fbb16ab08e3759dee4a11489d0f0e25a398866d
wildfake,Images/Other_based.zip,Other_based/Typical/VQVAE/tt-coco/samples_nopix/img001209.jpg,data/wildfake/vqvae/86bc95d3f05d451c.jpg,1,vqvae,coco,train,fca9866bf3494c2394866abe329209aa6c5eb427ae180a26bda2a7c5a1a794ff
wildfake,Images/Other_based.zip,Other_based/Typical/VQVAE/tt-coco/samples_nopix/img000644.jpg,data/wildfake/vqvae/a887bee90342d2ae.jpg,1,vqvae,coco,train,cfaa9527ee93ed218b0754c1465f665643f99b95ac999b68e33d28134d5616ea
wildfake,Images/Other_based.zip,Other_based/Typical/VQVAE/tt-coco/samples_nopix/img000607.jpg,data/wildfake/vqvae/e6739c858dc17192.jpg,1,vqvae,coco,train,8418b3388c264ead33d8ebdc908666a5ba515f3e2e8f0fa77312a53fab6a1702
wildfake,Images/Other_based.zip,Other_based/Typical/VQVAE/tt-coco/samples_nopix/img002132.jpg,data/wildfake/vqvae/9991a7eff43a3665.jpg,1,vqvae,coco,train,4b5663fe406a3d4ebe677e38a264b9b91549cb26e8b80b179cd4470853b92993
wildfake,Images/Other_based.zip,Other_based/Typical/VQVAE/tt-coco/samples_nopix/img002320.jpg,data/wildfake/vqvae/d54782fe1dacc434.jpg,1,vqvae,coco,train,52e4f6644d76e6ffa73e66a20a04eec189078059c28846239e46f23f22ce7764
wildfake,Images/Other_based.zip,Other_based/Typical/VQVAE/tt-coco/samples_nopix/img000765.jpg,data/wildfake/vqvae/c2e0092ab48825ca.jpg,1,vqvae,coco,train,1e0ef5370397991a4aee39a6650b6ae15fac1a7308c5eb90416526d11b0b2269
wildfake,Images/Other_based.zip,Other_based/Typical/VQVAE/tt-coco/samples_nopix/img001975.jpg,data/wildfake/vqvae/514b0703f08e7ae8.jpg,1,vqvae,coco,train,f214a9573c8d6574c960224a1dd7633ed03cd9f5e44d443c55a90c7dedf4e35a
wildfake,Images/Other_based.zip,Other_based/Typical/VQVAE/tt-coco/samples_nopix/img003313.jpg,data/wildfake/vqvae/c9a06ac2c748f152.jpg,1,vqvae,coco,train,24e7d2c588578c5f3fc53294dcf93601b8d28515429f15c6a134f12c8706c58f
wildfake,Images/Other_based.zip,Other_based/Typical/VQVAE/tt-coco/samples_nopix/img004516.jpg,data/wildfake/vqvae/0189adcd73c653ed.jpg,1,vqvae,coco,train,c8a2a7d4e5efb9d0f348b596874647aef78797c256f00b2fcb2370cc0b848391
wildfake,Images/Other_based.zip,Other_based/Typical/VQVAE/tt-coco/samples_nopix/img003057.jpg,data/wildfake/vqvae/a7c60e7df86eab53.jpg,1,vqvae,coco,train,2e0cb1195b363360840f08e51f5cbe7e2a4f909d5125642e68a8bc0469953dfa
wildfake,Images/Other_based.zip,Other_based/Typical/VQVAE/tt-coco/samples_nopix/img000318.jpg,data/wildfake/vqvae/13be1e476d3cc002.jpg,1,vqvae,coco,train,bf26b2c50b0db5802918a49fbe575330856840f11623798c1fa09aa9889bc8ec
wildfake,Images/Other_based.zip,Other_based/Typical/VQVAE/tt-coco/samples_nopix/img000466.jpg,data/wildfake/vqvae/e143f7727208cc5b.jpg,1,vqvae,coco,train,1eff2f25eb050ea02dfe7b609d3bb064c5d1f0ae4846ea1b9a5218f97bbeffb7
wildfake,Images/Other_based.zip,Other_based/Typical/VQVAE/tt-coco/samples_nopix/img002283.jpg,data/wildfake/vqvae/dedfecb646ad4e91.jpg,1,vqvae,coco,train,51e67400c288aa851c77a4af8cdaddddc35b9f29d66352a04c5e833a3670d118
wildfake,Images/Other_based.zip,Other_based/Typical/VQVAE/tt-coco/samples_nopix/img003978.jpg,data/wildfake/vqvae/78c64b4f85bb60ce.jpg,1,vqvae,coco,train,ff927af39c0ae0db1d470bf3e4df7d4b7446ffee29c4f9c3792b5451eabad62a
wildfake,Images/Other_based.zip,Other_based/Typical/VQVAE/tt-coco/samples_nopix/img000357.jpg,data/wildfake/vqvae/ab24cef54840d254.jpg,1,vqvae,coco,train,5e973e923c2bbbd903dddb0d27b46b7d3b5a9c20e3cc22305d3818016c51fbb6
wildfake,Images/Other_based.zip,Other_based/Typical/VQVAE/tt-coco/samples_nopix/img001310.jpg,data/wildfake/vqvae/94509a6d99817f14.jpg,1,vqvae,coco,train,ca7a9a37ae02e24213785b2091b26172072e38dde29721084027b90a46461b57
wildfake,Images/Other_based.zip,Other_based/Typical/VQVAE/tt-coco/samples_nopix/img002719.jpg,data/wildfake/vqvae/b2fd0f8099b5b2f2.jpg,1,vqvae,coco,train,b5029df6228d9a9421facebc48b639e6af5c097025d517b319f0f6aaad182a86
wildfake,Images/Other_based.zip,Other_based/Typical/VQVAE/tt-coco/samples_nopix/img004639.jpg,data/wildfake/vqvae/0418a4bb17632bbb.jpg,1,vqvae,coco,train,edd7c94bf27c800fdb7196ac2ddf96bb36e4b8aa0cd293e208c2e3a1dfc39965
wildfake,Images/Other_based.zip,Other_based/Typical/VQVAE/tt-coco/samples_nopix/img001646.jpg,data/wildfake/vqvae/a2192c3624f5643f.jpg,1,vqvae,coco,train,f5a974304c62c074e8e370eacfd0f3aa17694ef5ba3b097e078560eb5c5d3d87
wildfake,Images/Other_based.zip,Other_based/Typical/VQVAE/tt-coco/samples_nopix/img002064.jpg,data/wildfake/vqvae/25da5a1b17165a0f.jpg,1,vqvae,coco,train,cecb8cffb3ff1d64adb2c9152c0f7f325fd47eeba5be80f0363e9dea2a795081
wildfake,Images/Other_based.zip,Other_based/Typical/VQVAE/tt-coco/samples_nopix/img000363.jpg,data/wildfake/vqvae/c2e4b61cc7814f22.jpg,1,vqvae,coco,train,64ac20bae0a0be51a3ff34309087274bbf1923b57fc6f9d29921714ca869ac85
wildfake,Images/Other_based.zip,Other_based/Typical/VQVAE/tt-coco/samples_nopix/img002970.jpg,data/wildfake/vqvae/7d223570ff33e54e.jpg,1,vqvae,coco,train,f8852503b106a72f7594b4d60e6e05997045afc13a58e0d276b45140f5798137
wildfake,Images/Other_based.zip,Other_based/Typical/VQVAE/tt-coco/samples_nopix/img003226.jpg,data/wildfake/vqvae/b8d7c5250d97b325.jpg,1,vqvae,coco,train,f2dabffbc27cd45aafccf1e41538cce0e042dabe2b6283b30d8b38beebb7661d
wildfake,Images/Other_based.zip,Other_based/Typical/VQVAE/tt-coco/samples_nopix/img004098.jpg,data/wildfake/vqvae/a6d9baa65d77640d.jpg,1,vqvae,coco,train,d3820835c9364af15eef81f0415f2ad8c26baa54bc03dcb66c173c0f17c352f6
wildfake,Images/Other_based.zip,Other_based/Typical/VQVAE/tt-coco/samples_nopix/img002865.jpg,data/wildfake/vqvae/00ddc2cdf7404427.jpg,1,vqvae,coco,train,d4d86d9ca1d53be8b86426e58deba55fba4295a1cd841e6c1d0cf27004d4cc9c
wildfake,Images/Other_based.zip,Other_based/Typical/VQVAE/tt-coco/samples_nopix/img002631.jpg,data/wildfake/vqvae/a16962f0b8008b68.jpg,1,vqvae,coco,train,f40ce2389a9f015d04acad6130c480efb854553442f7109002de709ecf24a07b
wildfake,Images/Other_based.zip,Other_based/Typical/VQVAE/tt-coco/samples_nopix/img000994.jpg,data/wildfake/vqvae/e6e2ed54d7154614.jpg,1,vqvae,coco,train,e9a645fa4a200c24098d87c53c12850c4734ab5214c3c2b0222f4db344a1815f
wildfake,Images/Other_based.zip,Other_based/Typical/VQVAE/tt-coco/samples_nopix/img002883.jpg,data/wildfake/vqvae/c0f9d0fb32988de8.jpg,1,vqvae,coco,train,fbdd59733b3477dd4d3f415809cfafaa614963e02bf6560f98fb3fc4f6d20ca2
wildfake,Images/Other_based.zip,Other_based/Typical/VQVAE/tt-coco/samples_nopix/img004313.jpg,data/wildfake/vqvae/6c6ed93a5b5f00ee.jpg,1,vqvae,coco,train,b64cd03b3173f01b13cf4659a0a92180d715fcbd6bab7e0635cd4d8bf3571e99
wildfake,Images/Other_based.zip,Other_based/Typical/VQVAE/tt-coco/samples_nopix/img004969.jpg,data/wildfake/vqvae/95d35969b9cb879a.jpg,1,vqvae,coco,train,b739ccce723756ad1dfeffd9c3f9036fcab9bcce8c560bb535e7ad2b2e60b1b3
wildfake,Images/Other_based.zip,Other_based/Typical/VQVAE/tt-coco/samples_nopix/img002585.jpg,data/wildfake/vqvae/8f627b3f332f122c.jpg,1,vqvae,coco,train,38440ab89b8c66973978db605bd0cf76d7085fabf9748858cceaef7f3111f813
wildfake,Images/Other_based.zip,Other_based/Typical/VQVAE/tt-coco/samples_nopix/img003842.jpg,data/wildfake/vqvae/cfbbca95f9f00cdc.jpg,1,vqvae,coco,train,67ad7ec388150790fe46ad52dbcb31d0136f0c10c027ed3e599ace74c6a771b9
wildfake,Images/Other_based.zip,Other_based/Typical/VQVAE/tt-coco/samples_nopix/img002144.jpg,data/wildfake/vqvae/01cfba22112b2183.jpg,1,vqvae,coco,train,7758bc934354c3b80b4aea467536f57ab868e52d8743ef0805e4c2f85ed6ccaf
wildfake,Images/Other_based.zip,Other_based/Typical/VQVAE/tt-coco/samples_nopix/img002875.jpg,data/wildfake/vqvae/aa7b9eb5e415e151.jpg,1,vqvae,coco,train,be3e48277628aa66e160898d7dffc5979bfaaa869c269dcb144bf651802bbe78
wildfake,Images/Other_based.zip,Other_based/Typical/VQVAE/tt-coco/samples_nopix/img003715.jpg,data/wildfake/vqvae/4800017e6ea9f5b1.jpg,1,vqvae,coco,train,a5766be62e9d4c3e9400e46bdbea150b08120c7a2660c1da5f14cd051486eb1d
wildfake,Images/Other_based.zip,Other_based/Typical/VQVAE/tt-coco/samples_nopix/img003354.jpg,data/wildfake/vqvae/43099f58a5ab373b.jpg,1,vqvae,coco,train,5e28d947589742cdf19a4487ab7eaee1b38758bfa6bf0e8813f3ce022690b531
wildfake,Images/Other_based.zip,Other_based/Typical/VQVAE/tt-coco/samples_nopix/img002229.jpg,data/wildfake/vqvae/def3f9043dd4862c.jpg,1,vqvae,coco,train,96a6d832395a257419f9728193624bb785321dcdacaf7c67aff5008e8eba0881
wildfake,Images/Other_based.zip,Other_based/Typical/VQVAE/tt-coco/samples_nopix/img002713.jpg,data/wildfake/vqvae/d10c6ec29bd608dc.jpg,1,vqvae,coco,train,27169d160fc32ec451b1bc13a5a8b7fd8ae6656faee8c58a6d62243d85bf89e1
wildfake,Images/Other_based.zip,Other_based/Typical/VQVAE/tt-coco/samples_nopix/img004542.jpg,data/wildfake/vqvae/8147dc0a293dda6f.jpg,1,vqvae,coco,train,9e26e76be38eba7bb93498a93a73cc363254b39222cb00b752b4f75167d28203
wildfake,Images/Other_based.zip,Other_based/Typical/VQVAE/tt-coco/samples_nopix/img001348.jpg,data/wildfake/vqvae/43bdb6c77471771e.jpg,1,vqvae,coco,train,5e952311db37f4ec61e2620116245ef7c33bcc879e04c7cc2c9717255da2efbb
wildfake,Images/Other_based.zip,Other_based/Typical/VQVAE/tt-coco/samples_nopix/img002403.jpg,data/wildfake/vqvae/0de9e45d6d52ad6f.jpg,1,vqvae,coco,train,c2358cd5a61a634803c522086057475ba64ec0f2093a63686e37febb09e7c985
wildfake,Images/Other_based.zip,Other_based/Typical/VQVAE/tt-coco/samples_nopix/img002834.jpg,data/wildfake/vqvae/d7d500e52e7455ae.jpg,1,vqvae,coco,train,8adf93bf3f447e13b5245e75b51f0b6822bc3156fd8a89fc0e090121a34ec203
wildfake,Images/Other_based.zip,Other_based/Typical/VQVAE/tt-coco/samples_nopix/img001726.jpg,data/wildfake/vqvae/504cf53d7cea63fc.jpg,1,vqvae,coco,train,26ea6a219ed6720137be114d75ad4e772f06f03bce9b3befe1b535a6e3acbc0e
wildfake,Images/Other_based.zip,Other_based/Typical/VQVAE/tt-coco/samples_nopix/img000617.jpg,data/wildfake/vqvae/1c713a7bcad1108f.jpg,1,vqvae,coco,train,4bfa2b9591b08f00208f3c7e4ceebde38c84b7e46f028e1cfaa980e0cb0751b9
wildfake,Images/Other_based.zip,Other_based/Typical/VQVAE/tt-coco/samples_nopix/img001847.jpg,data/wildfake/vqvae/8e0f65186a3f991b.jpg,1,vqvae,coco,train,f02042a15d7a10b72e716b30eabede69777e947b4265e9065e251974766c1a54
wildfake,Images/Other_based.zip,Other_based/Typical/VQVAE/tt-coco/samples_nopix/img000554.jpg,data/wildfake/vqvae/f9b626347cabcea9.jpg,1,vqvae,coco,train,217a6e3c7b9683d33fdec684d05859fca1ecba2363e92b9526e24aa2cdfcfbe9
wildfake,Images/Other_based.zip,Other_based/Typical/VQVAE/tt-coco/samples_nopix/img004362.jpg,data/wildfake/vqvae/79b7515fc16b3f9b.jpg,1,vqvae,coco,train,a928cc46cd3b48300f22b4c7d0788b371f418cce6f7b534e691d3fe907033c39
wildfake,Images/Other_based.zip,Other_based/Typical/VQVAE/tt-coco/samples_nopix/img004866.jpg,data/wildfake/vqvae/bdd6a5e583ea9633.jpg,1,vqvae,coco,train,e5f1d74ca2a38d16d1f7cfbc0d460e6394dacc99d5ea877b62a79913ff16435a
wildfake,Images/Other_based.zip,Other_based/Typical/VQVAE/tt-coco/samples_nopix/img000867.jpg,data/wildfake/vqvae/1856f7b9d58de953.jpg,1,vqvae,coco,train,8a34e03552b39f30e2802fbf76a3b4c227b1f66db66530128ff43cd7a9eb3f92
wildfake,Images/Other_based.zip,Other_based/Typical/VQVAE/tt-coco/samples_nopix/img003690.jpg,data/wildfake/vqvae/51d42bdb001935e7.jpg,1,vqvae,coco,train,0b0d10235f05a903d52b85dacffb98287ab7d6a4f5a290a64a68368e092da497
wildfake,Images/Other_based.zip,Other_based/Typical/VQVAE/tt-coco/samples_nopix/img001327.jpg,data/wildfake/vqvae/423ccd3146275c1c.jpg,1,vqvae,coco,train,b9c16cf4fc9635ba03f54fb2627170e1641b49115ef8095cc1467e8c9b2ac561
wildfake,Images/Other_based.zip,Other_based/Typical/VQVAE/tt-coco/samples_nopix/img004165.jpg,data/wildfake/vqvae/772e7ba5c2cc34aa.jpg,1,vqvae,coco,train,e65ba6c340e76b555faccb93c8a2a99677838eea2092ce95ce49be5c6e8ef9d6
wildfake,Images/Other_based.zip,Other_based/Typical/VQVAE/tt-coco/samples_nopix/img000932.jpg,data/wildfake/vqvae/aa8cde604075ae6e.jpg,1,vqvae,coco,train,6e8f5bf049ec92aaaf9ef146d70fc33121956c9232e3d009565fcc5c121055b9
wildfake,Images/Other_based.zip,Other_based/Typical/VQVAE/tt-coco/samples_nopix/img002467.jpg,data/wildfake/vqvae/8a9f0487279d1e54.jpg,1,vqvae,coco,train,4059efa02338cb6ba2c652104f6c75bb973672c47a77f5d4fc455af93ed79b97
wildfake,Images/Other_based.zip,Other_based/Typical/VQVAE/tt-coco/samples_nopix/img003685.jpg,data/wildfake/vqvae/d886f84f69b6bff7.jpg,1,vqvae,coco,train,a1ecda6f41627f1b1c53dba46cb5c254774b087a49b255b1d717cd173ccccfbf
wildfake,Images/Other_based.zip,Other_based/Typical/VQVAE/tt-coco/samples_nopix/img003880.jpg,data/wildfake/vqvae/67582946365f545e.jpg,1,vqvae,coco,train,b032f17c51f6f5c9f775e37923a2bbd81ba46ece71f76cead2ce8c241a2bc12f
wildfake,Images/Other_based.zip,Other_based/Typical/VQVAE/tt-coco/samples_nopix/img001181.jpg,data/wildfake/vqvae/5af3de5798d75bb8.jpg,1,vqvae,coco,train,212563c1e7692b665b44a5307529db252937bda9a618f5a5af681c4863b62321
wildfake,Images/Other_based.zip,Other_based/Typical/VQVAE/tt-coco/samples_nopix/img002436.jpg,data/wildfake/vqvae/1eb19729cfcd9635.jpg,1,vqvae,coco,train,335f54187d66df80897d224432d4316a6b9a42b9585053764a69b1e03feae4a0
wildfake,Images/Other_based.zip,Other_based/Typical/VQVAE/tt-coco/samples_nopix/img003439.jpg,data/wildfake/vqvae/7e683fd450db03de.jpg,1,vqvae,coco,train,73ba6fd9e5ac057e942b55b68736803d225ea6427882881667df0f8056d81e3b
wildfake,Images/Other_based.zip,Other_based/Typical/VQVAE/tt-coco/samples_nopix/img000934.jpg,data/wildfake/vqvae/fedb919120bb764a.jpg,1,vqvae,coco,train,89fc251dcaa354f77d3474cb290bf03e21bfbd8e719ea9b9f25d4917c45021f1
wildfake,Images/Other_based.zip,Other_based/Typical/VQVAE/tt-coco/samples_nopix/img004747.jpg,data/wildfake/vqvae/2a32324f759f0c55.jpg,1,vqvae,coco,train,3e5703f603e80f8705c3384c3ca4f2584bd4c7929416686e2245f1b124b28ff2
wildfake,Images/Other_based.zip,Other_based/Typical/VQVAE/tt-coco/samples_nopix/img003782.jpg,data/wildfake/vqvae/065ac4cb4821f65b.jpg,1,vqvae,coco,train,5b2dbdc26d0200e2f84b58f6ad542e047275eeefa6ff88f93112f0c81fcdc22c
wildfake,Images/Other_based.zip,Other_based/Typical/VQVAE/tt-coco/samples_nopix/img002765.jpg,data/wildfake/vqvae/762b96432018fe8d.jpg,1,vqvae,coco,train,05cab0bbe0b0f029d6d6ca3a4aaa1ec37a387baaeb4140a15363a7b31016c739
wildfake,Images/Other_based.zip,Other_based/Typical/VQVAE/tt-coco/samples_nopix/img004724.jpg,data/wildfake/vqvae/4025d02797919a32.jpg,1,vqvae,coco,train,262babf4f28b2e4a80b15608f610ab71ee0ce9546a29d24a6389ebe007582dcf
wildfake,Images/Other_based.zip,Other_based/Typical/VQVAE/tt-coco/samples_nopix/img000155.jpg,data/wildfake/vqvae/7719bb223bc20d5d.jpg,1,vqvae,coco,train,4f3f03422f7867cda5b8d706afa6902b906a145c48a228a22fc55846dbbbc4fc
wildfake,Images/Other_based.zip,Other_based/Typical/VQVAE/tt-coco/samples_nopix/img002386.jpg,data/wildfake/vqvae/3f75d486339da42a.jpg,1,vqvae,coco,train,eb2db9ddbb77d36753618d99ed5d6bbba4fc01e638bc50805543641a0200af46
wildfake,Images/Other_based.zip,Other_based/Typical/VQVAE/tt-coco/samples_nopix/img002561.jpg,data/wildfake/vqvae/d5f1688ebd398e9a.jpg,1,vqvae,coco,train,1f88a549104df6569f1abe9abf5eb1c0aa0c6df84c30c4a2cc815c01656a8dc3
wildfake,Images/Other_based.zip,Other_based/Typical/VQVAE/tt-coco/samples_nopix/img002096.jpg,data/wildfake/vqvae/2ead9e09bd24a3de.jpg,1,vqvae,coco,train,6912923a2dfc9ce2b10e101dcdf9c2b53c289e5efb2359a214aeb0f16b2a49eb
wildfake,Images/Other_based.zip,Other_based/Typical/VQVAE/tt-coco/samples_nopix/img003280.jpg,data/wildfake/vqvae/f898e591d91b062a.jpg,1,vqvae,coco,train,d13faf5f1b830222a50ac8ef18a042ffeacd454bc43e6130611ef10b97c01360
wildfake,Images/Other_based.zip,Other_based/Typical/VQVAE/tt-coco/samples_nopix/img001818.jpg,data/wildfake/vqvae/912c605a42382cfc.jpg,1,vqvae,coco,train,abdfc686dcbe19638c61d2a9251e3319c3ef7b640bcbbdc76eb6106e32881845
wildfake,Images/Other_based.zip,Other_based/Typical/VQVAE/tt-coco/samples_nopix/img002888.jpg,data/wildfake/vqvae/e843ba60a64a837b.jpg,1,vqvae,coco,train,6fc8f95696183d5c518bd3c495987f276d7b032f36bea58c84a6d8c037c3d5a9
wildfake,Images/Other_based.zip,Other_based/Typical/VQVAE/tt-coco/samples_nopix/img002048.jpg,data/wildfake/vqvae/3c4c7bc811aa70f1.jpg,1,vqvae,coco,train,8574b059d2e9c1839bcc9e2b4f7991ff1365f133bcf1e969780d3ee237a02c26
wildfake,Images/Other_based.zip,Other_based/Typical/VQVAE/tt-coco/samples_nopix/img000133.jpg,data/wildfake/vqvae/2f2b06f95d94051e.jpg,1,vqvae,coco,train,24a92a56c5dca76ea374673aef384de04c5fc24124a87157785f83170ce887e3
wildfake,Images/Other_based.zip,Other_based/Typical/VQVAE/tt-coco/samples_nopix/img001953.jpg,data/wildfake/vqvae/96826908d0129439.jpg,1,vqvae,coco,train,3714f2494ecb0177d3723412b5a9fc5d62bb002746969e1cae1304d5ce18f6e9
wildfake,Images/Other_based.zip,Other_based/Typical/VQVAE/tt-coco/samples_nopix/img002536.jpg,data/wildfake/vqvae/bf54ca80f27c441b.jpg,1,vqvae,coco,train,281daef86a31ccdbbfc6632fdc8d4eb642f814043a9849a19f88f744183ae89e
wildfake,Images/Other_based.zip,Other_based/Typical/VQVAE/tt-coco/samples_nopix/img004205.jpg,data/wildfake/vqvae/a9d6604befb5d77f.jpg,1,vqvae,coco,train,d6e7ee83cdb1130ca3593899eac55372e1b5b40c6b3fa4a96903f7b3fa041982
wildfake,Images/Other_based.zip,Other_based/Typical/VQVAE/tt-coco/samples_nopix/img001071.jpg,data/wildfake/vqvae/06f5e818ab9979f0.jpg,1,vqvae,coco,train,3e1c80e24e36ef3af1ddf8abcfdd778a4d09412baa5e5737915cf6dc89c5b0d7
wildfake,Images/Other_based.zip,Other_based/Typical/VQVAE/tt-coco/samples_nopix/img001329.jpg,data/wildfake/vqvae/a435f49bd376dc5b.jpg,1,vqvae,coco,train,d27c9f961e843819693cd91b8e4dc004397eabac7a5690b85435ac8a6b0baf9e
wildfake,Images/Other_based.zip,Other_based/Typical/VQVAE/tt-coco/samples_nopix/img000706.jpg,data/wildfake/vqvae/6761057e800fc5ec.jpg,1,vqvae,coco,train,5b0ca719fdef84f4c5180a5042b590af3b048d4b35ca3fc0b41eaf2043bd0f83
wildfake,Images/Other_based.zip,Other_based/Typical/VQVAE/tt-coco/samples_nopix/img003000.jpg,data/wildfake/vqvae/25afa9b04abb3735.jpg,1,vqvae,coco,train,6909326e4d96f69113d249de42019d92af9a6bf3e729fd299bdaa073097e3352
wildfake,Images/Other_based.zip,Other_based/Typical/VQVAE/tt-coco/samples_nopix/img000665.jpg,data/wildfake/vqvae/457c5bbf42fd66da.jpg,1,vqvae,coco,train,a8565c04c4a2bc3d0b568400fd18ed1142dd671acb320f3685934183d79de496
wildfake,Images/Other_based.zip,Other_based/Typical/VQVAE/tt-coco/samples_nopix/img002552.jpg,data/wildfake/vqvae/5f1668c0f73de6e1.jpg,1,vqvae,coco,train,c9d82d1d5a96b679cf8010cbc84ce0e89b465d92d4b0f13ae2d5daa6233e7842
wildfake,Images/Other_based.zip,Other_based/Typical/VQVAE/tt-coco/samples_nopix/img003766.jpg,data/wildfake/vqvae/6dca29850d58a164.jpg,1,vqvae,coco,train,e2ef3970c6ba3b7e237370e77d80264220fe46307874adb18889defc67756c66
wildfake,Images/Other_based.zip,Other_based/Typical/VQVAE/tt-coco/samples_nopix/img003164.jpg,data/wildfake/vqvae/71035a28df54bc5c.jpg,1,vqvae,coco,train,93d03b8f6a031e848229a3736ec2beacdf399f94a4d197a4ec6772d086f60b5e
wildfake,Images/Other_based.zip,Other_based/Typical/VQVAE/tt-coco/samples_nopix/img003017.jpg,data/wildfake/vqvae/fe7a91af96398f34.jpg,1,vqvae,coco,train,eb129fa745228960aed92938ec8b626d76d76c69f86a1798841f454fc9bad20b
wildfake,Images/Other_based.zip,Other_based/Typical/VQVAE/tt-coco/samples_nopix/img004156.jpg,data/wildfake/vqvae/e3bfa9181b487c99.jpg,1,vqvae,coco,train,34a37d43accf67e2e8257c39e90eb62868b00b8957c691b672bc595c0b4f9b2a
wildfake,Images/Other_based.zip,Other_based/Typical/VQVAE/tt-coco/samples_nopix/img004966.jpg,data/wildfake/vqvae/6ad83a1a26f7617b.jpg,1,vqvae,coco,train,2fb0c926ef7e76f4e1dd2b4520e4274ce1af22904ed777ad89d4b5c0ea7b7147
wildfake,Images/Other_based.zip,Other_based/Typical/VQVAE/tt-coco/samples_nopix/img002351.jpg,data/wildfake/vqvae/0ef9f19a32c1ad7d.jpg,1,vqvae,coco,train,d5378da502b53a260b968a3b49b47b0d0e1c8bd05549a09ef48bb19f18c53dee
wildfake,Images/Other_based.zip,Other_based/Typical/VQVAE/tt-coco/samples_nopix/img002614.jpg,data/wildfake/vqvae/ca49fad937eec311.jpg,1,vqvae,coco,train,343641b618d340583823f311fe7aaf558fe4aec9d6d6f9da4d39efbe88967ffd
wildfake,Images/Other_based.zip,Other_based/Typical/VQVAE/tt-coco/samples_nopix/img000189.jpg,data/wildfake/vqvae/9e6eead967d4e25b.jpg,1,vqvae,coco,train,9251e55c46b89d41df467dc2f6ea806d33bae44189a821e106397e2b5f3f4996
wildfake,Images/Other_based.zip,Other_based/Typical/VQVAE/tt-coco/samples_nopix/img004119.jpg,data/wildfake/vqvae/5ffe99c081505bfd.jpg,1,vqvae,coco,train,c29c9919779ceef2e8dd8ce8771fb4107ac13d743879556e0fc7c1976bc45663
wildfake,Images/Other_based.zip,Other_based/Typical/VQVAE/tt-coco/samples_nopix/img002029.jpg,data/wildfake/vqvae/5299940a0a4561fd.jpg,1,vqvae,coco,train,e300480f42c6941016b71552503ecf6fab0a85254c9b44dac861a00edee56b04
wildfake,Images/Other_based.zip,Other_based/Typical/VQVAE/tt-coco/samples_nopix/img003392.jpg,data/wildfake/vqvae/359da5f687e61414.jpg,1,vqvae,coco,train,5915e27f86e2d62208fe2d720dde26f9ca6218f168c03f811d76e2b026207054
wildfake,Images/Other_based.zip,Other_based/Typical/VQVAE/tt-coco/samples_nopix/img001207.jpg,data/wildfake/vqvae/b3f4e0320670fd02.jpg,1,vqvae,coco,train,88971b355f5ebad2c8d59c1dc21a022cd6b84a85b2d8ea4d254d5a3312265b57
wildfake,Images/Other_based.zip,Other_based/Typical/VQVAE/tt-coco/samples_nopix/img004937.jpg,data/wildfake/vqvae/eb252d27669a8831.jpg,1,vqvae,coco,train,ffabe64bee8c3ec524703414f69bd20a2493b248d94152d853119327d858cd4a
wildfake,Images/Other_based.zip,Other_based/Typical/VQVAE/tt-coco/samples_nopix/img000880.jpg,data/wildfake/vqvae/1518e862cb6e9f3c.jpg,1,vqvae,coco,train,bc9ffc74d83a1c556470ae1728bed294d654a7ddf132b1c71dc59e8fc5f367fe
wildfake,Images/Other_based.zip,Other_based/Typical/VQVAE/tt-coco/samples_nopix/img001407.jpg,data/wildfake/vqvae/ebaab811df777d52.jpg,1,vqvae,coco,train,016aa6cfbd6326ab387269c1c477f5e5ae50cf2b68d99ed36c5584031d7f3c87
wildfake,Images/Other_based.zip,Other_based/Typical/VQVAE/tt-coco/samples_nopix/img002190.jpg,data/wildfake/vqvae/4a8b1bf3e61c1b3a.jpg,1,vqvae,coco,train,326e8f61a0b64ca92e8b4ba632cd82a908fba2ca1f86bc394cc13dff66c02928
wildfake,Images/Other_based.zip,Other_based/Typical/VQVAE/tt-coco/samples_nopix/img003473.jpg,data/wildfake/vqvae/d00b31445efbc741.jpg,1,vqvae,coco,train,09b848a7fc910bf613b50b774334ff3ce16f702587bf72404c4994d121c8db4a
wildfake,Images/Other_based.zip,Other_based/Typical/VQVAE/tt-coco/samples_nopix/img003689.jpg,data/wildfake/vqvae/03942348c33bcec7.jpg,1,vqvae,coco,train,b7820a6be9cbc999bfde56703f6b3491f15d1fc90fdf2a3a3c135bc249c711ad
wildfake,Images/Other_based.zip,Other_based/Typical/VQVAE/tt-coco/samples_nopix/img001051.jpg,data/wildfake/vqvae/59dfd85bd5c8ab46.jpg,1,vqvae,coco,train,f27aece43614b479d45d3bb53478f7b74aeed2674ec692d1881dfd4dddc20e9e
wildfake,Images/Other_based.zip,Other_based/Typical/VQVAE/tt-coco/samples_nopix/img003646.jpg,data/wildfake/vqvae/6d626d7478127ebb.jpg,1,vqvae,coco,train,a0c2c19a5029322f371812061b91a3a51d3429481a00d9b9d3f4d81ebf428106
wildfake,Images/Other_based.zip,Other_based/Typical/VQVAE/tt-coco/samples_nopix/img004934.jpg,data/wildfake/vqvae/8983f28a2b2f8aa5.jpg,1,vqvae,coco,train,4cbabe70be97edc4c3e2129dd2059a667f67644648916f6e464155ee0939ff2a
wildfake,Images/Other_based.zip,Other_based/Typical/VQVAE/tt-coco/samples_nopix/img004495.jpg,data/wildfake/vqvae/2d9f96e2a4bb5fd7.jpg,1,vqvae,coco,train,d8d565dd6393d77de051e7158a4cb9d73cfb83ad280aea0738894d94e2121af8
wildfake,Images/Other_based.zip,Other_based/Typical/VQVAE/tt-coco/samples_nopix/img003327.jpg,data/wildfake/vqvae/249dbf7a4857e9b2.jpg,1,vqvae,coco,train,3fbdb587bf5c1e2e6509925b77b880abe20d95b4f43e2a0d65584b70772582a6
wildfake,Images/Other_based.zip,Other_based/Typical/VQVAE/tt-coco/samples_nopix/img002308.jpg,data/wildfake/vqvae/d72d9e5d22f098bd.jpg,1,vqvae,coco,train,5332bf717f68f4d09e155ec02294a3da8f38c4b3dfb6dae0dbd284c8e787a615
wildfake,Images/Other_based.zip,Other_based/Typical/VQVAE/tt-coco/samples_nopix/img002609.jpg,data/wildfake/vqvae/981c0f0fe47f2eb7.jpg,1,vqvae,coco,train,a74d3b34f8bdbf371e06297141355d167f3787eb7642fc574cc81b37e1ae8b16
wildfake,Images/Other_based.zip,Other_based/Typical/VQVAE/tt-coco/samples_nopix/img000840.jpg,data/wildfake/vqvae/e488e6dacb666688.jpg,1,vqvae,coco,train,08844371dddadca81adce8f62da6d51bb3bb96351d9ae6ab5249015eb2692848
wildfake,Images/Other_based.zip,Other_based/Typical/VQVAE/tt-coco/samples_nopix/img004578.jpg,data/wildfake/vqvae/1cc2627eba88245d.jpg,1,vqvae,coco,train,5e393130c5f710cdecdc61f8e19f1a9794a8e67defa1e270580d0f3220edb9ad
wildfake,Images/Other_based.zip,Other_based/Typical/VQVAE/tt-coco/samples_nopix/img000149.jpg,data/wildfake/vqvae/ae700c12a3b5189d.jpg,1,vqvae,coco,train,0991d118955fd0de7f2fb58a9d0cf9223a93e0589ab0bb821ef89822d2685bf8
wildfake,Images/Other_based.zip,Other_based/Typical/VQVAE/tt-coco/samples_nopix/img004158.jpg,data/wildfake/vqvae/e1b03c3f7e66a535.jpg,1,vqvae,coco,train,2ea92ced70656a69d61fff5c2545d4964621bd2ab74bebd1fdbf082a406c4d2d
wildfake,Images/Other_based.zip,Other_based/Typical/VQVAE/tt-coco/samples_nopix/img002334.jpg,data/wildfake/vqvae/37c2424486161c70.jpg,1,vqvae,coco,train,87be668d9e0d9306c047000946dcba0e7f7ef09685c0822a53fbd268a9d8289d
wildfake,Images/Other_based.zip,Other_based/Typical/VQVAE/tt-coco/samples_nopix/img001331.jpg,data/wildfake/vqvae/2c1f47c66317da34.jpg,1,vqvae,coco,train,bfc2ba4f4b7b531a25a23b611203f151ad81ebf6752624a48d71f0cb0a1139c9
wildfake,Images/Other_based.zip,Other_based/Typical/VQVAE/tt-coco/samples_nopix/img003655.jpg,data/wildfake/vqvae/6573bfb3f9b70e84.jpg,1,vqvae,coco,train,c97d597694e934ed364bdca79e403e9dbee09d629cbe6fcc8ee6a9d853630925
wildfake,Images/Other_based.zip,Other_based/Typical/VQVAE/tt-coco/samples_nopix/img002984.jpg,data/wildfake/vqvae/d03703b52733614e.jpg,1,vqvae,coco,train,7a22c2d69973aa10e031bc2a6f2b74c550c3fe6dd86f4b719bbda7e7afab9703
wildfake,Images/Other_based.zip,Other_based/Typical/VQVAE/tt-coco/samples_nopix/img000346.jpg,data/wildfake/vqvae/2dd3100f298528f5.jpg,1,vqvae,coco,train,3e11a8f92fb849309d6fd9e00934d9c14cdcc8fba024709d1a51e9786951db44
wildfake,Images/Other_based.zip,Other_based/Typical/VQVAE/tt-coco/samples_nopix/img001290.jpg,data/wildfake/vqvae/f7218fa8a19c0b4d.jpg,1,vqvae,coco,train,29a135be3a428dc27d784c2597cc0dc2904d2c452df44eeb340fb845831f0e65
wildfake,Images/Other_based.zip,Other_based/Typical/VQVAE/tt-coco/samples_nopix/img003071.jpg,data/wildfake/vqvae/9a07cfc884e779b6.jpg,1,vqvae,coco,train,24bdc47f9cb55d03985cbdd9a28fb3a408f6b97df0214c762b414dba89efb821
wildfake,Images/Other_based.zip,Other_based/Typical/VQVAE/tt-coco/samples_nopix/img001289.jpg,data/wildfake/vqvae/e070cb3d0303f1e1.jpg,1,vqvae,coco,train,90fd00444b5baf6339e5db047019efb2546e9c76e4bfb8f42844a968bf5b5531
wildfake,Images/Other_based.zip,Other_based/Typical/VQVAE/tt-coco/samples_nopix/img000356.jpg,data/wildfake/vqvae/34db986ab17d1987.jpg,1,vqvae,coco,train,607202da4862be7f701168791a2a864ab34fcbbf9c803380317a21776942a0f0
wildfake,Images/Other_based.zip,Other_based/Typical/VQVAE/tt-coco/samples_nopix/img003920.jpg,data/wildfake/vqvae/dd89b515b3f2efd3.jpg,1,vqvae,coco,train,31eaf38032e286ea897a2d03d67c4062ae6a23a739bca188c644a89eadbd4d59
wildfake,Images/Other_based.zip,Other_based/Typical/VQVAE/tt-coco/samples_nopix/img001765.jpg,data/wildfake/vqvae/a2d897fe7132f5b9.jpg,1,vqvae,coco,train,a18cee78ded56dd81f66b65305f28b9aca0092213a358517ff54a420e62777ac
wildfake,Images/Other_based.zip,Other_based/Typical/VQVAE/tt-coco/samples_nopix/img000676.jpg,data/wildfake/vqvae/036aca1eca9cb8a2.jpg,1,vqvae,coco,train,2bd4ebda7b52365be1c713161b3f3bdbd01b849286cd7e97dc29b8b87fb9d8e0
wildfake,Images/Other_based.zip,Other_based/Typical/VQVAE/tt-coco/samples_nopix/img000506.jpg,data/wildfake/vqvae/c4f07ff29726503c.jpg,1,vqvae,coco,train,6c879646eb12b29f662a6aed27bc81b9656d3fa0d7f2bc9e9defd8b7a9c6c654
wildfake,Images/Other_based.zip,Other_based/Typical/VQVAE/tt-coco/samples_nopix/img002317.jpg,data/wildfake/vqvae/3376d22428bc031c.jpg,1,vqvae,coco,train,a749dc9ca15a5ece2552b0d60858d637eb9b1e7fa178b68380f878a2c8e504ad
wildfake,Images/Other_based.zip,Other_based/Typical/VQVAE/tt-coco/samples_nopix/img002531.jpg,data/wildfake/vqvae/0cc082618db560ec.jpg,1,vqvae,coco,train,409e9f47e70c2021adbab8829940aa4c77cc38f474cdf2db28cb656d2bc399a3
wildfake,Images/Other_based.zip,Other_based/Typical/VQVAE/tt-coco/samples_nopix/img004421.jpg,data/wildfake/vqvae/5ca6f95d1bed5e6e.jpg,1,vqvae,coco,train,edb6231ca98617d998dd678dad4086a38ed723d7c2a66f0c4675e4b528142ae1
wildfake,Images/Other_based.zip,Other_based/Typical/VQVAE/tt-coco/samples_nopix/img001451.jpg,data/wildfake/vqvae/a81fa691881aa36c.jpg,1,vqvae,coco,train,65e0ef183466508f675849447729d250b59c68f6e5a320e237f32b709b91a349
wildfake,Images/Other_based.zip,Other_based/Typical/VQVAE/tt-coco/samples_nopix/img003569.jpg,data/wildfake/vqvae/29515c08008da7ba.jpg,1,vqvae,coco,train,14dd7c3091562b21776e7a5aac4fdd4006d8c8d91446f9b0277c080b72ee7f49
wildfake,Images/Other_based.zip,Other_based/Typical/VQVAE/tt-coco/samples_nopix/img003563.jpg,data/wildfake/vqvae/0cb8b03b2088c213.jpg,1,vqvae,coco,train,800d22176970af6fae3ed71076fe797801c8155abcdf93744ed2fa5bbda17175
wildfake,Images/Other_based.zip,Other_based/Typical/VQVAE/tt-coco/samples_nopix/img003020.jpg,data/wildfake/vqvae/0cef5829ca1dc921.jpg,1,vqvae,coco,train,a402f6e22e3e057df985619f38964d40b130eabd7d8c3c24646f6f8338faa72d
wildfake,Images/Other_based.zip,Other_based/Typical/VQVAE/tt-coco/samples_nopix/img001173.jpg,data/wildfake/vqvae/f5a35e64a7fbca60.jpg,1,vqvae,coco,train,cec29adaa659c99c319e2e4697e91402d3937c50e1dc4889db6cb2addb5eeb62
wildfake,Images/Other_based.zip,Other_based/Typical/VQVAE/tt-coco/samples_nopix/img004081.jpg,data/wildfake/vqvae/c1b20bafa07d69c8.jpg,1,vqvae,coco,train,9db61174518463e3d5fcf97411a3d766ed76cdbca21b4dfcf5ee1aa550beb1c4
wildfake,Images/Other_based.zip,Other_based/Typical/VQVAE/tt-coco/samples_nopix/img000066.jpg,data/wildfake/vqvae/6655b349d1259659.jpg,1,vqvae,coco,train,3ad41d2ea39ad6935c0bf1927a2be738e06ef409fecf9099170429633ca5f2bd
wildfake,Images/Other_based.zip,Other_based/Typical/VQVAE/tt-coco/samples_nopix/img004316.jpg,data/wildfake/vqvae/f40762168039d1d8.jpg,1,vqvae,coco,train,d3b667e8cf82a10ce00a1325a834c5ba95d176c31749a7aed4007d8470ab5efd
wildfake,Images/Other_based.zip,Other_based/Typical/VQVAE/tt-coco/samples_nopix/img004253.jpg,data/wildfake/vqvae/4eb59c5ace1b2dd4.jpg,1,vqvae,coco,train,1aae0de852743b4f7f6fc5f317141fcf32fd219a38e7fbe5d23a997cd17e122b
wildfake,Images/Other_based.zip,Other_based/Typical/VQVAE/tt-coco/samples_nopix/img003521.jpg,data/wildfake/vqvae/79ccd85f4915b7f0.jpg,1,vqvae,coco,train,e69cecb823c19b7da8508bd198ab445b500ea73ea217d895b83d318b3b7ccc17
wildfake,Images/Other_based.zip,Other_based/Typical/VQVAE/tt-coco/samples_nopix/img002564.jpg,data/wildfake/vqvae/369f32c9595a8a05.jpg,1,vqvae,coco,train,bb10e5f58dd0b1a8be1c78358dc820c82010af2cae40b2cb16954f78ea0c0e6f
wildfake,Images/Other_based.zip,Other_based/Typical/VQVAE/tt-coco/samples_nopix/img003054.jpg,data/wildfake/vqvae/727ffb89fd5b3d76.jpg,1,vqvae,coco,train,05bf0d2218c7557af7ccd78586c1d33986d782f2759ae809a2dd95367357a1a2
wildfake,Images/Other_based.zip,Other_based/Typical/VQVAE/tt-coco/samples_nopix/img000751.jpg,data/wildfake/vqvae/04aeb1d6b77c8efc.jpg,1,vqvae,coco,train,eb79f1358b49504bc858915701da79d03e59c8fcf7b508ca5241cb630fb4efab
wildfake,Images/Other_based.zip,Other_based/Typical/VQVAE/tt-coco/samples_nopix/img000436.jpg,data/wildfake/vqvae/f262be24bd8e5720.jpg,1,vqvae,coco,train,27a2d3d01b48abd41c0115e058d70049118dce1e31c2929f18b1b761291a6128
wildfake,Images/Other_based.zip,Other_based/Typical/VQVAE/tt-coco/samples_nopix/img001766.jpg,data/wildfake/vqvae/5d69067bb4c32255.jpg,1,vqvae,coco,train,cfdf7cd8387922435cd32ce802b92fa990473c7feb8b8b4baf4a6e8edcc21b6e
wildfake,Images/Other_based.zip,Other_based/Typical/VQVAE/tt-coco/samples_nopix/img001674.jpg,data/wildfake/vqvae/1ebce11d4634223a.jpg,1,vqvae,coco,train,ab872f4840ff40981e4e3866cb46c85318035d06fa559ba23ac84213e917be26
wildfake,Images/Other_based.zip,Other_based/Typical/VQVAE/tt-coco/samples_nopix/img003878.jpg,data/wildfake/vqvae/efc6b16d2338a7c8.jpg,1,vqvae,coco,train,b857a6fa398e3fb8f6fd418d825c7812b38eb1029b039da280af5a03c8946e17
wildfake,Images/Other_based.zip,Other_based/Typical/VQVAE/tt-coco/samples_nopix/img000428.jpg,data/wildfake/vqvae/48f38edfd8901d1c.jpg,1,vqvae,coco,train,8ee31a3be792ea5dd9ea77783090814801dd0ba1debde6d0fd3be12d6600becb
wildfake,Images/Other_based.zip,Other_based/Typical/VQVAE/tt-coco/samples_nopix/img004888.jpg,data/wildfake/vqvae/d4cdc32f8ef7c6f2.jpg,1,vqvae,coco,train,e35f0efa48a07249753ede989b766160b75eccb496efd4972aa3b3be83fc4c0e
wildfake,Images/Other_based.zip,Other_based/Typical/VQVAE/tt-coco/samples_nopix/img001855.jpg,data/wildfake/vqvae/6f584f6ec8bc6b7a.jpg,1,vqvae,coco,train,9b084471289386c0074ea3e8c97b90237ea7196dd3cee78d6b31a819e62c68d4
wildfake,Images/Other_based.zip,Other_based/Typical/VQVAE/tt-coco/samples_nopix/img004254.jpg,data/wildfake/vqvae/1c5c7591a1033594.jpg,1,vqvae,coco,train,f7cfa9c00a27649848e6119b1fce3c13e68a375dba80ce5059f1debe8ea26c75
wildfake,Images/Other_based.zip,Other_based/Typical/VQVAE/tt-coco/samples_nopix/img000847.jpg,data/wildfake/vqvae/9f5ddec29c27d194.jpg,1,vqvae,coco,train,34f5bb6b693b4df5e0d9cb5d5bcfbf6fb5e212a8241d73efa598e02c5917a7a2
wildfake,Images/Other_based.zip,Other_based/Typical/VQVAE/tt-coco/samples_nopix/img001057.jpg,data/wildfake/vqvae/79cf0d5070051691.jpg,1,vqvae,coco,train,53da1e84eaeb888102c07837c15afc2c3c5cd5e1361ecb79fdf681b34484c1e4
wildfake,Images/Other_based.zip,Other_based/Typical/VQVAE/tt-coco/samples_nopix/img002184.jpg,data/wildfake/vqvae/8c9da8097c47b7c2.jpg,1,vqvae,coco,train,f1a44821ddf252a44a3979b36359a016dc393288c7b1ad9e4c74ec2acd31ac60
wildfake,Images/Other_based.zip,Other_based/Typical/VQVAE/tt-coco/samples_nopix/img004140.jpg,data/wildfake/vqvae/ba59080b802e6cea.jpg,1,vqvae,coco,train,7df51c38945bce1775ef0f5fc7e8aaec454b94b3541a1397e28ce99e27cb6b91
wildfake,Images/Other_based.zip,Other_based/Typical/VQVAE/tt-coco/samples_nopix/img002168.jpg,data/wildfake/vqvae/abb50a5b522feace.jpg,1,vqvae,coco,train,35787dc004e94899c36bd642f741707ccc7fa9ab6c7a167b0adb08da206272d1
wildfake,Images/Other_based.zip,Other_based/Typical/VQVAE/tt-coco/samples_nopix/img003966.jpg,data/wildfake/vqvae/c4fd1071a65031d4.jpg,1,vqvae,coco,train,0280a60c1fb2469eb4d23b3524b637ae32dedae250ff098055cafa723201d623
wildfake,Images/Other_based.zip,Other_based/Typical/VQVAE/tt-coco/samples_nopix/img001477.jpg,data/wildfake/vqvae/f59275b1d65248d2.jpg,1,vqvae,coco,train,0eb2f5a5e6182365bbe17679d7c87da39241042199fe4a4669d7704268715eec
wildfake,Images/Other_based.zip,Other_based/Typical/VQVAE/tt-coco/samples_nopix/img001588.jpg,data/wildfake/vqvae/290b66b5bb13b721.jpg,1,vqvae,coco,train,25ae4602e83512b52b353a49fae2ce86d92a669387f4c2e76a5ccb4742f7f8e4
wildfake,Images/Other_based.zip,Other_based/Typical/VQVAE/tt-coco/samples_nopix/img003577.jpg,data/wildfake/vqvae/0410452a193e6ff9.jpg,1,vqvae,coco,train,0388fef70cba93714ebb1805b34470cbb2c6228efb4932f6892651eb6ef1c46c
wildfake,Images/Other_based.zip,Other_based/Typical/VQVAE/tt-coco/samples_nopix/img002006.jpg,data/wildfake/vqvae/9a5f01f973f80d7b.jpg,1,vqvae,coco,train,34cc4ccb448ce7fc4bf735283410c70b8bf169d58ff7898878b660727a119414
wildfake,Images/Other_based.zip,Other_based/Typical/VQVAE/tt-coco/samples_nopix/img003260.jpg,data/wildfake/vqvae/a5164062da483d14.jpg,1,vqvae,coco,train,0e8498679d3119ac418c51280ed4862b70c400f481779e104353b1af3363f7de
wildfake,Images/Other_based.zip,Other_based/Typical/VQVAE/tt-coco/samples_nopix/img002682.jpg,data/wildfake/vqvae/48d8877c56e3cd42.jpg,1,vqvae,coco,train,f112c955525e386c464bd79657b6e6ba0253fb09b5b7c0c1f898b50f47242452
wildfake,Images/Other_based.zip,Other_based/Typical/VQVAE/tt-coco/samples_nopix/img000628.jpg,data/wildfake/vqvae/b20b510b8acf5cd1.jpg,1,vqvae,coco,train,4f4db9cf1601aee0cd41aaa45450c64b6507536f6ceb86c5ef9680ab604c624a
wildfake,Images/Other_based.zip,Other_based/Typical/VQVAE/tt-coco/samples_nopix/img004512.jpg,data/wildfake/vqvae/23e2a36aa779cd13.jpg,1,vqvae,coco,train,7414e078ef484c7a9318ed6c15b573a04e85119085162ec6cfbeb05fab0e4dc9
wildfake,Images/Other_based.zip,Other_based/Typical/VQVAE/tt-coco/samples_nopix/img000371.jpg,data/wildfake/vqvae/acfcc8aedc970928.jpg,1,vqvae,coco,train,a47aca9b68e8d4c88b9e146afead604e6f48de6e3615eefc1f5bac0d8c69eacd
wildfake,Images/Other_based.zip,Other_based/Typical/VQVAE/tt-coco/samples_nopix/img002335.jpg,data/wildfake/vqvae/3bcc3275b6b40ac8.jpg,1,vqvae,coco,train,7d7dd877971a8d43bce96ec8821e7fc575a034772fb8eda06974203e7fb426b4
wildfake,Images/Other_based.zip,Other_based/Typical/VQVAE/tt-coco/samples_nopix/img001122.jpg,data/wildfake/vqvae/e4fe710c6961df05.jpg,1,vqvae,coco,train,a3e566392e0e52e73632579664236146a70d40d1a5d9c0144b6b782aef461ca3
wildfake,Images/Other_based.zip,Other_based/Typical/VQVAE/tt-coco/samples_nopix/img002660.jpg,data/wildfake/vqvae/ca63a4c3fc395dac.jpg,1,vqvae,coco,train,a6f2c21cb7d83afc3e44ea59faefc19a68d9042227aa085113c8522648e70f22
wildfake,Images/Other_based.zip,Other_based/Typical/VQVAE/tt-coco/samples_nopix/img002976.jpg,data/wildfake/vqvae/6dd91d8dfba4badf.jpg,1,vqvae,coco,train,563e18f0e99c3b4c1545d86381ab8cd190069e27772fb5d7062f4819da521e08
wildfake,Images/Other_based.zip,Other_based/Typical/VQVAE/tt-coco/samples_nopix/img002876.jpg,data/wildfake/vqvae/d1ce699c24fdfc25.jpg,1,vqvae,coco,train,53de5ed99053585db3d547f5361a8878ac6cd94e6b4c1676d55f6cea7d538263
wildfake,Images/Other_based.zip,Other_based/Typical/VQVAE/tt-coco/samples_nopix/img004023.jpg,data/wildfake/vqvae/2bd1265d6506ef3c.jpg,1,vqvae,coco,train,756e8c6e1c1279e8f669738ae6f623069767033cf56667d38db9295a9fa38e46
wildfake,Images/Other_based.zip,Other_based/Typical/VQVAE/tt-coco/samples_nopix/img004203.jpg,data/wildfake/vqvae/a32bd9975bcbb307.jpg,1,vqvae,coco,train,5e94652d9db608d6069d311e851ba35d08b76d691e66d8736a8e23b8f144adce
wildfake,Images/Other_based.zip,Other_based/Typical/VQVAE/tt-coco/samples_nopix/img000973.jpg,data/wildfake/vqvae/445b19283b0989c8.jpg,1,vqvae,coco,train,6653406144300a60d781563a101c10430aef3e02d7c64b747f241920472bc1bb
wildfake,Images/Other_based.zip,Other_based/Typical/VQVAE/tt-coco/samples_nopix/img002326.jpg,data/wildfake/vqvae/ccf0674d70dc9107.jpg,1,vqvae,coco,train,446427a7d58e64acbfd8615bbca152211b539ab4624bbd7d5881aeca86997482
wildfake,Images/Other_based.zip,Other_based/Typical/VQVAE/tt-coco/samples_nopix/img002191.jpg,data/wildfake/vqvae/2a34ea1793b26168.jpg,1,vqvae,coco,train,30a36c7022e17216d36b730e8d1ca7c020eaf60021fe22c733b32fe79b087afa
wildfake,Images/Other_based.zip,Other_based/Typical/VQVAE/tt-coco/samples_nopix/img004130.jpg,data/wildfake/vqvae/0762d5bf11dab910.jpg,1,vqvae,coco,train,a91f5afa7570eeed1bcbe986beaa3fecc22c29fd69546472abe67929c83b57f0
wildfake,Images/Other_based.zip,Other_based/Typical/VQVAE/tt-coco/samples_nopix/img002690.jpg,data/wildfake/vqvae/0d71fddb59d9a7e0.jpg,1,vqvae,coco,train,6464756aa83365c4abffc3b6c340b45538fd6fa8ce24b7a910f91a0744d3aa8e
wildfake,Images/Other_based.zip,Other_based/Typical/VQVAE/tt-coco/samples_nopix/img004936.jpg,data/wildfake/vqvae/39d310aa00147fcb.jpg,1,vqvae,coco,train,ff699693f0632548c5806e0fc9b2056d09e624c76b19265e1c1810e87e3fec76
wildfake,Images/Other_based.zip,Other_based/Typical/VQVAE/tt-coco/samples_nopix/img002520.jpg,data/wildfake/vqvae/2614b9b5dda3b6c4.jpg,1,vqvae,coco,train,19cccbbca9bb3ea0e2beed3739b4ceb0ad9ff49fd3ed993c0051ac60250cfef1
wildfake,Images/Other_based.zip,Other_based/Typical/VQVAE/tt-coco/samples_nopix/img003621.jpg,data/wildfake/vqvae/fa0964a9f49962c9.jpg,1,vqvae,coco,train,029951a28134c574929eddc540db48c55fe4c3f89d8d64bc6f02e0934d6056dc
wildfake,Images/Other_based.zip,Other_based/Typical/VQVAE/tt-coco/samples_nopix/img004716.jpg,data/wildfake/vqvae/52d296099e1366f6.jpg,1,vqvae,coco,train,eb051fee201810867fe5a05b16353e29f68dd525091651de8e226e9dbdcd8961
wildfake,Images/Other_based.zip,Other_based/Typical/VQVAE/tt-coco/samples_nopix/img002327.jpg,data/wildfake/vqvae/906bd4256699117b.jpg,1,vqvae,coco,train,c8621903a6a91bbfb472a54097354409ce040d6625cffcb6a473624fdb2fc4db
wildfake,Images/Other_based.zip,Other_based/Typical/VQVAE/tt-coco/samples_nopix/img002364.jpg,data/wildfake/vqvae/57b4c846133de797.jpg,1,vqvae,coco,train,c627793a37b0d553d0fbc5360d8ca11d78fc85cfee0f7d6254bf3c5f88243ad1
wildfake,Images/Other_based.zip,Other_based/Typical/VQVAE/tt-coco/samples_nopix/img001671.jpg,data/wildfake/vqvae/97f7ceacb6a40c6e.jpg,1,vqvae,coco,train,6aeda52f97576a91c11b681e1babd6ace43e239e7302d3aa76af46169bdbdc3b
wildfake,Images/Other_based.zip,Other_based/Typical/VQVAE/tt-coco/samples_nopix/img002371.jpg,data/wildfake/vqvae/c9b34875aaccf7c8.jpg,1,vqvae,coco,train,63686f695713f9ba6f866786b351d9d4bf3e79afc696ba0c92b8b2cc80d8cbe4
wildfake,Images/Other_based.zip,Other_based/Typical/VQVAE/tt-coco/samples_nopix/img004117.jpg,data/wildfake/vqvae/e917eb53fa4204bf.jpg,1,vqvae,coco,train,966ccc69cf11f7fbedcdaff7e7b590a3c4a09de1fc0cede94688071da04c0ae8
wildfake,Images/Other_based.zip,Other_based/Typical/VQVAE/tt-coco/samples_nopix/img002248.jpg,data/wildfake/vqvae/eaf672303812c705.jpg,1,vqvae,coco,train,f9bfbe30e5d80ba5d796165bdc73cd3668c4ab7b77a9be4cb514f606f1e012b1
wildfake,Images/Other_based.zip,Other_based/Typical/VQVAE/tt-coco/samples_nopix/img001945.jpg,data/wildfake/vqvae/dc88b4641f452729.jpg,1,vqvae,coco,train,949f313f96fb6e79c708a8dbbe1cd7594a28186236a08252fded1499fdd7d4f3
wildfake,Images/Other_based.zip,Other_based/Typical/VQVAE/tt-coco/samples_nopix/img001402.jpg,data/wildfake/vqvae/10e73fcb5fac66bf.jpg,1,vqvae,coco,train,aa6d4d156d41edeea0d0a38027e6996b4841efcb78b14926b71676b4638f6cda
wildfake,Images/Other_based.zip,Other_based/Typical/VQVAE/tt-coco/samples_nopix/img003589.jpg,data/wildfake/vqvae/4d684bc2ccd67cc5.jpg,1,vqvae,coco,train,b9779b1a7e4feb7ac9d91643512f4d84d6940b4f993bf1f3d395b7e5a5f1502c
wildfake,Images/Other_based.zip,Other_based/Typical/VQVAE/tt-coco/samples_nopix/img004457.jpg,data/wildfake/vqvae/9666bde6fa80d5ce.jpg,1,vqvae,coco,train,086656a4c65d176b93d44f37d0d4b3256b495ed1ff045a7a9cbc3a0e6e8a3ea3
wildfake,Images/Other_based.zip,Other_based/Typical/VQVAE/tt-coco/samples_nopix/img002075.jpg,data/wildfake/vqvae/799ed1d0fde0a744.jpg,1,vqvae,coco,train,491b070daeee92ab33f3fd7b16d6e975e7665119fb699e61e49924fd66b4c33f
wildfake,Images/Other_based.zip,Other_based/Typical/VQVAE/tt-coco/samples_nopix/img002728.jpg,data/wildfake/vqvae/5f798ce84592d887.jpg,1,vqvae,coco,train,db22fc2cf6c223d6d3f847923dfd4f4cf257f29d1ecf7cc02d76cb2a1823c570
wildfake,Images/Other_based.zip,Other_based/Typical/VQVAE/tt-coco/samples_nopix/img004064.jpg,data/wildfake/vqvae/d6136e66308973ea.jpg,1,vqvae,coco,train,8645c30d09228616b316f00f7984e1de8a94e095d773801e8586c0def5f639cf
wildfake,Images/Other_based.zip,Other_based/Typical/VQVAE/tt-coco/samples_nopix/img002643.jpg,data/wildfake/vqvae/0ba4751d0c651f9b.jpg,1,vqvae,coco,train,0c471c5508734f2d2b1a5ac6ac2de08e2fb190cd8b8eb929135dd9cc91d25ee6
wildfake,Images/Other_based.zip,Other_based/Typical/VQVAE/tt-coco/samples_nopix/img003890.jpg,data/wildfake/vqvae/a152c2a8e2302171.jpg,1,vqvae,coco,train,aaf1d9122d8257f64e9bdb8ee3bf1d66c7e8d8d24ce30c2b33c68de9148e40d0
wildfake,Images/Other_based.zip,Other_based/Typical/VQVAE/tt-coco/samples_nopix/img003398.jpg,data/wildfake/vqvae/e62c050bff1ce5b1.jpg,1,vqvae,coco,train,25a0199363c0f90424c74ffe4c62e5fdcb24dbd4f788979d99035b7431310a73
wildfake,Images/Other_based.zip,Other_based/Typical/VQVAE/tt-coco/samples_nopix/img001269.jpg,data/wildfake/vqvae/ee1a57e42e85363a.jpg,1,vqvae,coco,train,425348be284ac067cd56d54eced552ae234927794905d1613a586170524f5d2e
wildfake,Images/Other_based.zip,Other_based/Typical/VQVAE/tt-coco/samples_nopix/img004844.jpg,data/wildfake/vqvae/d9c0a47b4d7a2119.jpg,1,vqvae,coco,train,5c26468bcf0970a5d1fc5f9e76ef21d06be6d7be6dbac3b8272258915a2a17cf
wildfake,Images/Other_based.zip,Other_based/Typical/VQVAE/tt-coco/samples_nopix/img002863.jpg,data/wildfake/vqvae/2b54945810ac38b1.jpg,1,vqvae,coco,train,5c57e67b66c33baa666fc684c527496765388ae608e8901690d4119cfe266eaf
wildfake,Images/Other_based.zip,Other_based/Typical/VQVAE/tt-coco/samples_nopix/img003841.jpg,data/wildfake/vqvae/4dda07075779fca4.jpg,1,vqvae,coco,train,8cc4c27ec16af918824183d26116c8393cd179c14ef427f7a7c783e0ef226f70
wildfake,Images/Other_based.zip,Other_based/Typical/VQVAE/tt-coco/samples_nopix/img003573.jpg,data/wildfake/vqvae/b39c0a16d904b35e.jpg,1,vqvae,coco,train,1c2a729e8a5224d5686f00a7538c95122c4b6554c55bd6ec5100f8cbf6a08764
wildfake,Images/Other_based.zip,Other_based/Typical/VQVAE/tt-coco/samples_nopix/img002540.jpg,data/wildfake/vqvae/a7bbfd3b897f1400.jpg,1,vqvae,coco,train,6f765f15d1491e9503bf98a3dee4721c4424f40114cb29dc99459c4bd44dd2d7
wildfake,Images/Other_based.zip,Other_based/Typical/VQVAE/tt-coco/samples_nopix/img004133.jpg,data/wildfake/vqvae/d1efef96b7afc0fe.jpg,1,vqvae,coco,train,9553e422ca33c896468299cdebf96657878fac3d96d2e3b6ea7b1eb579e452e9
wildfake,Images/Other_based.zip,Other_based/Typical/VQVAE/tt-coco/samples_nopix/img001524.jpg,data/wildfake/vqvae/b5fa5d30277ce23f.jpg,1,vqvae,coco,train,e4133726871845fce644ca75835837192270c144427949903a76d0b2e063b586
wildfake,Images/Other_based.zip,Other_based/Typical/VQVAE/tt-coco/samples_nopix/img003800.jpg,data/wildfake/vqvae/6582e9cc5e6707b7.jpg,1,vqvae,coco,train,8960a99cfe517a45b9e7820325abe793ca9765006952245e6b6a012a98c06d14
wildfake,Images/Other_based.zip,Other_based/Typical/VQVAE/tt-coco/samples_nopix/img001058.jpg,data/wildfake/vqvae/21062b7e5d98c744.jpg,1,vqvae,coco,train,5bc13c0cd4446a6245581d74796ba44732cb60a5d6964565886da21638abe5b2
wildfake,Images/Other_based.zip,Other_based/Typical/VQVAE/tt-coco/samples_nopix/img000531.jpg,data/wildfake/vqvae/7e7dc0868952f9d3.jpg,1,vqvae,coco,train,f7bba2d927b0d9f58f2819f8150b7ba273f1062c7d2f96c156aca16e44b06f5e
wildfake,Images/Other_based.zip,Other_based/Typical/VQVAE/tt-coco/samples_nopix/img003516.jpg,data/wildfake/vqvae/3432be3d8eb8e3a1.jpg,1,vqvae,coco,train,9cbbd01e206e5602e04c162a8a2ef89fc08956a863cd60f714843592c2abbbc4
wildfake,Images/Other_based.zip,Other_based/Typical/VQVAE/tt-coco/samples_nopix/img004469.jpg,data/wildfake/vqvae/5faf344d99ac52c5.jpg,1,vqvae,coco,train,38aa601f179c0194d5f624c521c29ba0a4c145ee86cd2b0f06bf157034504639
wildfake,Images/Other_based.zip,Other_based/Typical/VQVAE/tt-coco/samples_nopix/img003684.jpg,data/wildfake/vqvae/19f852de7be41924.jpg,1,vqvae,coco,train,e577b2216c307bd51dfa7702bc6382fec783479979502c8201ff2b7ed42aaec1
wildfake,Images/Other_based.zip,Other_based/Typical/VQVAE/tt-coco/samples_nopix/img003038.jpg,data/wildfake/vqvae/b19682d6c118d899.jpg,1,vqvae,coco,train,0ab44b5673442460e6f055f4238ea30f3d8ae2956592718a0dee8d898c9165aa
wildfake,Images/Other_based.zip,Other_based/Typical/VQVAE/tt-coco/samples_nopix/img001481.jpg,data/wildfake/vqvae/261265ec36fd4181.jpg,1,vqvae,coco,train,67cced48e63777fb8e3f27830c86734a5ff7cd2747e87808f4ff271333335a0a
wildfake,Images/Other_based.zip,Other_based/Typical/VQVAE/tt-coco/samples_nopix/img003047.jpg,data/wildfake/vqvae/3a1f33a86562083e.jpg,1,vqvae,coco,train,23047cf148acfd8872ce8f52a05954f5ea66535ab155332ab0e5cf4bb883d117
wildfake,Images/Other_based.zip,Other_based/Typical/VQVAE/tt-coco/samples_nopix/img001137.jpg,data/wildfake/vqvae/b2885a6bf806b173.jpg,1,vqvae,coco,train,c2a253fe5b2292abb61e52ba163011595a5a5198c8a2238bdd0b2b91f864b8d4
wildfake,Images/Other_based.zip,Other_based/Typical/VQVAE/tt-coco/samples_nopix/img003081.jpg,data/wildfake/vqvae/f5e2f36912775daf.jpg,1,vqvae,coco,train,65876d47fa1c929a3a2cb13e0b723034f7fd78152c150e52cd232077978b52dc
wildfake,Images/Other_based.zip,Other_based/Typical/VQVAE/tt-coco/samples_nopix/img002480.jpg,data/wildfake/vqvae/6ba79f016956a764.jpg,1,vqvae,coco,train,cd01f31d39760f9883d2acc756fc24ad717e6649c4c11ea7b2e4c7065c832d76
wildfake,Images/Other_based.zip,Other_based/Typical/VQVAE/tt-coco/samples_nopix/img003252.jpg,data/wildfake/vqvae/fd1001e069c697ce.jpg,1,vqvae,coco,train,fb02589f119024439cf21f840a2dd68eddaa039dc81defc6009ede20fb5fec8a
wildfake,Images/Other_based.zip,Other_based/Typical/VQVAE/tt-coco/samples_nopix/img000232.jpg,data/wildfake/vqvae/380ae491eb1ab740.jpg,1,vqvae,coco,train,53b83719a227ec3b622e153e0b7c75a8d86dbf88d225d18b3245b07b9aaaf3b0
wildfake,Images/Other_based.zip,Other_based/Typical/VQVAE/tt-coco/samples_nopix/img001381.jpg,data/wildfake/vqvae/87157cb1dd375933.jpg,1,vqvae,coco,train,d24a851f22f6b22ea301ea72fe07dfdb58cdcfd21b8dcc29f81fda5ee7de23dd
wildfake,Images/Other_based.zip,Other_based/Typical/VQVAE/tt-coco/samples_nopix/img000849.jpg,data/wildfake/vqvae/31c8802119fb5514.jpg,1,vqvae,coco,train,053ec5e0f21b33071ff29360f582e0e011c530f5a3ab5b6c013606eb802aabf3
wildfake,Images/Other_based.zip,Other_based/Typical/VQVAE/tt-coco/samples_nopix/img004197.jpg,data/wildfake/vqvae/2ec9e3199705c14d.jpg,1,vqvae,coco,train,4475b268c745fc2d6d29288d2f50a8237507ce0202004cfb860268233df1e86a
wildfake,Images/Other_based.zip,Other_based/Typical/VQVAE/tt-coco/samples_nopix/img000320.jpg,data/wildfake/vqvae/25b6519b9ee3e66d.jpg,1,vqvae,coco,train,88f7552cdf6319d59d28eae231eadbbac6744b1c49dba48ec5dcabf7ff828cb4
wildfake,Images/Other_based.zip,Other_based/Typical/VQVAE/tt-coco/samples_nopix/img001931.jpg,data/wildfake/vqvae/9534c8ae32d80cbd.jpg,1,vqvae,coco,train,83fa82888a6043416243b4130fc82b41a9a000adcbe5f7b73cb6bea4b0a0caa5
wildfake,Images/Other_based.zip,Other_based/Typical/VQVAE/tt-coco/samples_nopix/img001126.jpg,data/wildfake/vqvae/30bc2001ba704a73.jpg,1,vqvae,coco,train,8c35b2d0e53f24fe793ed67f75e204a25d76d86deae2d07765ec93f73be806d0
wildfake,Images/Other_based.zip,Other_based/Typical/VQVAE/tt-coco/samples_nopix/img002879.jpg,data/wildfake/vqvae/8dc6be756c45d49f.jpg,1,vqvae,coco,train,aa177c153b315f2178ee8054c869ff1ba5f5c48b299d0edd1a52d38a77d4e92e
wildfake,Images/Other_based.zip,Other_based/Typical/VQVAE/tt-coco/samples_nopix/img004532.jpg,data/wildfake/vqvae/e50ae91a496f4954.jpg,1,vqvae,coco,train,aeed1882b33235cdd09d2b6f6200603ac3e2f73f4ca47e9ecd2110af6dcd0310
wildfake,Images/Other_based.zip,Other_based/Typical/VQVAE/tt-coco/samples_nopix/img004995.jpg,data/wildfake/vqvae/2c279313c0e001e1.jpg,1,vqvae,coco,train,f8762209dd560e3dd24c363f651df3eff8c7ec7b8990fe5e5f4ae51c34c29998
wildfake,Images/Other_based.zip,Other_based/Typical/VQVAE/tt-coco/samples_nopix/img003824.jpg,data/wildfake/vqvae/61637807f395e4d7.jpg,1,vqvae,coco,train,356c52109c531a8f5c6df5b12cd6c8f2d190d4c2ce034d79fa2e16eb1387d32f
wildfake,Images/Other_based.zip,Other_based/Typical/VQVAE/tt-coco/samples_nopix/img001253.jpg,data/wildfake/vqvae/4eabb2dbb5ba667c.jpg,1,vqvae,coco,train,7f94bfa9f463c459ca8ba4a847f4aa37eb9e29c1840ccd2cf309553617bc73f5
wildfake,Images/Other_based.zip,Other_based/Typical/VQVAE/tt-coco/samples_nopix/img003579.jpg,data/wildfake/vqvae/d4f1132bea33a6fb.jpg,1,vqvae,coco,train,8fbc5744c402d17d4fd40a9de234a06b500d7a584cbe0a7a07334f00aa694c98
wildfake,Images/Other_based.zip,Other_based/Typical/VQVAE/tt-coco/samples_nopix/img004244.jpg,data/wildfake/vqvae/e5ad5fc5ec4bf1e1.jpg,1,vqvae,coco,train,038342405eb6de60a5a627cefca27d60a8f9536cd0021edbb7434a22e6854ae8
wildfake,Images/Other_based.zip,Other_based/Typical/VQVAE/tt-coco/samples_nopix/img000430.jpg,data/wildfake/vqvae/7722282a8c24ecb6.jpg,1,vqvae,coco,train,dacf40b569fff5d1029242459fee7fa23e9c9dfe88ac6f6812afc8b8d3e122b9
wildfake,Images/Other_based.zip,Other_based/Typical/VQVAE/tt-coco/samples_nopix/img001730.jpg,data/wildfake/vqvae/a4004f6243cc994f.jpg,1,vqvae,coco,train,93c542f7333e3389f3a3e4fe2edb28b73131a1529444cec0194b80ce01094b05
wildfake,Images/Other_based.zip,Other_based/Typical/VQVAE/tt-coco/samples_nopix/img004221.jpg,data/wildfake/vqvae/20d8462b39870efe.jpg,1,vqvae,coco,train,6983838b0e7dfca17f08ce22b40b2aca1e471e18edb7f8c9ebbefb9f26fe013b
wildfake,Images/Other_based.zip,Other_based/Typical/VQVAE/tt-coco/samples_nopix/img004222.jpg,data/wildfake/vqvae/7fc69a65a7ada878.jpg,1,vqvae,coco,train,a55a8271b41370c0f62af55ae446ae01785ff7bcd3da453d21d47797f511d255
wildfake,Images/Other_based.zip,Other_based/Typical/VQVAE/tt-coco/samples_nopix/img004781.jpg,data/wildfake/vqvae/6b6ca20a224f0260.jpg,1,vqvae,coco,train,5cfd8d0dd622c8c7cdbd65450dd205201550a004c47a15ed48573266ccfed9cd
wildfake,Images/Other_based.zip,Other_based/Typical/VQVAE/tt-coco/samples_nopix/img002077.jpg,data/wildfake/vqvae/f2794ae3a534983a.jpg,1,vqvae,coco,train,ed54624ee0340b4e819b6bee3c148fe626376be1513fa32e978d6f240756ba01
wildfake,Images/Other_based.zip,Other_based/Typical/VQVAE/tt-coco/samples_nopix/img003530.jpg,data/wildfake/vqvae/a874b22d6e3fa798.jpg,1,vqvae,coco,train,0fa1d7aca9ff002688e782b3e14e5defffb32a4c611efae3ebb73f364235e769
wildfake,Images/Other_based.zip,Other_based/Typical/VQVAE/tt-coco/samples_nopix/img004323.jpg,data/wildfake/vqvae/1925f0e3dc01ff32.jpg,1,vqvae,coco,train,1221565bb0081bc269718a842423f4ae10f1929dab9273ce42d49df93f4a161c
wildfake,Images/Other_based.zip,Other_based/Typical/VQVAE/tt-coco/samples_nopix/img000302.jpg,data/wildfake/vqvae/d98ceee410dd737a.jpg,1,vqvae,coco,train,7f3d6b041a8910f7f052f32286086aa4ebcc5a37baebb00ab739ce49afa61127
wildfake,Images/Other_based.zip,Other_based/Typical/VQVAE/tt-coco/samples_nopix/img004602.jpg,data/wildfake/vqvae/2079ed095ed3fddb.jpg,1,vqvae,coco,train,14179b794958ae95fa2e2cc803af549bad6fd7709a058f82b28b823cd8c285f8
wildfake,Images/GAN_based.zip,GAN_based/Typical/styleGAN/sg3/stylegan3-t-ffhq-1024x1024/img003936.jpg,data/wildfake/stylegan3/a811d53a837fa49e.jpg,1,stylegan3,ffhq,val,c9887939bc3df328071e9f1dc70a2715db166aef1141e7a0ce3e3f1c5e792467
wildfake,Images/GAN_based.zip,GAN_based/Typical/styleGAN/sg3/stylegan3-t-metfaces-1024x1024/img004125.jpg,data/wildfake/stylegan3/53abbb5cf7d04a41.jpg,1,stylegan3,ffhq,val,53dd0ccea01df32573381a81275e3f747020e09b7856d529163754748b79dbfd
wildfake,Images/GAN_based.zip,GAN_based/Typical/styleGAN/sg3/stylegan3-t-afhqv2-512x512/img005443.jpg,data/wildfake/stylegan3/f7ba6d35e6feae84.jpg,1,stylegan3,ffhq,val,c0adc8d5618d59e366b08ec73f461ca78b0fd2573d8a8f3e433b14fccf3c1038
wildfake,Images/GAN_based.zip,GAN_based/Typical/styleGAN/sg3/stylegan3-t-afhqv2-512x512/img005054.jpg,data/wildfake/stylegan3/a80e36880b3d98b1.jpg,1,stylegan3,ffhq,val,2e16577c2ba0f50cb55ccd357e7ab4195f3660cd8b51b27346bc8b42500f7fd3
wildfake,Images/GAN_based.zip,GAN_based/Typical/styleGAN/sg3/stylegan3-t-ffhqu-1024x1024/img001984.jpg,data/wildfake/stylegan3/fe72ec73e20eddbf.jpg,1,stylegan3,ffhq,val,701019731d7202cecf278e8ae2175f1a1d552aad7d2d72a2a74f824334d1f596
wildfake,Images/GAN_based.zip,GAN_based/Typical/styleGAN/sg3/stylegan3-t-metfaces-1024x1024/img001444.jpg,data/wildfake/stylegan3/3d0f2132a5bb4a07.jpg,1,stylegan3,ffhq,val,6b3270e9170422934c1b9c92a2cc562975e6d5a3d1690b3d5c3f1f50d125764d
wildfake,Images/GAN_based.zip,GAN_based/Typical/styleGAN/sg3/stylegan3-t-ffhqu-1024x1024/img003303.jpg,data/wildfake/stylegan3/94b547865f230409.jpg,1,stylegan3,ffhq,val,cee03e499c45806d0fff01e187da7b253b40db616182d2dd35014c25f01a730d
wildfake,Images/GAN_based.zip,GAN_based/Typical/styleGAN/sg3/stylegan3-t-metfaces-1024x1024/img005767.jpg,data/wildfake/stylegan3/b51b9d0a3f1dc7a9.jpg,1,stylegan3,ffhq,val,fcb3735ae16c0212964189952c8d49c834ea8b008090996b76639180c527db61
wildfake,Images/GAN_based.zip,GAN_based/Typical/styleGAN/sg3/stylegan3-r-afhqv2-512x512/img001660.jpg,data/wildfake/stylegan3/e1451c09d46dad5e.jpg,1,stylegan3,ffhq,val,69a4b673ecefae05195502ee92e62a0566fbf8b9b0015e77cd56c19aa94e0883
wildfake,Images/GAN_based.zip,GAN_based/Typical/styleGAN/sg3/stylegan3-t-metfacesu-1024x1024/img000494.jpg,data/wildfake/stylegan3/44874e893b95a0e3.jpg,1,stylegan3,ffhq,val,cb6348d73977afda84fb69379aac3018c956a23beedd6e5332a4ba66df123a72
wildfake,Images/GAN_based.zip,GAN_based/Typical/styleGAN/sg3/stylegan3-t-metfacesu-1024x1024/img000534.jpg,data/wildfake/stylegan3/baeea72741aee400.jpg,1,stylegan3,ffhq,val,5b6151ab71d19859f57210691165dbadbd256d46daceb96d49185377e2337a93
wildfake,Images/GAN_based.zip,GAN_based/Typical/styleGAN/sg3/stylegan3-r-afhqv2-512x512/img000336.jpg,data/wildfake/stylegan3/2c86482ac4c37b19.jpg,1,stylegan3,ffhq,val,85f7344f198bf860ea204d7b2144a21a2139a41921df14779dbe5fc1035a6e0c
wildfake,Images/GAN_based.zip,GAN_based/Typical/styleGAN/sg3/stylegan3-r-ffhq-1024x1024/img007655.jpg,data/wildfake/stylegan3/b3a4902df149db30.jpg,1,stylegan3,ffhq,val,b8109de9c7ccd9761e675f514095d7052d8e155a5b1e701da65dc116f44adb17
wildfake,Images/GAN_based.zip,GAN_based/Typical/styleGAN/sg3/stylegan3-t-afhqv2-512x512/img003383.jpg,data/wildfake/stylegan3/0d9f8979a3fcadf4.jpg,1,stylegan3,ffhq,val,76028e80be351884bcb0ee1ad6a530f2a89ee3c8a402ae9d3a9196b35fd53129
wildfake,Images/GAN_based.zip,GAN_based/Typical/styleGAN/sg3/stylegan3-t-metfaces-1024x1024/img003793.jpg,data/wildfake/stylegan3/d44d1e4f2c98f3c4.jpg,1,stylegan3,ffhq,val,7ca32bc5728bc1b38ebfb5a8762796f6415d67c2d2a1ee7be5f8d8a023015af8
wildfake,Images/GAN_based.zip,GAN_based/Typical/styleGAN/sg3/stylegan3-r-metfacesu-1024x1024/img000540.jpg,data/wildfake/stylegan3/f9d0df440092aa02.jpg,1,stylegan3,ffhq,val,eaa718990c8f12e1d68deca40230e790290035e9a5c55b10f71c4cb02ca1507f
wildfake,Images/GAN_based.zip,GAN_based/Typical/styleGAN/sg3/stylegan3-r-ffhq-1024x1024/img001283.jpg,data/wildfake/stylegan3/bc835c372ae5956c.jpg,1,stylegan3,ffhq,val,508999572a3f4b738a5746bfb0f430f1045df78526427b7abdfa6501a231f0d1
wildfake,Images/GAN_based.zip,GAN_based/Typical/styleGAN/sg3/stylegan3-t-afhqv2-512x512/img007895.jpg,data/wildfake/stylegan3/da5b77c19958349e.jpg,1,stylegan3,ffhq,val,99aa01724f3b5e14c914de3fdb43a872879392556a1b6fdb2d98923c6a7a0e71
wildfake,Images/GAN_based.zip,GAN_based/Typical/styleGAN/sg3/stylegan3-r-ffhqu-1024x1024/img004365.jpg,data/wildfake/stylegan3/d6a73ec605189542.jpg,1,stylegan3,ffhq,val,e54ec01b1150908946d4ea11ded4bc3597e09fb4e6e07d547b1eb5595ed1d95b
wildfake,Images/GAN_based.zip,GAN_based/Typical/styleGAN/sg3/stylegan3-r-ffhqu-1024x1024/img001895.jpg,data/wildfake/stylegan3/407d07d091ee1e7b.jpg,1,stylegan3,ffhq,val,3bdfe38d667251e9a35c19097ddf1bf0589d9d324074f6001f203a40be2d8cea
wildfake,Images/GAN_based.zip,GAN_based/Typical/styleGAN/sg3/stylegan3-t-afhqv2-512x512/img006961.jpg,data/wildfake/stylegan3/501f82c2d39900fc.jpg,1,stylegan3,ffhq,val,abb51e5f57d653f8cc2ce85641166ab693a71ae04fe7029cb5b7daf6b1ea45c9
wildfake,Images/GAN_based.zip,GAN_based/Typical/styleGAN/sg3/stylegan3-r-afhqv2-512x512/img004285.jpg,data/wildfake/stylegan3/c2a7a6d0b62c91e8.jpg,1,stylegan3,ffhq,val,a7bd2c8796361d6fa69e619bee3aaede2f9e7e047bdb327225f9d300c0f6e405
wildfake,Images/GAN_based.zip,GAN_based/Typical/styleGAN/sg3/stylegan3-t-ffhqu-1024x1024/img004694.jpg,data/wildfake/stylegan3/236dfd7918b49c17.jpg,1,stylegan3,ffhq,val,d2146bf7f0b44bb871c676257679a2a7e948e619bc1008a8c2f7d5413d72a4e4
wildfake,Images/GAN_based.zip,GAN_based/Typical/styleGAN/sg3/stylegan3-t-ffhq-1024x1024/img000354.jpg,data/wildfake/stylegan3/f44f611ecec9ef29.jpg,1,stylegan3,ffhq,val,7ec3ef6e450b280265493e9f88eed3ed0452d3a2143025181576dd39114cc010
wildfake,Images/GAN_based.zip,GAN_based/Typical/styleGAN/sg3/stylegan3-t-metfaces-1024x1024/img004551.jpg,data/wildfake/stylegan3/8d02056338e608a4.jpg,1,stylegan3,ffhq,val,8496e540a6fd65dcc3da50587df04013e9e9c14a7e99f284fc4501b652477d17
wildfake,Images/GAN_based.zip,GAN_based/Typical/styleGAN/sg3/stylegan3-r-metfaces-1024x1024/img004644.jpg,data/wildfake/stylegan3/87d23e3ef478e3fa.jpg,1,stylegan3,ffhq,val,e93d1f1ca42ebb966a2b2ef21974ef40ee43498e830644d618325a5ec191965f
wildfake,Images/GAN_based.zip,GAN_based/Typical/styleGAN/sg3/stylegan3-t-ffhqu-1024x1024/img002176.jpg,data/wildfake/stylegan3/3c892fc8957a89b0.jpg,1,stylegan3,ffhq,val,f610f8606f4e68a058ed4aa7da75ecbcce1b980caf653df1c976e18fdb2dc26e
wildfake,Images/GAN_based.zip,GAN_based/Typical/styleGAN/sg3/stylegan3-r-metfaces-1024x1024/img003114.jpg,data/wildfake/stylegan3/faca88014e1bf005.jpg,1,stylegan3,ffhq,val,5ba37915ab121eeec6fcd331bf4a22f6ea3f605f0bee9fc978fa51dd5cbb3ba9
wildfake,Images/GAN_based.zip,GAN_based/Typical/styleGAN/sg3/stylegan3-t-afhqv2-512x512/img006531.jpg,data/wildfake/stylegan3/cd5a670adb287283.jpg,1,stylegan3,ffhq,val,96782305185d58dd8453e03534f27e3305985cee219f3cc73a81589ae2d80189
wildfake,Images/GAN_based.zip,GAN_based/Typical/styleGAN/sg3/stylegan3-r-ffhqu-1024x1024/img001758.jpg,data/wildfake/stylegan3/8d88eec3ea0c1896.jpg,1,stylegan3,ffhq,val,f966f93e570ede5997c568ea771aacc064d324f1754feab12452706f1f9d6ed2
wildfake,Images/GAN_based.zip,GAN_based/Typical/styleGAN/sg3/stylegan3-t-ffhqu-1024x1024/img000280.jpg,data/wildfake/stylegan3/c8e1870d2b03426e.jpg,1,stylegan3,ffhq,val,cd8b753923bdf6a399436045ab58fda5b1755d537b6f8363cc2ab64ac2b0bf39
wildfake,Images/GAN_based.zip,GAN_based/Typical/styleGAN/sg3/stylegan3-r-metfacesu-1024x1024/img003197.jpg,data/wildfake/stylegan3/6709b91591ec9e29.jpg,1,stylegan3,ffhq,val,51c6d4651ef29a1db7443492e779c1b61ef4874f26d633d2aea0c3c5f78f8ce8
wildfake,Images/GAN_based.zip,GAN_based/Typical/styleGAN/sg3/stylegan3-r-metfacesu-1024x1024/img005345.jpg,data/wildfake/stylegan3/443f7c439e4dd812.jpg,1,stylegan3,ffhq,val,5646e2d4745ac9d0cd11fdf02cdc686d2b1512ad83bc18e6fda3e6ce2917f0af
wildfake,Images/GAN_based.zip,GAN_based/Typical/styleGAN/sg3/stylegan3-t-metfaces-1024x1024/img005243.jpg,data/wildfake/stylegan3/8ad3e077187a1cf7.jpg,1,stylegan3,ffhq,val,e602055d5c22339f4b3af22eba1d8dfef6ffc908376164edc1097d432712c0bf
wildfake,Images/GAN_based.zip,GAN_based/Typical/styleGAN/sg3/stylegan3-r-metfaces-1024x1024/img003082.jpg,data/wildfake/stylegan3/40fcbf1cec4a8072.jpg,1,stylegan3,ffhq,val,760d8de4f2fb8204eb62d02f395face2d4e727cf306a2c044d43236be8cc853a
wildfake,Images/GAN_based.zip,GAN_based/Typical/styleGAN/sg3/stylegan3-r-metfaces-1024x1024/img003479.jpg,data/wildfake/stylegan3/14f94c05316301df.jpg,1,stylegan3,ffhq,val,82a4b01f9cd60e7352cf9fa868434b8a8e95950fd4d59236d0ef21063c6cec6d
wildfake,Images/GAN_based.zip,GAN_based/Typical/styleGAN/sg3/stylegan3-r-metfaces-1024x1024/img002569.jpg,data/wildfake/stylegan3/f3fa9b7888e5c256.jpg,1,stylegan3,ffhq,val,649ebf32571389df9ca39dacb6ed7c7a47b6b4d577ecdbf3cad8d1b6abf5c9fb
wildfake,Images/GAN_based.zip,GAN_based/Typical/styleGAN/sg3/stylegan3-r-ffhqu-1024x1024/img002634.jpg,data/wildfake/stylegan3/a930f8763a0581a3.jpg,1,stylegan3,ffhq,val,9d55088494a2d8fb40ce2a45d3a0bb3ed7afd02a54151b9629f7850cab9efc41
wildfake,Images/GAN_based.zip,GAN_based/Typical/styleGAN/sg3/stylegan3-t-metfacesu-1024x1024/img001899.jpg,data/wildfake/stylegan3/cc799e489b042a05.jpg,1,stylegan3,ffhq,val,b25d42f6bb13f5f560e84eb57a789f6014181559f942ad66bdda7e82ae48f1b1
wildfake,Images/GAN_based.zip,GAN_based/Typical/styleGAN/sg3/stylegan3-t-afhqv2-512x512/img004967.jpg,data/wildfake/stylegan3/9a07d8a48abd58a2.jpg,1,stylegan3,ffhq,val,6e87ee538d1ed329b58fbe7dc524855638d0c49ab6605ac77f194341ee1baf9a
wildfake,Images/GAN_based.zip,GAN_based/Typical/styleGAN/sg3/stylegan3-t-ffhq-1024x1024/img005626.jpg,data/wildfake/stylegan3/02a42838125aed46.jpg,1,stylegan3,ffhq,val,34f59d52721887250580c04c2b7fefa6e5aa3ebf5611f26ff3ef71782ad40fe5
wildfake,Images/GAN_based.zip,GAN_based/Typical/styleGAN/sg3/stylegan3-r-ffhq-1024x1024/img000851.jpg,data/wildfake/stylegan3/296464856420c68c.jpg,1,stylegan3,ffhq,val,9773e7eadedaab7c1214e9826179657e50a4dda4b99c8e2ff52fc3f96cd8aa36
wildfake,Images/GAN_based.zip,GAN_based/Typical/styleGAN/sg3/stylegan3-t-ffhqu-1024x1024/img001850.jpg,data/wildfake/stylegan3/c3e68a1eb44f4b85.jpg,1,stylegan3,ffhq,val,ed775a4e327193ad03b37b774fd696dec65fd5b644236e6a9d91dd426fe841ec
wildfake,Images/GAN_based.zip,GAN_based/Typical/styleGAN/sg3/stylegan3-t-ffhqu-1024x1024/img000314.jpg,data/wildfake/stylegan3/fb7441fd4eeaa91e.jpg,1,stylegan3,ffhq,val,87d1daf2cf38dc1c1148a830ae8453908216a058c91a5e1024275f4a108c7ad9
wildfake,Images/GAN_based.zip,GAN_based/Typical/styleGAN/sg3/stylegan3-r-afhqv2-512x512/img000324.jpg,data/wildfake/stylegan3/95d04c8144ce5f80.jpg,1,stylegan3,ffhq,val,34f6a713ca943fbc6641f31f94d1a11907da86c1e163d9061e10ae791a5bf8a6
wildfake,Images/GAN_based.zip,GAN_based/Typical/styleGAN/sg3/stylegan3-t-metfacesu-1024x1024/img005580.jpg,data/wildfake/stylegan3/3035b5795ca8bcd7.jpg,1,stylegan3,ffhq,val,9b5ba94cc830e376e56e7e58db763cd23121f10dc5f6098f702fff3ef37e382a
wildfake,Images/GAN_based.zip,GAN_based/Typical/styleGAN/sg3/stylegan3-r-metfacesu-1024x1024/img002387.jpg,data/wildfake/stylegan3/036f3836b8ff0762.jpg,1,stylegan3,ffhq,val,22f072f8759d89990b1245eb6d73c9ca5e0394d2fb317c9a140cdff85e0a0f5c
wildfake,Images/GAN_based.zip,GAN_based/Typical/styleGAN/sg3/stylegan3-t-ffhq-1024x1024/img001903.jpg,data/wildfake/stylegan3/3134c470cc3953fa.jpg,1,stylegan3,ffhq,val,a6004c1b80ad8b1a286ccceea545c290906e8ed1fb1372cf66434ccdef0f9ea4
wildfake,Images/GAN_based.zip,GAN_based/Typical/styleGAN/sg3/stylegan3-t-ffhq-1024x1024/img002939.jpg,data/wildfake/stylegan3/67000c8f08c5f5ec.jpg,1,stylegan3,ffhq,val,a246aa368ee17fd69a43050fdb5f96fb0bb0e80d8984adc95e06b53ebd681352
wildfake,Images/GAN_based.zip,GAN_based/Typical/styleGAN/sg3/stylegan3-r-ffhq-1024x1024/img005487.jpg,data/wildfake/stylegan3/a9ade4ef519b3968.jpg,1,stylegan3,ffhq,val,ad840582780b6562cc9d5c47aae7df38b2740ce97e204441ca8cadc1165ba920
wildfake,Images/GAN_based.zip,GAN_based/Typical/styleGAN/sg3/stylegan3-t-ffhq-1024x1024/img006451.jpg,data/wildfake/stylegan3/5cc57b2327836903.jpg,1,stylegan3,ffhq,val,4e7a3be8fff0e3a0db5f5db49ba0834d958b898bb7cf5e4b99418f94e69b5347
wildfake,Images/GAN_based.zip,GAN_based/Typical/styleGAN/sg3/stylegan3-r-ffhqu-1024x1024/img004837.jpg,data/wildfake/stylegan3/2e141c20b68ed1bf.jpg,1,stylegan3,ffhq,val,bb36af7cd6c45a0fb55217e7f2fbf68ef11f8aadcfe7384c5882c6464244dbc1
wildfake,Images/GAN_based.zip,GAN_based/Typical/styleGAN/sg3/stylegan3-t-afhqv2-512x512/img000723.jpg,data/wildfake/stylegan3/7177fdec9d318209.jpg,1,stylegan3,ffhq,val,af690f40fc04ebf12ac601ce2b50455d7c73a4327d1d3552d3ef0cd553a5d100
wildfake,Images/GAN_based.zip,GAN_based/Typical/styleGAN/sg3/stylegan3-r-ffhq-1024x1024/img003708.jpg,data/wildfake/stylegan3/085ccdbb4ccc70a4.jpg,1,stylegan3,ffhq,val,b0a313b67560e69cf349bdca4a546ad034777ab670fc1e51b14973f419150231
wildfake,Images/GAN_based.zip,GAN_based/Typical/styleGAN/sg3/stylegan3-t-metfacesu-1024x1024/img006644.jpg,data/wildfake/stylegan3/919e0c52c371d425.jpg,1,stylegan3,ffhq,val,89e5cd401da94630a57b0d62d4cf921b714db93cdc083eb8349a33357c8ca328
wildfake,Images/GAN_based.zip,GAN_based/Typical/styleGAN/sg3/stylegan3-r-ffhqu-1024x1024/img002388.jpg,data/wildfake/stylegan3/8e3a0964ddd75b29.jpg,1,stylegan3,ffhq,val,a84a4dd93f6083dfcb49736cea1f16746675f51f7a207802cf4ffce464b4b70c
wildfake,Images/GAN_based.zip,GAN_based/Typical/styleGAN/sg3/stylegan3-t-metfaces-1024x1024/img000491.jpg,data/wildfake/stylegan3/5a00c6c1547e3095.jpg,1,stylegan3,ffhq,val,335ac73f9d96cbe7573ee4f53005a1fbff55b53184ca71c8f6e6bbe117a74367
wildfake,Images/GAN_based.zip,GAN_based/Typical/styleGAN/sg3/stylegan3-t-ffhq-1024x1024/img000864.jpg,data/wildfake/stylegan3/452b460369a94692.jpg,1,stylegan3,ffhq,val,df07a2c86f1a52895badd196b808a8c79602b8c31f0d1974ad735c7090230d6a
wildfake,Images/GAN_based.zip,GAN_based/Typical/styleGAN/sg3/stylegan3-r-afhqv2-512x512/img004044.jpg,data/wildfake/stylegan3/6c73c12321fe6c68.jpg,1,stylegan3,ffhq,val,dc64eb92ca27efe4d28a5bfb304f8eac668aa288789120bcbbc8d21c7d4a76c3
wildfake,Images/GAN_based.zip,GAN_based/Typical/styleGAN/sg3/stylegan3-r-ffhq-1024x1024/img000163.jpg,data/wildfake/stylegan3/0bd342128a7dea38.jpg,1,stylegan3,ffhq,val,daa2c3c292dcdb0709c9c907065f25f0884a38ef25e53f96d88733f45f79d36b
wildfake,Images/GAN_based.zip,GAN_based/Typical/styleGAN/sg3/stylegan3-t-ffhqu-1024x1024/img004091.jpg,data/wildfake/stylegan3/ddf1fc043a59132c.jpg,1,stylegan3,ffhq,val,eb7972b7bb647be32efc6c6fabef93fd0f9b1eb3c3ff0c93f93bc39ab9726826
wildfake,Images/GAN_based.zip,GAN_based/Typical/styleGAN/sg3/stylegan3-r-afhqv2-512x512/img005286.jpg,data/wildfake/stylegan3/8a2575dbc9697a9b.jpg,1,stylegan3,ffhq,val,c0742728fdcb43e94faa731cb73bd399c730df27d5776a11c2b16e5fea64cdb1
wildfake,Images/GAN_based.zip,GAN_based/Typical/styleGAN/sg3/stylegan3-r-ffhqu-1024x1024/img001984.jpg,data/wildfake/stylegan3/1895a6eb688baf1b.jpg,1,stylegan3,ffhq,val,2957663e924ac131f0fbc0a137c6d55e5de2f22b2f25e1e4f799063385116774
wildfake,Images/GAN_based.zip,GAN_based/Typical/styleGAN/sg3/stylegan3-r-ffhq-1024x1024/img006972.jpg,data/wildfake/stylegan3/d1f4f9090ffc80b6.jpg,1,stylegan3,ffhq,val,0bf1bf7092943ad3c6129fd309db4fb8cf965182d3c32b6de9f2d8f017932d8d
wildfake,Images/GAN_based.zip,GAN_based/Typical/styleGAN/sg3/stylegan3-t-ffhqu-1024x1024/img007614.jpg,data/wildfake/stylegan3/451ad2225f11dfae.jpg,1,stylegan3,ffhq,val,5699018412b3db65771f36185ad4e8801569fa0513d0e3874dd2b39d55e70944
wildfake,Images/GAN_based.zip,GAN_based/Typical/styleGAN/sg3/stylegan3-t-afhqv2-512x512/img001049.jpg,data/wildfake/stylegan3/be550eadbf61268b.jpg,1,stylegan3,ffhq,val,6c4757345599458cb9166ab25685e6ced3d1682ed2aac0ac294735d68e7897f7
wildfake,Images/GAN_based.zip,GAN_based/Typical/styleGAN/sg3/stylegan3-t-metfacesu-1024x1024/img000339.jpg,data/wildfake/stylegan3/8561e732255a2fc0.jpg,1,stylegan3,ffhq,val,55b6ebc2ae829944bf5e28abfcdc9cf18eb9ca4d5fadd39fce4c3b555185a6be
wildfake,Images/GAN_based.zip,GAN_based/Typical/styleGAN/sg3/stylegan3-r-metfaces-1024x1024/img005427.jpg,data/wildfake/stylegan3/5bc157473d17ed3c.jpg,1,stylegan3,ffhq,val,3a52c519e4d7d1b81e8ffe8b2279a77efbca6729baeb32b3603db7cb4703d70c
wildfake,Images/GAN_based.zip,GAN_based/Typical/styleGAN/sg3/stylegan3-t-ffhq-1024x1024/img003949.jpg,data/wildfake/stylegan3/6a60fdfb83e96dd3.jpg,1,stylegan3,ffhq,val,0df248705655305950e037302b1119dc299e16f26ade8047d00be5ce40d59c3e
wildfake,Images/GAN_based.zip,GAN_based/Typical/styleGAN/sg3/stylegan3-t-metfaces-1024x1024/img007516.jpg,data/wildfake/stylegan3/a2962270dd143604.jpg,1,stylegan3,ffhq,val,b863bd20d9001779ce3a54d136f2f3863617f1360040022d639e85ec587e73c3
wildfake,Images/GAN_based.zip,GAN_based/Typical/styleGAN/sg3/stylegan3-r-ffhq-1024x1024/img001034.jpg,data/wildfake/stylegan3/4e9754d866785a43.jpg,1,stylegan3,ffhq,test,46a341e3ca3f16f2f04153fd957a987ef5fe85898e658e898f5e7fd4e06f85b7
wildfake,Images/GAN_based.zip,GAN_based/Typical/styleGAN/sg3/stylegan3-t-ffhq-1024x1024/img003347.jpg,data/wildfake/stylegan3/3323c93aeb931a25.jpg,1,stylegan3,ffhq,test,0a9e7c0b9446141f46b8dae7c8a6de37d94d1023eec8cd09e81929e76574683e
wildfake,Images/GAN_based.zip,GAN_based/Typical/styleGAN/sg3/stylegan3-t-ffhqu-1024x1024/img000260.jpg,data/wildfake/stylegan3/d9834bf0830c50e7.jpg,1,stylegan3,ffhq,test,4e1848986dbcea5c5e8bbb8f5f619c50f1a99946713a3110896788e9799e3aca
wildfake,Images/GAN_based.zip,GAN_based/Typical/styleGAN/sg3/stylegan3-r-metfaces-1024x1024/img000176.jpg,data/wildfake/stylegan3/011c0c40193dbee9.jpg,1,stylegan3,ffhq,test,7184b0fbd0818236965ad105c68c67fd875dfd4233509470f260d40cec04a6b3
wildfake,Images/GAN_based.zip,GAN_based/Typical/styleGAN/sg3/stylegan3-t-metfaces-1024x1024/img001484.jpg,data/wildfake/stylegan3/6b9ac67430a5de21.jpg,1,stylegan3,ffhq,test,8c9e6f4ea2a2fc54c515aea03a1c0d4067fc3f37e71e023078834279962c19ba
wildfake,Images/GAN_based.zip,GAN_based/Typical/styleGAN/sg3/stylegan3-t-ffhq-1024x1024/img002335.jpg,data/wildfake/stylegan3/dfc3df1fe553ef96.jpg,1,stylegan3,ffhq,test,b9b8a73c0f0edba34a71571c1643d58cdb0238ab7bf59e16d0b8ff13e59c8181
wildfake,Images/GAN_based.zip,GAN_based/Typical/styleGAN/sg3/stylegan3-r-ffhq-1024x1024/img007117.jpg,data/wildfake/stylegan3/f642ebc2caf4e331.jpg,1,stylegan3,ffhq,test,e64caf7f3f57546a8193117362af4e50edb0eae7993638ac9a0d8cccda67fa38
wildfake,Images/GAN_based.zip,GAN_based/Typical/styleGAN/sg3/stylegan3-t-ffhq-1024x1024/img004198.jpg,data/wildfake/stylegan3/f8120a12760f021b.jpg,1,stylegan3,ffhq,test,1b1725960f5a35abbc2a2076d3152fe629bca02b4f1c7983713ff472bdcb4d15
wildfake,Images/GAN_based.zip,GAN_based/Typical/styleGAN/sg3/stylegan3-r-ffhq-1024x1024/img005423.jpg,data/wildfake/stylegan3/338aa1fc542935c0.jpg,1,stylegan3,ffhq,test,2bc8f889288db5dd769cdd52fabb5a2e8f0750a57958f02ee4b7c371ca0fd667
wildfake,Images/GAN_based.zip,GAN_based/Typical/styleGAN/sg3/stylegan3-r-metfacesu-1024x1024/img002447.jpg,data/wildfake/stylegan3/5b145dc35a1e688e.jpg,1,stylegan3,ffhq,test,e2eafdd281e05d64f0a6ccfd5bc711fff9a2725452f8f7a4bcdba26b2ae8d6c6
wildfake,Images/GAN_based.zip,GAN_based/Typical/styleGAN/sg3/stylegan3-t-ffhq-1024x1024/img006293.jpg,data/wildfake/stylegan3/ddcae49263daa9d3.jpg,1,stylegan3,ffhq,test,3c32d038f80a61f87f8a5e4dd85619fe73ec1664866f98e92ae20d6d740ca0aa
wildfake,Images/GAN_based.zip,GAN_based/Typical/styleGAN/sg3/stylegan3-t-ffhq-1024x1024/img007448.jpg,data/wildfake/stylegan3/ed397d77b3a193c6.jpg,1,stylegan3,ffhq,test,752fa0e9a1b75d12b8b888f294e9fd7f8c1dc2e9a0f284e1a6763e244b511080
wildfake,Images/GAN_based.zip,GAN_based/Typical/styleGAN/sg3/stylegan3-t-ffhqu-1024x1024/img000640.jpg,data/wildfake/stylegan3/3e4ab07873d88722.jpg,1,stylegan3,ffhq,test,e30d087208f4808887d9efd3c45eb7e04470c8a876fd0f638039e01c058f010b
wildfake,Images/GAN_based.zip,GAN_based/Typical/styleGAN/sg3/stylegan3-t-ffhqu-1024x1024/img003113.jpg,data/wildfake/stylegan3/ebd8200ed2f38390.jpg,1,stylegan3,ffhq,test,aa696446ae17a437dd753b5626ba81fd529cc139775097c31c69f00330d6cbca
wildfake,Images/GAN_based.zip,GAN_based/Typical/styleGAN/sg3/stylegan3-t-ffhqu-1024x1024/img006496.jpg,data/wildfake/stylegan3/0feac40317e038fb.jpg,1,stylegan3,ffhq,test,83fbd020c4b5fd4b3781f45fc9746277d56420350b0b4c53376d2d20087bcd21
wildfake,Images/GAN_based.zip,GAN_based/Typical/styleGAN/sg3/stylegan3-r-metfaces-1024x1024/img001630.jpg,data/wildfake/stylegan3/9e178f6a04371f2e.jpg,1,stylegan3,ffhq,test,d26bd2fb355af62bef22cc47235caa615575ef749ef7dbb12ad0c9660fbb0a03
wildfake,Images/GAN_based.zip,GAN_based/Typical/styleGAN/sg3/stylegan3-t-ffhqu-1024x1024/img001700.jpg,data/wildfake/stylegan3/8a8f460c801f8d69.jpg,1,stylegan3,ffhq,test,6c81ccb8ea939d88c8296e8c89dffcf9fc4e77a2a2fd1eb96d9f35aa32339f6b
wildfake,Images/GAN_based.zip,GAN_based/Typical/styleGAN/sg3/stylegan3-t-afhqv2-512x512/img005656.jpg,data/wildfake/stylegan3/3783b742cca5a3b7.jpg,1,stylegan3,ffhq,test,a4beda9129670b1be0e7783cfad46692ba4f478694214408b616c84242f73092
wildfake,Images/GAN_based.zip,GAN_based/Typical/styleGAN/sg3/stylegan3-t-ffhq-1024x1024/img004534.jpg,data/wildfake/stylegan3/f86a29a35902144d.jpg,1,stylegan3,ffhq,test,805536829292a8a4b533a300506ab6de0985dd2262ded8000d5888ae7561e56e
wildfake,Images/GAN_based.zip,GAN_based/Typical/styleGAN/sg3/stylegan3-r-afhqv2-512x512/img005772.jpg,data/wildfake/stylegan3/1fa549b657397a4f.jpg,1,stylegan3,ffhq,test,1e7bc4d3d73cca37af556545d64c426fe2c646366a394b7db3a81b8edeb8de2e
wildfake,Images/GAN_based.zip,GAN_based/Typical/styleGAN/sg3/stylegan3-t-metfaces-1024x1024/img000357.jpg,data/wildfake/stylegan3/8e883c73929be559.jpg,1,stylegan3,ffhq,test,cd50f3188105ffc6bf09ef0e72627c362448ea6d3853fb2af45fdcfa56dafccd
wildfake,Images/GAN_based.zip,GAN_based/Typical/styleGAN/sg3/stylegan3-t-afhqv2-512x512/img002827.jpg,data/wildfake/stylegan3/4657a3596f869f9c.jpg,1,stylegan3,ffhq,test,ce4bcbca8e3af132397acfbc454fa4db4e7fd30553ccf1e96ad1b61b2ed6d126
wildfake,Images/GAN_based.zip,GAN_based/Typical/styleGAN/sg3/stylegan3-t-ffhqu-1024x1024/img007298.jpg,data/wildfake/stylegan3/9676dd6499a57291.jpg,1,stylegan3,ffhq,test,a6a425668829f25a6c947d5401f7b111776d405931b91015ecc682e281c71a17
wildfake,Images/GAN_based.zip,GAN_based/Typical/styleGAN/sg3/stylegan3-t-metfaces-1024x1024/img006373.jpg,data/wildfake/stylegan3/a0f6cf17c27be684.jpg,1,stylegan3,ffhq,test,510822f2f2d7f9b4686da99b3d4caadce804eb34e79c2c9bcb9839f22c34bd50
wildfake,Images/GAN_based.zip,GAN_based/Typical/styleGAN/sg3/stylegan3-r-ffhqu-1024x1024/img001299.jpg,data/wildfake/stylegan3/722d4eb3197ee19f.jpg,1,stylegan3,ffhq,test,21f28c1db3d45afa023c207e1a627629282df5e88cf315a3cc4bcf311a15861e
wildfake,Images/GAN_based.zip,GAN_based/Typical/styleGAN/sg3/stylegan3-r-afhqv2-512x512/img006019.jpg,data/wildfake/stylegan3/0b9cb09f24d02aa0.jpg,1,stylegan3,ffhq,test,486fd81be3dd2a9c8f8a45c6a65c3e7b08e32ad256c771302f7e0442fbc7cb04
wildfake,Images/GAN_based.zip,GAN_based/Typical/styleGAN/sg3/stylegan3-r-ffhq-1024x1024/img006838.jpg,data/wildfake/stylegan3/a61061a3b1362dad.jpg,1,stylegan3,ffhq,test,0eed41f3461050b2b7def4746413a8a59c111077009412a601a678f896a75414
wildfake,Images/GAN_based.zip,GAN_based/Typical/styleGAN/sg3/stylegan3-r-ffhq-1024x1024/img005425.jpg,data/wildfake/stylegan3/0edbd0048d894267.jpg,1,stylegan3,ffhq,test,ebc216000d502ca839d9ddff0dc06a80eb26891dd0fd57dff3c646b80ea03f1f
wildfake,Images/GAN_based.zip,GAN_based/Typical/styleGAN/sg3/stylegan3-t-ffhq-1024x1024/img002164.jpg,data/wildfake/stylegan3/5b43bd8093f59130.jpg,1,stylegan3,ffhq,test,56c85e545d4f73e14fbdd1a7f2ba1ecc259a0bbeabf0e0f914102f21f4b8817b
wildfake,Images/GAN_based.zip,GAN_based/Typical/styleGAN/sg3/stylegan3-r-ffhq-1024x1024/img005526.jpg,data/wildfake/stylegan3/5050bb4b4a3ee7f4.jpg,1,stylegan3,ffhq,test,feb6eef1cd87df351070252cb8d92eb557a2c8821ab1b22694feaae03d15589c
wildfake,Images/GAN_based.zip,GAN_based/Typical/styleGAN/sg3/stylegan3-r-metfaces-1024x1024/img006339.jpg,data/wildfake/stylegan3/60f105ee7991f8c8.jpg,1,stylegan3,ffhq,test,7ec269b8e2a4fa3c57d320a4be8d616d6cef005793f1d30df9a80a5e90802528
wildfake,Images/GAN_based.zip,GAN_based/Typical/styleGAN/sg3/stylegan3-r-ffhqu-1024x1024/img004369.jpg,data/wildfake/stylegan3/160c64543fdb93dd.jpg,1,stylegan3,ffhq,test,b6be9b95a41113f4cf5255ab644326ca76f73db2faad10b92738b338676e531a
wildfake,Images/GAN_based.zip,GAN_based/Typical/styleGAN/sg3/stylegan3-t-afhqv2-512x512/img003463.jpg,data/wildfake/stylegan3/fe464f653689665d.jpg,1,stylegan3,ffhq,test,339a1669e390218544bb7bc9f70bdc9222b5b17425f6a5c0cd6a6d2eb605d887
wildfake,Images/GAN_based.zip,GAN_based/Typical/styleGAN/sg3/stylegan3-r-metfacesu-1024x1024/img004025.jpg,data/wildfake/stylegan3/2d5ba56925ad5399.jpg,1,stylegan3,ffhq,test,09946bc717f0cc35089cd6be03d198eaf8fc599a03e77deb51e2609225c6aaef
wildfake,Images/GAN_based.zip,GAN_based/Typical/styleGAN/sg3/stylegan3-r-metfaces-1024x1024/img006619.jpg,data/wildfake/stylegan3/7ec96dfee1e6ac83.jpg,1,stylegan3,ffhq,test,bf19a096a896ab9b4423dfbc57d8075438ac23f0752310a63e4fb665e53f2264
wildfake,Images/GAN_based.zip,GAN_based/Typical/styleGAN/sg3/stylegan3-r-ffhqu-1024x1024/img005922.jpg,data/wildfake/stylegan3/3be5bd802abbecfc.jpg,1,stylegan3,ffhq,test,c12bbc28580d9fa78e66a105ee335d27fb41193c8d6c00d9967bf4fec056b23f
wildfake,Images/GAN_based.zip,GAN_based/Typical/styleGAN/sg3/stylegan3-t-ffhq-1024x1024/img004378.jpg,data/wildfake/stylegan3/b8c8ea29e9f25b72.jpg,1,stylegan3,ffhq,test,15f47f8784cfbbbc1d47bdde66fd4c18e3c5a086ec1aacd7cb1437bd822175ac
wildfake,Images/GAN_based.zip,GAN_based/Typical/styleGAN/sg3/stylegan3-t-metfaces-1024x1024/img007638.jpg,data/wildfake/stylegan3/030046c37b38c0a2.jpg,1,stylegan3,ffhq,test,d280996534c1694a3975759ab1609de2189c6a84d07e3a3552dbcd480daa9e8a
wildfake,Images/GAN_based.zip,GAN_based/Typical/styleGAN/sg3/stylegan3-r-ffhq-1024x1024/img001567.jpg,data/wildfake/stylegan3/da51b7835c650875.jpg,1,stylegan3,ffhq,test,b20af8838360545772493c73b346bab82b4e43e5c15306cf4da7180d1a16c3e8
wildfake,Images/GAN_based.zip,GAN_based/Typical/styleGAN/sg3/stylegan3-t-ffhq-1024x1024/img002916.jpg,data/wildfake/stylegan3/272705cc8ee32105.jpg,1,stylegan3,ffhq,test,d161043c953ddce90a4ae8dc28f56153c482dae13cfd1c1a6310c1f4bdc1e46d
wildfake,Images/GAN_based.zip,GAN_based/Typical/styleGAN/sg3/stylegan3-r-ffhqu-1024x1024/img004989.jpg,data/wildfake/stylegan3/d1b408489d2d526f.jpg,1,stylegan3,ffhq,test,5b4a5a1634ff7419b63dae1f4a2b52bcb24aa25d356a603105ef8b5f8092d1ba
wildfake,Images/GAN_based.zip,GAN_based/Typical/styleGAN/sg3/stylegan3-r-metfacesu-1024x1024/img006986.jpg,data/wildfake/stylegan3/ec5a18c270b3dc46.jpg,1,stylegan3,ffhq,test,ce78eb040901f5c57fea38371169f2e025c591f9ef569ca3df8359a62179368b
wildfake,Images/GAN_based.zip,GAN_based/Typical/styleGAN/sg3/stylegan3-t-metfacesu-1024x1024/img003069.jpg,data/wildfake/stylegan3/c63d0634866548ce.jpg,1,stylegan3,ffhq,test,474a286dee5061d17d4535e49df05c5f6036780955c30df129b5aebe94cf7aca
wildfake,Images/GAN_based.zip,GAN_based/Typical/styleGAN/sg3/stylegan3-r-ffhqu-1024x1024/img000631.jpg,data/wildfake/stylegan3/def2d0a5bfcee324.jpg,1,stylegan3,ffhq,test,6499b35a508add5489ef53446b8b0ebdf7a8c5fec6220f1860046d7bf4894d67
wildfake,Images/GAN_based.zip,GAN_based/Typical/styleGAN/sg3/stylegan3-r-ffhqu-1024x1024/img002528.jpg,data/wildfake/stylegan3/92a2690cae094b39.jpg,1,stylegan3,ffhq,test,0a8b95c442069259cc42505a5bbf278ab6c014ec9b1d9ce729a2fa0b144391cd
wildfake,Images/GAN_based.zip,GAN_based/Typical/styleGAN/sg3/stylegan3-t-ffhqu-1024x1024/img006411.jpg,data/wildfake/stylegan3/653e037f392edbbf.jpg,1,stylegan3,ffhq,test,1c10fb5a048fc97b20ee151bdf4be772832b1954f92c0fc81bf332b914f77ddc
wildfake,Images/GAN_based.zip,GAN_based/Typical/styleGAN/sg3/stylegan3-r-metfacesu-1024x1024/img007289.jpg,data/wildfake/stylegan3/5484d73fcdb68284.jpg,1,stylegan3,ffhq,test,5c1f0505b150ce2afa92f6c1f17cd5015e59306290da6d84c15172a8ccec9b85
wildfake,Images/GAN_based.zip,GAN_based/Typical/styleGAN/sg3/stylegan3-r-metfacesu-1024x1024/img007566.jpg,data/wildfake/stylegan3/0c6abcdf0724e9e7.jpg,1,stylegan3,ffhq,test,910153309c3864fccba24b68d87d60baf17edc37d80b41f65750375927152e9a
wildfake,Images/GAN_based.zip,GAN_based/Typical/styleGAN/sg3/stylegan3-t-ffhqu-1024x1024/img007518.jpg,data/wildfake/stylegan3/0ba44ac81b1fdb08.jpg,1,stylegan3,ffhq,test,9c5f1937c6c0d969f98b82b572490129a5e4d7853283a7156f449182ea8577dd
wildfake,Images/GAN_based.zip,GAN_based/Typical/styleGAN/sg3/stylegan3-r-ffhq-1024x1024/img004234.jpg,data/wildfake/stylegan3/76e69130e09aa198.jpg,1,stylegan3,ffhq,test,477bd64cbe86578fed16dc1bad9512959a32d1f7cf688b222e0d4b939c50a4c6
wildfake,Images/GAN_based.zip,GAN_based/Typical/styleGAN/sg3/stylegan3-r-metfacesu-1024x1024/img004677.jpg,data/wildfake/stylegan3/f51f9927a18a3bbc.jpg,1,stylegan3,ffhq,test,c38e8301671edea75b50b87ef7b847b20b543904cf02643649ee841a5f6fc41a
wildfake,Images/GAN_based.zip,GAN_based/Typical/styleGAN/sg3/stylegan3-r-metfacesu-1024x1024/img001119.jpg,data/wildfake/stylegan3/e85c00cf7b952412.jpg,1,stylegan3,ffhq,test,02d9a06365dde691638d0bd69cc096dfcc5c402e266cf1c3bdff271b082b1fdf
wildfake,Images/GAN_based.zip,GAN_based/Typical/styleGAN/sg3/stylegan3-t-afhqv2-512x512/img006135.jpg,data/wildfake/stylegan3/cb7722e46904ae17.jpg,1,stylegan3,ffhq,test,432af9c20e7486a7c645f677d11cd7d2780a0e82f307046c98733574543d429d
wildfake,Images/GAN_based.zip,GAN_based/Typical/styleGAN/sg3/stylegan3-t-afhqv2-512x512/img000026.jpg,data/wildfake/stylegan3/93e7706cf358edef.jpg,1,stylegan3,ffhq,test,b107301113f5e3ef39dcea97b1b695b885dae954f1cbcc1c2cbf61e7223f0703
wildfake,Images/GAN_based.zip,GAN_based/Typical/styleGAN/sg3/stylegan3-r-ffhq-1024x1024/img003362.jpg,data/wildfake/stylegan3/4b264f4d46febc47.jpg,1,stylegan3,ffhq,test,6045cd0487da053d95ca999a6cf0a72b591dae8f311d47351a9cad2d3eb5c1fc
wildfake,Images/GAN_based.zip,GAN_based/Typical/styleGAN/sg3/stylegan3-r-metfaces-1024x1024/img002895.jpg,data/wildfake/stylegan3/5fa02f1d94ea9c46.jpg,1,stylegan3,ffhq,test,2716f053afb71951f691a9bfa634f0e5d9256bbc2a50bb19c842bf807c9ae054
wildfake,Images/GAN_based.zip,GAN_based/Typical/styleGAN/sg3/stylegan3-t-afhqv2-512x512/img002030.jpg,data/wildfake/stylegan3/38c040e8d2e72ad6.jpg,1,stylegan3,ffhq,test,e116fa6d7cf5902a261286c7ace1321f31060be01894059aa9e07c945aa36130
wildfake,Images/GAN_based.zip,GAN_based/Typical/styleGAN/sg3/stylegan3-r-ffhqu-1024x1024/img001840.jpg,data/wildfake/stylegan3/baf6579a6b5dedb1.jpg,1,stylegan3,ffhq,test,be971ad59db3547288ae6a3bbd8c5da07ea375e67e5061231dd881c3bc95a3be
wildfake,Images/GAN_based.zip,GAN_based/Typical/styleGAN/sg3/stylegan3-r-afhqv2-512x512/img001056.jpg,data/wildfake/stylegan3/70059971aedfc970.jpg,1,stylegan3,ffhq,test,eb4d9e829617a8659fbe45a29ef6c81a8c48078a0042f457b92af576f5abde2f
wildfake,Images/GAN_based.zip,GAN_based/Typical/styleGAN/sg3/stylegan3-r-ffhq-1024x1024/img004208.jpg,data/wildfake/stylegan3/59b06028ce125649.jpg,1,stylegan3,ffhq,test,432cd1c21f4d0b7ab28c96fc6710ca4a0cadb3215df9e0803e71ec5a8ce93837
wildfake,Images/GAN_based.zip,GAN_based/Typical/styleGAN/sg3/stylegan3-r-ffhq-1024x1024/img007806.jpg,data/wildfake/stylegan3/cca3b130457ec176.jpg,1,stylegan3,ffhq,test,d6b922e5cdfd1c91cb11ea911ab31271cbc1029ce82141f143e73a61febf9a56
wildfake,Images/GAN_based.zip,GAN_based/Typical/styleGAN/sg3/stylegan3-r-ffhq-1024x1024/img005168.jpg,data/wildfake/stylegan3/dc4ca8b3312cc7d9.jpg,1,stylegan3,ffhq,test,76cd651fda5ee022d6ced246e042506008645ddb806262600a6bc51c6b35f77a
wildfake,Images/GAN_based.zip,GAN_based/Typical/styleGAN/sg3/stylegan3-t-afhqv2-512x512/img007059.jpg,data/wildfake/stylegan3/38dd8ce70b558cbe.jpg,1,stylegan3,ffhq,test,8234fe2d29e9a9fd268be912d2d34d7b187e0a53de7a5b3d451a2857f2a205bf
wildfake,Images/GAN_based.zip,GAN_based/Typical/styleGAN/sg3/stylegan3-t-ffhqu-1024x1024/img004960.jpg,data/wildfake/stylegan3/a95243ad10f93ee9.jpg,1,stylegan3,ffhq,test,16b057f12abd9bf39a8b730edca44cc97538885467df962ae998a08fe586ccef
wildfake,Images/GAN_based.zip,GAN_based/Typical/styleGAN/sg3/stylegan3-r-ffhq-1024x1024/img007084.jpg,data/wildfake/stylegan3/dce72aefbd330bc9.jpg,1,stylegan3,ffhq,test,11b0aa3121139e795f239b3ba8d9986aa0976d7b0edd8264df31d2e2bf7c7cd8
wildfake,Images/GAN_based.zip,GAN_based/Typical/styleGAN/sg3/stylegan3-t-metfaces-1024x1024/img001031.jpg,data/wildfake/stylegan3/cfc8f3afb346f2ec.jpg,1,stylegan3,ffhq,test,daeea6461d359ec7456e0538953545431b7c71fd348fef65d80531ec6e40439f
wildfake,Images/GAN_based.zip,GAN_based/Typical/styleGAN/sg3/stylegan3-t-metfacesu-1024x1024/img002107.jpg,data/wildfake/stylegan3/8e2fb1c36710678b.jpg,1,stylegan3,ffhq,test,e374f66275be0b790be52c50954fde7b08fe5db5dcca1795fdeb0b54220544f1
wildfake,Images/GAN_based.zip,GAN_based/Typical/styleGAN/sg3/stylegan3-r-metfaces-1024x1024/img005647.jpg,data/wildfake/stylegan3/8d07b1645795867b.jpg,1,stylegan3,ffhq,test,68793fbb3baf8d154266a732f79afd042ff58a14ff64533f8223851e93e3f020
wildfake,Images/GAN_based.zip,GAN_based/Typical/styleGAN/sg3/stylegan3-r-metfaces-1024x1024/img007795.jpg,data/wildfake/stylegan3/df4c5472b409ecbb.jpg,1,stylegan3,ffhq,test,22b8fefef74fe5fce7e16ee05c5ce65f567423db8b934a0f7f94be2a97503653
wildfake,Images/GAN_based.zip,GAN_based/Typical/styleGAN/sg3/stylegan3-r-metfaces-1024x1024/img003124.jpg,data/wildfake/stylegan3/96acbe2b95067a79.jpg,1,stylegan3,ffhq,test,59ac989a9499ace26c2b6e9e270b82d754f20a4159f42ccab741862591e02f93
wildfake,Images/GAN_based.zip,GAN_based/Typical/styleGAN/sg3/stylegan3-t-metfacesu-1024x1024/img002720.jpg,data/wildfake/stylegan3/e5e94400f994b952.jpg,1,stylegan3,ffhq,train,1fee322eb2ecb735eb288414b20ea455637ef87f8aa7b073002fea86281bb07e
wildfake,Images/GAN_based.zip,GAN_based/Typical/styleGAN/sg3/stylegan3-t-afhqv2-512x512/img005032.jpg,data/wildfake/stylegan3/6c0ee3024493af0e.jpg,1,stylegan3,ffhq,train,6991f962e62d80c8b5e6f39ee345549b8861569f05853e9a29c413d925301390
wildfake,Images/GAN_based.zip,GAN_based/Typical/styleGAN/sg3/stylegan3-t-ffhq-1024x1024/img003849.jpg,data/wildfake/stylegan3/e2d2eabeb8602507.jpg,1,stylegan3,ffhq,train,d0e3145e8a9667c0ed947ff21cba447d22a50634cd353c703ffe0dc86e060c5e
wildfake,Images/GAN_based.zip,GAN_based/Typical/styleGAN/sg3/stylegan3-r-afhqv2-512x512/img006903.jpg,data/wildfake/stylegan3/237cd84b9eff2360.jpg,1,stylegan3,ffhq,train,1b3f431a4f1460617e1a7150f14c19caf851f71d918f9a36215da85dfe5c7f7e
wildfake,Images/GAN_based.zip,GAN_based/Typical/styleGAN/sg3/stylegan3-t-ffhq-1024x1024/img005744.jpg,data/wildfake/stylegan3/691dcc2ca3fbacf8.jpg,1,stylegan3,ffhq,train,90f5405063ba655e7affb8c5c6fd5fdacd41bd321b08fb0c8aa277b4ed598c41
wildfake,Images/GAN_based.zip,GAN_based/Typical/styleGAN/sg3/stylegan3-r-ffhqu-1024x1024/img006789.jpg,data/wildfake/stylegan3/242fbd5b58556dc9.jpg,1,stylegan3,ffhq,train,2223dc6a6a60eb5eeb97e88713ce54e4ae09eb23c5ab447ec001141f7091765d
wildfake,Images/GAN_based.zip,GAN_based/Typical/styleGAN/sg3/stylegan3-r-ffhqu-1024x1024/img001324.jpg,data/wildfake/stylegan3/4a71253eb74c1dc5.jpg,1,stylegan3,ffhq,train,1b23af1efb948c065a331a11bdd82946d9dd2d2518f8e95e1396b03f0d4a5a27
wildfake,Images/GAN_based.zip,GAN_based/Typical/styleGAN/sg3/stylegan3-t-ffhq-1024x1024/img005948.jpg,data/wildfake/stylegan3/ad5b485cdc7911a8.jpg,1,stylegan3,ffhq,train,5c8f1b25d95015d401de70f6c3a1a65a15cfaa9e939411260d4d511e11ed8d07
wildfake,Images/GAN_based.zip,GAN_based/Typical/styleGAN/sg3/stylegan3-t-metfaces-1024x1024/img006981.jpg,data/wildfake/stylegan3/5c86e60778aceb44.jpg,1,stylegan3,ffhq,train,06bbbe3840c415ea7fbbaa70edd965e501b3b50b20a780939d808bf223d69d62
wildfake,Images/GAN_based.zip,GAN_based/Typical/styleGAN/sg3/stylegan3-t-metfacesu-1024x1024/img005624.jpg,data/wildfake/stylegan3/ae3726fcfc1a1e2b.jpg,1,stylegan3,ffhq,train,41df0650347bc07d58bf3f06d0546e06fa36b49d599c38b278f96cbf0212f564
wildfake,Images/GAN_based.zip,GAN_based/Typical/styleGAN/sg3/stylegan3-r-afhqv2-512x512/img001581.jpg,data/wildfake/stylegan3/7efcaf1a206de09a.jpg,1,stylegan3,ffhq,train,ccd1179a4305c6725b096db0463c938665059869c8faf8f543caf570c0c644eb
wildfake,Images/GAN_based.zip,GAN_based/Typical/styleGAN/sg3/stylegan3-r-ffhq-1024x1024/img006927.jpg,data/wildfake/stylegan3/aaceabf96d1eba18.jpg,1,stylegan3,ffhq,train,894aa02f66763ec02570f38df66c1ccd5a9a101b810bf9bde1cecf910e8e7caf
wildfake,Images/GAN_based.zip,GAN_based/Typical/styleGAN/sg3/stylegan3-t-metfacesu-1024x1024/img001137.jpg,data/wildfake/stylegan3/9212602a08dfc1a0.jpg,1,stylegan3,ffhq,train,f8ff94bd81b8936d7639a59fb30aa92219d849453b43fa9333a9b6bed75faa5b
wildfake,Images/GAN_based.zip,GAN_based/Typical/styleGAN/sg3/stylegan3-t-ffhqu-1024x1024/img004562.jpg,data/wildfake/stylegan3/3021ae53113e015f.jpg,1,stylegan3,ffhq,train,5f97b5bdf1c95b7c9ab5121e557ef218e141360f49836bcb5055104f06b4b0c8
wildfake,Images/GAN_based.zip,GAN_based/Typical/styleGAN/sg3/stylegan3-r-metfacesu-1024x1024/img005171.jpg,data/wildfake/stylegan3/bcc1d77933d1b0bf.jpg,1,stylegan3,ffhq,train,3c2c6410a14f27f4e126c9c917de3308a9df50f9166354161b643c326a481b5a
wildfake,Images/GAN_based.zip,GAN_based/Typical/styleGAN/sg3/stylegan3-r-metfacesu-1024x1024/img006737.jpg,data/wildfake/stylegan3/16a2df7ae5bf3a15.jpg,1,stylegan3,ffhq,train,660be6ed6001a5e66900c89f008a5222d2332c94d52f2104e9fe1b275b0360a5
wildfake,Images/GAN_based.zip,GAN_based/Typical/styleGAN/sg3/stylegan3-r-metfacesu-1024x1024/img004368.jpg,data/wildfake/stylegan3/01f3b1bb54a9376a.jpg,1,stylegan3,ffhq,train,2c25541962458167aa49a7ee18ae59b2ffa7c879a5c1f41206e395eeb6d8f18a
wildfake,Images/GAN_based.zip,GAN_based/Typical/styleGAN/sg3/stylegan3-t-afhqv2-512x512/img007707.jpg,data/wildfake/stylegan3/4392e3449b3f825f.jpg,1,stylegan3,ffhq,train,fd7d2beca26b48eac35cd9c4a20dedfe829e510d461d6a6453e21b5547b4fb06
wildfake,Images/GAN_based.zip,GAN_based/Typical/styleGAN/sg3/stylegan3-t-ffhqu-1024x1024/img003681.jpg,data/wildfake/stylegan3/7f552e1826ad6681.jpg,1,stylegan3,ffhq,train,58c0678fe212e9ccd9277120cd15342520d25ea0587c3d8b861801181c06c6b2
wildfake,Images/GAN_based.zip,GAN_based/Typical/styleGAN/sg3/stylegan3-t-afhqv2-512x512/img007843.jpg,data/wildfake/stylegan3/2004ae7a19d66cff.jpg,1,stylegan3,ffhq,train,57a0f2936e34c9ebf14f5cd341c4d71d6b5e7122b1387e1a10055b41fd1224e9
wildfake,Images/GAN_based.zip,GAN_based/Typical/styleGAN/sg3/stylegan3-t-metfaces-1024x1024/img006048.jpg,data/wildfake/stylegan3/c127d1c0b63dca3e.jpg,1,stylegan3,ffhq,train,74e1851b93bfe0302b2c80babf2fbca4eca524a880a2b11372a225cae2767733
wildfake,Images/GAN_based.zip,GAN_based/Typical/styleGAN/sg3/stylegan3-t-ffhqu-1024x1024/img005835.jpg,data/wildfake/stylegan3/dd700998b0691a50.jpg,1,stylegan3,ffhq,train,49200b78e7d556917a42a5696787a0109e51dfa6ad1c29754c4d12bd9931b5c8
wildfake,Images/GAN_based.zip,GAN_based/Typical/styleGAN/sg3/stylegan3-t-afhqv2-512x512/img005603.jpg,data/wildfake/stylegan3/4f96889240112d2e.jpg,1,stylegan3,ffhq,train,91116e26ce996c4b7ffe8145d1c7d6f7557cd2859d40a23eedb48669a0c0a844
wildfake,Images/GAN_based.zip,GAN_based/Typical/styleGAN/sg3/stylegan3-r-metfacesu-1024x1024/img000044.jpg,data/wildfake/stylegan3/ff20c09d3eb579a3.jpg,1,stylegan3,ffhq,train,eae4004f6fd5395ec019587121ad849c65e2849ee5e78f537f3e869ed643077b
wildfake,Images/GAN_based.zip,GAN_based/Typical/styleGAN/sg3/stylegan3-t-ffhq-1024x1024/img004550.jpg,data/wildfake/stylegan3/539243a190e8ac81.jpg,1,stylegan3,ffhq,train,f39b6b2c863e4b289e073a8059dc6021ca69decba6a53c1686a013e2809a1be0
wildfake,Images/GAN_based.zip,GAN_based/Typical/styleGAN/sg3/stylegan3-t-afhqv2-512x512/img002421.jpg,data/wildfake/stylegan3/2046994ca7565c6c.jpg,1,stylegan3,ffhq,train,baf9eadbff5608b1a25b978897f4715f56fc90aecb347447426891ee6cb7f643
wildfake,Images/GAN_based.zip,GAN_based/Typical/styleGAN/sg3/stylegan3-r-ffhq-1024x1024/img006334.jpg,data/wildfake/stylegan3/5624577727df88ce.jpg,1,stylegan3,ffhq,train,2a726445c69271740f5a17c861b20ca6cb151368d6aca96306234f167b30e578
wildfake,Images/GAN_based.zip,GAN_based/Typical/styleGAN/sg3/stylegan3-t-ffhqu-1024x1024/img000441.jpg,data/wildfake/stylegan3/a4425b6d60f915a9.jpg,1,stylegan3,ffhq,train,500cd9d7b3238f9fcae9270c4b81e5d4e0773fdaf11b4210eb4e494344819608
wildfake,Images/GAN_based.zip,GAN_based/Typical/styleGAN/sg3/stylegan3-t-metfaces-1024x1024/img002949.jpg,data/wildfake/stylegan3/44c10629d2118d86.jpg,1,stylegan3,ffhq,train,9436acae0eb2f605764d8a1e07353b2c9b84d60d8fd6a08ab0589316b31bc9fa
wildfake,Images/GAN_based.zip,GAN_based/Typical/styleGAN/sg3/stylegan3-r-ffhq-1024x1024/img006021.jpg,data/wildfake/stylegan3/66178190fbd21c4e.jpg,1,stylegan3,ffhq,train,cd61945974ebb9c0a700a16c7daf0e6b8ac89d5938b554ef2c595de296074d80
wildfake,Images/GAN_based.zip,GAN_based/Typical/styleGAN/sg3/stylegan3-t-metfacesu-1024x1024/img006231.jpg,data/wildfake/stylegan3/75877491df3e6bc6.jpg,1,stylegan3,ffhq,train,d4f96e8a153ea2264e50e7dd114c189072b6f670b616c8a7f8a7afc934d834ad
wildfake,Images/GAN_based.zip,GAN_based/Typical/styleGAN/sg3/stylegan3-r-metfaces-1024x1024/img006689.jpg,data/wildfake/stylegan3/92a651cd7b0da647.jpg,1,stylegan3,ffhq,train,47cdf0990462864b798317a23c8a98fa075b62927c56698f80b67a78c67f39a1
wildfake,Images/GAN_based.zip,GAN_based/Typical/styleGAN/sg3/stylegan3-r-metfaces-1024x1024/img006539.jpg,data/wildfake/stylegan3/9f56df95f3b476b4.jpg,1,stylegan3,ffhq,train,3b769f6e2ea94357b20ddd9c090c4ad0d965b909ee7a151ffc1e2778c3908910
wildfake,Images/GAN_based.zip,GAN_based/Typical/styleGAN/sg3/stylegan3-t-afhqv2-512x512/img001934.jpg,data/wildfake/stylegan3/f12d8c90ce5cac67.jpg,1,stylegan3,ffhq,train,928acb2ad6fe71b1a04a6156bf2aaf520c391392ca8b1c1860494de14779a655
wildfake,Images/GAN_based.zip,GAN_based/Typical/styleGAN/sg3/stylegan3-t-metfacesu-1024x1024/img007995.jpg,data/wildfake/stylegan3/bc6fdb24567a17e1.jpg,1,stylegan3,ffhq,train,2972142ce8ff387a03a533e40088541899f914f5450b05c43a361374824ab4a2
wildfake,Images/GAN_based.zip,GAN_based/Typical/styleGAN/sg3/stylegan3-t-ffhq-1024x1024/img000085.jpg,data/wildfake/stylegan3/2ba671187abb39b1.jpg,1,stylegan3,ffhq,train,bb864794c97e2b3c5211d57b46a59e84d9ab2dfe3841b26332dc76c1bfa01525
wildfake,Images/GAN_based.zip,GAN_based/Typical/styleGAN/sg3/stylegan3-t-ffhq-1024x1024/img001174.jpg,data/wildfake/stylegan3/e557f811e34113fc.jpg,1,stylegan3,ffhq,train,e1f980fe2cde4dd2175efb77bef70e7f8613327b13e5d19f0a1b5df2454003e7
wildfake,Images/GAN_based.zip,GAN_based/Typical/styleGAN/sg3/stylegan3-r-metfacesu-1024x1024/img007021.jpg,data/wildfake/stylegan3/825ef19574247137.jpg,1,stylegan3,ffhq,train,0b6594e6efbc8cda0a3b0db257ec842a0de8d6daf17885a42f0241afb6c97dc3
wildfake,Images/GAN_based.zip,GAN_based/Typical/styleGAN/sg3/stylegan3-r-ffhqu-1024x1024/img005755.jpg,data/wildfake/stylegan3/b96658f5825dd57f.jpg,1,stylegan3,ffhq,train,5808b338113a293b130f1e94eed44f190bb012f1f384d7974b238e9e6f9afe5e
wildfake,Images/GAN_based.zip,GAN_based/Typical/styleGAN/sg3/stylegan3-r-ffhqu-1024x1024/img004658.jpg,data/wildfake/stylegan3/ac3d7a375e3eba6d.jpg,1,stylegan3,ffhq,train,d08ac6d58f50029faeac72050b3a18a1b773e6b5c8ab054e4c74e32b6a7fbcbb
wildfake,Images/GAN_based.zip,GAN_based/Typical/styleGAN/sg3/stylegan3-r-metfaces-1024x1024/img007370.jpg,data/wildfake/stylegan3/3ceb009ceef83dea.jpg,1,stylegan3,ffhq,train,8dfdb4548ceaa15056d588b465b1099a899487b1d403ed8963f52f2dfa6008c0
wildfake,Images/GAN_based.zip,GAN_based/Typical/styleGAN/sg3/stylegan3-t-ffhq-1024x1024/img006827.jpg,data/wildfake/stylegan3/a9924fb319c82eeb.jpg,1,stylegan3,ffhq,train,4c53014792611524c37965939f4a7faaacac78078170723adb1aa26c38f108d1
wildfake,Images/GAN_based.zip,GAN_based/Typical/styleGAN/sg3/stylegan3-t-afhqv2-512x512/img003910.jpg,data/wildfake/stylegan3/36a61927048eda40.jpg,1,stylegan3,ffhq,train,9474221bfd6a283bd81d53e2f1ae287268eb29ea2b03feea1c168416f9eb1671
wildfake,Images/GAN_based.zip,GAN_based/Typical/styleGAN/sg3/stylegan3-t-ffhqu-1024x1024/img001431.jpg,data/wildfake/stylegan3/a7e4ade0964b4be1.jpg,1,stylegan3,ffhq,train,fb5acdb44e1c1af3b857c0ca4d6d1a3d9321e56c9b566a9abda971db85ca87cd
wildfake,Images/GAN_based.zip,GAN_based/Typical/styleGAN/sg3/stylegan3-r-metfaces-1024x1024/img003509.jpg,data/wildfake/stylegan3/b20353ea3786bb52.jpg,1,stylegan3,ffhq,train,b8cf52248cd01389e0a6476311dc5b08bd46a6515be3afd8d83f94dd81ef8d1a
wildfake,Images/GAN_based.zip,GAN_based/Typical/styleGAN/sg3/stylegan3-r-afhqv2-512x512/img000191.jpg,data/wildfake/stylegan3/76c228399716afc3.jpg,1,stylegan3,ffhq,train,85be1f24dc6cce517ac78c137eee9183f77205a50756e611a3823e24fdf47f85
wildfake,Images/GAN_based.zip,GAN_based/Typical/styleGAN/sg3/stylegan3-r-metfaces-1024x1024/img001575.jpg,data/wildfake/stylegan3/6a36c5538bbafe5c.jpg,1,stylegan3,ffhq,train,6ee4e18f038e26421a29353234d51ea2f0c30d5eaa1f07dcd5c241cd10137d0c
wildfake,Images/GAN_based.zip,GAN_based/Typical/styleGAN/sg3/stylegan3-r-afhqv2-512x512/img000583.jpg,data/wildfake/stylegan3/e9fa5bf5aceacffe.jpg,1,stylegan3,ffhq,train,6db5ef84fe6950442e2c3081994393513d7116e519f604ffa47a8dcc4f1bc01d
wildfake,Images/GAN_based.zip,GAN_based/Typical/styleGAN/sg3/stylegan3-t-ffhqu-1024x1024/img000948.jpg,data/wildfake/stylegan3/e86b6bc8cb80abef.jpg,1,stylegan3,ffhq,train,ec30abf1b7a50827e517269e0a1bed9815b8d166738e750bbcb42a9633aca313
wildfake,Images/GAN_based.zip,GAN_based/Typical/styleGAN/sg3/stylegan3-t-metfacesu-1024x1024/img007064.jpg,data/wildfake/stylegan3/ecb8287bf2c62062.jpg,1,stylegan3,ffhq,train,29c3a9a2594e5a31d1cf2c14267ea10e1b2abbb265e3921242290f0b8d3a2e08
wildfake,Images/GAN_based.zip,GAN_based/Typical/styleGAN/sg3/stylegan3-t-afhqv2-512x512/img007202.jpg,data/wildfake/stylegan3/eb7feb923209fe4a.jpg,1,stylegan3,ffhq,train,44b303fcb7735634e50f58311284f468279740b600c54186839c8960069b8d2e
wildfake,Images/GAN_based.zip,GAN_based/Typical/styleGAN/sg3/stylegan3-r-metfaces-1024x1024/img007599.jpg,data/wildfake/stylegan3/1211a5aa82df8383.jpg,1,stylegan3,ffhq,train,121de91c725eb41ab87d0c46d3621bd3a8f02c50dcb30b361717839af1b5491c
wildfake,Images/GAN_based.zip,GAN_based/Typical/styleGAN/sg3/stylegan3-r-afhqv2-512x512/img007266.jpg,data/wildfake/stylegan3/02e5424188132be5.jpg,1,stylegan3,ffhq,train,33a71997c3b18ff70abc02b2f4628451f21d6117d59f3fa0996aee2ad3b07036
wildfake,Images/GAN_based.zip,GAN_based/Typical/styleGAN/sg3/stylegan3-t-metfacesu-1024x1024/img002205.jpg,data/wildfake/stylegan3/ea892c5dc90a3d59.jpg,1,stylegan3,ffhq,train,d9b82f0c3244a9602e5b918c4756ab4bcf3cb0f05a4390f78ef0500f2946fe4f
wildfake,Images/GAN_based.zip,GAN_based/Typical/styleGAN/sg3/stylegan3-r-metfacesu-1024x1024/img004170.jpg,data/wildfake/stylegan3/a8c084f7cdbb9692.jpg,1,stylegan3,ffhq,train,98690b85cfe662562b7a4228751af69bba107dcf58e7887d252b6bb2730d28ae
wildfake,Images/GAN_based.zip,GAN_based/Typical/styleGAN/sg3/stylegan3-r-ffhqu-1024x1024/img002327.jpg,data/wildfake/stylegan3/b37a6d1dab2b5ce5.jpg,1,stylegan3,ffhq,train,2770ed8973ca11462d026b537ad4b70d135c787eaee9c88e7e8a027a5c2d347d
wildfake,Images/GAN_based.zip,GAN_based/Typical/styleGAN/sg3/stylegan3-r-afhqv2-512x512/img007850.jpg,data/wildfake/stylegan3/ff1f71cbd14a47d4.jpg,1,stylegan3,ffhq,train,30fe704e07f10cf78ccec96f0aee696da80e7167a14dd54287f18761ddc45d54
wildfake,Images/GAN_based.zip,GAN_based/Typical/styleGAN/sg3/stylegan3-t-metfaces-1024x1024/img006371.jpg,data/wildfake/stylegan3/532134c7c55cbd78.jpg,1,stylegan3,ffhq,train,591b0f7e6ae77fa768d00b245c86fe7ba4386c2b45bbc06f106eea967a40f43e
wildfake,Images/GAN_based.zip,GAN_based/Typical/styleGAN/sg3/stylegan3-t-afhqv2-512x512/img007124.jpg,data/wildfake/stylegan3/8838386d584e72b7.jpg,1,stylegan3,ffhq,train,5c353dac4761d0687312729f4e54babc47d16ef923973a1089e6ab7d0bcf0ec7
wildfake,Images/GAN_based.zip,GAN_based/Typical/styleGAN/sg3/stylegan3-r-metfaces-1024x1024/img006389.jpg,data/wildfake/stylegan3/3ccea3e8d0935385.jpg,1,stylegan3,ffhq,train,d342bf9f4678f0d9743f59e0eafbe07dc14223a5754888a2b80bfe89096a1913
wildfake,Images/GAN_based.zip,GAN_based/Typical/styleGAN/sg3/stylegan3-r-metfaces-1024x1024/img002928.jpg,data/wildfake/stylegan3/b2ad46efbe38d8a0.jpg,1,stylegan3,ffhq,train,7b130b5a2865351ea5a1a25a144921dfba4859cf3d3dd7c94a6c256cf826b77b
wildfake,Images/GAN_based.zip,GAN_based/Typical/styleGAN/sg3/stylegan3-t-metfaces-1024x1024/img002954.jpg,data/wildfake/stylegan3/e6244dd410e73936.jpg,1,stylegan3,ffhq,train,8bca6929ce5ce37556fe2d947bec6abcc0493ca33e37f4b362a8e31ddc10f8e4
wildfake,Images/GAN_based.zip,GAN_based/Typical/styleGAN/sg3/stylegan3-t-ffhq-1024x1024/img002965.jpg,data/wildfake/stylegan3/54684f200359283d.jpg,1,stylegan3,ffhq,train,2ae3aeaabb7ff176466aaa547f7b4a06e58f01255577a4b891078fa401316ccd
wildfake,Images/GAN_based.zip,GAN_based/Typical/styleGAN/sg3/stylegan3-r-ffhq-1024x1024/img001694.jpg,data/wildfake/stylegan3/39c0705acf497583.jpg,1,stylegan3,ffhq,train,72f162e6afe680e52aa36a3b5c37a1ce67297dd72c6fd10efaceb5f42baa11a3
wildfake,Images/GAN_based.zip,GAN_based/Typical/styleGAN/sg3/stylegan3-r-afhqv2-512x512/img003133.jpg,data/wildfake/stylegan3/a67e64cc71f2e780.jpg,1,stylegan3,ffhq,train,f678ca1945279ad6a2a658fba403c6f38243675f45d5a0bd122ea2bfdfe6376d
wildfake,Images/GAN_based.zip,GAN_based/Typical/styleGAN/sg3/stylegan3-r-metfacesu-1024x1024/img002735.jpg,data/wildfake/stylegan3/87380622b5817d19.jpg,1,stylegan3,ffhq,train,b790accf530efdd1dffbce107fcc90704a18dd26699f63e2c27cfb33d9135a8f
wildfake,Images/GAN_based.zip,GAN_based/Typical/styleGAN/sg3/stylegan3-r-metfaces-1024x1024/img006008.jpg,data/wildfake/stylegan3/113bda0109c26a49.jpg,1,stylegan3,ffhq,train,5caef47979cb0f1f1ad260eb2149bbc4fdbd5e8a447d319276113e7fb1d7adc1
wildfake,Images/GAN_based.zip,GAN_based/Typical/styleGAN/sg3/stylegan3-t-metfacesu-1024x1024/img005147.jpg,data/wildfake/stylegan3/fc4990cf93189af2.jpg,1,stylegan3,ffhq,train,bd575b220f3c6c00ed4436fa86f806acf06f71fb5eae1d905dfa8f01b6bfc487
wildfake,Images/GAN_based.zip,GAN_based/Typical/styleGAN/sg3/stylegan3-t-metfacesu-1024x1024/img004986.jpg,data/wildfake/stylegan3/82c6f282b2cbf4f3.jpg,1,stylegan3,ffhq,train,e611165b1b27461c7ac380400f7a2d66e8de9ac2b4618e531d94a016670a9cb0
wildfake,Images/GAN_based.zip,GAN_based/Typical/styleGAN/sg3/stylegan3-r-metfacesu-1024x1024/img001913.jpg,data/wildfake/stylegan3/8fdaaa3b55ca1390.jpg,1,stylegan3,ffhq,train,e79cb8eb9c6cdd6ed57c3859882ace43cc5bece76ef605b3290d1999de9df450
wildfake,Images/GAN_based.zip,GAN_based/Typical/styleGAN/sg3/stylegan3-t-metfacesu-1024x1024/img000465.jpg,data/wildfake/stylegan3/e359f8520fa1d9b8.jpg,1,stylegan3,ffhq,train,df5a5927ff477d446f18ff9f6ea50ccf7bd4154a859f5ce7cde03f4180555748
wildfake,Images/GAN_based.zip,GAN_based/Typical/styleGAN/sg3/stylegan3-r-metfacesu-1024x1024/img003645.jpg,data/wildfake/stylegan3/e2a7afb7249fb650.jpg,1,stylegan3,ffhq,train,516b5437d3646e3a3bd607991f3b8d7c0a70d145bdfbd1540b1157558d017f45
wildfake,Images/GAN_based.zip,GAN_based/Typical/styleGAN/sg3/stylegan3-t-afhqv2-512x512/img007329.jpg,data/wildfake/stylegan3/52e5ebe212ff3b64.jpg,1,stylegan3,ffhq,train,a8be4d034090d56492f6b6ae30d53b850c7231c13f0ca95c0e6731b259b51d1c
wildfake,Images/GAN_based.zip,GAN_based/Typical/styleGAN/sg3/stylegan3-t-ffhqu-1024x1024/img004089.jpg,data/wildfake/stylegan3/eaee059dce9a6154.jpg,1,stylegan3,ffhq,train,cdb4d3797a3f07291a0ac150cc63f9429c991e3f6848d8ebb08439f8b2affdc9
wildfake,Images/GAN_based.zip,GAN_based/Typical/styleGAN/sg3/stylegan3-t-metfacesu-1024x1024/img000733.jpg,data/wildfake/stylegan3/60c65204ce01ba6a.jpg,1,stylegan3,ffhq,train,f1d57a57878acfc4e929d936c99bd4b612d1767b0da65b8f0ebacdbe622dc78b
wildfake,Images/GAN_based.zip,GAN_based/Typical/styleGAN/sg3/stylegan3-r-ffhq-1024x1024/img005703.jpg,data/wildfake/stylegan3/a9eaf65d86929ff8.jpg,1,stylegan3,ffhq,train,fc6e48de2fb199812ecc823121de159b5889fa5503c7c95deba7c43e373b9dec
wildfake,Images/GAN_based.zip,GAN_based/Typical/styleGAN/sg3/stylegan3-t-ffhq-1024x1024/img000823.jpg,data/wildfake/stylegan3/47ce38ccf4a51877.jpg,1,stylegan3,ffhq,train,fc4ef331cc406ff4f065fc5e6422e1202c9a48e57ad162aa8415aced9478637a
wildfake,Images/GAN_based.zip,GAN_based/Typical/styleGAN/sg3/stylegan3-t-metfacesu-1024x1024/img004278.jpg,data/wildfake/stylegan3/b63bc667f4c61c52.jpg,1,stylegan3,ffhq,train,96a6f451ccb3ab834b5e38307c50c39cda96909a81e40f5d57119da6535174cf
wildfake,Images/GAN_based.zip,GAN_based/Typical/styleGAN/sg3/stylegan3-t-ffhqu-1024x1024/img003942.jpg,data/wildfake/stylegan3/fc5136c556a878a8.jpg,1,stylegan3,ffhq,train,6c9fbc88340380ae9242ffe8b38bd13b9cfdd3f8fe9c0781da25b2fde4ae444b
wildfake,Images/GAN_based.zip,GAN_based/Typical/styleGAN/sg3/stylegan3-t-ffhqu-1024x1024/img001840.jpg,data/wildfake/stylegan3/5fadac9580d3d6a6.jpg,1,stylegan3,ffhq,train,78691d5e35cad9fe12e26eba1e58e99b2541c8c464dbb64f6a9ab9f79c6eb863
wildfake,Images/GAN_based.zip,GAN_based/Typical/styleGAN/sg3/stylegan3-r-metfaces-1024x1024/img004153.jpg,data/wildfake/stylegan3/53a76bf0b82a9174.jpg,1,stylegan3,ffhq,train,887c3fe7e7ffd535df7889df57abaaa0a5688c6c3015ee36a09befa14c411409
wildfake,Images/GAN_based.zip,GAN_based/Typical/styleGAN/sg3/stylegan3-r-ffhqu-1024x1024/img003168.jpg,data/wildfake/stylegan3/1a12988a6ef6a6c4.jpg,1,stylegan3,ffhq,train,7c343f6f8a78e5ec4c6f7477edf347e373706c7b77c1a6badf8cbcf32b3c8bc8
wildfake,Images/GAN_based.zip,GAN_based/Typical/styleGAN/sg3/stylegan3-t-afhqv2-512x512/img001222.jpg,data/wildfake/stylegan3/5da388af8ec12a85.jpg,1,stylegan3,ffhq,train,4b12c0a3693e5f26f89961e266a13cbf6cf717b2665765a1d03a5957b330607c
wildfake,Images/GAN_based.zip,GAN_based/Typical/styleGAN/sg3/stylegan3-r-ffhqu-1024x1024/img002198.jpg,data/wildfake/stylegan3/cdf0519693491e1b.jpg,1,stylegan3,ffhq,train,3524c0583d19f580896f7bed052e79a4c1cf5b7ed1892329941fefe4c83b44b9
wildfake,Images/GAN_based.zip,GAN_based/Typical/styleGAN/sg3/stylegan3-r-ffhq-1024x1024/img004475.jpg,data/wildfake/stylegan3/9ff2c1a6d47b9b2d.jpg,1,stylegan3,ffhq,train,f1030b303e1ce4ed461220a96948c9ed670b403c60694e718471472b15021b1e
wildfake,Images/GAN_based.zip,GAN_based/Typical/styleGAN/sg3/stylegan3-t-ffhq-1024x1024/img007460.jpg,data/wildfake/stylegan3/87579e4bfb33f27e.jpg,1,stylegan3,ffhq,train,e79de81d9063f5ce1ca16acd3f07d8fc3b21c827a0ec3628bb66c9a5559e83f8
wildfake,Images/GAN_based.zip,GAN_based/Typical/styleGAN/sg3/stylegan3-r-ffhq-1024x1024/img006283.jpg,data/wildfake/stylegan3/32351389e4672e58.jpg,1,stylegan3,ffhq,train,b8f5bbbdf1f42e6fd609b8462818ef8c2b52c66530331e0599fdc3487d11909e
wildfake,Images/GAN_based.zip,GAN_based/Typical/styleGAN/sg3/stylegan3-r-metfacesu-1024x1024/img003247.jpg,data/wildfake/stylegan3/2ed22317456f3982.jpg,1,stylegan3,ffhq,train,0d76f6d4a224c29357b332cb6f58873af5de7ffc1c641ca32f0020fb63494b49
wildfake,Images/GAN_based.zip,GAN_based/Typical/styleGAN/sg3/stylegan3-t-metfaces-1024x1024/img007186.jpg,data/wildfake/stylegan3/87173f9fd911c7d9.jpg,1,stylegan3,ffhq,train,23135c823032ba35e237d866ec1dad051234faad6fb0839bbf236faaf830c9fa
wildfake,Images/GAN_based.zip,GAN_based/Typical/styleGAN/sg3/stylegan3-r-ffhq-1024x1024/img001307.jpg,data/wildfake/stylegan3/ff33dea57591c765.jpg,1,stylegan3,ffhq,train,607f46e477005dc46d874eb003f9cc33bdebc3412d20cfa4fe53a8252dd61599
wildfake,Images/GAN_based.zip,GAN_based/Typical/styleGAN/sg3/stylegan3-t-metfaces-1024x1024/img003603.jpg,data/wildfake/stylegan3/6da4e91ace03770a.jpg,1,stylegan3,ffhq,train,2c6bf5c0a40afdc41a3193bee5cd8bd07bf92231f276297e1595e4b9fd58fccc
wildfake,Images/GAN_based.zip,GAN_based/Typical/styleGAN/sg3/stylegan3-t-metfaces-1024x1024/img002935.jpg,data/wildfake/stylegan3/b4aa4d472762d114.jpg,1,stylegan3,ffhq,train,096712d2097713c1cd6796c5580ea1232c5959456723d3718e8b9f46c0497195
wildfake,Images/GAN_based.zip,GAN_based/Typical/styleGAN/sg3/stylegan3-t-metfaces-1024x1024/img000865.jpg,data/wildfake/stylegan3/f570c7ed0be6d4b6.jpg,1,stylegan3,ffhq,train,510f56305d2891fed8d760d7a27d0587708e5d6297e99440d07e5bc3c1a8be61
wildfake,Images/GAN_based.zip,GAN_based/Typical/styleGAN/sg3/stylegan3-t-metfacesu-1024x1024/img006372.jpg,data/wildfake/stylegan3/d8070194a36aa952.jpg,1,stylegan3,ffhq,train,aee2e4fd5c3d2d5b41da4f33ed10d1b28f856b8bea43462e693788008f5d124c
wildfake,Images/GAN_based.zip,GAN_based/Typical/styleGAN/sg3/stylegan3-t-ffhqu-1024x1024/img001549.jpg,data/wildfake/stylegan3/7cf7b8d88a52e7da.jpg,1,stylegan3,ffhq,train,7aeb864692fe79688a72713b46774dc6be4f5af25baa67fb1e8f9e42c9553774
wildfake,Images/GAN_based.zip,GAN_based/Typical/styleGAN/sg3/stylegan3-r-afhqv2-512x512/img001044.jpg,data/wildfake/stylegan3/3f9405db35570be0.jpg,1,stylegan3,ffhq,train,0380faceed6b13e865c774140893fcd32c6da5373d1dbcf33cbfcb0f19676beb
wildfake,Images/GAN_based.zip,GAN_based/Typical/styleGAN/sg3/stylegan3-t-metfacesu-1024x1024/img006246.jpg,data/wildfake/stylegan3/3dcbf4bf0ac767ed.jpg,1,stylegan3,ffhq,train,02f1c1155d580458ab6a55c298a3dcca1b21030008b27eca569b769d89cdc770
wildfake,Images/GAN_based.zip,GAN_based/Typical/styleGAN/sg3/stylegan3-r-afhqv2-512x512/img001382.jpg,data/wildfake/stylegan3/288efcba109900ac.jpg,1,stylegan3,ffhq,train,c82d2c5e74303c5919856ad1b07ab690264a51d8f747761020581c892e44debe
wildfake,Images/GAN_based.zip,GAN_based/Typical/styleGAN/sg3/stylegan3-r-metfacesu-1024x1024/img004302.jpg,data/wildfake/stylegan3/f6329e0f9a0467fe.jpg,1,stylegan3,ffhq,train,f4375933d87102146dbe0d2f3e11abc1d34446a9bc4d059dc91db4198a3955b5
wildfake,Images/GAN_based.zip,GAN_based/Typical/styleGAN/sg3/stylegan3-t-metfacesu-1024x1024/img001607.jpg,data/wildfake/stylegan3/d5d8224e915b3618.jpg,1,stylegan3,ffhq,train,818bd5c37eb5ea1f0b1452cd2d434b7fb7182701887adaf7b41a6a287b4a56aa
wildfake,Images/GAN_based.zip,GAN_based/Typical/styleGAN/sg3/stylegan3-t-metfacesu-1024x1024/img005554.jpg,data/wildfake/stylegan3/78cb3380831cc00e.jpg,1,stylegan3,ffhq,train,2849c6a41b76a875e2fe3a51ad53d11efde5532f2d291b5f06bd97f51d46c751
wildfake,Images/GAN_based.zip,GAN_based/Typical/styleGAN/sg3/stylegan3-t-ffhqu-1024x1024/img000272.jpg,data/wildfake/stylegan3/8f588437d0f7584b.jpg,1,stylegan3,ffhq,train,29c279a70a71d1657417c1e979ae6190eb65bf02e5a0350a2760177cf532531f
wildfake,Images/GAN_based.zip,GAN_based/Typical/styleGAN/sg3/stylegan3-t-ffhq-1024x1024/img001290.jpg,data/wildfake/stylegan3/9d8e59c5ff5042f5.jpg,1,stylegan3,ffhq,train,7e654db2b9aa05811bbfc3d03ac828639685532ac4ccef9ef06d7ac37ea5b3ac
wildfake,Images/GAN_based.zip,GAN_based/Typical/styleGAN/sg3/stylegan3-t-ffhqu-1024x1024/img003243.jpg,data/wildfake/stylegan3/7a9ba026591649ed.jpg,1,stylegan3,ffhq,train,6715a6d53c5257cd157e9f075fb14969e9107afa1810bd5820d496484dfe0564
wildfake,Images/GAN_based.zip,GAN_based/Typical/styleGAN/sg3/stylegan3-r-afhqv2-512x512/img000887.jpg,data/wildfake/stylegan3/96a19bdeeca72569.jpg,1,stylegan3,ffhq,train,6d2916e7a887519725b786752cd60e846a9d48e4574757ed98c0c7ede566335c
wildfake,Images/GAN_based.zip,GAN_based/Typical/styleGAN/sg3/stylegan3-t-metfaces-1024x1024/img006617.jpg,data/wildfake/stylegan3/d9556f713df1ad27.jpg,1,stylegan3,ffhq,train,3343ecba36d2e3a65b37f98e2a40e28903da960a452609761275224121f78bbd
wildfake,Images/GAN_based.zip,GAN_based/Typical/styleGAN/sg3/stylegan3-t-afhqv2-512x512/img002964.jpg,data/wildfake/stylegan3/6fbccf2b0d299351.jpg,1,stylegan3,ffhq,train,25484674440fc9aaee2479f4e660a01163bdf932aafe729442f62119355bdd03
wildfake,Images/GAN_based.zip,GAN_based/Typical/styleGAN/sg3/stylegan3-t-metfacesu-1024x1024/img005833.jpg,data/wildfake/stylegan3/d9e024156953636c.jpg,1,stylegan3,ffhq,train,14ff4e3fca3b58055f4e8f2aa6d67b1354c7259a31d24279140e3204a8c6a50b
wildfake,Images/GAN_based.zip,GAN_based/Typical/styleGAN/sg3/stylegan3-r-metfaces-1024x1024/img000430.jpg,data/wildfake/stylegan3/3fb8946b2f0ad31b.jpg,1,stylegan3,ffhq,train,95eaa11fe34edfb14dd6ae436be5915a137798e8e4f0b25c93ea5cc188c2d69a
wildfake,Images/GAN_based.zip,GAN_based/Typical/styleGAN/sg3/stylegan3-r-ffhqu-1024x1024/img005916.jpg,data/wildfake/stylegan3/ab5771a815e7d30d.jpg,1,stylegan3,ffhq,train,e51e79d888fe0702e9a30a128490d6e642fa57f661495f81c0e1e9d036462d8e
wildfake,Images/GAN_based.zip,GAN_based/Typical/styleGAN/sg3/stylegan3-t-afhqv2-512x512/img006076.jpg,data/wildfake/stylegan3/f04e65ca15a23f32.jpg,1,stylegan3,ffhq,train,02f1808ae8fbce6f3beac96e01ff3d131ee5b7257b560b5ee929eeba2d8d2c13
wildfake,Images/GAN_based.zip,GAN_based/Typical/styleGAN/sg3/stylegan3-r-metfacesu-1024x1024/img006284.jpg,data/wildfake/stylegan3/f75d4532616c58a3.jpg,1,stylegan3,ffhq,train,18d407d0ea849a3e9d6cc2810b15a092438f52736bd4907540950392c7599830
wildfake,Images/GAN_based.zip,GAN_based/Typical/styleGAN/sg3/stylegan3-r-ffhq-1024x1024/img007202.jpg,data/wildfake/stylegan3/4f46a93602cbf85e.jpg,1,stylegan3,ffhq,train,786abd83eb4611f5632dcda1f38a5b6749be2e9cef07715aadd0f42dcacbc23e
wildfake,Images/GAN_based.zip,GAN_based/Typical/styleGAN/sg3/stylegan3-t-ffhqu-1024x1024/img003663.jpg,data/wildfake/stylegan3/af21fca36454a716.jpg,1,stylegan3,ffhq,train,73adc1d195632cb45e7dc446b15dd3306afbe793da9d86f3b95736d30a96ebc9
wildfake,Images/GAN_based.zip,GAN_based/Typical/styleGAN/sg3/stylegan3-t-ffhqu-1024x1024/img002860.jpg,data/wildfake/stylegan3/9b00969b5a3d4240.jpg,1,stylegan3,ffhq,train,76b880ff62e8c1db083130fa8f9673b3576ea43c117354dbab6f585d1c5fa553
wildfake,Images/GAN_based.zip,GAN_based/Typical/styleGAN/sg3/stylegan3-t-ffhqu-1024x1024/img003343.jpg,data/wildfake/stylegan3/147823426064fb26.jpg,1,stylegan3,ffhq,train,fbeeab27136aa0b1d71b22c24d1346c7d9956aecf98e2d4ce191574f3ba7be12
wildfake,Images/GAN_based.zip,GAN_based/Typical/styleGAN/sg3/stylegan3-r-ffhq-1024x1024/img002803.jpg,data/wildfake/stylegan3/5bf356f6d88e2acd.jpg,1,stylegan3,ffhq,train,b59557f4539f32f992c92da4b8602df2ecd36b2f6b813060dac67e0636dfe8ef
wildfake,Images/GAN_based.zip,GAN_based/Typical/styleGAN/sg3/stylegan3-t-metfacesu-1024x1024/img003674.jpg,data/wildfake/stylegan3/712b17b8cdef3da7.jpg,1,stylegan3,ffhq,train,d4a6118ad6b3aa497e41750291422c4a66d8c3a62551b5d9fd700e98b7513762
wildfake,Images/GAN_based.zip,GAN_based/Typical/styleGAN/sg3/stylegan3-t-metfacesu-1024x1024/img002498.jpg,data/wildfake/stylegan3/e317ee0bd28197d2.jpg,1,stylegan3,ffhq,train,a5d3c6726154895dd9dced86a7fe64dd841f8bca4c4110df8c2dd420b0ecf9af
wildfake,Images/GAN_based.zip,GAN_based/Typical/styleGAN/sg3/stylegan3-t-ffhq-1024x1024/img006477.jpg,data/wildfake/stylegan3/2cb6b653015059c3.jpg,1,stylegan3,ffhq,train,ef989f9af36b1a990fd50e3b9857ccbbfcae67bb2646ec66e67d7745236efa7e
wildfake,Images/GAN_based.zip,GAN_based/Typical/styleGAN/sg3/stylegan3-r-ffhqu-1024x1024/img006865.jpg,data/wildfake/stylegan3/04e631c0bc089b81.jpg,1,stylegan3,ffhq,train,4d0e8496e6bcff7451e07e1cf2abecff36a727616bd18af9000b6f961210eb16
wildfake,Images/GAN_based.zip,GAN_based/Typical/styleGAN/sg3/stylegan3-t-ffhqu-1024x1024/img002925.jpg,data/wildfake/stylegan3/d0c5fccc268c0098.jpg,1,stylegan3,ffhq,train,5acf424b52cd79e5f57feebf6d9d742423c646010c9431eb5234042190264ab4
wildfake,Images/GAN_based.zip,GAN_based/Typical/styleGAN/sg3/stylegan3-r-metfaces-1024x1024/img007278.jpg,data/wildfake/stylegan3/755dea0cbaa784cd.jpg,1,stylegan3,ffhq,train,793303e6d16fd4edc14fc4b49d481be93d64e4e748d260bc32b2eaf77015e622
wildfake,Images/GAN_based.zip,GAN_based/Typical/styleGAN/sg3/stylegan3-t-metfacesu-1024x1024/img007551.jpg,data/wildfake/stylegan3/2832fe1e69cb99ef.jpg,1,stylegan3,ffhq,train,a99106c25276eb3bd4e31a0fd0ac286729f44f49b7052ab609dfd0c303210e2d
wildfake,Images/GAN_based.zip,GAN_based/Typical/styleGAN/sg3/stylegan3-r-afhqv2-512x512/img006345.jpg,data/wildfake/stylegan3/5bf96041ffd8a6fd.jpg,1,stylegan3,ffhq,train,6f53fe5937d3b9b651fad5957e47dc3fd05f38db8cb4906eca55611aed71a67e
wildfake,Images/GAN_based.zip,GAN_based/Typical/styleGAN/sg3/stylegan3-r-ffhqu-1024x1024/img007583.jpg,data/wildfake/stylegan3/f2f0961c0f4c6521.jpg,1,stylegan3,ffhq,train,be0e2b3c03234a690eec37784f8841961ad86219447033da3421ed1a2c3da08a
wildfake,Images/GAN_based.zip,GAN_based/Typical/styleGAN/sg3/stylegan3-t-ffhq-1024x1024/img003688.jpg,data/wildfake/stylegan3/44ae795ef18f80de.jpg,1,stylegan3,ffhq,train,89f3b9a77ad2c6e155a42e89038408bce8a1417c8510d8d7bc2490cc7afcdcfa
wildfake,Images/GAN_based.zip,GAN_based/Typical/styleGAN/sg3/stylegan3-r-ffhqu-1024x1024/img002249.jpg,data/wildfake/stylegan3/31b950d2e921c99e.jpg,1,stylegan3,ffhq,train,e6c75bba87a77b3237b1abb813e35a1f3e2c65057732eb0df01e9b42cb90c2b0
wildfake,Images/GAN_based.zip,GAN_based/Typical/styleGAN/sg3/stylegan3-t-ffhqu-1024x1024/img003233.jpg,data/wildfake/stylegan3/d4357ede37a2ca38.jpg,1,stylegan3,ffhq,train,d4b670ddaca69b7c80ab3f21fc4eebde56721b8ea9ae262815551fade807bf5c
wildfake,Images/GAN_based.zip,GAN_based/Typical/styleGAN/sg3/stylegan3-t-metfacesu-1024x1024/img001380.jpg,data/wildfake/stylegan3/5e16e6f88479cd55.jpg,1,stylegan3,ffhq,train,e8aa55705f4296d9c1c2bd6853397defd949657a00ffcc46efd9d4905b2939d6
wildfake,Images/GAN_based.zip,GAN_based/Typical/styleGAN/sg3/stylegan3-r-ffhq-1024x1024/img001064.jpg,data/wildfake/stylegan3/1a0c9d04047e8266.jpg,1,stylegan3,ffhq,train,78cf9c0d02cb1c137c79c95eeb6035363b586533dadd4aec001ceeb2e54a9c16
wildfake,Images/GAN_based.zip,GAN_based/Typical/styleGAN/sg3/stylegan3-t-metfaces-1024x1024/img004303.jpg,data/wildfake/stylegan3/168454a9cf1bb369.jpg,1,stylegan3,ffhq,train,7b9fe244f92b253eb82373664246aa20510174788d0b9e5575fe5b1a31566bc3
wildfake,Images/GAN_based.zip,GAN_based/Typical/styleGAN/sg3/stylegan3-r-afhqv2-512x512/img007152.jpg,data/wildfake/stylegan3/d808b08b46649e65.jpg,1,stylegan3,ffhq,train,867113901ce5aeb35ff6a6234afcc912cae8e39937c2474f0a93d7fa76f65fd1
wildfake,Images/GAN_based.zip,GAN_based/Typical/styleGAN/sg3/stylegan3-t-ffhq-1024x1024/img000177.jpg,data/wildfake/stylegan3/ae41c381ae14e087.jpg,1,stylegan3,ffhq,train,85baeb602db137c96b3024d6b9c8c605f2d6c6ef7129ced8193c37680c947c60
wildfake,Images/GAN_based.zip,GAN_based/Typical/styleGAN/sg3/stylegan3-t-metfacesu-1024x1024/img006774.jpg,data/wildfake/stylegan3/17d4d6f64949b367.jpg,1,stylegan3,ffhq,train,badc176cb871430db636f975ccc3ea6fcb9b25e895a4638efc81a380b35b486a
wildfake,Images/GAN_based.zip,GAN_based/Typical/styleGAN/sg3/stylegan3-r-ffhqu-1024x1024/img001973.jpg,data/wildfake/stylegan3/f8390f5ea194b301.jpg,1,stylegan3,ffhq,train,825ecf64ce92164b522077f1a1f2cc2941917c078a6de43444220dbf7b4aa441
wildfake,Images/GAN_based.zip,GAN_based/Typical/styleGAN/sg3/stylegan3-r-ffhqu-1024x1024/img001771.jpg,data/wildfake/stylegan3/5734fc3f7045efb8.jpg,1,stylegan3,ffhq,train,a7f28ab894e16ca123cdc72ae80059eec44fc92d55e69f13d71094ca83c45b43
wildfake,Images/GAN_based.zip,GAN_based/Typical/styleGAN/sg3/stylegan3-t-metfacesu-1024x1024/img003684.jpg,data/wildfake/stylegan3/32998cfbdc594ab4.jpg,1,stylegan3,ffhq,train,9c8d715a31d8ee2090da16171dc98637522668bc7f8b059f1f15c29693791d27
wildfake,Images/GAN_based.zip,GAN_based/Typical/styleGAN/sg3/stylegan3-t-ffhq-1024x1024/img004802.jpg,data/wildfake/stylegan3/7f5f6900df1e04b4.jpg,1,stylegan3,ffhq,train,8df26d7249f9e45a1f410025731d60e2b665cc0d48e9c23ff4879e27d2dbe61a
wildfake,Images/GAN_based.zip,GAN_based/Typical/styleGAN/sg3/stylegan3-r-ffhqu-1024x1024/img005511.jpg,data/wildfake/stylegan3/08cf196df078145e.jpg,1,stylegan3,ffhq,train,f11711bc165ba3cb395fce5a70d243924ead4a67a9bd040992aec9ee098d3f75
wildfake,Images/GAN_based.zip,GAN_based/Typical/styleGAN/sg3/stylegan3-t-afhqv2-512x512/img002762.jpg,data/wildfake/stylegan3/5819fac088638e59.jpg,1,stylegan3,ffhq,train,95fcb5ba929d2c9d9bcf92ce48ff65c81f03327029a727aecd5822d838164126
wildfake,Images/GAN_based.zip,GAN_based/Typical/styleGAN/sg3/stylegan3-t-ffhqu-1024x1024/img002335.jpg,data/wildfake/stylegan3/a4fe901bf29c12c4.jpg,1,stylegan3,ffhq,train,97b43f84021c64fc0a4f9f92ba5e2b8b6398af9a3f00a6b96499b4f97212cf3c
wildfake,Images/GAN_based.zip,GAN_based/Typical/styleGAN/sg3/stylegan3-t-ffhq-1024x1024/img000374.jpg,data/wildfake/stylegan3/58c5ee89435b6541.jpg,1,stylegan3,ffhq,train,e1f65d135bc39dc462a76f3b77309506a91938b193b2cec7f7e75bcc67b8045c
wildfake,Images/GAN_based.zip,GAN_based/Typical/styleGAN/sg3/stylegan3-t-metfaces-1024x1024/img007737.jpg,data/wildfake/stylegan3/abf1ea3b88c24e8f.jpg,1,stylegan3,ffhq,train,f1a098f171b880156f0b65a974873538e81408ab8bfcf53b87fa9492459dcdff
wildfake,Images/GAN_based.zip,GAN_based/Typical/styleGAN/sg3/stylegan3-t-metfaces-1024x1024/img004662.jpg,data/wildfake/stylegan3/ddfe30f76e7a06b2.jpg,1,stylegan3,ffhq,train,5353d26f9da69a15068bd425a0e9d34a0186ad9be65c1e6076d743f95ba1361f
wildfake,Images/GAN_based.zip,GAN_based/Typical/styleGAN/sg3/stylegan3-t-metfaces-1024x1024/img006465.jpg,data/wildfake/stylegan3/30220b1153cb4345.jpg,1,stylegan3,ffhq,train,94fb8d6bcd2160d06a92f6ba6daf82a00de554347f762c71fb8765e05dd5aa1e
wildfake,Images/GAN_based.zip,GAN_based/Typical/styleGAN/sg3/stylegan3-r-metfacesu-1024x1024/img002208.jpg,data/wildfake/stylegan3/5ba088702f4ca9a7.jpg,1,stylegan3,ffhq,train,6d10859f99cede05c1be4e3a95aacdb47b9216246ff9175f224b1bbf9b8623d6
wildfake,Images/GAN_based.zip,GAN_based/Typical/styleGAN/sg3/stylegan3-r-ffhqu-1024x1024/img006645.jpg,data/wildfake/stylegan3/b7bdb42906b434f3.jpg,1,stylegan3,ffhq,train,6a3f474113f804c435699fb0c4a2c8b8117ea5750bd06892a5dff0b57304a9a8
wildfake,Images/GAN_based.zip,GAN_based/Typical/styleGAN/sg3/stylegan3-r-ffhq-1024x1024/img001789.jpg,data/wildfake/stylegan3/aa2b667ae2bbb56b.jpg,1,stylegan3,ffhq,train,1599ad84beb46f09c1da94d54f7b6a0b099f5a649ac43d9a0c25651b537d4e86
wildfake,Images/GAN_based.zip,GAN_based/Typical/styleGAN/sg3/stylegan3-t-metfaces-1024x1024/img000154.jpg,data/wildfake/stylegan3/afac5d45c73c007c.jpg,1,stylegan3,ffhq,train,3b8924d0a1190eb4a6282ec1e437022c4d666fa24c4e548fdbec6a6cca1cd85d
wildfake,Images/GAN_based.zip,GAN_based/Typical/styleGAN/sg3/stylegan3-r-metfacesu-1024x1024/img004739.jpg,data/wildfake/stylegan3/69fb6c9317676187.jpg,1,stylegan3,ffhq,train,3602a548b438e87aa899f6da139ba042ac6f9632f1edc1ed7c89a666dfaed0fc
wildfake,Images/GAN_based.zip,GAN_based/Typical/styleGAN/sg3/stylegan3-t-ffhq-1024x1024/img003864.jpg,data/wildfake/stylegan3/1a7fd0a8ec611fe1.jpg,1,stylegan3,ffhq,train,26f67d18bf3fb2c5aded3ec93afe2285217420e3bf7de89fbd6da8b252e45c30
wildfake,Images/GAN_based.zip,GAN_based/Typical/styleGAN/sg3/stylegan3-t-metfacesu-1024x1024/img001905.jpg,data/wildfake/stylegan3/2e7c6ce43970ff88.jpg,1,stylegan3,ffhq,train,39b0461531c1b1acd3a75fbcc3b5b8c7f2c4f676ed4be2d81b3539f552de125d
wildfake,Images/GAN_based.zip,GAN_based/Typical/styleGAN/sg3/stylegan3-t-ffhq-1024x1024/img006559.jpg,data/wildfake/stylegan3/7227522a636e81fe.jpg,1,stylegan3,ffhq,train,ba868f7e76c0a09d14330903824b398cacd17ccb2edfe8106f762190dee0ff2d
wildfake,Images/GAN_based.zip,GAN_based/Typical/styleGAN/sg3/stylegan3-r-metfacesu-1024x1024/img007834.jpg,data/wildfake/stylegan3/1c95edb3870a73d4.jpg,1,stylegan3,ffhq,train,f6f2d19534d558f8a55f03a4dfad797dcb14e4d90df3fe27514649ccebcd46b7
wildfake,Images/GAN_based.zip,GAN_based/Typical/styleGAN/sg3/stylegan3-r-metfaces-1024x1024/img004551.jpg,data/wildfake/stylegan3/a5d528eeebe24cb2.jpg,1,stylegan3,ffhq,train,ea14df17487069457373c611abec674d691fa9c53049d61d0bc5e35662bf1d03
wildfake,Images/GAN_based.zip,GAN_based/Typical/styleGAN/sg3/stylegan3-r-ffhqu-1024x1024/img005871.jpg,data/wildfake/stylegan3/2d0e9ec6b0c0a501.jpg,1,stylegan3,ffhq,train,8ec745278272038f35498966f0e5b75e34ef8098eb40e8a3291165615c843906
wildfake,Images/GAN_based.zip,GAN_based/Typical/styleGAN/sg3/stylegan3-t-afhqv2-512x512/img005215.jpg,data/wildfake/stylegan3/1945bf2af40e0de2.jpg,1,stylegan3,ffhq,train,29cc6db713d7eb4c467b2f01d76333f24330fabfc541ce5af3287290234c206a
wildfake,Images/GAN_based.zip,GAN_based/Typical/styleGAN/sg3/stylegan3-r-ffhqu-1024x1024/img007283.jpg,data/wildfake/stylegan3/c1bb004a0fe5867a.jpg,1,stylegan3,ffhq,train,6ea09f16796856776cf982f1750057184cba567c42ca1d21c51c558041470de7
wildfake,Images/GAN_based.zip,GAN_based/Typical/styleGAN/sg3/stylegan3-t-afhqv2-512x512/img001830.jpg,data/wildfake/stylegan3/d29af458708d7715.jpg,1,stylegan3,ffhq,train,46d4c4e72bab7022641220ca4add1a43b5c6ac3e4151b6302fc9cb69596acb03
wildfake,Images/GAN_based.zip,GAN_based/Typical/styleGAN/sg3/stylegan3-t-ffhq-1024x1024/img007725.jpg,data/wildfake/stylegan3/99120fa3b028c928.jpg,1,stylegan3,ffhq,train,a751bfa32b91aefe6a9b4d798663b476fa6e3d930ac5c47199742c5bf100368b
wildfake,Images/GAN_based.zip,GAN_based/Typical/styleGAN/sg3/stylegan3-r-ffhqu-1024x1024/img001290.jpg,data/wildfake/stylegan3/d9e062cfa43b5cef.jpg,1,stylegan3,ffhq,train,566ece147ac23d7150ef02656f66eeb8382b5aee358bc2be262bbc3f9a8a5113
wildfake,Images/GAN_based.zip,GAN_based/Typical/styleGAN/sg3/stylegan3-r-metfacesu-1024x1024/img003227.jpg,data/wildfake/stylegan3/9d0aa9a7a526ed5d.jpg,1,stylegan3,ffhq,train,86562e64991a0ca819543a7734abd787ed075643be88f9ad9f34f107ce0beab9
wildfake,Images/GAN_based.zip,GAN_based/Typical/styleGAN/sg3/stylegan3-t-afhqv2-512x512/img002727.jpg,data/wildfake/stylegan3/ef4a07267ae2cd02.jpg,1,stylegan3,ffhq,train,90f0c44d3c2b118e362158979b7be4e48cff77e21f48755406b11e2f2a5ec890
wildfake,Images/GAN_based.zip,GAN_based/Typical/styleGAN/sg3/stylegan3-r-afhqv2-512x512/img007770.jpg,data/wildfake/stylegan3/6ccf6cd22e2891b4.jpg,1,stylegan3,ffhq,train,876d0b8c4b9f5ab8aeb887799a474704e839e1f083daaf87259e026196a2d70d
wildfake,Images/GAN_based.zip,GAN_based/Typical/styleGAN/sg3/stylegan3-t-metfacesu-1024x1024/img003582.jpg,data/wildfake/stylegan3/a9589d2fb5676cdd.jpg,1,stylegan3,ffhq,train,48b9c46bdc88958a790916e7fadfd9c602e743446d7cecde2e28b7a9e4805be4
wildfake,Images/GAN_based.zip,GAN_based/Typical/styleGAN/sg3/stylegan3-r-metfacesu-1024x1024/img002465.jpg,data/wildfake/stylegan3/430da2019fbd0e36.jpg,1,stylegan3,ffhq,train,02783ae8bed6c8307e124d03a86238ad9c777afcd619139532f7150d161abc70
wildfake,Images/GAN_based.zip,GAN_based/Typical/styleGAN/sg3/stylegan3-t-metfaces-1024x1024/img002402.jpg,data/wildfake/stylegan3/3d36ce35785c8072.jpg,1,stylegan3,ffhq,train,30a34dddd330a24acbb195b322f042dc8bb8fea91150d1e92fe9ce0b153edb3f
wildfake,Images/GAN_based.zip,GAN_based/Typical/styleGAN/sg3/stylegan3-r-metfacesu-1024x1024/img001438.jpg,data/wildfake/stylegan3/9dbcbc72078ca427.jpg,1,stylegan3,ffhq,train,4d2c3db3d3538c77a5154d21946b04c1fa14a9480a17af4fdf3e2e6ee9a38ba7
wildfake,Images/GAN_based.zip,GAN_based/Typical/styleGAN/sg3/stylegan3-t-ffhqu-1024x1024/img004807.jpg,data/wildfake/stylegan3/b566af0b2716ff43.jpg,1,stylegan3,ffhq,train,586c40e0a1bfb2eda02f57c1777beb172b2fc964b7505a237d20859de67d93cc
wildfake,Images/GAN_based.zip,GAN_based/Typical/styleGAN/sg3/stylegan3-t-metfacesu-1024x1024/img005354.jpg,data/wildfake/stylegan3/d0e97d89858d2392.jpg,1,stylegan3,ffhq,train,a83055dd18213546d3b7b618d2690098abb9c2bcabf5694e17ba121b80a27d42
wildfake,Images/GAN_based.zip,GAN_based/Typical/styleGAN/sg3/stylegan3-r-ffhqu-1024x1024/img007507.jpg,data/wildfake/stylegan3/a336db05d1e9b3e8.jpg,1,stylegan3,ffhq,train,1b5197506f6d4cc731d9037f6735cfd2dac0d92327dc933db785d710b021387b
wildfake,Images/GAN_based.zip,GAN_based/Typical/styleGAN/sg3/stylegan3-t-metfaces-1024x1024/img000843.jpg,data/wildfake/stylegan3/a077f606049082ef.jpg,1,stylegan3,ffhq,train,9e2d5faec7576b17227a305b28bf042226cddd854e022fdaa29e29a4aa50da69
wildfake,Images/GAN_based.zip,GAN_based/Typical/styleGAN/sg3/stylegan3-t-afhqv2-512x512/img001078.jpg,data/wildfake/stylegan3/9d06b4915361a1d8.jpg,1,stylegan3,ffhq,train,550f8eff7a5863624b52276ed25b67dd176414cc1bb06dac6178315ff89f8893
wildfake,Images/GAN_based.zip,GAN_based/Typical/styleGAN/sg3/stylegan3-t-metfacesu-1024x1024/img002912.jpg,data/wildfake/stylegan3/f004be9114fb3ed6.jpg,1,stylegan3,ffhq,train,067fbf9d845402001be3b08e4dbeba25d63578cff352f3b22f97b11c2b508672
wildfake,Images/GAN_based.zip,GAN_based/Typical/styleGAN/sg3/stylegan3-r-metfacesu-1024x1024/img003041.jpg,data/wildfake/stylegan3/118c65f8e472bc3a.jpg,1,stylegan3,ffhq,train,3b54e4e919b273404a3c3fc8ef0259a7d5c5c045e21e5be41f8342f289ae469d
wildfake,Images/GAN_based.zip,GAN_based/Typical/styleGAN/sg3/stylegan3-r-afhqv2-512x512/img000835.jpg,data/wildfake/stylegan3/920f1edef77b5a4a.jpg,1,stylegan3,ffhq,train,313e012385bdf3577fab5bd499180064ab9c46ddec1f9bfb95dee96ddbc430d2
wildfake,Images/GAN_based.zip,GAN_based/Typical/styleGAN/sg3/stylegan3-r-metfaces-1024x1024/img002972.jpg,data/wildfake/stylegan3/a31c7074d0f0a0b2.jpg,1,stylegan3,ffhq,train,c447381b1b345506d9ba7f4550983ff45ba3c2295b6c8423817687fc9d7a2f6f
wildfake,Images/GAN_based.zip,GAN_based/Typical/styleGAN/sg3/stylegan3-r-metfaces-1024x1024/img007217.jpg,data/wildfake/stylegan3/6e9059a183979d60.jpg,1,stylegan3,ffhq,train,08ce136cbd402d7d45742819e22fe0790c05fdf693cbab8f834b0f044dd2aa0d
wildfake,Images/GAN_based.zip,GAN_based/Typical/styleGAN/sg3/stylegan3-r-ffhqu-1024x1024/img000284.jpg,data/wildfake/stylegan3/a73255f2af6e07e2.jpg,1,stylegan3,ffhq,train,577d00a14e824db26fd6fabf88e51992a94aedffc4ce9e7fe0a6d4f39244532a
wildfake,Images/GAN_based.zip,GAN_based/Typical/styleGAN/sg3/stylegan3-r-ffhqu-1024x1024/img002351.jpg,data/wildfake/stylegan3/70b993cce4b891f5.jpg,1,stylegan3,ffhq,train,54b1bafd064fcc1b5213d8a61925c8e23da49723bedd2e1a6593b379f6c45878
wildfake,Images/GAN_based.zip,GAN_based/Typical/styleGAN/sg3/stylegan3-r-metfacesu-1024x1024/img000527.jpg,data/wildfake/stylegan3/0cd841c08468b070.jpg,1,stylegan3,ffhq,train,88e058dc8e9240c1692c5e63b4805fc45f79eb3f7d86b8d15488714524f9c6a8
wildfake,Images/GAN_based.zip,GAN_based/Typical/styleGAN/sg3/stylegan3-t-ffhqu-1024x1024/img003424.jpg,data/wildfake/stylegan3/cb97afcb87f4d1d7.jpg,1,stylegan3,ffhq,train,0184d01dbd8553c3b4de89eec7a5d3a5d1e228dff6f0d7f4852fecd723426ca8
wildfake,Images/GAN_based.zip,GAN_based/Typical/styleGAN/sg3/stylegan3-r-metfacesu-1024x1024/img000536.jpg,data/wildfake/stylegan3/d53631bf5d1da789.jpg,1,stylegan3,ffhq,train,c964ea66bf72a554727a3346ed516a33b32e8bd77c1388057490c4c8620d1a7c
wildfake,Images/GAN_based.zip,GAN_based/Typical/styleGAN/sg3/stylegan3-t-metfaces-1024x1024/img002952.jpg,data/wildfake/stylegan3/ec2b71de4d2f5876.jpg,1,stylegan3,ffhq,train,4725f892f8cd5b1f7cafe261a780e23f4d366a561d8612509999bd74e22e4842
wildfake,Images/GAN_based.zip,GAN_based/Typical/styleGAN/sg3/stylegan3-t-afhqv2-512x512/img007333.jpg,data/wildfake/stylegan3/388e3e793c036789.jpg,1,stylegan3,ffhq,train,4477c618b6ca78838c5f3931246b53e66008e48197b3d626904add2aad1c3684
wildfake,Images/GAN_based.zip,GAN_based/Typical/styleGAN/sg3/stylegan3-t-ffhqu-1024x1024/img001014.jpg,data/wildfake/stylegan3/32bd4d27c137aa09.jpg,1,stylegan3,ffhq,train,b647acdcb7743346b8799cc8a53ef7625e89e01211019488cd40f199d6c42695
wildfake,Images/GAN_based.zip,GAN_based/Typical/styleGAN/sg3/stylegan3-t-ffhq-1024x1024/img004727.jpg,data/wildfake/stylegan3/9e5f4ee549b61560.jpg,1,stylegan3,ffhq,train,b39201b96ac38bb488496d82d9e6c1e222be7ddf08df2355d5b2bfcf5131da64
wildfake,Images/GAN_based.zip,GAN_based/Typical/styleGAN/sg3/stylegan3-r-ffhq-1024x1024/img007386.jpg,data/wildfake/stylegan3/28aa8f736232adfb.jpg,1,stylegan3,ffhq,train,09cf3f28f888027f94c8942bd5fe96d8b5e58eca6fd6e2f93574d3f2c361c408
wildfake,Images/GAN_based.zip,GAN_based/Typical/styleGAN/sg3/stylegan3-t-ffhq-1024x1024/img003472.jpg,data/wildfake/stylegan3/138fac3403609176.jpg,1,stylegan3,ffhq,train,733f41973a9dcb8e48b24cfbd33d4eb706a3682a63a78ed20d35fe715326d532
wildfake,Images/GAN_based.zip,GAN_based/Typical/styleGAN/sg3/stylegan3-t-ffhqu-1024x1024/img005086.jpg,data/wildfake/stylegan3/8b547f016cbaff6e.jpg,1,stylegan3,ffhq,train,d4c927096b9232e5fc9cf8d78bd423f99fe0017459289b4741695216d8162812
wildfake,Images/GAN_based.zip,GAN_based/Typical/styleGAN/sg3/stylegan3-r-metfacesu-1024x1024/img005002.jpg,data/wildfake/stylegan3/88aee36a3e21bf17.jpg,1,stylegan3,ffhq,train,203b83c575f727ecd51c2e4e6ea5ff3daaeb65cd2cda6c48507464eb3f267f8a
wildfake,Images/GAN_based.zip,GAN_based/Typical/styleGAN/sg3/stylegan3-t-ffhqu-1024x1024/img005736.jpg,data/wildfake/stylegan3/fd4d8e09537b77a4.jpg,1,stylegan3,ffhq,train,a43853291152615594ca7e811af565937b69ca6c2d6eb68242806cea9f3e7c4d
wildfake,Images/GAN_based.zip,GAN_based/Typical/styleGAN/sg3/stylegan3-t-ffhq-1024x1024/img002578.jpg,data/wildfake/stylegan3/e965aca93e8980f9.jpg,1,stylegan3,ffhq,train,4216c2aee238d3ce836c4560e04319ec134f39f96d78f8edd08d0ed7f96f71e6
wildfake,Images/GAN_based.zip,GAN_based/Typical/styleGAN/sg3/stylegan3-t-afhqv2-512x512/img000410.jpg,data/wildfake/stylegan3/08c7ae5a57a70e37.jpg,1,stylegan3,ffhq,train,1225659005008c96dd9313b15dea6960cdd1494db2118f39f29f98168e221dc8
wildfake,Images/GAN_based.zip,GAN_based/Typical/styleGAN/sg3/stylegan3-r-metfaces-1024x1024/img000347.jpg,data/wildfake/stylegan3/88cd6a62c198e434.jpg,1,stylegan3,ffhq,train,bfc2d292b5d32046c5ff46e42985287f94c246675abd06adbb11244a428527ba
wildfake,Images/GAN_based.zip,GAN_based/Typical/styleGAN/sg3/stylegan3-r-afhqv2-512x512/img002187.jpg,data/wildfake/stylegan3/4e4fcc4f277cde39.jpg,1,stylegan3,ffhq,train,1667a0320d4421893474581a188228e0fb4f623a902d3d3b7f6f1afd02152af1
wildfake,Images/GAN_based.zip,GAN_based/Typical/styleGAN/sg3/stylegan3-r-ffhq-1024x1024/img000804.jpg,data/wildfake/stylegan3/272ab9db1540c88d.jpg,1,stylegan3,ffhq,train,0ddbc955c38d14d7f4b378536a287bdc4ac9bab48cde8340fa673aa79ad6f3f1
wildfake,Images/GAN_based.zip,GAN_based/Typical/styleGAN/sg3/stylegan3-r-ffhq-1024x1024/img004202.jpg,data/wildfake/stylegan3/da53e87bbe99798f.jpg,1,stylegan3,ffhq,train,b8546ef3ef734c7cc6115b5ea807b75b68366938691f4e66dbebc51958b8b92d
wildfake,Images/GAN_based.zip,GAN_based/Typical/styleGAN/sg3/stylegan3-r-ffhq-1024x1024/img005336.jpg,data/wildfake/stylegan3/3c9a380214491e4a.jpg,1,stylegan3,ffhq,train,3a54c56674862b482b2a4bb51967185a5c38457647a2c1c6f556e785e4096c9c
wildfake,Images/GAN_based.zip,GAN_based/Typical/styleGAN/sg3/stylegan3-t-ffhqu-1024x1024/img000072.jpg,data/wildfake/stylegan3/2b61880f848b0188.jpg,1,stylegan3,ffhq,train,921da7021bb5097f2cd5bf4d56a48c153f2506a97c24c72752a7dc789051fa14
wildfake,Images/GAN_based.zip,GAN_based/Typical/styleGAN/sg3/stylegan3-r-ffhq-1024x1024/img003253.jpg,data/wildfake/stylegan3/cb14d4207db63058.jpg,1,stylegan3,ffhq,train,7d98cfa47c5091f3f7230231e83ca47d0ceb34327c17ff356c00ad0b8538ead7
wildfake,Images/GAN_based.zip,GAN_based/Typical/styleGAN/sg3/stylegan3-r-metfaces-1024x1024/img002518.jpg,data/wildfake/stylegan3/5c9aa2cee66f5b48.jpg,1,stylegan3,ffhq,train,16707ffbef04b6bc66af51174f6d79e394a080ea1d4a4fbf370f3a189e11f938
wildfake,Images/GAN_based.zip,GAN_based/Typical/styleGAN/sg3/stylegan3-r-ffhq-1024x1024/img000300.jpg,data/wildfake/stylegan3/9299a0c324f72b58.jpg,1,stylegan3,ffhq,train,91cf686f06c570c03e24184478865cdaf2bf3308bc63ffd066f7eea69c069886
wildfake,Images/GAN_based.zip,GAN_based/Typical/styleGAN/sg3/stylegan3-r-ffhq-1024x1024/img001898.jpg,data/wildfake/stylegan3/0f5bb63c62367b5f.jpg,1,stylegan3,ffhq,train,9e779bf39a110b8e5221a98265510de0fccdd63d4b7d5c194f00cc2a2c0cb085
wildfake,Images/GAN_based.zip,GAN_based/Typical/styleGAN/sg3/stylegan3-r-metfacesu-1024x1024/img004483.jpg,data/wildfake/stylegan3/df43fe6cbf0a6ddd.jpg,1,stylegan3,ffhq,train,c4974ed91509d58d4138a5449f6fa3977fc3ca6af48cd884a9f19911b720b2f3
wildfake,Images/GAN_based.zip,GAN_based/Typical/styleGAN/sg3/stylegan3-r-metfacesu-1024x1024/img007692.jpg,data/wildfake/stylegan3/2d846c211d141e47.jpg,1,stylegan3,ffhq,train,e41ad1a070318d5c1d7f976c13f1c10f85f338b2de15cc30ffc966106d7ecf12
wildfake,Images/GAN_based.zip,GAN_based/Typical/styleGAN/sg3/stylegan3-r-metfacesu-1024x1024/img007932.jpg,data/wildfake/stylegan3/9fd297cb23b1c11c.jpg,1,stylegan3,ffhq,train,06b9de5697f082b32308d61b6e35ee1da427a5a8e03d6bb7a10a1e93d24f2323
wildfake,Images/GAN_based.zip,GAN_based/Typical/styleGAN/sg3/stylegan3-r-metfaces-1024x1024/img007034.jpg,data/wildfake/stylegan3/24614abfb4fb99ab.jpg,1,stylegan3,ffhq,train,bc1f27848e5a9854b5aa8c76d485b2e4d027947327fd99ead0a4c04a78a6cb51
wildfake,Images/GAN_based.zip,GAN_based/Typical/styleGAN/sg3/stylegan3-t-ffhq-1024x1024/img000270.jpg,data/wildfake/stylegan3/f8bc69b1fdda15db.jpg,1,stylegan3,ffhq,train,4e6dd7f0e30a4ce63e4d908e7e874d41ef71a955ca4c14e22842b985ba650f62
wildfake,Images/GAN_based.zip,GAN_based/Typical/styleGAN/sg3/stylegan3-r-metfaces-1024x1024/img005937.jpg,data/wildfake/stylegan3/2c2aaf57f2f90872.jpg,1,stylegan3,ffhq,train,0da245d1f4507277d2517444a375c3c4e595320605b07854762bd7bf1355a00e
wildfake,Images/GAN_based.zip,GAN_based/Typical/styleGAN/sg3/stylegan3-t-metfacesu-1024x1024/img004089.jpg,data/wildfake/stylegan3/a29da9f633b3f964.jpg,1,stylegan3,ffhq,train,f196d693ea66ccfa054e7a8502a1e4b3788db67cd0381b32dc4888fb20aee4f8
wildfake,Images/GAN_based.zip,GAN_based/Typical/styleGAN/sg3/stylegan3-t-metfacesu-1024x1024/img005060.jpg,data/wildfake/stylegan3/8dbd82767ab0df72.jpg,1,stylegan3,ffhq,train,11d120d52735de9090d7fb16e76de4b9d0b280dd3017dbf2444238c94252232d
wildfake,Images/GAN_based.zip,GAN_based/Typical/styleGAN/sg3/stylegan3-r-afhqv2-512x512/img005806.jpg,data/wildfake/stylegan3/e3ac2e70fd3f6f44.jpg,1,stylegan3,ffhq,train,2dbdb615019d74dadacd74f83ae08602f48e10de560ac5b6f0c300280fd77fe2
wildfake,Images/GAN_based.zip,GAN_based/Typical/styleGAN/sg3/stylegan3-r-ffhqu-1024x1024/img001556.jpg,data/wildfake/stylegan3/c4d73c5f9a2f943a.jpg,1,stylegan3,ffhq,train,0524f3917f56c2364b71280c3663f01fd348832dfafd4725856fc2b3d65efd13
wildfake,Images/GAN_based.zip,GAN_based/Typical/styleGAN/sg3/stylegan3-t-afhqv2-512x512/img000880.jpg,data/wildfake/stylegan3/f756c08e3192fd8b.jpg,1,stylegan3,ffhq,train,9f0633b10cff800e8c39dd3335f254ac7c7009f800649770e339e07627149377
wildfake,Images/GAN_based.zip,GAN_based/Typical/styleGAN/sg3/stylegan3-r-ffhq-1024x1024/img006335.jpg,data/wildfake/stylegan3/6c37d3cb5956e792.jpg,1,stylegan3,ffhq,train,86e57c0fe2c9678cab99fbb6df5c616667b334eeb321e0d74582d7e89a6067b6
wildfake,Images/GAN_based.zip,GAN_based/Typical/styleGAN/sg3/stylegan3-r-metfacesu-1024x1024/img002100.jpg,data/wildfake/stylegan3/8864277a01aafd9e.jpg,1,stylegan3,ffhq,train,6ff7d15e4d3a0e677fda1bf3bcdac162ad5f4bfdab88289b918e3dfbd4e2a20b
wildfake,Images/GAN_based.zip,GAN_based/Typical/styleGAN/sg3/stylegan3-t-ffhqu-1024x1024/img002429.jpg,data/wildfake/stylegan3/fee5009820fd6c4e.jpg,1,stylegan3,ffhq,train,d700435146851c6a707c6d9225c99e51f26c792140416c9ffe2440fabdfc930e
wildfake,Images/GAN_based.zip,GAN_based/Typical/styleGAN/sg3/stylegan3-t-ffhq-1024x1024/img006140.jpg,data/wildfake/stylegan3/b57a2cd66b46e6d5.jpg,1,stylegan3,ffhq,train,f62ec0317f786a26f285628f000722fd388cdfec46ddff8a428e9d692c55072a
wildfake,Images/GAN_based.zip,GAN_based/Typical/styleGAN/sg3/stylegan3-r-metfaces-1024x1024/img007970.jpg,data/wildfake/stylegan3/70835d1d349b05ed.jpg,1,stylegan3,ffhq,train,7bc188e04ea9e9b7d6ef2778e5ba8d25f2d69ff61c5ebbf5bcb5b5765a377321
wildfake,Images/GAN_based.zip,GAN_based/Typical/styleGAN/sg3/stylegan3-t-ffhqu-1024x1024/img004505.jpg,data/wildfake/stylegan3/d0f340fbb1d95ce9.jpg,1,stylegan3,ffhq,train,b11683f09c60aee6b2a0112f7500518a4a3722ec87b04c2a8763e9cab768d1de
wildfake,Images/GAN_based.zip,GAN_based/Typical/styleGAN/sg3/stylegan3-r-metfaces-1024x1024/img007270.jpg,data/wildfake/stylegan3/1d13bc3c89b4e8b8.jpg,1,stylegan3,ffhq,train,1b018b1eb8687f9f4ec3f56a3e14677030a9a80bf738be7022352305c9de0516
wildfake,Images/GAN_based.zip,GAN_based/Typical/styleGAN/sg3/stylegan3-t-metfacesu-1024x1024/img000102.jpg,data/wildfake/stylegan3/f35b2c515102094e.jpg,1,stylegan3,ffhq,train,2e88443a63ebeeda10c645425a3669ac2ff08d69961d9d18f27d47d3cdd4ee68
wildfake,Images/GAN_based.zip,GAN_based/Typical/styleGAN/sg3/stylegan3-t-afhqv2-512x512/img002714.jpg,data/wildfake/stylegan3/221734c46a83c4ca.jpg,1,stylegan3,ffhq,train,60d8089c31e6580ccab1eeca1ff73aa951b43c4e46d5f891845dc78e5f207854
wildfake,Images/GAN_based.zip,GAN_based/Typical/styleGAN/sg3/stylegan3-t-ffhq-1024x1024/img001412.jpg,data/wildfake/stylegan3/c2d4b403f7bd0876.jpg,1,stylegan3,ffhq,train,185b15d7cb0697b49da1fac024262a6b7bce1fce220ed891605fabab1e7051b2
wildfake,Images/GAN_based.zip,GAN_based/Typical/styleGAN/sg3/stylegan3-r-ffhq-1024x1024/img005886.jpg,data/wildfake/stylegan3/447352257751822a.jpg,1,stylegan3,ffhq,train,bac4f9187e24501ef7fed04234c94b81a9701c4d5eba03ac2142970b8412fe3a
wildfake,Images/GAN_based.zip,GAN_based/Typical/styleGAN/sg3/stylegan3-t-ffhqu-1024x1024/img003836.jpg,data/wildfake/stylegan3/416327489a705d9b.jpg,1,stylegan3,ffhq,train,8e3878dd97873b21ff1398156fffc3c99756aef5a63ecb8b432eda4661d50e32
wildfake,Images/GAN_based.zip,GAN_based/Typical/styleGAN/sg3/stylegan3-t-ffhq-1024x1024/img007518.jpg,data/wildfake/stylegan3/ea67cf2f32c62cd1.jpg,1,stylegan3,ffhq,train,7adbfe80d4ca308c73883bc86281c88d0d0440ab0e9846d5747d3b3e9d8a6fd0
wildfake,Images/GAN_based.zip,GAN_based/Typical/styleGAN/sg3/stylegan3-r-metfacesu-1024x1024/img000129.jpg,data/wildfake/stylegan3/e56be409dcf816d3.jpg,1,stylegan3,ffhq,train,d6d445da0732cd0ec90e2b2cd0641256e32d724dfcd3cafcfc49e516f75b52a7
wildfake,Images/GAN_based.zip,GAN_based/Typical/styleGAN/sg3/stylegan3-t-metfacesu-1024x1024/img003066.jpg,data/wildfake/stylegan3/78927a4d3ab1238f.jpg,1,stylegan3,ffhq,train,82812a13bb205ff4d6068fb05581032e42a177a02c2eeeb027b67ad409b86585
wildfake,Images/GAN_based.zip,GAN_based/Typical/styleGAN/sg3/stylegan3-r-metfacesu-1024x1024/img007378.jpg,data/wildfake/stylegan3/5899496173844e30.jpg,1,stylegan3,ffhq,train,7481fd6db1e6820842df7e3cc0100d2b95cef6c0b5f72a61671f75adb6a11cab
wildfake,Images/GAN_based.zip,GAN_based/Typical/styleGAN/sg3/stylegan3-t-metfacesu-1024x1024/img004122.jpg,data/wildfake/stylegan3/2d2a3c9fb0a4fc3c.jpg,1,stylegan3,ffhq,train,03c4e38dc945e11038290d97e2dc9edce8c46cd165a0d5b3d1cdc81068dd75df
wildfake,Images/GAN_based.zip,GAN_based/Typical/styleGAN/sg3/stylegan3-t-metfacesu-1024x1024/img005847.jpg,data/wildfake/stylegan3/77eb846aa9c4e0d1.jpg,1,stylegan3,ffhq,train,bc343e3fa6d25801987928ee1e446095618b9fcb8f18ecfe8d43d5b2436da6b3
wildfake,Images/GAN_based.zip,GAN_based/Typical/styleGAN/sg3/stylegan3-r-metfacesu-1024x1024/img007356.jpg,data/wildfake/stylegan3/deb4b33b62b1b2b1.jpg,1,stylegan3,ffhq,train,a8a2ddb0be66e48b48d1367155101237c29473493607c209aa010b80bca73423
wildfake,Images/GAN_based.zip,GAN_based/Typical/styleGAN/sg3/stylegan3-t-ffhq-1024x1024/img001792.jpg,data/wildfake/stylegan3/4f2ff707c0ebc8a3.jpg,1,stylegan3,ffhq,train,04a8bfbc97048223fb9b34f1853f3b6f1df1dbdf81cf98edbf63281d02477c69
wildfake,Images/GAN_based.zip,GAN_based/Typical/styleGAN/sg3/stylegan3-r-ffhq-1024x1024/img002101.jpg,data/wildfake/stylegan3/4e5bfd378c1403d7.jpg,1,stylegan3,ffhq,train,1703c2baf64e24564134f51fc498d901c7f077f1340b40d227ec1d5d2ee5394f
wildfake,Images/GAN_based.zip,GAN_based/Typical/styleGAN/sg3/stylegan3-r-afhqv2-512x512/img004224.jpg,data/wildfake/stylegan3/641f08f5db97226e.jpg,1,stylegan3,ffhq,train,4c23f04d29882d24841f757ea437354ae878d927f822a29046ecbe5703bae9de
wildfake,Images/GAN_based.zip,GAN_based/Typical/styleGAN/sg3/stylegan3-r-metfacesu-1024x1024/img000990.jpg,data/wildfake/stylegan3/9bdc3e1f47c2dad7.jpg,1,stylegan3,ffhq,train,ec61aa21ee829a8de515bfbb4a52460943a3e4b81294ab5cb4f1db23709328ca
wildfake,Images/GAN_based.zip,GAN_based/Typical/styleGAN/sg3/stylegan3-r-ffhq-1024x1024/img007717.jpg,data/wildfake/stylegan3/f23f1591ac170179.jpg,1,stylegan3,ffhq,train,905aab6df1d9776468804a5907a0e313d96015ff777eaec5999c50266c3b0666
wildfake,Images/GAN_based.zip,GAN_based/Typical/styleGAN/sg3/stylegan3-t-ffhq-1024x1024/img005963.jpg,data/wildfake/stylegan3/8c6427c48b2eba31.jpg,1,stylegan3,ffhq,train,857f8e3aefb308014fa83f82519ac4a19263b7a60128630b4de8c25b21b8c5d3
wildfake,Images/GAN_based.zip,GAN_based/Typical/styleGAN/sg3/stylegan3-t-afhqv2-512x512/img003193.jpg,data/wildfake/stylegan3/ae1458c5f03001e1.jpg,1,stylegan3,ffhq,train,500bac274ab342452c46a6922a88974ec455278e00ffc27b4535a7cd5171bc78
wildfake,Images/GAN_based.zip,GAN_based/Typical/styleGAN/sg3/stylegan3-t-metfaces-1024x1024/img000665.jpg,data/wildfake/stylegan3/505d2e3b280ecd45.jpg,1,stylegan3,ffhq,train,b0b48347f17c4611f6d354332c2b4f2d18d2b08cf06304f35fb30a9a375f6025
wildfake,Images/GAN_based.zip,GAN_based/Typical/styleGAN/sg3/stylegan3-r-metfaces-1024x1024/img001863.jpg,data/wildfake/stylegan3/ee3391910189c2cb.jpg,1,stylegan3,ffhq,train,c58c0b1b4c562ebf7c4a234824fc542be1b392a3e6dd387b7bdf6bdd5fe3500a
wildfake,Images/GAN_based.zip,GAN_based/Typical/styleGAN/sg3/stylegan3-r-ffhq-1024x1024/img007473.jpg,data/wildfake/stylegan3/89725d77c13d7ee5.jpg,1,stylegan3,ffhq,train,c2ceadf33991fc5c901f6db963d593650f3baf1eacfeea675af3743b3e862665
wildfake,Images/GAN_based.zip,GAN_based/Typical/styleGAN/sg3/stylegan3-t-ffhqu-1024x1024/img007469.jpg,data/wildfake/stylegan3/1b02aa65fd88819e.jpg,1,stylegan3,ffhq,train,a10648fa832310ffab9e055668b34caaa07bebbd3fb95afcf99f5c21a0721b25
wildfake,Images/GAN_based.zip,GAN_based/Typical/styleGAN/sg3/stylegan3-t-metfacesu-1024x1024/img007988.jpg,data/wildfake/stylegan3/956c3c08f8b175a6.jpg,1,stylegan3,ffhq,train,01bc209f95698193ac09fc206dd013c9e4841bb168f607eeece1e54ecf48e018
wildfake,Images/GAN_based.zip,GAN_based/Typical/styleGAN/sg3/stylegan3-r-ffhq-1024x1024/img003953.jpg,data/wildfake/stylegan3/27784f6b3fe22c66.jpg,1,stylegan3,ffhq,train,3671f81d692d0b71c96d7cc02de42f1c9121e103de2d545b93bf6b2a578511d6
wildfake,Images/GAN_based.zip,GAN_based/Typical/styleGAN/sg3/stylegan3-t-afhqv2-512x512/img003911.jpg,data/wildfake/stylegan3/c696931d73edfc4a.jpg,1,stylegan3,ffhq,train,b2d8e16d0d3af4379e361d4f061226fa29a11455ef1dea49ecc72b399987ca84
wildfake,Images/GAN_based.zip,GAN_based/Typical/styleGAN/sg3/stylegan3-r-ffhqu-1024x1024/img005802.jpg,data/wildfake/stylegan3/2ae1ead78c358cb8.jpg,1,stylegan3,ffhq,train,9dfd2d83adbf3fc7c9c3d7de4173af5773fec04dfc2a55b9807db47947df907c
wildfake,Images/GAN_based.zip,GAN_based/Typical/styleGAN/sg3/stylegan3-r-ffhqu-1024x1024/img005473.jpg,data/wildfake/stylegan3/7473e19b81e55f9f.jpg,1,stylegan3,ffhq,train,727d628a90834ef20f659683796964803524876287fcc43f29d7c70650f34ff3
wildfake,Images/GAN_based.zip,GAN_based/Typical/styleGAN/sg3/stylegan3-t-metfacesu-1024x1024/img004638.jpg,data/wildfake/stylegan3/5ddf73f962bb92ba.jpg,1,stylegan3,ffhq,train,5242feb7e04f48296beef7a7739813af472b5a6bb385c031d555dee82524b506
wildfake,Images/GAN_based.zip,GAN_based/Typical/styleGAN/sg3/stylegan3-r-ffhqu-1024x1024/img005884.jpg,data/wildfake/stylegan3/984db7eb306fff00.jpg,1,stylegan3,ffhq,train,cdfcbf61a5421bf5cbeca7ad24895143f171927785849031ab59a9e20cfe5182
wildfake,Images/GAN_based.zip,GAN_based/Typical/styleGAN/sg3/stylegan3-r-metfacesu-1024x1024/img000321.jpg,data/wildfake/stylegan3/8fe450ceab8feca9.jpg,1,stylegan3,ffhq,train,1b87a57e17db7bb9cfdaa697453470f99cee5803dc2a33ec468358730ebd1218
wildfake,Images/GAN_based.zip,GAN_based/Typical/styleGAN/sg3/stylegan3-r-metfacesu-1024x1024/img006185.jpg,data/wildfake/stylegan3/df915676a7e1160f.jpg,1,stylegan3,ffhq,train,fd1df320586dc20c94a1beb95c0e4468c30e3c4a65c45d51c8338d46c61a8276
wildfake,Images/GAN_based.zip,GAN_based/Typical/styleGAN/sg3/stylegan3-r-afhqv2-512x512/img006416.jpg,data/wildfake/stylegan3/c226c8a2f5c6d52b.jpg,1,stylegan3,ffhq,train,057d6f6727b149823be6f46abaec8c13ab228d5d3584cdddc2c92d569189b8bb
wildfake,Images/GAN_based.zip,GAN_based/Typical/styleGAN/sg3/stylegan3-t-metfacesu-1024x1024/img007076.jpg,data/wildfake/stylegan3/3375bf73c5e99214.jpg,1,stylegan3,ffhq,train,d6a0c56ed3c9ffa1ce13b2826778bde362ea857d622ccd78de1774e66e654127
wildfake,Images/GAN_based.zip,GAN_based/Typical/styleGAN/sg3/stylegan3-t-afhqv2-512x512/img007242.jpg,data/wildfake/stylegan3/b5e96e59e0577f5d.jpg,1,stylegan3,ffhq,train,9c207875575337e93ff324b57912212dc3bfd8a5237ee964b587acde015f40b4
wildfake,Images/GAN_based.zip,GAN_based/Typical/styleGAN/sg3/stylegan3-r-metfaces-1024x1024/img004905.jpg,data/wildfake/stylegan3/6181ac5f87821a32.jpg,1,stylegan3,ffhq,train,4930aa656bf4939bf71cdfa9884563d6115cc6e88a658ee5a7d14947cfb965c6
wildfake,Images/GAN_based.zip,GAN_based/Typical/styleGAN/sg3/stylegan3-r-metfaces-1024x1024/img003767.jpg,data/wildfake/stylegan3/ed8deaf83c4b9664.jpg,1,stylegan3,ffhq,train,aed5740f5d722c7ba41049f89a70653a78c8d0cbc92c3b7726342ef1fc92e50e
wildfake,Images/GAN_based.zip,GAN_based/Typical/styleGAN/sg3/stylegan3-r-ffhqu-1024x1024/img006216.jpg,data/wildfake/stylegan3/3a29e878d5c39227.jpg,1,stylegan3,ffhq,train,b63b334a26ba37658b37ebef530a856e2d37c9804dd96858d07d8bb6a53e33e3
wildfake,Images/GAN_based.zip,GAN_based/Typical/styleGAN/sg3/stylegan3-r-ffhqu-1024x1024/img001842.jpg,data/wildfake/stylegan3/f9dbc79ea62dcf23.jpg,1,stylegan3,ffhq,train,7b36ebd08095f2d78b1bb9722f37ab59f05535111c2f4d6612d941589909aad1
wildfake,Images/GAN_based.zip,GAN_based/Typical/styleGAN/sg3/stylegan3-t-metfaces-1024x1024/img005168.jpg,data/wildfake/stylegan3/c77e79ee1fe0fc2a.jpg,1,stylegan3,ffhq,train,21f8c370f376d68f6161c25f46f52f443143e9a7f655f465721da5cfa44d0f26
wildfake,Images/GAN_based.zip,GAN_based/Typical/styleGAN/sg3/stylegan3-t-metfaces-1024x1024/img002784.jpg,data/wildfake/stylegan3/2dad42ed7e24eab9.jpg,1,stylegan3,ffhq,train,2bfa8393ba09fa401ef92b94c4eb0cb7a0ac9198ef2245e100ab897c9372ab8c
wildfake,Images/GAN_based.zip,GAN_based/Typical/styleGAN/sg3/stylegan3-r-afhqv2-512x512/img005856.jpg,data/wildfake/stylegan3/5cb7f93c80d1417d.jpg,1,stylegan3,ffhq,train,8f2fe77c4bbc38ceb886e94b5cec8566494336a9308237f8ec125841016a4003
wildfake,Images/GAN_based.zip,GAN_based/Typical/styleGAN/sg3/stylegan3-r-ffhqu-1024x1024/img001392.jpg,data/wildfake/stylegan3/71b3891180e42779.jpg,1,stylegan3,ffhq,train,580a3f892b1c1f3c2b44ef85375a994e1d8b5869e2f4174725ae9e663dcf5b0e
wildfake,Images/GAN_based.zip,GAN_based/Typical/styleGAN/sg3/stylegan3-t-metfaces-1024x1024/img006040.jpg,data/wildfake/stylegan3/502a0db65f676cc7.jpg,1,stylegan3,ffhq,train,6d6bbe158f4fc1a45bcced6a99ab315a4f28825546d76fd161ee18394b51b3e3
wildfake,Images/GAN_based.zip,GAN_based/Typical/styleGAN/sg3/stylegan3-t-ffhq-1024x1024/img004163.jpg,data/wildfake/stylegan3/a6c04b1f40902802.jpg,1,stylegan3,ffhq,train,5ac3e1dfb3d6eaf8b25dce9dbdd18fd4dafa038d6ac7618fe6369973932770ef
wildfake,Images/GAN_based.zip,GAN_based/Typical/styleGAN/sg3/stylegan3-t-ffhq-1024x1024/img002197.jpg,data/wildfake/stylegan3/e6b3e74188b83788.jpg,1,stylegan3,ffhq,train,a4d8daf12fc8845a12a82acc5e720cfde74fb3e3c7d70bf37980cc2fde79d1a5
wildfake,Images/GAN_based.zip,GAN_based/Typical/styleGAN/sg3/stylegan3-r-afhqv2-512x512/img001257.jpg,data/wildfake/stylegan3/412bc750d2a02efa.jpg,1,stylegan3,ffhq,train,92f02b01f5b7fc183f078407ec89c429626b9a1419e5f38dbc3d79eac0aa3127
wildfake,Images/GAN_based.zip,GAN_based/Typical/styleGAN/sg3/stylegan3-t-ffhq-1024x1024/img000738.jpg,data/wildfake/stylegan3/64f310431f50beee.jpg,1,stylegan3,ffhq,train,6495a442142974b303eac1d70ad645bee450da9246ec441bf2d2cc1fa9618b73
wildfake,Images/GAN_based.zip,GAN_based/Typical/styleGAN/sg3/stylegan3-t-metfaces-1024x1024/img003862.jpg,data/wildfake/stylegan3/7a62fdc481db2c59.jpg,1,stylegan3,ffhq,train,d588c35098b5870ad608358deaf6385417f4369247b86e783dfeda003b4eb47e
wildfake,Images/GAN_based.zip,GAN_based/Typical/styleGAN/sg3/stylegan3-t-ffhq-1024x1024/img006819.jpg,data/wildfake/stylegan3/96ab5b3996e93987.jpg,1,stylegan3,ffhq,train,9ccc3fb7003c07a13724e33b649a55996b9155ea6a0939b73743848dae8b52d3
wildfake,Images/GAN_based.zip,GAN_based/Typical/styleGAN/sg3/stylegan3-r-metfacesu-1024x1024/img003554.jpg,data/wildfake/stylegan3/64c4cb463ec68cd9.jpg,1,stylegan3,ffhq,train,c1279c55b59b1c9b6b2fc236856562a02d436d4b6e3db200473683f32fc60a33
wildfake,Images/GAN_based.zip,GAN_based/Typical/styleGAN/sg3/stylegan3-r-metfacesu-1024x1024/img004842.jpg,data/wildfake/stylegan3/69079d67aba713ed.jpg,1,stylegan3,ffhq,train,bc48c16bc92b97cfac244ff58c83dab6fbe08eac3f2aa9ff2a7cbd0f44777762
wildfake,Images/GAN_based.zip,GAN_based/Typical/styleGAN/sg3/stylegan3-t-ffhq-1024x1024/img000929.jpg,data/wildfake/stylegan3/961df4c5a2f47e1f.jpg,1,stylegan3,ffhq,train,0789d709521855bef49362d91d88a532738b07fa4b9228b8072b8583a036d530
wildfake,Images/GAN_based.zip,GAN_based/Typical/styleGAN/sg3/stylegan3-t-ffhq-1024x1024/img005004.jpg,data/wildfake/stylegan3/4addf84c1fa34016.jpg,1,stylegan3,ffhq,train,494d410a0929e9422f005b676edb044f0930e2493d3117c98bdb1271fe98b4fc
wildfake,Images/GAN_based.zip,GAN_based/Typical/styleGAN/sg3/stylegan3-r-afhqv2-512x512/img006026.jpg,data/wildfake/stylegan3/7ce28a4d01d6d194.jpg,1,stylegan3,ffhq,train,2fd107961fe14cc1cb9261cf34487149f45f49521012096a058922c6afff7355
wildfake,Images/GAN_based.zip,GAN_based/Typical/styleGAN/sg3/stylegan3-r-metfaces-1024x1024/img000505.jpg,data/wildfake/stylegan3/af037e17263ca5d7.jpg,1,stylegan3,ffhq,train,f0037e4804a8ef8d5b47ddc3a7169072ded8823a6a698c05439b04c57ee716c7
wildfake,Images/GAN_based.zip,GAN_based/Typical/styleGAN/sg3/stylegan3-t-ffhqu-1024x1024/img003597.jpg,data/wildfake/stylegan3/e699eebf25e2b8d8.jpg,1,stylegan3,ffhq,train,7da42f972eca4d7168decface8da935cadc90e46125b477bb43557dd778822b3
wildfake,Images/GAN_based.zip,GAN_based/Typical/styleGAN/sg3/stylegan3-t-metfaces-1024x1024/img006244.jpg,data/wildfake/stylegan3/2ee1bd07d23d3101.jpg,1,stylegan3,ffhq,train,5100e460c592ce5cf7052917583ad819c180ebbe945a9931045742c7ffbfa871
wildfake,Images/GAN_based.zip,GAN_based/Typical/styleGAN/sg3/stylegan3-t-ffhq-1024x1024/img002324.jpg,data/wildfake/stylegan3/41015638f0cead07.jpg,1,stylegan3,ffhq,train,99c8019aaa7b7a7606d76d22918c493e324b8f43d7a748bc76296369e487c21b
wildfake,Images/GAN_based.zip,GAN_based/Typical/styleGAN/sg3/stylegan3-r-ffhq-1024x1024/img002208.jpg,data/wildfake/stylegan3/f943d0b878fd9874.jpg,1,stylegan3,ffhq,train,0d35c9588e111f7a40cc79278f5ee2ac7c3b5a7758a10c96c454914f9f87cdc7
wildfake,Images/GAN_based.zip,GAN_based/Typical/styleGAN/sg3/stylegan3-t-metfacesu-1024x1024/img001822.jpg,data/wildfake/stylegan3/6a9f2f0661ead34f.jpg,1,stylegan3,ffhq,train,31d9b1b35b63fe68a22d16db47deb1bb1b11f40f234a80eced3dcc859b2ff50d
wildfake,Images/GAN_based.zip,GAN_based/Typical/styleGAN/sg3/stylegan3-t-metfacesu-1024x1024/img002425.jpg,data/wildfake/stylegan3/2cd0d01592e69e05.jpg,1,stylegan3,ffhq,train,4e46f38b8e3e79e2dc532502de7807ba461f0888d6b00af11b75f5a3102939b0
wildfake,Images/GAN_based.zip,GAN_based/Typical/styleGAN/sg3/stylegan3-r-metfacesu-1024x1024/img001980.jpg,data/wildfake/stylegan3/efbcc18104363654.jpg,1,stylegan3,ffhq,train,f9d3416120a941a5ab21aa57cd70172eb5311c9e50e59743b07b72c026b2a1b8
wildfake,Images/GAN_based.zip,GAN_based/Typical/styleGAN/sg3/stylegan3-r-ffhqu-1024x1024/img006047.jpg,data/wildfake/stylegan3/6a37e3404a800dbf.jpg,1,stylegan3,ffhq,train,129e0ca4e5cbe276e611a57ab5ed11a3cfe26d22faf7f0b509119b8db6e1e0e0
wildfake,Images/GAN_based.zip,GAN_based/Typical/styleGAN/sg3/stylegan3-r-afhqv2-512x512/img003515.jpg,data/wildfake/stylegan3/75092f9feae7075a.jpg,1,stylegan3,ffhq,train,1f3f6d88588ef57c8f911172957930c60647d893162d914962331aea042cb6ae
wildfake,Images/GAN_based.zip,GAN_based/Typical/styleGAN/sg3/stylegan3-r-afhqv2-512x512/img007026.jpg,data/wildfake/stylegan3/c29f61c7367b16e9.jpg,1,stylegan3,ffhq,train,665c07645012092d60e773831f91ca4e0c0970697fea6a38516dbb3677e5e233
wildfake,Images/GAN_based.zip,GAN_based/Typical/styleGAN/sg3/stylegan3-r-ffhq-1024x1024/img006777.jpg,data/wildfake/stylegan3/3382e87b4e5d02c4.jpg,1,stylegan3,ffhq,train,0686c28a7ac9330e4e90915e43ba24c3786d34fb853e335466780ef1e6dfecb3
wildfake,Images/GAN_based.zip,GAN_based/Typical/styleGAN/sg3/stylegan3-t-metfacesu-1024x1024/img002140.jpg,data/wildfake/stylegan3/ba0ec6b99c1c1df5.jpg,1,stylegan3,ffhq,train,95df1ebda25bfbfeb9d7f62c149d677d28c35a85be664952d2fc5a64d8d2dc4b
wildfake,Images/GAN_based.zip,GAN_based/Typical/styleGAN/sg3/stylegan3-t-ffhqu-1024x1024/img002926.jpg,data/wildfake/stylegan3/8057de34da0b464d.jpg,1,stylegan3,ffhq,train,7ff2f1793cb13606bafc928e277b4992959f58fa9c7c3276bc4d4da8215e022c
wildfake,Images/GAN_based.zip,GAN_based/Typical/styleGAN/sg3/stylegan3-r-metfacesu-1024x1024/img007169.jpg,data/wildfake/stylegan3/16c4093fa0df466f.jpg,1,stylegan3,ffhq,train,d94d68148f9d423792e4e9f8ebeda2ea98df0dc52d5c28702bf99e2419a565b5
wildfake,Images/GAN_based.zip,GAN_based/Typical/styleGAN/sg3/stylegan3-r-ffhq-1024x1024/img007650.jpg,data/wildfake/stylegan3/cb4d604db04f49a4.jpg,1,stylegan3,ffhq,train,24fc01a9cc2246ccb686a27011b4e2ddb0278b1d170e98416a139255792ecf4b
wildfake,Images/GAN_based.zip,GAN_based/Typical/styleGAN/sg3/stylegan3-t-metfaces-1024x1024/img006305.jpg,data/wildfake/stylegan3/26d7e48e017282c5.jpg,1,stylegan3,ffhq,train,6be204e0ac905fadc0d4b812e1163d43cb04d7c9b78fa1678370d04ace96ecc1
wildfake,Images/GAN_based.zip,GAN_based/Typical/styleGAN/sg3/stylegan3-t-ffhqu-1024x1024/img006613.jpg,data/wildfake/stylegan3/08f15780f32b1a3c.jpg,1,stylegan3,ffhq,train,d41b2e52797966e8fa72c27ce409da07ade3ec1ee350ce893dd1f0fa84236dea
wildfake,Images/GAN_based.zip,GAN_based/Typical/styleGAN/sg3/stylegan3-t-afhqv2-512x512/img001800.jpg,data/wildfake/stylegan3/072a8b1ac8e3e866.jpg,1,stylegan3,ffhq,train,b0643bd6a99a5f87d6c95f332348b1d6e900e8d686bdb9664d28955a35edcf15
wildfake,Images/GAN_based.zip,GAN_based/Typical/styleGAN/sg3/stylegan3-r-metfacesu-1024x1024/img000534.jpg,data/wildfake/stylegan3/e4e104524c40804c.jpg,1,stylegan3,ffhq,train,ffce6fb9d4be41ba88a713d7fc0441232c60459a0a5fd16a00ab9db514cc057c
wildfake,Images/GAN_based.zip,GAN_based/Typical/styleGAN/sg3/stylegan3-t-afhqv2-512x512/img000654.jpg,data/wildfake/stylegan3/83e7136bffdf79c9.jpg,1,stylegan3,ffhq,train,aa0b955c220ff169796ab51c4965ab787f60886e96974d8f698fac3b04e50332
wildfake,Images/GAN_based.zip,GAN_based/Typical/styleGAN/sg3/stylegan3-r-ffhqu-1024x1024/img007022.jpg,data/wildfake/stylegan3/fba4bb3a8f5a8654.jpg,1,stylegan3,ffhq,train,86d5dea58eaeb8d0dbe250e007f6e984199db0758e13f7fd1466ecc1effc8768
wildfake,Images/GAN_based.zip,GAN_based/Typical/styleGAN/sg3/stylegan3-r-ffhq-1024x1024/img004193.jpg,data/wildfake/stylegan3/fa0203a315bbf022.jpg,1,stylegan3,ffhq,train,72e4f6abb94a0d1282b85d2c46a42e28fd1997ee57d62d378134cc29ac8a2e88
wildfake,Images/GAN_based.zip,GAN_based/Typical/styleGAN/sg3/stylegan3-r-ffhq-1024x1024/img004924.jpg,data/wildfake/stylegan3/81c8a1c1a779ffae.jpg,1,stylegan3,ffhq,train,910901e37a6ea5f6a5863c0efea0f4c047d8a58df891e755383236fefdca4de7
wildfake,Images/GAN_based.zip,GAN_based/Typical/styleGAN/sg3/stylegan3-r-ffhqu-1024x1024/img002569.jpg,data/wildfake/stylegan3/1f0e2070536b3086.jpg,1,stylegan3,ffhq,train,245b7e6747ced6cb2b05d809a6a495065dcd73518a839d77468593a236a32419
wildfake,Images/GAN_based.zip,GAN_based/Typical/styleGAN/sg3/stylegan3-t-ffhq-1024x1024/img006967.jpg,data/wildfake/stylegan3/d664e53a90105419.jpg,1,stylegan3,ffhq,train,638ec8f8cbb0ec4dc7af6ba580525ed2ddaec311e2d970bf3a3fd91d542a206d
wildfake,Images/GAN_based.zip,GAN_based/Typical/styleGAN/sg3/stylegan3-r-afhqv2-512x512/img003826.jpg,data/wildfake/stylegan3/2c691fd5ee9e7659.jpg,1,stylegan3,ffhq,train,e066281653f45c87c4861399b2d491d6ef6acaaa85b19aae773a2b24e1c6d667
wildfake,Images/GAN_based.zip,GAN_based/Typical/styleGAN/sg3/stylegan3-r-ffhq-1024x1024/img002357.jpg,data/wildfake/stylegan3/b2d2ac28af9c34cc.jpg,1,stylegan3,ffhq,train,f709baacae62f931d0dc4e829f87c3a42a1a936431b4c4337fa82743cb3fea9c
wildfake,Images/GAN_based.zip,GAN_based/Typical/styleGAN/sg3/stylegan3-r-metfaces-1024x1024/img001614.jpg,data/wildfake/stylegan3/d80b966fd53a20d2.jpg,1,stylegan3,ffhq,train,6fc08358660507e47315a844a921d0b817bf6c697e09e61399e93317f180e473
wildfake,Images/GAN_based.zip,GAN_based/Typical/styleGAN/sg3/stylegan3-r-metfacesu-1024x1024/img003916.jpg,data/wildfake/stylegan3/6ce7b6f9ede6d1c8.jpg,1,stylegan3,ffhq,train,981af100758ab7c9e9ddee4099c2a17b442b9f34613b7dfb17056a4448af98db
wildfake,Images/GAN_based.zip,GAN_based/Typical/styleGAN/sg3/stylegan3-r-ffhq-1024x1024/img003042.jpg,data/wildfake/stylegan3/d6d09137c36cca0b.jpg,1,stylegan3,ffhq,train,fa8b4de884c248ed72b001257c6fb18fb300e439b8e30628b03cc5334d75030a
wildfake,Images/GAN_based.zip,GAN_based/Typical/styleGAN/sg3/stylegan3-r-metfacesu-1024x1024/img006722.jpg,data/wildfake/stylegan3/81389daaadad48b4.jpg,1,stylegan3,ffhq,train,291b6659b8dcd014d743c1a104c57887ae804a22a8dc9629a1cfdb48773cf9c5
wildfake,Images/GAN_based.zip,GAN_based/Typical/styleGAN/sg3/stylegan3-r-metfaces-1024x1024/img000726.jpg,data/wildfake/stylegan3/88b9213ce11408ac.jpg,1,stylegan3,ffhq,train,2beee92345812b041e8513dfb28394a91199cc0d14d77cccadc6d9eeb4fbc884
wildfake,Images/GAN_based.zip,GAN_based/Typical/styleGAN/sg3/stylegan3-r-afhqv2-512x512/img001487.jpg,data/wildfake/stylegan3/43201f0fdd2c12c8.jpg,1,stylegan3,ffhq,train,eb0e7f3a1b9c0ff33d80a0992f6094fb384cb7dc894b1e845e8978822219ba26
wildfake,Images/GAN_based.zip,GAN_based/Typical/styleGAN/sg3/stylegan3-t-metfaces-1024x1024/img002247.jpg,data/wildfake/stylegan3/ac6d66bf75d30fc3.jpg,1,stylegan3,ffhq,train,9c6bf468b99a624172b186134f34353758ba2d8c69b3ae66c1b0dd5d6497001f
wildfake,Images/GAN_based.zip,GAN_based/Typical/styleGAN/sg3/stylegan3-r-metfaces-1024x1024/img004474.jpg,data/wildfake/stylegan3/3e5d045bcbd56266.jpg,1,stylegan3,ffhq,train,e102a3208e46f7dd6f6b50a31c7df7e34a370fa75c0ca3b751b346b6ec9ab987
wildfake,Images/GAN_based.zip,GAN_based/Typical/styleGAN/sg3/stylegan3-t-ffhqu-1024x1024/img003866.jpg,data/wildfake/stylegan3/79aaecf2350ac060.jpg,1,stylegan3,ffhq,train,9ad1f61734ac7403a6428285a6f0f5feb4176d19d82bcf4fb8ed9ad0f1af8bc2
wildfake,Images/GAN_based.zip,GAN_based/Typical/styleGAN/sg3/stylegan3-r-metfacesu-1024x1024/img003221.jpg,data/wildfake/stylegan3/d6e697a22008c87e.jpg,1,stylegan3,ffhq,train,6ca1d42c3e85e277c4826aa22a7cf6c33251cfa67b65d0c1e61ff8c327cb82d5
wildfake,Images/GAN_based.zip,GAN_based/Typical/styleGAN/sg3/stylegan3-r-ffhqu-1024x1024/img003127.jpg,data/wildfake/stylegan3/0a1cd6962a78554f.jpg,1,stylegan3,ffhq,train,69c24f96b18cbee1d6e1a16802e294676bfe31b773ba2c44af88ba749ae9af7c
wildfake,Images/GAN_based.zip,GAN_based/Typical/styleGAN/sg3/stylegan3-r-afhqv2-512x512/img006787.jpg,data/wildfake/stylegan3/29b07e3a74d8f323.jpg,1,stylegan3,ffhq,train,561c48751a2117cfad7c0a4887a4c71fd885b9c1d52a14468864394d71080006
wildfake,Images/GAN_based.zip,GAN_based/Typical/styleGAN/sg3/stylegan3-r-metfacesu-1024x1024/img000447.jpg,data/wildfake/stylegan3/92561316e59a18c3.jpg,1,stylegan3,ffhq,train,9eaf41ea4523f5d08f80b9d5932fa51001657c64e00c351228290887258d58e6
wildfake,Images/GAN_based.zip,GAN_based/Typical/styleGAN/sg3/stylegan3-t-metfaces-1024x1024/img000876.jpg,data/wildfake/stylegan3/a64668a35ea22368.jpg,1,stylegan3,ffhq,train,2c8e86ee3dea046c4bac4dbb98a3b84227b394fa621c4d12ed44d54c8e9d8591
wildfake,Images/GAN_based.zip,GAN_based/Typical/styleGAN/sg3/stylegan3-t-afhqv2-512x512/img002217.jpg,data/wildfake/stylegan3/3e1fb2c085fd55bd.jpg,1,stylegan3,ffhq,train,870fc4ee937c3cc68452b456d75d2bdd542904c8b55ac7090f0fe16880552088
wildfake,Images/GAN_based.zip,GAN_based/Typical/styleGAN/sg3/stylegan3-r-ffhq-1024x1024/img002835.jpg,data/wildfake/stylegan3/729a37e05bb56afc.jpg,1,stylegan3,ffhq,train,d0a1f5a8cc8752f11929c820355d6d495943f815c23448710b6a72dedf8c82dc
wildfake,Images/GAN_based.zip,GAN_based/Typical/styleGAN/sg3/stylegan3-t-ffhq-1024x1024/img007026.jpg,data/wildfake/stylegan3/db2e871f64b10af5.jpg,1,stylegan3,ffhq,train,7bbc3a7f84702a213a47232d59a3cb39523b6e92c6c53d000cdbae8baec66315
wildfake,Images/GAN_based.zip,GAN_based/Typical/styleGAN/sg3/stylegan3-t-metfacesu-1024x1024/img004939.jpg,data/wildfake/stylegan3/d87be098d1a5745a.jpg,1,stylegan3,ffhq,train,96bb3ceffd034ad25ecbb93da4a09160b0dabe77400e48033eb86125ea2fe810
wildfake,Images/GAN_based.zip,GAN_based/Typical/styleGAN/sg3/stylegan3-r-ffhq-1024x1024/img003138.jpg,data/wildfake/stylegan3/2e2004f5b18ec12b.jpg,1,stylegan3,ffhq,train,865197bba2ab225ab71a6ca9ceaac4e4d1f0ca80f41e3c9f147c2817208c2edc
wildfake,Images/GAN_based.zip,GAN_based/Typical/styleGAN/sg3/stylegan3-r-ffhqu-1024x1024/img003441.jpg,data/wildfake/stylegan3/153222d228448ae2.jpg,1,stylegan3,ffhq,train,48701911e11585fa66e0a07545c22f8bd3717f135a532db5177ba19894597c3e
wildfake,Images/GAN_based.zip,GAN_based/Typical/styleGAN/sg3/stylegan3-t-ffhq-1024x1024/img005627.jpg,data/wildfake/stylegan3/73d5147a8f836c58.jpg,1,stylegan3,ffhq,train,36da2e61b9a72f1135fa6712866daabe05b77f262344ad64456d7203ebe473f5
wildfake,Images/GAN_based.zip,GAN_based/Typical/styleGAN/sg3/stylegan3-r-afhqv2-512x512/img007589.jpg,data/wildfake/stylegan3/26339f2e1bd38b45.jpg,1,stylegan3,ffhq,train,c482cc274fa020ae2fe902e14872ef90f855f27290fb8a33933186cec4cf278c
wildfake,Images/GAN_based.zip,GAN_based/Typical/styleGAN/sg3/stylegan3-t-metfaces-1024x1024/img000054.jpg,data/wildfake/stylegan3/5b931a55ea2250f6.jpg,1,stylegan3,ffhq,train,3b35f65e2bdf587bd488a4ced25d18107e3e89e0c48ee0cd2a3e5d334dbc81e7
wildfake,Images/GAN_based.zip,GAN_based/Typical/styleGAN/sg3/stylegan3-t-metfaces-1024x1024/img003999.jpg,data/wildfake/stylegan3/9b569317b5dec2c3.jpg,1,stylegan3,ffhq,train,e3eeefdba78557e1783076ec61a611d2311168a54926ef67f78f85e430b8cede
wildfake,Images/GAN_based.zip,GAN_based/Typical/styleGAN/sg3/stylegan3-r-afhqv2-512x512/img001110.jpg,data/wildfake/stylegan3/2b2f1456a12f2b2f.jpg,1,stylegan3,ffhq,train,c8b5434a7f6d81c1575c790764cc1b4d236b5ab0aacb62fa57a2e887787d79dd
wildfake,Images/GAN_based.zip,GAN_based/Typical/styleGAN/sg3/stylegan3-r-ffhqu-1024x1024/img001393.jpg,data/wildfake/stylegan3/67027f99e7d12b07.jpg,1,stylegan3,ffhq,train,a7ef0e2be31449179c53ee2954240f206617db7b076fff3139339a519154b651
wildfake,Images/GAN_based.zip,GAN_based/Typical/styleGAN/sg3/stylegan3-r-afhqv2-512x512/img001610.jpg,data/wildfake/stylegan3/46c2a8c2323c9c56.jpg,1,stylegan3,ffhq,train,964f2be92992771cab81419bd437b92ce86d997adf847229a6773326ad973082
wildfake,Images/GAN_based.zip,GAN_based/Typical/styleGAN/sg3/stylegan3-t-ffhq-1024x1024/img001036.jpg,data/wildfake/stylegan3/393e25b122302057.jpg,1,stylegan3,ffhq,train,f76ae90f7efdf4b74f0eb02074260c53dd969ff1aeff1d6b7b8d3999101a361b
wildfake,Images/GAN_based.zip,GAN_based/Typical/styleGAN/sg3/stylegan3-t-afhqv2-512x512/img006627.jpg,data/wildfake/stylegan3/40bc63df4069dfc6.jpg,1,stylegan3,ffhq,train,d6fefbe4e7e70a53243c83c50a18a213fc67e63ffcdfabda89a1ba97cbc8fa7a
wildfake,Images/GAN_based.zip,GAN_based/Typical/styleGAN/sg3/stylegan3-r-afhqv2-512x512/img005453.jpg,data/wildfake/stylegan3/03749547d9dc31b2.jpg,1,stylegan3,ffhq,train,e83bc2cbb2b63ba99581005a7f5ee60a81394824e635f4bc2a8e68523c6a60f6
wildfake,Images/GAN_based.zip,GAN_based/Typical/styleGAN/sg3/stylegan3-r-metfaces-1024x1024/img002633.jpg,data/wildfake/stylegan3/2858221079576f80.jpg,1,stylegan3,ffhq,train,554ee2ccf0221acf01f8d148f3e36faf1fe97bef09521a0bdd643c7eb4a5d063
wildfake,Images/GAN_based.zip,GAN_based/Typical/styleGAN/sg3/stylegan3-r-ffhq-1024x1024/img002957.jpg,data/wildfake/stylegan3/97a1c6be17179592.jpg,1,stylegan3,ffhq,train,33395f0def8600cbb0ecd488eae1c1c19942f94087adf6b6a6625bf3d3090d48
wildfake,Images/GAN_based.zip,GAN_based/Typical/styleGAN/sg3/stylegan3-r-ffhq-1024x1024/img005848.jpg,data/wildfake/stylegan3/d9da565fec10408e.jpg,1,stylegan3,ffhq,train,0bb5876f5f8211069f95926618c88e0dccf933b5a0f6a0817cc5ff0c54788f24
wildfake,Images/GAN_based.zip,GAN_based/Typical/styleGAN/sg3/stylegan3-t-afhqv2-512x512/img000043.jpg,data/wildfake/stylegan3/914398698080118b.jpg,1,stylegan3,ffhq,train,f4c71fa554eebc7d64d8b8708ac13dddbfff5a2074a5937c3d835450c592ad91
wildfake,Images/GAN_based.zip,GAN_based/Typical/styleGAN/sg3/stylegan3-t-afhqv2-512x512/img003874.jpg,data/wildfake/stylegan3/2bf72687045c5840.jpg,1,stylegan3,ffhq,train,24e951f7eaab5bbd79c9ce37cd2ba139c8c8ae08b1f82057f1a934fcc73c5c02
wildfake,Images/GAN_based.zip,GAN_based/Typical/styleGAN/sg3/stylegan3-r-metfacesu-1024x1024/img006356.jpg,data/wildfake/stylegan3/e0b3d478fe8ce57f.jpg,1,stylegan3,ffhq,train,88696d7d31233eba4a506d680d143952f4a9942fef58c45a7215b9607a132651
wildfake,Images/GAN_based.zip,GAN_based/Typical/styleGAN/sg3/stylegan3-r-metfacesu-1024x1024/img002365.jpg,data/wildfake/stylegan3/2874ac0135d1b4e5.jpg,1,stylegan3,ffhq,train,792b0befaa57bb55ecdda01dd723f015ab5f084dfb2fa2006f18385035b78c57
wildfake,Images/GAN_based.zip,GAN_based/Typical/styleGAN/sg3/stylegan3-t-ffhq-1024x1024/img002209.jpg,data/wildfake/stylegan3/72b75262f7916c34.jpg,1,stylegan3,ffhq,train,4b155fc2099850e2ba1adb417a486517a8867d88e0d0aadc40b70d96492684c1
wildfake,Images/GAN_based.zip,GAN_based/Typical/styleGAN/sg3/stylegan3-t-afhqv2-512x512/img005957.jpg,data/wildfake/stylegan3/f27c5b895dc6aaf7.jpg,1,stylegan3,ffhq,train,557990896c0df778dd743216b90a9b3995de96bdab4108810d1da3c598b0e5ba
wildfake,Images/GAN_based.zip,GAN_based/Typical/styleGAN/sg3/stylegan3-r-metfaces-1024x1024/img004183.jpg,data/wildfake/stylegan3/13d17d884ffe3cb5.jpg,1,stylegan3,ffhq,train,54684d9209c65679f03820e76e76af91906d32983cd50e3f1d4d4a6756986f34
wildfake,Images/GAN_based.zip,GAN_based/Typical/styleGAN/sg3/stylegan3-t-ffhq-1024x1024/img000193.jpg,data/wildfake/stylegan3/46a842e4d0586df1.jpg,1,stylegan3,ffhq,train,79477497376a60a50da4731a79c88effbf9e2466a50d3b9533baa9255d955aea
wildfake,Images/GAN_based.zip,GAN_based/Typical/styleGAN/sg3/stylegan3-t-metfacesu-1024x1024/img003750.jpg,data/wildfake/stylegan3/d093ae5270748dcd.jpg,1,stylegan3,ffhq,train,96dd0c7ca98479efcc138fd3f05793847f3fda83beba80909f600203dce5c60f
wildfake,Images/GAN_based.zip,GAN_based/Typical/styleGAN/sg3/stylegan3-t-metfaces-1024x1024/img001803.jpg,data/wildfake/stylegan3/7d771ab8bb12cdeb.jpg,1,stylegan3,ffhq,train,94606293f261178e70598852d9069e1d152948cdbdcabc53c8442dffc119d69c
wildfake,Images/GAN_based.zip,GAN_based/Typical/styleGAN/sg3/stylegan3-r-metfacesu-1024x1024/img000444.jpg,data/wildfake/stylegan3/85a82e6ef1a4644e.jpg,1,stylegan3,ffhq,train,d07ed7de9a46b63f5ddad6ee6d1027d81fefc2d7eba466a65b5181398e6abb42
wildfake,Images/GAN_based.zip,GAN_based/Typical/styleGAN/sg3/stylegan3-t-ffhqu-1024x1024/img002947.jpg,data/wildfake/stylegan3/635533a2716f316a.jpg,1,stylegan3,ffhq,train,19cc34f1ed2a34410defe042e720adbf5cccc4234c8164c46653531f6d87036a
wildfake,Images/GAN_based.zip,GAN_based/Typical/styleGAN/sg3/stylegan3-r-ffhqu-1024x1024/img005695.jpg,data/wildfake/stylegan3/f9e84b00c1fea9b4.jpg,1,stylegan3,ffhq,train,0e7f967c03ffd08598495c89f8d57c7f01a86b9d6436ea09a1b5a76b9e3e8768
wildfake,Images/GAN_based.zip,GAN_based/Typical/styleGAN/sg3/stylegan3-t-ffhq-1024x1024/img003213.jpg,data/wildfake/stylegan3/a33d53f15263e8c0.jpg,1,stylegan3,ffhq,train,5abc5e20b40213ec53b6032145eff8ce5e1c23a2001d51a9626113e3ac7331c6
wildfake,Images/GAN_based.zip,GAN_based/Typical/styleGAN/sg3/stylegan3-r-metfaces-1024x1024/img005098.jpg,data/wildfake/stylegan3/aa2b0d923fa503cd.jpg,1,stylegan3,ffhq,train,9d672e5e31e1545cad6174e05dac7dabd95932b147f3d2bed3b819d5c420fef5
wildfake,Images/GAN_based.zip,GAN_based/Typical/styleGAN/sg3/stylegan3-r-ffhqu-1024x1024/img007456.jpg,data/wildfake/stylegan3/b5b0d53925bcc789.jpg,1,stylegan3,ffhq,train,345104cb9e3daaf8bb729e1b8cd6b7991b38cde4b8343c2658279f1b17c2e990
wildfake,Images/GAN_based.zip,GAN_based/Typical/styleGAN/sg3/stylegan3-t-ffhq-1024x1024/img003266.jpg,data/wildfake/stylegan3/0a94c57577c76b8e.jpg,1,stylegan3,ffhq,train,d478805bc34b3c289a8b85ed0531ac8317a79ee6e5145aefd7f5babfdbb691cb
wildfake,Images/GAN_based.zip,GAN_based/Typical/styleGAN/sg3/stylegan3-r-ffhq-1024x1024/img003108.jpg,data/wildfake/stylegan3/856c4dabbeb28ad8.jpg,1,stylegan3,ffhq,train,3bc9dde97e2fb7257a8f28ef41824363a10307501b78a110e9a45d3840bd09f8
wildfake,Images/GAN_based.zip,GAN_based/Typical/styleGAN/sg3/stylegan3-t-metfaces-1024x1024/img006471.jpg,data/wildfake/stylegan3/bc7b01f839540f9f.jpg,1,stylegan3,ffhq,train,d6a3674af37850e5ad9923e04046b7e4b46476854490dd2e5171861b192f8a58
wildfake,Images/GAN_based.zip,GAN_based/Typical/styleGAN/sg3/stylegan3-t-ffhqu-1024x1024/img001469.jpg,data/wildfake/stylegan3/f5bb03f057192842.jpg,1,stylegan3,ffhq,train,fcae1f4aaa88149e66db52fc75ebe71769c991218700f9ead348967c3632dc7d
wildfake,Images/GAN_based.zip,GAN_based/Typical/styleGAN/sg3/stylegan3-t-afhqv2-512x512/img002318.jpg,data/wildfake/stylegan3/0f56381194209f50.jpg,1,stylegan3,ffhq,train,87ccfcc50e0be1e2b9d4aa9d644d67a7789d8254ece466958245fef8e664fabc
wildfake,Images/GAN_based.zip,GAN_based/Typical/styleGAN/sg3/stylegan3-t-metfaces-1024x1024/img000634.jpg,data/wildfake/stylegan3/487b8b37038a8456.jpg,1,stylegan3,ffhq,train,2c1e996f56334c415ba2f4403e40762dd488145b3cf6ca8f72faf803cf0c0b5d
wildfake,Images/GAN_based.zip,GAN_based/Typical/styleGAN/sg3/stylegan3-r-ffhqu-1024x1024/img005873.jpg,data/wildfake/stylegan3/7af1f9d25326d714.jpg,1,stylegan3,ffhq,train,187ad37575276b2fc4490d0a3e6818b4e9a567260a8f7f62578f9cbd556348a1
wildfake,Images/GAN_based.zip,GAN_based/Typical/styleGAN/sg3/stylegan3-r-afhqv2-512x512/img003219.jpg,data/wildfake/stylegan3/9983c9dc6ac0ec00.jpg,1,stylegan3,ffhq,train,4524bb7f0e7f954ebb7d4cadbaed549e6598af88a16723423e848c72a7b56842
wildfake,Images/GAN_based.zip,GAN_based/Typical/styleGAN/sg3/stylegan3-t-metfaces-1024x1024/img000178.jpg,data/wildfake/stylegan3/2fb6d890cf3b45cf.jpg,1,stylegan3,ffhq,train,96756ddb5e243b60280362a4defe0b26ae8989c055069aef586e3d0ed2c1aef0
wildfake,Images/GAN_based.zip,GAN_based/Typical/styleGAN/sg3/stylegan3-t-afhqv2-512x512/img001688.jpg,data/wildfake/stylegan3/6ede7514ad5a70b4.jpg,1,stylegan3,ffhq,train,58c7ed030d576874e25555fd9f01d1e98c601c9b498efb75a9df9c138d0af1cd
wildfake,Images/GAN_based.zip,GAN_based/Typical/styleGAN/sg3/stylegan3-r-afhqv2-512x512/img007780.jpg,data/wildfake/stylegan3/3290337eeea62259.jpg,1,stylegan3,ffhq,train,c4a4f1732bc13014c8d42ace82a30291bdbb2bd3975e19d07d7c06e1290572c1
wildfake,Images/GAN_based.zip,GAN_based/Typical/styleGAN/sg3/stylegan3-t-afhqv2-512x512/img005688.jpg,data/wildfake/stylegan3/bdd1e5980cbe06f5.jpg,1,stylegan3,ffhq,train,05993dc5833d2fd91075bfdef49d7db3cc45f736f3e3868968a26a2d59cb33bd
wildfake,Images/GAN_based.zip,GAN_based/Typical/styleGAN/sg3/stylegan3-t-metfacesu-1024x1024/img004865.jpg,data/wildfake/stylegan3/bd9c0006f15f1d58.jpg,1,stylegan3,ffhq,train,9ccc065487c7a01d94bce367a0cf992cf0366d77b19af26a1354d8014221b77f
wildfake,Images/GAN_based.zip,GAN_based/Typical/styleGAN/sg3/stylegan3-t-metfaces-1024x1024/img006435.jpg,data/wildfake/stylegan3/ead5747bf3f7ab17.jpg,1,stylegan3,ffhq,train,9750e38655806635933e12b350d974843d02f8ab36d5d2dc077da9a9badc9ad6
wildfake,Images/GAN_based.zip,GAN_based/Typical/styleGAN/sg3/stylegan3-r-afhqv2-512x512/img004818.jpg,data/wildfake/stylegan3/3b99f6724e495d38.jpg,1,stylegan3,ffhq,train,9774c88b05230b61cea864b0771c8fcf0f55b1d9ef1a6fe4ee8a30d3b0d4e5ed
wildfake,Images/GAN_based.zip,GAN_based/Typical/styleGAN/sg3/stylegan3-t-afhqv2-512x512/img000539.jpg,data/wildfake/stylegan3/bfcf79f3cb61c545.jpg,1,stylegan3,ffhq,train,93d8d7dd8d8da7e9904a255f036b5e534f797da9aed173fcde4541af85ea780f
wildfake,Images/GAN_based.zip,GAN_based/Typical/styleGAN/sg3/stylegan3-t-metfaces-1024x1024/img007611.jpg,data/wildfake/stylegan3/db0c789e7bac8441.jpg,1,stylegan3,ffhq,train,f6dbf986014873c2437527ae71290149de627b30aa4a8e5006a2053492120480
wildfake,Images/GAN_based.zip,GAN_based/Typical/styleGAN/sg3/stylegan3-r-ffhqu-1024x1024/img007992.jpg,data/wildfake/stylegan3/7dfe187049b533d1.jpg,1,stylegan3,ffhq,train,7f2eb8bb8850b79e727acaa9c30db79951ce96c3295e5635c2ba62ed774d414d
wildfake,Images/GAN_based.zip,GAN_based/Typical/styleGAN/sg3/stylegan3-r-metfaces-1024x1024/img007722.jpg,data/wildfake/stylegan3/5a6e2238d8cb7b2d.jpg,1,stylegan3,ffhq,train,aeae819720c4299771f233581a7d6292e33ffeb8ee4d1e747a378097f395c2d8
wildfake,Images/GAN_based.zip,GAN_based/Typical/styleGAN/sg3/stylegan3-r-afhqv2-512x512/img001217.jpg,data/wildfake/stylegan3/e0aec9be1ee3d960.jpg,1,stylegan3,ffhq,train,32e1b407dc979d9a1fb607254dc1646a6213aa6ac23965a0b200325ef5e738d7
wildfake,Images/GAN_based.zip,GAN_based/Typical/styleGAN/sg3/stylegan3-t-ffhq-1024x1024/img003505.jpg,data/wildfake/stylegan3/b0132b773d126136.jpg,1,stylegan3,ffhq,train,eadaf8108f3c0a80b4fd4bcd6e102203f1b071fb7a37fead09b43ea2f80922fd
wildfake,Images/GAN_based.zip,GAN_based/Typical/styleGAN/sg3/stylegan3-r-metfacesu-1024x1024/img007469.jpg,data/wildfake/stylegan3/3b11cc56d611b0b4.jpg,1,stylegan3,ffhq,train,89ae82755fb6d3c1cb9282b67789fb90a51b22e95dfcc9bbdb267726278764d9
wildfake,Images/GAN_based.zip,GAN_based/Typical/styleGAN/sg3/stylegan3-r-ffhq-1024x1024/img003322.jpg,data/wildfake/stylegan3/9dc58704ba8cc295.jpg,1,stylegan3,ffhq,train,cf50803c56b8c638fb0ef6592dc2e315970f4529fc2eb14dfa5b64a0856c07ef
wildfake,Images/GAN_based.zip,GAN_based/Typical/styleGAN/sg3/stylegan3-r-ffhqu-1024x1024/img002661.jpg,data/wildfake/stylegan3/1fef57883b8f50ab.jpg,1,stylegan3,ffhq,train,38f5c7fa47a4da9aaaed82fe11fb91cce76d2f5afb1c127e6949dce8543a71ac
wildfake,Images/GAN_based.zip,GAN_based/Typical/styleGAN/sg3/stylegan3-r-metfacesu-1024x1024/img005923.jpg,data/wildfake/stylegan3/a8e1be03fbc90ddc.jpg,1,stylegan3,ffhq,train,1973efcf1736e542065307928eee54b7d309ff4e938360c6c6ae9f1276a4e197
wildfake,Images/GAN_based.zip,GAN_based/Typical/styleGAN/sg3/stylegan3-t-afhqv2-512x512/img000620.jpg,data/wildfake/stylegan3/8a379b60ea8aa7fd.jpg,1,stylegan3,ffhq,train,d328db40b4901e82183ae7fc52e835e6659e40ec58b902de46e8dbcf4c7bef0b
wildfake,Images/GAN_based.zip,GAN_based/Typical/styleGAN/sg3/stylegan3-r-metfaces-1024x1024/img003973.jpg,data/wildfake/stylegan3/537a150cc05d917a.jpg,1,stylegan3,ffhq,train,7eee6d387dba8f446fabde238a1c20b25d2f18b16ca0c51ec40bff41683be34d
wildfake,Images/GAN_based.zip,GAN_based/Typical/styleGAN/sg3/stylegan3-r-ffhq-1024x1024/img002215.jpg,data/wildfake/stylegan3/45a944441114a434.jpg,1,stylegan3,ffhq,train,1bed8eee81aa653aa8a318e80bb8ea7c4dfa0f2703594658ca76aad56084d16a
wildfake,Images/GAN_based.zip,GAN_based/Typical/styleGAN/sg3/stylegan3-t-metfaces-1024x1024/img000157.jpg,data/wildfake/stylegan3/009d7631ac826154.jpg,1,stylegan3,ffhq,train,98b1caffb9862dc002aa3dd0df93efab76398100826a16b35698f94ce822ffa3
wildfake,Images/GAN_based.zip,GAN_based/Typical/styleGAN/sg3/stylegan3-r-ffhqu-1024x1024/img001117.jpg,data/wildfake/stylegan3/0047604fdb1acb81.jpg,1,stylegan3,ffhq,train,4078c343f477097c1a4ffe9f00e59241168a4fc351f5ba78de793be3ea76fadc
wildfake,Images/GAN_based.zip,GAN_based/Typical/styleGAN/sg3/stylegan3-t-metfacesu-1024x1024/img005814.jpg,data/wildfake/stylegan3/221ba3e0495a79f1.jpg,1,stylegan3,ffhq,train,17652345b8c29b1effe5c3b1f0e323a69f939853d491fe4cd3e79dbb0197670e
wildfake,Images/GAN_based.zip,GAN_based/Typical/styleGAN/sg3/stylegan3-r-ffhq-1024x1024/img005051.jpg,data/wildfake/stylegan3/6eb75367e14caea4.jpg,1,stylegan3,ffhq,train,b857076421a700324caf9138363e35720847ed58b62440c0c048107d5bfe0171
wildfake,Images/GAN_based.zip,GAN_based/Typical/styleGAN/sg3/stylegan3-r-metfaces-1024x1024/img002188.jpg,data/wildfake/stylegan3/13f682c8c1e3211b.jpg,1,stylegan3,ffhq,train,6890a2f647babe775a41eb1e9db61c2d1049dfbc36c51c1a54710c2cef6f2c60
wildfake,Images/GAN_based.zip,GAN_based/Typical/styleGAN/sg3/stylegan3-t-metfaces-1024x1024/img003017.jpg,data/wildfake/stylegan3/6708dabd82ed8362.jpg,1,stylegan3,ffhq,train,446bd8b2c24d180cab1fa9175a23ce8b910becd6fe6b5b65a3ffb6d529f4c813
wildfake,Images/GAN_based.zip,GAN_based/Typical/styleGAN/sg3/stylegan3-r-ffhqu-1024x1024/img004707.jpg,data/wildfake/stylegan3/c66a185b8999109b.jpg,1,stylegan3,ffhq,train,2c7d28c072ad0ce7945651cdfd80cc10f257d8aa2a432fd99e1cab9c0c38e73d
wildfake,Images/GAN_based.zip,GAN_based/Typical/styleGAN/sg3/stylegan3-r-afhqv2-512x512/img004635.jpg,data/wildfake/stylegan3/9eb3381c16f2ecb5.jpg,1,stylegan3,ffhq,train,f602bd482cdbcdc73229e1a2aa205294f2c0972a095658823a44716d92d2a15d
wildfake,Images/GAN_based.zip,GAN_based/Typical/styleGAN/sg3/stylegan3-t-afhqv2-512x512/img005652.jpg,data/wildfake/stylegan3/a28905906b240cab.jpg,1,stylegan3,ffhq,train,a07ea300b7695462c1911d2766db74478e75c0098dde5871f20f67d8dd493e25
wildfake,Images/GAN_based.zip,GAN_based/Typical/styleGAN/sg3/stylegan3-r-afhqv2-512x512/img000142.jpg,data/wildfake/stylegan3/76b69b75c81c516f.jpg,1,stylegan3,ffhq,train,98c2747fc3f61c19d7100a5454bc90b7763896b829b34cc70847839bd7f13fcf
wildfake,Images/GAN_based.zip,GAN_based/Typical/styleGAN/sg3/stylegan3-t-ffhqu-1024x1024/img007788.jpg,data/wildfake/stylegan3/5fb240535249ceaf.jpg,1,stylegan3,ffhq,train,90dbe566fc61e847b62616ccb102d93cc6b17710f324a279047e66b9a8eab298
wildfake,Images/GAN_based.zip,GAN_based/Typical/styleGAN/sg3/stylegan3-r-ffhq-1024x1024/img007213.jpg,data/wildfake/stylegan3/a28467bdfe0bfd8f.jpg,1,stylegan3,ffhq,train,c0dd01720afc5ca424129d0eec43f1861cdeba19a0a9ea57b19a3e02bb7e225f
wildfake,Images/GAN_based.zip,GAN_based/Typical/styleGAN/sg3/stylegan3-r-metfacesu-1024x1024/img003112.jpg,data/wildfake/stylegan3/3afa66b80e1dbf74.jpg,1,stylegan3,ffhq,train,be732fab2a88be77a1eaa88771aea5f37b137d8419918147c6b8be232fbdf90b
wildfake,Images/GAN_based.zip,GAN_based/Typical/styleGAN/sg3/stylegan3-r-metfacesu-1024x1024/img004349.jpg,data/wildfake/stylegan3/ee1399f5541eb258.jpg,1,stylegan3,ffhq,train,9dc34d2d51cc1ebefda17df44fe8147722754adb6a96d3d8042f60e82cf99c06
wildfake,Images/GAN_based.zip,GAN_based/Typical/styleGAN/sg3/stylegan3-t-afhqv2-512x512/img003544.jpg,data/wildfake/stylegan3/da63ab5c8cb5e167.jpg,1,stylegan3,ffhq,train,f4eeeb68a1f0882d8fb41b6b3d51d5c3ac6804ac75a5ebeacf836216b8abc1c2
wildfake,Images/GAN_based.zip,GAN_based/Typical/styleGAN/sg3/stylegan3-t-metfaces-1024x1024/img001673.jpg,data/wildfake/stylegan3/27ea333c4432c73d.jpg,1,stylegan3,ffhq,train,7cda45a91780af91e25bb4ca66dba824651c311eed036db2481d0a47209c2bc4
wildfake,Images/GAN_based.zip,GAN_based/Typical/styleGAN/sg3/stylegan3-r-metfaces-1024x1024/img002326.jpg,data/wildfake/stylegan3/7869b7fd047b306a.jpg,1,stylegan3,ffhq,train,c8d138b4a698a1ee19f9090f6ea88774b896cc2b2fe13173ed47e7ab739ab341
wildfake,Images/GAN_based.zip,GAN_based/Typical/styleGAN/sg3/stylegan3-t-afhqv2-512x512/img001232.jpg,data/wildfake/stylegan3/c8aed65dfb406be0.jpg,1,stylegan3,ffhq,train,254426bdac225a44a2b9f974c2ac505567d9a46e6b335710c7c647a6edc1aea7
wildfake,Images/GAN_based.zip,GAN_based/Typical/styleGAN/sg3/stylegan3-r-ffhqu-1024x1024/img003758.jpg,data/wildfake/stylegan3/60bd5d3c49c6dd9f.jpg,1,stylegan3,ffhq,train,06c6f448bec772401c37c20dc4dc098a93b613672624821aa0536c6dae066493
wildfake,Images/GAN_based.zip,GAN_based/Typical/styleGAN/sg3/stylegan3-r-metfacesu-1024x1024/img005550.jpg,data/wildfake/stylegan3/abd274721256b9cf.jpg,1,stylegan3,ffhq,train,ef69f0654a489f04306a73e3c77b2a52e2fba6bf75cfadab5a8cd26d6605c723
wildfake,Images/GAN_based.zip,GAN_based/Typical/styleGAN/sg3/stylegan3-t-ffhqu-1024x1024/img000120.jpg,data/wildfake/stylegan3/843a6859cf8ab6b5.jpg,1,stylegan3,ffhq,train,cf50726a99ba30c894d384591dc3170ef009b052ff79c279a6302e6794b2f2da
wildfake,Images/GAN_based.zip,GAN_based/Typical/styleGAN/sg3/stylegan3-t-ffhq-1024x1024/img002703.jpg,data/wildfake/stylegan3/dae2d8109c3a54a6.jpg,1,stylegan3,ffhq,train,250131a561bf0a395e975bdaec36f88a279204cbb65084d3d874d488ee3c309d
wildfake,Images/GAN_based.zip,GAN_based/Typical/styleGAN/sg3/stylegan3-r-ffhqu-1024x1024/img002070.jpg,data/wildfake/stylegan3/3c70ae97ff7f47ec.jpg,1,stylegan3,ffhq,train,76b0438ac1d5152d611a0f6153b58996b7eb6aed2b2f80e67d96d336dce9441a
wildfake,Images/GAN_based.zip,GAN_based/Typical/styleGAN/sg3/stylegan3-r-ffhq-1024x1024/img007825.jpg,data/wildfake/stylegan3/92e2c1114e48dcf7.jpg,1,stylegan3,ffhq,train,6d4794c3676ea1ffbac7aa97d8dbcea593980245fa1afcd5165038fba9347e83
wildfake,Images/GAN_based.zip,GAN_based/Typical/styleGAN/sg3/stylegan3-r-metfacesu-1024x1024/img006219.jpg,data/wildfake/stylegan3/aea29d976f8c545b.jpg,1,stylegan3,ffhq,train,7f51f9cd049e2d439a69027d8b9967fab55dcadcdfc262f53f8c19239829db1f
wildfake,Images/GAN_based.zip,GAN_based/Typical/styleGAN/sg3/stylegan3-r-metfacesu-1024x1024/img003649.jpg,data/wildfake/stylegan3/fb41ddf2fc2fe8c1.jpg,1,stylegan3,ffhq,train,81724a8b1d399cb1f17ee36ba4000596db77ff54503bf3138a5906e12f5ad4f4
wildfake,Images/GAN_based.zip,GAN_based/Typical/styleGAN/sg3/stylegan3-r-metfacesu-1024x1024/img007537.jpg,data/wildfake/stylegan3/1e940455587a4640.jpg,1,stylegan3,ffhq,train,d686f6aa51308989b691abb94ab4fbf3707c70c0d79161a2854247c673eda635
wildfake,Images/GAN_based.zip,GAN_based/Typical/styleGAN/sg3/stylegan3-r-ffhq-1024x1024/img004527.jpg,data/wildfake/stylegan3/33cefd4496020492.jpg,1,stylegan3,ffhq,train,1dcc94534524d4ed5496d75440b2c81fdea11a8d6de13e96c16f08fc7279d87e
wildfake,Images/GAN_based.zip,GAN_based/Typical/styleGAN/sg3/stylegan3-t-afhqv2-512x512/img006030.jpg,data/wildfake/stylegan3/cb70cd1ab0594069.jpg,1,stylegan3,ffhq,train,ca34d153b1783d385b7e843b9b5224c818daa836c7e1c6ea70913dbf9c332868
wildfake,Images/GAN_based.zip,GAN_based/Typical/styleGAN/sg3/stylegan3-t-afhqv2-512x512/img002899.jpg,data/wildfake/stylegan3/2b1ac94dc8ac9b5e.jpg,1,stylegan3,ffhq,train,3f3f7265b54efcc23d24dae5067777515c7e3c0940b6425455f3058b0656b13d
wildfake,Images/GAN_based.zip,GAN_based/Typical/styleGAN/sg3/stylegan3-r-ffhq-1024x1024/img001808.jpg,data/wildfake/stylegan3/6ec693cece9325d6.jpg,1,stylegan3,ffhq,train,1bfad29f9dd4556b5f6165152d8746109702125b9a21b64c3cb1635552312f64
wildfake,Images/GAN_based.zip,GAN_based/Typical/styleGAN/sg3/stylegan3-t-afhqv2-512x512/img002179.jpg,data/wildfake/stylegan3/411126dfc974af8d.jpg,1,stylegan3,ffhq,train,4780123717e8fa9bdece78d4c36d3c9180c0915015aca878e46f714d9e361765
wildfake,Images/GAN_based.zip,GAN_based/Typical/styleGAN/sg3/stylegan3-t-metfacesu-1024x1024/img005831.jpg,data/wildfake/stylegan3/4d115f2c3c437ab9.jpg,1,stylegan3,ffhq,train,134ebc63d4bd5b78371111692c4e4ecb78c94ebb98b1caada8995abc4cb5f16a
wildfake,Images/GAN_based.zip,GAN_based/Typical/styleGAN/sg3/stylegan3-r-ffhq-1024x1024/img005624.jpg,data/wildfake/stylegan3/338afe3d1412f655.jpg,1,stylegan3,ffhq,train,584e96ac73ecafe0dc31e132b73c02efedf73c0ad3909bdaa83c970672e43b03
wildfake,Images/GAN_based.zip,GAN_based/Typical/styleGAN/sg3/stylegan3-t-metfaces-1024x1024/img001597.jpg,data/wildfake/stylegan3/d2ccfcd372d85ce4.jpg,1,stylegan3,ffhq,train,f9012dab70e3f1d61bdb0aa767cfc75a4306a64270f02f836fa46cf491f4302e
wildfake,Images/GAN_based.zip,GAN_based/Typical/styleGAN/sg3/stylegan3-r-ffhqu-1024x1024/img001451.jpg,data/wildfake/stylegan3/6edd8c8e469f56f2.jpg,1,stylegan3,ffhq,train,9e635fb97c0bb113533a69c8e61ca3e5cd574dbc03372153c481fe74796a16fa
wildfake,Images/GAN_based.zip,GAN_based/Typical/styleGAN/sg3/stylegan3-t-metfacesu-1024x1024/img005276.jpg,data/wildfake/stylegan3/cf3b28d474bd6e8e.jpg,1,stylegan3,ffhq,train,0efa23ef5589882c8e475794dda847e96b7be247a9a0746f8854f900f6c10c9a
wildfake,Images/GAN_based.zip,GAN_based/Typical/styleGAN/sg3/stylegan3-r-ffhq-1024x1024/img000292.jpg,data/wildfake/stylegan3/705be0563791060b.jpg,1,stylegan3,ffhq,train,2743cdae1a6b46ea0cf9f631dd7cf1c06da1f5444690f6c90a1785587e46aad7
wildfake,Images/GAN_based.zip,GAN_based/Typical/styleGAN/sg3/stylegan3-r-metfacesu-1024x1024/img006230.jpg,data/wildfake/stylegan3/139bf4d15627d161.jpg,1,stylegan3,ffhq,train,943387321a2c143a91226fc7622bb64b52c28063c2aedd4df314a7ee02c0948e
wildfake,Images/GAN_based.zip,GAN_based/Typical/styleGAN/sg3/stylegan3-r-ffhqu-1024x1024/img004203.jpg,data/wildfake/stylegan3/ae51c37c268a67c5.jpg,1,stylegan3,ffhq,train,2329c516b8df1c0153aac14a62dab2ee400c6997dfd464e97c21b408ac0e3791
wildfake,Images/GAN_based.zip,GAN_based/Typical/styleGAN/sg3/stylegan3-r-metfacesu-1024x1024/img007874.jpg,data/wildfake/stylegan3/f2de65d4090c9b36.jpg,1,stylegan3,ffhq,train,4b051f029a7f554d9f7a21e3082f17cddd776df49b61ea4dbd9e86101f06ff3a
wildfake,Images/GAN_based.zip,GAN_based/Typical/styleGAN/sg3/stylegan3-t-metfacesu-1024x1024/img006174.jpg,data/wildfake/stylegan3/84f8177b101461e5.jpg,1,stylegan3,ffhq,train,229f7ea89486e4ace0f81f8608b60d50805393c1404acae7ac8c58e33755b0a9
wildfake,Images/GAN_based.zip,GAN_based/Typical/styleGAN/sg3/stylegan3-r-ffhqu-1024x1024/img006706.jpg,data/wildfake/stylegan3/87143ed2d6bdebea.jpg,1,stylegan3,ffhq,train,149dcfec244f3bd927d7a67c2c404c651891c2d5a41ab61e1dba1a834e21a06a
wildfake,Images/GAN_based.zip,GAN_based/Typical/styleGAN/sg3/stylegan3-t-metfacesu-1024x1024/img004315.jpg,data/wildfake/stylegan3/8864e6b5cacc47cb.jpg,1,stylegan3,ffhq,train,a952d3e0488726a0e9c18d7bae4d0ccc3f41d8e79e6f4681969bf97cfccb8f89
wildfake,Images/GAN_based.zip,GAN_based/Typical/styleGAN/sg3/stylegan3-r-afhqv2-512x512/img000088.jpg,data/wildfake/stylegan3/ab3be7e836eb6931.jpg,1,stylegan3,ffhq,train,3e496db96d6f8f6c290ea7da6196d949c46c60b6907c77c439947764854e057b
wildfake,Images/GAN_based.zip,GAN_based/Typical/styleGAN/sg3/stylegan3-t-ffhq-1024x1024/img007163.jpg,data/wildfake/stylegan3/2b0c3337eddd5ce8.jpg,1,stylegan3,ffhq,train,06d726379c4e9678589cfaac8eafc19ffeb1acd566f8408356f808e416e83be4
wildfake,Images/GAN_based.zip,GAN_based/Typical/styleGAN/sg3/stylegan3-t-ffhqu-1024x1024/img004012.jpg,data/wildfake/stylegan3/0d1edf96105508b8.jpg,1,stylegan3,ffhq,train,c63a47c0d4faa24fc5f48851a02b498dfb6324609287a069a4c5da38161a715f
wildfake,Images/GAN_based.zip,GAN_based/Typical/styleGAN/sg3/stylegan3-r-afhqv2-512x512/img002134.jpg,data/wildfake/stylegan3/1a6a60cebbb0fea8.jpg,1,stylegan3,ffhq,train,0e037ec868186ab0734d3b4f724e502a4c89ea9869ac49578a20f994cbcd1b1a
wildfake,Images/GAN_based.zip,GAN_based/Typical/styleGAN/sg3/stylegan3-t-metfacesu-1024x1024/img005621.jpg,data/wildfake/stylegan3/15d57862ea4aa862.jpg,1,stylegan3,ffhq,train,8f096d7ff80f7711f223de3b21b5e48110167d3464366b300e3cda93143e1cb7
wildfake,Images/GAN_based.zip,GAN_based/Typical/styleGAN/sg3/stylegan3-t-metfaces-1024x1024/img004084.jpg,data/wildfake/stylegan3/4f5f95af1e556e58.jpg,1,stylegan3,ffhq,train,ac780b55483a7118e936226b04f42e8e822c8110202ae019779ac59c0fda0b04
wildfake,Images/GAN_based.zip,GAN_based/Typical/styleGAN/sg3/stylegan3-t-metfaces-1024x1024/img003425.jpg,data/wildfake/stylegan3/06ee43f242e156e3.jpg,1,stylegan3,ffhq,train,2c23b4a23b7932c3e922f9d4f85eba084c355538851357770bf0f8222641e13a
wildfake,Images/GAN_based.zip,GAN_based/Typical/styleGAN/sg3/stylegan3-r-ffhq-1024x1024/img003401.jpg,data/wildfake/stylegan3/c27c881e97ab8d29.jpg,1,stylegan3,ffhq,train,597bbaab0780bf240d5d9fc6f7ebc0f9691a7ceae6a6b113f614f8b631ddf5f4
wildfake,Images/GAN_based.zip,GAN_based/Typical/styleGAN/sg3/stylegan3-r-afhqv2-512x512/img005754.jpg,data/wildfake/stylegan3/7135a96707670046.jpg,1,stylegan3,ffhq,train,5028dc553b0c85ab0aef2d97883a36e4c5bd072a579ca05a336d99e8c48d31bc
wildfake,Images/GAN_based.zip,GAN_based/Typical/styleGAN/sg3/stylegan3-t-ffhqu-1024x1024/img000302.jpg,data/wildfake/stylegan3/633a1356cd7c321f.jpg,1,stylegan3,ffhq,train,62252667c37ca272d44fbcf84ea83a4c3a497072bb722f4e00771cdf304a2e1f
wildfake,Images/GAN_based.zip,GAN_based/Typical/styleGAN/sg3/stylegan3-r-ffhqu-1024x1024/img003840.jpg,data/wildfake/stylegan3/5c99d8b71de9a134.jpg,1,stylegan3,ffhq,train,06e7cd790a68efe38fb08283ad25681c00fa5aaa54dc627d4c67b1365bfdcf57
wildfake,Images/GAN_based.zip,GAN_based/Typical/styleGAN/sg3/stylegan3-r-metfacesu-1024x1024/img004467.jpg,data/wildfake/stylegan3/f84d63bb7123b419.jpg,1,stylegan3,ffhq,train,5e6a7f8258e80dcbc1599f328f6e1266b4f92606a41f7bc49e43009dc03191ed
wildfake,Images/GAN_based.zip,GAN_based/Typical/styleGAN/sg3/stylegan3-t-ffhqu-1024x1024/img006784.jpg,data/wildfake/stylegan3/a92967e68763188e.jpg,1,stylegan3,ffhq,train,7f75e336a2926a694c24fac476a21c8209d5eaae1849db4985e04d408d0a1784
wildfake,Images/GAN_based.zip,GAN_based/Typical/styleGAN/sg3/stylegan3-t-ffhqu-1024x1024/img000420.jpg,data/wildfake/stylegan3/f47b521d327e7d50.jpg,1,stylegan3,ffhq,train,cb1857caa0be89b938cd4271879ebe8bb08f156457025e1c24709c5c6b144680
wildfake,Images/GAN_based.zip,GAN_based/Typical/styleGAN/sg3/stylegan3-r-ffhqu-1024x1024/img005544.jpg,data/wildfake/stylegan3/1e5b408da2f5782e.jpg,1,stylegan3,ffhq,train,257bb4baa09e735dee4033c3d5c4d5d40afc4a024c7859a4e6e20510edc25005
wildfake,Images/GAN_based.zip,GAN_based/Typical/styleGAN/sg3/stylegan3-t-metfaces-1024x1024/img000921.jpg,data/wildfake/stylegan3/b3a90ed33a757056.jpg,1,stylegan3,ffhq,train,695e57c6f589d38c2ee7284faec2250a3e3af80a5139067c30d87e7494247356
wildfake,Images/GAN_based.zip,GAN_based/Typical/styleGAN/sg3/stylegan3-r-ffhqu-1024x1024/img001132.jpg,data/wildfake/stylegan3/dee2cf197ad87d7c.jpg,1,stylegan3,ffhq,train,68c0b6c13a82cfd6795d10abc89ec92f08c7e8d49e3e5d259e7612b7bbd0cfa1
wildfake,Images/GAN_based.zip,GAN_based/Typical/styleGAN/sg3/stylegan3-t-metfaces-1024x1024/img000985.jpg,data/wildfake/stylegan3/d5ba12af8e6051be.jpg,1,stylegan3,ffhq,train,1a3670c11bc1862c22fbc47b63e89c20ac96887ca8585bd699246476595fc092
wildfake,Images/GAN_based.zip,GAN_based/Typical/styleGAN/sg3/stylegan3-t-metfaces-1024x1024/img001481.jpg,data/wildfake/stylegan3/8d270b9c82dec7b0.jpg,1,stylegan3,ffhq,train,3a4d81fe634a85f31eae9a4e40bd3954680afb1e139200e80101b4af1a416573
wildfake,Images/GAN_based.zip,GAN_based/Typical/styleGAN/sg3/stylegan3-t-afhqv2-512x512/img001071.jpg,data/wildfake/stylegan3/42b567015201275d.jpg,1,stylegan3,ffhq,train,bc91fd287e95b4851cc7f35142ba12da26a2bc5a0aefa12c6c649b89749c6ad9
wildfake,Images/GAN_based.zip,GAN_based/Typical/styleGAN/sg3/stylegan3-r-afhqv2-512x512/img003847.jpg,data/wildfake/stylegan3/c2fc14daacbfa7af.jpg,1,stylegan3,ffhq,train,79f93100df652fb7a50ea30a69eeb68d35f7ca593080dfc77d08970eabaded79
wildfake,Images/GAN_based.zip,GAN_based/Typical/styleGAN/sg3/stylegan3-t-metfaces-1024x1024/img007046.jpg,data/wildfake/stylegan3/c613c9a1a78ed1fe.jpg,1,stylegan3,ffhq,train,9233aaaacd7deb83ba7436190124ee7f16fe4ab70583f3936bb1c25d4040e6f8
wildfake,Images/GAN_based.zip,GAN_based/Typical/styleGAN/sg3/stylegan3-r-metfacesu-1024x1024/img005836.jpg,data/wildfake/stylegan3/5d72c3b62a2bef1a.jpg,1,stylegan3,ffhq,train,39c2a7e4eda29812b996479f996f5b60bda88406a7f5b88f1b19a14f9778043c
wildfake,Images/GAN_based.zip,GAN_based/Typical/styleGAN/sg3/stylegan3-r-metfaces-1024x1024/img003925.jpg,data/wildfake/stylegan3/601e1c03c8f23f17.jpg,1,stylegan3,ffhq,train,c130e3bc2a001d06b841d1b27639ffc3282d2bcaa7dcb808aab81750cd2e92d3
wildfake,Images/GAN_based.zip,GAN_based/Typical/styleGAN/sg3/stylegan3-r-ffhqu-1024x1024/img004012.jpg,data/wildfake/stylegan3/7d0c84bbe212eb7f.jpg,1,stylegan3,ffhq,train,dee3e1548e01376b141fe846d9d35df03dc267534ce13c47e7d1bb63bd0bbd89
wildfake,Images/GAN_based.zip,GAN_based/Typical/styleGAN/sg3/stylegan3-r-ffhqu-1024x1024/img003735.jpg,data/wildfake/stylegan3/2510068d03e2e063.jpg,1,stylegan3,ffhq,train,d37e8aede23f94c7dcc418d132d3eea7411636b3412e61540c90e9f1fedd2d1d
wildfake,Images/GAN_based.zip,GAN_based/Typical/styleGAN/sg3/stylegan3-t-afhqv2-512x512/img001180.jpg,data/wildfake/stylegan3/6293c02c288b038c.jpg,1,stylegan3,ffhq,train,979fe7095da92e3f1674a4edf9c04af86e3e714338c4e527995fb988d3e54cf6
wildfake,Images/GAN_based.zip,GAN_based/Typical/styleGAN/sg3/stylegan3-t-metfaces-1024x1024/img006328.jpg,data/wildfake/stylegan3/2781ccf537c56180.jpg,1,stylegan3,ffhq,train,f00bd47a4410fa9a2eab81f1a36e873c0c774d515c9a7ebf2fc7fb065f0299a7
wildfake,Images/GAN_based.zip,GAN_based/Typical/styleGAN/sg3/stylegan3-t-metfaces-1024x1024/img002692.jpg,data/wildfake/stylegan3/452667d50aa9ec0f.jpg,1,stylegan3,ffhq,train,b9723a65805c63920b8c903f3d0786d9b2dc3c1b0597e736a894abe0c03dd494
wildfake,Images/GAN_based.zip,GAN_based/Typical/styleGAN/sg3/stylegan3-t-metfaces-1024x1024/img005534.jpg,data/wildfake/stylegan3/a40632f1f7ff647e.jpg,1,stylegan3,ffhq,train,4ad313dee12d53fe6624da945002924fc7cba38c7fb0868cb212811da0e9b2d8
wildfake,Images/GAN_based.zip,GAN_based/Typical/styleGAN/sg3/stylegan3-r-afhqv2-512x512/img007925.jpg,data/wildfake/stylegan3/71185217db3254fe.jpg,1,stylegan3,ffhq,train,6ae9c45ff3cccc858668a8f2fe2c286079d2da36d0811ab4d1a682a788d4b64a
wildfake,Images/GAN_based.zip,GAN_based/Typical/styleGAN/sg3/stylegan3-t-ffhqu-1024x1024/img004731.jpg,data/wildfake/stylegan3/bd188bb0dad62b34.jpg,1,stylegan3,ffhq,train,8381fb29ef5c7c30ddd194dd5c5a73a0849d5f3137e4d3d05abb3546126ac504
wildfake,Images/GAN_based.zip,GAN_based/Typical/styleGAN/sg3/stylegan3-r-metfaces-1024x1024/img007775.jpg,data/wildfake/stylegan3/49cb47e8ff11e570.jpg,1,stylegan3,ffhq,train,62bd133eca02d7cf0a13669224403d192d3d0e018fe62915667dd90d6ac0f952
wildfake,Images/GAN_based.zip,GAN_based/Typical/styleGAN/sg3/stylegan3-r-metfaces-1024x1024/img004277.jpg,data/wildfake/stylegan3/935dc58c1c9f985b.jpg,1,stylegan3,ffhq,train,0813747284be1b6576a32ce20aba9593781854e27bdfc79037968d982ed455a4
wildfake,Images/GAN_based.zip,GAN_based/Typical/styleGAN/sg3/stylegan3-r-metfaces-1024x1024/img005253.jpg,data/wildfake/stylegan3/1278d3ac4320503f.jpg,1,stylegan3,ffhq,train,8eee3692c1f0972aaea11833543ab632188a0a8e939b7f3c6dd834e012b3b3e1
wildfake,Images/GAN_based.zip,GAN_based/Typical/styleGAN/sg3/stylegan3-r-ffhq-1024x1024/img004481.jpg,data/wildfake/stylegan3/de93ad6b59517cd3.jpg,1,stylegan3,ffhq,train,71da1e55a87d87e7ba60e25dfdb34691852db36e23ba0858aee9029f5d6355c7
wildfake,Images/GAN_based.zip,GAN_based/Typical/styleGAN/sg3/stylegan3-r-ffhqu-1024x1024/img002242.jpg,data/wildfake/stylegan3/df40bd7b828a298e.jpg,1,stylegan3,ffhq,train,e9154c34f147a67787246d4f3bd13ed669c3ff4a5961601dc544b2e851f25188
wildfake,Images/GAN_based.zip,GAN_based/Typical/styleGAN/sg3/stylegan3-r-metfaces-1024x1024/img003215.jpg,data/wildfake/stylegan3/db5826f32b59f15f.jpg,1,stylegan3,ffhq,train,a44076cf5e5610c46afffd248af68ee4a0d850cf85c7853d15def9e502acf004
wildfake,Images/GAN_based.zip,GAN_based/Typical/styleGAN/sg3/stylegan3-t-metfaces-1024x1024/img003582.jpg,data/wildfake/stylegan3/76b6c5cf2f35a230.jpg,1,stylegan3,ffhq,train,80717a5aa3aed35d1c5cd50a696199e729c74ed093bc9671732c6884b70d913d
wildfake,Images/GAN_based.zip,GAN_based/Typical/styleGAN/sg3/stylegan3-t-afhqv2-512x512/img001288.jpg,data/wildfake/stylegan3/c9e98a807a95dc18.jpg,1,stylegan3,ffhq,train,7a72a3f76817126c018d876a82421abcf9a7dd89d04b65a18e4cbc832d122156
wildfake,Images/GAN_based.zip,GAN_based/Typical/styleGAN/sg3/stylegan3-t-ffhqu-1024x1024/img004238.jpg,data/wildfake/stylegan3/70ad15a74750cb62.jpg,1,stylegan3,ffhq,train,294812009ee7e97628ba623ab5d8a520dcf8559a718139247d212130bc07840c
wildfake,Images/GAN_based.zip,GAN_based/Typical/styleGAN/sg3/stylegan3-t-ffhq-1024x1024/img006522.jpg,data/wildfake/stylegan3/96500e71c9120e46.jpg,1,stylegan3,ffhq,train,a6edb2a49db937585c2d4130b0d9c172258e448eae44f967839de1608217e5a9
wildfake,Images/GAN_based.zip,GAN_based/Typical/styleGAN/sg3/stylegan3-r-ffhq-1024x1024/img000200.jpg,data/wildfake/stylegan3/a58102248db75cb2.jpg,1,stylegan3,ffhq,train,02b17f4e5243ae53a4af57d05cda610e63c647401fd69145cc058e884779e4f2
wildfake,Images/GAN_based.zip,GAN_based/Typical/styleGAN/sg3/stylegan3-r-metfacesu-1024x1024/img000819.jpg,data/wildfake/stylegan3/ed2ac104ecbbf68f.jpg,1,stylegan3,ffhq,train,96e38b1637601b032f86d8d69a554059a3bcac5fe2c6d6ce479b70a80b11aae1
wildfake,Images/GAN_based.zip,GAN_based/Typical/styleGAN/sg3/stylegan3-t-metfacesu-1024x1024/img003340.jpg,data/wildfake/stylegan3/342423f564907d2f.jpg,1,stylegan3,ffhq,train,76b1803ba812bf8a062d90cb008eadbdb57598a4d02d1d6326e45142cea36f99
wildfake,Images/GAN_based.zip,GAN_based/Typical/styleGAN/sg3/stylegan3-r-metfaces-1024x1024/img001830.jpg,data/wildfake/stylegan3/19105069425b508f.jpg,1,stylegan3,ffhq,train,dbc831c13703111406e530d47e5712e77e2acf643905e3090d20f951226bcd46
wildfake,Images/GAN_based.zip,GAN_based/Typical/styleGAN/sg3/stylegan3-t-metfaces-1024x1024/img005443.jpg,data/wildfake/stylegan3/060cad7033357bff.jpg,1,stylegan3,ffhq,train,cf729dfeefacea44ec115c5fcc1154cdc4ae8096fa64ebe887c4b0ad0df52a5d
wildfake,Images/GAN_based.zip,GAN_based/Typical/styleGAN/sg3/stylegan3-r-metfacesu-1024x1024/img005858.jpg,data/wildfake/stylegan3/56c89c820b7b7189.jpg,1,stylegan3,ffhq,train,dcffffa24d0b2fafc4959aa68951eac87a9651cf6ef05ccaff370a4316fcfcc7
wildfake,Images/GAN_based.zip,GAN_based/Typical/styleGAN/sg3/stylegan3-r-afhqv2-512x512/img003527.jpg,data/wildfake/stylegan3/6db2482ee731d525.jpg,1,stylegan3,ffhq,train,4878f89d33c901f3e95842ecd56a9c62733de3f658804fa3d30f715acaa6ac9e
wildfake,Images/GAN_based.zip,GAN_based/Typical/styleGAN/sg3/stylegan3-r-ffhqu-1024x1024/img004618.jpg,data/wildfake/stylegan3/31922ef4d06c2043.jpg,1,stylegan3,ffhq,train,e1bee5fcb3620aca64ae19c290574dd469d619d6da448e78f6606659beb7759a
wildfake,Images/GAN_based.zip,GAN_based/Typical/styleGAN/sg3/stylegan3-r-metfacesu-1024x1024/img000053.jpg,data/wildfake/stylegan3/695142d62d690b21.jpg,1,stylegan3,ffhq,train,0a208d1d614a389c8a457f407e8328862fb58fca55e4d39dc9b98a39fde874a3
wildfake,Images/GAN_based.zip,GAN_based/Typical/styleGAN/sg3/stylegan3-t-afhqv2-512x512/img005406.jpg,data/wildfake/stylegan3/e14a45148464803f.jpg,1,stylegan3,ffhq,train,e7dfe4971602c20ae4b356ea76d72b0cac558a2184cc68233fec6bdf564a5a1b
wildfake,Images/GAN_based.zip,GAN_based/Typical/styleGAN/sg3/stylegan3-r-metfacesu-1024x1024/img006200.jpg,data/wildfake/stylegan3/f3ca75bc70c89163.jpg,1,stylegan3,ffhq,train,8c8ddaa325ec84120da1fe4f781ff5ca17b8035190bbbffcd8c5bc2bede79341
wildfake,Images/GAN_based.zip,GAN_based/Typical/styleGAN/sg3/stylegan3-t-ffhqu-1024x1024/img001684.jpg,data/wildfake/stylegan3/fb7bbb84abaa80fc.jpg,1,stylegan3,ffhq,train,2d55fec6c7440a5d3a35ec9f784a259cbd8ddf129d18c1d622fc472b93aa9bf0
wildfake,Images/GAN_based.zip,GAN_based/Typical/styleGAN/sg3/stylegan3-t-metfaces-1024x1024/img001065.jpg,data/wildfake/stylegan3/1598ce3a772ab60a.jpg,1,stylegan3,ffhq,train,4db1fef4448323cd4fb4727a402b52d10b8053fff58997d7d2d37c6fde0890cc
wildfake,Images/GAN_based.zip,GAN_based/Typical/styleGAN/sg3/stylegan3-t-afhqv2-512x512/img000306.jpg,data/wildfake/stylegan3/c2507db0d4195878.jpg,1,stylegan3,ffhq,train,abd606ae910904b1ed0f080a5b500fd779a868810994538221ab56e0b5d9ee30
wildfake,Images/GAN_based.zip,GAN_based/Typical/styleGAN/sg3/stylegan3-t-ffhq-1024x1024/img007885.jpg,data/wildfake/stylegan3/30fcc46da35454f5.jpg,1,stylegan3,ffhq,train,60a63660f7745c22cfc285c84767a2a3d4a5bd9c74671f3663017b0fef139fa8
wildfake,Images/GAN_based.zip,GAN_based/Typical/styleGAN/sg3/stylegan3-t-ffhqu-1024x1024/img007277.jpg,data/wildfake/stylegan3/cd8369a5c79dc700.jpg,1,stylegan3,ffhq,train,46101211bab71074ab2fcb030c00a14942c17fe165b5d2f250ad60e672c25101
wildfake,Images/GAN_based.zip,GAN_based/Typical/styleGAN/sg3/stylegan3-t-ffhq-1024x1024/img007353.jpg,data/wildfake/stylegan3/78e08c7d8d0a5890.jpg,1,stylegan3,ffhq,train,5ed760a324b118f83b638b00f69e1514caa4571dca682ebcbb08ddb4cbae8a90
wildfake,Images/GAN_based.zip,GAN_based/Typical/styleGAN/sg3/stylegan3-t-afhqv2-512x512/img001480.jpg,data/wildfake/stylegan3/b5fbf956380adbf6.jpg,1,stylegan3,ffhq,train,86c134d306803ebb5b25c5d471e52c53c312599af37882edf343f0c76dcf71b8
wildfake,Images/GAN_based.zip,GAN_based/Typical/styleGAN/sg3/stylegan3-t-metfacesu-1024x1024/img003223.jpg,data/wildfake/stylegan3/8a4442d4776d70ba.jpg,1,stylegan3,ffhq,train,67b8c6a8f21496715447ce04145812657c525222a785e2b666bed515ae0c5106
wildfake,Images/GAN_based.zip,GAN_based/Typical/styleGAN/sg3/stylegan3-r-afhqv2-512x512/img001807.jpg,data/wildfake/stylegan3/a1b93eb24cf96d65.jpg,1,stylegan3,ffhq,train,5dc5b7bab56b8b463deafd936b833d4397ba064d665068dd9f788fb20682525b
wildfake,Images/GAN_based.zip,GAN_based/Typical/styleGAN/sg3/stylegan3-t-ffhqu-1024x1024/img006814.jpg,data/wildfake/stylegan3/63a1fe45bcb6403a.jpg,1,stylegan3,ffhq,train,8bec2899244ca3b9daa261f25a076fb9acefa2640e3d494846135d53cbce2fda
wildfake,Images/GAN_based.zip,GAN_based/Typical/styleGAN/sg3/stylegan3-t-metfacesu-1024x1024/img007638.jpg,data/wildfake/stylegan3/ea5120cd8a4f3434.jpg,1,stylegan3,ffhq,train,eb5c4127220e5a050073322dc194d612dd2184ed8e6099bc0d44c91f1736a583
wildfake,Images/GAN_based.zip,GAN_based/Typical/styleGAN/sg3/stylegan3-t-ffhqu-1024x1024/img003972.jpg,data/wildfake/stylegan3/cbbde5ba2f144f70.jpg,1,stylegan3,ffhq,train,faa57698ada598dc58ed83e44c27f1ffbc628a95b5468217bc1f8132379adffd
wildfake,Images/GAN_based.zip,GAN_based/Typical/styleGAN/sg3/stylegan3-r-ffhqu-1024x1024/img006613.jpg,data/wildfake/stylegan3/520ffcc10fd84755.jpg,1,stylegan3,ffhq,train,f62f0494601328276589e2c857f0870c8fe32d11f4c883c2dd334ef4fe7d66ea
wildfake,Images/GAN_based.zip,GAN_based/Typical/styleGAN/sg3/stylegan3-t-ffhq-1024x1024/img000741.jpg,data/wildfake/stylegan3/224378b4da9a2bf7.jpg,1,stylegan3,ffhq,train,c2bbb27e960c44e080dc29e456c5eda508ac7b4934f63be3c2f22f08704cd839
wildfake,Images/GAN_based.zip,GAN_based/Typical/styleGAN/sg3/stylegan3-r-ffhqu-1024x1024/img000142.jpg,data/wildfake/stylegan3/8af1325f57884431.jpg,1,stylegan3,ffhq,train,18f66c35021eaa8b2da11538585d26151c296cefc0ae86b5f344e1dcc96a5ad6
wildfake,Images/GAN_based.zip,GAN_based/Typical/styleGAN/sg3/stylegan3-t-afhqv2-512x512/img004966.jpg,data/wildfake/stylegan3/7ef387fa1cd30535.jpg,1,stylegan3,ffhq,train,7460b525ad129cce8fbb61181faeac1df35ed0e138a2dccf762b17dd68a5e37e
wildfake,Images/GAN_based.zip,GAN_based/Typical/styleGAN/sg3/stylegan3-t-metfacesu-1024x1024/img002302.jpg,data/wildfake/stylegan3/7eb766560ce8565e.jpg,1,stylegan3,ffhq,train,48716a17dc237ae90c7cc4f1400fefb840ece197fef0d9c335b70f948937a5aa
wildfake,Images/GAN_based.zip,GAN_based/Typical/styleGAN/sg3/stylegan3-r-ffhq-1024x1024/img003300.jpg,data/wildfake/stylegan3/fb6856a0b82d039f.jpg,1,stylegan3,ffhq,train,0d22c63a06096a811f55b31be13cb75d4b942a8f7fb7541cb13c34acb9b70bbc
wildfake,Images/GAN_based.zip,GAN_based/Typical/styleGAN/sg3/stylegan3-r-ffhq-1024x1024/img000371.jpg,data/wildfake/stylegan3/ce41f004333f0fda.jpg,1,stylegan3,ffhq,train,8e947e4c8e37f5ae51db5d11fcd3122737758ecad8620d70f03fc6abdb9d359c
wildfake,Images/GAN_based.zip,GAN_based/Typical/styleGAN/sg3/stylegan3-t-ffhq-1024x1024/img007194.jpg,data/wildfake/stylegan3/a7febda3a5305eb8.jpg,1,stylegan3,ffhq,train,9dac2e9077c7ead5dd8db1d5f6aa162a3d4ee7bb554a54f4776b04ff09f0243e
wildfake,Images/GAN_based.zip,GAN_based/Typical/styleGAN/sg3/stylegan3-t-metfacesu-1024x1024/img007800.jpg,data/wildfake/stylegan3/98eefa66b96b218e.jpg,1,stylegan3,ffhq,train,0d2777823202df78a7c325e24f1fdff4520574e1676e803cd021b476bcbf862e
wildfake,Images/GAN_based.zip,GAN_based/Typical/styleGAN/sg3/stylegan3-t-afhqv2-512x512/img007945.jpg,data/wildfake/stylegan3/aed160de0498e48b.jpg,1,stylegan3,ffhq,train,320201af59470adc65748c4ae49e2b9ac6692b2829935cd42b3748a92fc2780b
wildfake,Images/GAN_based.zip,GAN_based/Typical/styleGAN/sg3/stylegan3-t-ffhqu-1024x1024/img001342.jpg,data/wildfake/stylegan3/a1efb3606c993c87.jpg,1,stylegan3,ffhq,train,c29abcb879674185dfba71de6b9066fd9acceb5ced805e3ff6f491af29555bb7
wildfake,Images/GAN_based.zip,GAN_based/Typical/styleGAN/sg3/stylegan3-r-metfacesu-1024x1024/img003180.jpg,data/wildfake/stylegan3/2762d990825e5965.jpg,1,stylegan3,ffhq,train,994302c8fd7085c43ba6683adf803b06f2213eb854d7a93daac3e33df2990905
wildfake,Images/GAN_based.zip,GAN_based/Typical/styleGAN/sg3/stylegan3-r-metfaces-1024x1024/img004971.jpg,data/wildfake/stylegan3/b91afdcd3583ca05.jpg,1,stylegan3,ffhq,train,efcb3338dc5b88306049e92e2947d0e582e7b3c8ac0478e50e130e1e23bdcf41
wildfake,Images/GAN_based.zip,GAN_based/Typical/styleGAN/sg3/stylegan3-t-metfaces-1024x1024/img007612.jpg,data/wildfake/stylegan3/c32db4fb740818d7.jpg,1,stylegan3,ffhq,train,428a5028254c7be38b4d94b2b465d727ed1718329d7ef45f9001e378923cc2e8
wildfake,Images/GAN_based.zip,GAN_based/Typical/styleGAN/sg3/stylegan3-t-metfacesu-1024x1024/img000053.jpg,data/wildfake/stylegan3/c7eeb38d6604c518.jpg,1,stylegan3,ffhq,train,9b7659775ec4b8fea37c7e3c80846f43eba7fd648b3c84e8e29d4df00569794b
wildfake,Images/GAN_based.zip,GAN_based/Typical/styleGAN/sg3/stylegan3-t-metfaces-1024x1024/img007256.jpg,data/wildfake/stylegan3/249b8ac7db52a013.jpg,1,stylegan3,ffhq,train,ee56144221a08dc5b169c5b7125df6c4660054a13ad704e9f5910c9abcf799f3
wildfake,Images/GAN_based.zip,GAN_based/Typical/styleGAN/sg3/stylegan3-r-afhqv2-512x512/img005220.jpg,data/wildfake/stylegan3/5a66b2655e1d24d5.jpg,1,stylegan3,ffhq,train,a198c349865b78730c59692d785716dccba523c8e8983923486a149741defedb
wildfake,Images/GAN_based.zip,GAN_based/Typical/styleGAN/sg3/stylegan3-r-ffhqu-1024x1024/img001499.jpg,data/wildfake/stylegan3/891323bee05db2df.jpg,1,stylegan3,ffhq,train,a52d0a2d8bacb067416e72607f95909123b0d314fdb46067df06ad6c1bea78a4
wildfake,Images/GAN_based.zip,GAN_based/Typical/styleGAN/sg3/stylegan3-t-ffhq-1024x1024/img003502.jpg,data/wildfake/stylegan3/bf54eb8a2bb50bd5.jpg,1,stylegan3,ffhq,train,35ed02b0976fa14b84a3f108a33c35feca43cf62d704ff517722a89543c77968
wildfake,Images/GAN_based.zip,GAN_based/Typical/styleGAN/sg3/stylegan3-r-metfacesu-1024x1024/img000725.jpg,data/wildfake/stylegan3/3b882d5b810147ef.jpg,1,stylegan3,ffhq,train,294ae561e357a54f4794d32b6adbab05bf3a092c4ad939d4aef864dbefac14e3
wildfake,Images/GAN_based.zip,GAN_based/Typical/styleGAN/sg3/stylegan3-r-metfacesu-1024x1024/img000477.jpg,data/wildfake/stylegan3/7a6b4cba7dea46fd.jpg,1,stylegan3,ffhq,train,c2a2b52e29fdbf3723a6bcd6111dcf7c087d0a08d19bab5bad3840130cb52bd5
wildfake,Images/GAN_based.zip,GAN_based/Typical/styleGAN/sg3/stylegan3-r-ffhqu-1024x1024/img005542.jpg,data/wildfake/stylegan3/7c33d1d50586cf3a.jpg,1,stylegan3,ffhq,train,c6d6dfab54a7b105a14346feb7766398bd84e9402e1f304a9c50edb4096267ad
wildfake,Images/GAN_based.zip,GAN_based/Typical/styleGAN/sg3/stylegan3-r-metfaces-1024x1024/img000523.jpg,data/wildfake/stylegan3/79116b46ca3f84bb.jpg,1,stylegan3,ffhq,train,bb9f982255394a0bfa8ba38db8f364a196a026b833546ea8cad7e6a41b4d3763
wildfake,Images/GAN_based.zip,GAN_based/Typical/styleGAN/sg3/stylegan3-t-afhqv2-512x512/img001160.jpg,data/wildfake/stylegan3/074a6efaf569e816.jpg,1,stylegan3,ffhq,train,4eb36c645d45d0a40585b9a878cb74d926f680e8d1e4465ece9443a5acace62e
wildfake,Images/GAN_based.zip,GAN_based/Typical/styleGAN/sg3/stylegan3-r-ffhqu-1024x1024/img003671.jpg,data/wildfake/stylegan3/f1c46640dd0af3f8.jpg,1,stylegan3,ffhq,train,e103f63cdf539dd28732410882ca336d092dcc4ffc568a4750cef9a00d74fd46
wildfake,Images/GAN_based.zip,GAN_based/Typical/styleGAN/sg3/stylegan3-t-ffhq-1024x1024/img001319.jpg,data/wildfake/stylegan3/bcb7a61c08f8c20f.jpg,1,stylegan3,ffhq,train,1338caf0a6844899d9137b4e14c335c9f28df6b2d09822d3d814b87a51d96a27
wildfake,Images/GAN_based.zip,GAN_based/Typical/styleGAN/sg3/stylegan3-t-afhqv2-512x512/img004270.jpg,data/wildfake/stylegan3/95cdc25c57f42fad.jpg,1,stylegan3,ffhq,train,88f521062513bf44c83d1d9846ca04788e87b7f96be2ea2b3fe5d610fddbbbca
wildfake,Images/GAN_based.zip,GAN_based/Typical/styleGAN/sg3/stylegan3-r-afhqv2-512x512/img004073.jpg,data/wildfake/stylegan3/0fa5d6b6a9c2494f.jpg,1,stylegan3,ffhq,train,d9e5924e311be2232bfb33b47e5c461065791ca6bf1213827d202f704f0fcb62
wildfake,Images/GAN_based.zip,GAN_based/Typical/styleGAN/sg3/stylegan3-t-ffhqu-1024x1024/img000973.jpg,data/wildfake/stylegan3/798127635f85d8bb.jpg,1,stylegan3,ffhq,train,7bd50209f7e7480ba71e92281e571c65ea156e42ca23e1f90b145f99f364feff
wildfake,Images/GAN_based.zip,GAN_based/Typical/styleGAN/sg3/stylegan3-t-afhqv2-512x512/img005982.jpg,data/wildfake/stylegan3/c5903a18a2b0d0a5.jpg,1,stylegan3,ffhq,train,09bda639dbe5f36dd1b8b483d0814c319406a07e6551bbeda8efda753fee49d3
wildfake,Images/GAN_based.zip,GAN_based/Typical/styleGAN/sg3/stylegan3-t-ffhq-1024x1024/img002293.jpg,data/wildfake/stylegan3/f744023011e79e13.jpg,1,stylegan3,ffhq,train,fa625ca09914c40f036d5f58e5745f27874b7418f552d9f0475ddddecc703834
wildfake,Images/GAN_based.zip,GAN_based/Typical/styleGAN/sg3/stylegan3-t-metfaces-1024x1024/img002248.jpg,data/wildfake/stylegan3/c760b6e9664bf10f.jpg,1,stylegan3,ffhq,train,dc67b9090a28f28ecb0b7d18917b251d92491d69965d83438545593201703478
wildfake,Images/GAN_based.zip,GAN_based/Typical/styleGAN/sg3/stylegan3-r-ffhqu-1024x1024/img002724.jpg,data/wildfake/stylegan3/a8ddb952c887f5b6.jpg,1,stylegan3,ffhq,train,9861be2539544f502d2e7eef82872dbc203c20d9b8411080190061415e4d3512
wildfake,Images/GAN_based.zip,GAN_based/Typical/styleGAN/sg3/stylegan3-r-afhqv2-512x512/img007212.jpg,data/wildfake/stylegan3/f9859ae4525efdc2.jpg,1,stylegan3,ffhq,train,a6f26048133aa0d4d65387d4d253e877b4ae24edbde5968bde16c078b587c4d4
wildfake,Images/GAN_based.zip,GAN_based/Typical/styleGAN/sg3/stylegan3-t-ffhq-1024x1024/img005090.jpg,data/wildfake/stylegan3/6a67107106cf0e7f.jpg,1,stylegan3,ffhq,train,a39c34ca0cc3500eddeec03e45d487f1b41183414994de49bf826145030facd7
wildfake,Images/GAN_based.zip,GAN_based/Typical/styleGAN/sg3/stylegan3-r-afhqv2-512x512/img006021.jpg,data/wildfake/stylegan3/ecf9365b69b3d0a8.jpg,1,stylegan3,ffhq,train,d80abf721eeff4a896ac26fab31a753665caae5c542a485aded93a7a72154ddd
wildfake,Images/GAN_based.zip,GAN_based/Typical/styleGAN/sg3/stylegan3-r-ffhq-1024x1024/img006969.jpg,data/wildfake/stylegan3/fcbfc3140697e337.jpg,1,stylegan3,ffhq,train,e49e8919197e0681080dfabe911e4fd8c540538e9750a92ebbf1066fdf8dfe00
wildfake,Images/GAN_based.zip,GAN_based/Typical/styleGAN/sg3/stylegan3-r-metfacesu-1024x1024/img007223.jpg,data/wildfake/stylegan3/84e9b4429c56d150.jpg,1,stylegan3,ffhq,train,1e31f24b90d56942876fc98901b8fd9583b8335fa85cf3cbcfd6b4ae99d0ed41
wildfake,Images/GAN_based.zip,GAN_based/Typical/styleGAN/sg3/stylegan3-r-ffhq-1024x1024/img003851.jpg,data/wildfake/stylegan3/8cdb5f764668028a.jpg,1,stylegan3,ffhq,train,788cb7befc81bb4b6e3e8b47b1579cf67b272d950d70feb26f6c43e4f37c0b04
wildfake,Images/GAN_based.zip,GAN_based/Typical/styleGAN/sg3/stylegan3-r-ffhq-1024x1024/img007328.jpg,data/wildfake/stylegan3/3eb40a469f995c60.jpg,1,stylegan3,ffhq,train,e38e910f03a69fda42c22c90a85bc6015c4d1cba47259a56c6b62e6cd9c3f3c8
wildfake,Images/GAN_based.zip,GAN_based/Typical/styleGAN/sg3/stylegan3-t-ffhq-1024x1024/img003451.jpg,data/wildfake/stylegan3/9fe6ff8b87b3b42a.jpg,1,stylegan3,ffhq,train,14b4e2884cebef7d1c9631f52b5ff57f104764c7805595c773cd3cd8233ab878
wildfake,Images/GAN_based.zip,GAN_based/Typical/styleGAN/sg3/stylegan3-t-metfacesu-1024x1024/img003481.jpg,data/wildfake/stylegan3/9e47dc6f4c752a75.jpg,1,stylegan3,ffhq,train,06344f9039160b493e396e29f87a556c1f4d067abfaa51370c305d0cf249c542
wildfake,Images/GAN_based.zip,GAN_based/Typical/styleGAN/sg3/stylegan3-t-metfacesu-1024x1024/img005908.jpg,data/wildfake/stylegan3/6170c5a1fc61dbee.jpg,1,stylegan3,ffhq,train,62d03b5015f8c36676a28adf9a805f1865814c5bb5f1f9c7955fb452ef99dda8
wildfake,Images/GAN_based.zip,GAN_based/Typical/styleGAN/sg3/stylegan3-r-ffhq-1024x1024/img000966.jpg,data/wildfake/stylegan3/61d7c6df5b651ba7.jpg,1,stylegan3,ffhq,train,36030654a0deae97ea7c1f365e5df1ba4611d7dd97219b1df0061eda824729b6
wildfake,Images/GAN_based.zip,GAN_based/Typical/styleGAN/sg3/stylegan3-r-afhqv2-512x512/img002960.jpg,data/wildfake/stylegan3/1f45290d9261d7ef.jpg,1,stylegan3,ffhq,train,8ae57dff3a7d25549f43a427c359d80802e416e816e9a24a9306b03fdcd0d0f7
wildfake,Images/GAN_based.zip,GAN_based/Typical/styleGAN/sg3/stylegan3-r-ffhq-1024x1024/img002082.jpg,data/wildfake/stylegan3/093f32bed7904c7e.jpg,1,stylegan3,ffhq,train,b0a8ce0fef2c5c8c8449504dd97b57c133c16faa831742b438b58ceadc763506
wildfake,Images/GAN_based.zip,GAN_based/Typical/styleGAN/sg3/stylegan3-r-metfaces-1024x1024/img007056.jpg,data/wildfake/stylegan3/b9023f7a923e6ae6.jpg,1,stylegan3,ffhq,train,7d2cb1912db41b139a26d2f0526b43115020466e919d870c762128313e5cc212
wildfake,Images/GAN_based.zip,GAN_based/Typical/styleGAN/sg3/stylegan3-t-metfaces-1024x1024/img003632.jpg,data/wildfake/stylegan3/e5cfb79d81afd1fa.jpg,1,stylegan3,ffhq,train,334f0dc995c20fac09b5651a505925244e0962fdcd908c0a8c0a974f4d218853
wildfake,Images/GAN_based.zip,GAN_based/Typical/styleGAN/sg3/stylegan3-t-metfaces-1024x1024/img003300.jpg,data/wildfake/stylegan3/1df6695462bc985b.jpg,1,stylegan3,ffhq,train,ac1690088224477a838f49637c6c21ce6d0e844c57b690d38294c2702000006e
wildfake,Images/GAN_based.zip,GAN_based/Typical/styleGAN/sg3/stylegan3-r-ffhq-1024x1024/img003128.jpg,data/wildfake/stylegan3/ab4f4ecd1b945258.jpg,1,stylegan3,ffhq,train,cfa75a244d93f01b4fc3544b5e312b64adc1325c1495c7ffa7a9f5490372f0ad
wildfake,Images/GAN_based.zip,GAN_based/Typical/styleGAN/sg3/stylegan3-t-metfacesu-1024x1024/img003397.jpg,data/wildfake/stylegan3/cdccf1759acd7f55.jpg,1,stylegan3,ffhq,train,90ae19d8a636db401ce23a02e28c64b89eb78da6e3ed8f90b5576e109926b369
wildfake,Images/GAN_based.zip,GAN_based/Typical/styleGAN/sg3/stylegan3-t-metfacesu-1024x1024/img001831.jpg,data/wildfake/stylegan3/4855edd8356b6e64.jpg,1,stylegan3,ffhq,train,ae8b8aa3b9549cb33e05768b5032b72333fb47a7fe02bf81c7f6a6082f8e69ad
wildfake,Images/GAN_based.zip,GAN_based/Typical/styleGAN/sg3/stylegan3-t-afhqv2-512x512/img002898.jpg,data/wildfake/stylegan3/af0f97b745595a4c.jpg,1,stylegan3,ffhq,train,46596d50b557b27dec9a0c2778a5afd3bbbbae92719ba943076aaace8a29430e
wildfake,Images/GAN_based.zip,GAN_based/Typical/styleGAN/sg3/stylegan3-t-afhqv2-512x512/img006952.jpg,data/wildfake/stylegan3/5885ccfc6af72712.jpg,1,stylegan3,ffhq,train,22361dd8e281dd7856edc733fba16b52fa52cdfb08bd48d5c45e64afe3651f67
wildfake,Images/GAN_based.zip,GAN_based/Typical/styleGAN/sg3/stylegan3-r-ffhqu-1024x1024/img006069.jpg,data/wildfake/stylegan3/cd53f639a1c47ecb.jpg,1,stylegan3,ffhq,train,1fb19b2870691a240e83526054d0abd2484f9145e001e31da6af6065ad9a1d2b
wildfake,Images/GAN_based.zip,GAN_based/Typical/styleGAN/sg3/stylegan3-r-ffhq-1024x1024/img007448.jpg,data/wildfake/stylegan3/11648d00f11581d1.jpg,1,stylegan3,ffhq,train,416f0fcb50e822f8e6f6beed169e392d1da1609059bb001c8cf6e945fc294222
wildfake,Images/GAN_based.zip,GAN_based/Typical/styleGAN/sg3/stylegan3-r-metfaces-1024x1024/img002302.jpg,data/wildfake/stylegan3/c81b939a648e9cf5.jpg,1,stylegan3,ffhq,train,c8187c6e9280ad037853f341c7dffbe74ba0defad8a85564ff15e7f23424749f
wildfake,Images/GAN_based.zip,GAN_based/Typical/styleGAN/sg3/stylegan3-r-ffhq-1024x1024/img000665.jpg,data/wildfake/stylegan3/523e9554c64aafa4.jpg,1,stylegan3,ffhq,train,e1d5ebce3952467cdb28281547b002442d92c2e8038b49b7e8b4f98c3792cb78
wildfake,Images/GAN_based.zip,GAN_based/Typical/styleGAN/sg3/stylegan3-r-afhqv2-512x512/img001256.jpg,data/wildfake/stylegan3/fc772c688a330f0f.jpg,1,stylegan3,ffhq,train,48d58a0b0a50abe71fa326ed0d42e90ac87bb1e08615996074b07775b9072336
wildfake,Images/GAN_based.zip,GAN_based/Typical/styleGAN/sg3/stylegan3-r-ffhq-1024x1024/img006936.jpg,data/wildfake/stylegan3/58db0465dc71c752.jpg,1,stylegan3,ffhq,train,d1a86efe3d9ed84bf398215e85d0427e3eebe179c2c43438ebb9f55c8d218a38
wildfake,Images/GAN_based.zip,GAN_based/Typical/styleGAN/sg3/stylegan3-r-ffhqu-1024x1024/img000637.jpg,data/wildfake/stylegan3/7dbe8ef69783edc9.jpg,1,stylegan3,ffhq,train,583454a57577a526b4186ef8ad0ef1a45b0ff0338451af2e6722c129fa8b54cb
wildfake,Images/GAN_based.zip,GAN_based/Typical/styleGAN/sg3/stylegan3-r-ffhq-1024x1024/img004795.jpg,data/wildfake/stylegan3/33aa9a97ded3d9a8.jpg,1,stylegan3,ffhq,train,ae6207fcd402a2b1c5e573ae47f1bd18a7dbd60777d4c531126193a55429a953
wildfake,Images/GAN_based.zip,GAN_based/Typical/styleGAN/sg3/stylegan3-t-ffhq-1024x1024/img005282.jpg,data/wildfake/stylegan3/c93011d6dc6e8e3d.jpg,1,stylegan3,ffhq,train,f55037b87d6a2f3e983ccd4b55bb887a71493e669b7a034341c17161f05ab351
wildfake,Images/GAN_based.zip,GAN_based/Typical/styleGAN/sg3/stylegan3-r-ffhq-1024x1024/img003955.jpg,data/wildfake/stylegan3/af671fd8bb9dd20a.jpg,1,stylegan3,ffhq,train,b4e87bd98ec95798cb1f8d025194d36f976eaa0094254aa4890ef2580d6d9c32
wildfake,Images/GAN_based.zip,GAN_based/Typical/styleGAN/sg3/stylegan3-r-metfaces-1024x1024/img005470.jpg,data/wildfake/stylegan3/2e1fab51f9de1387.jpg,1,stylegan3,ffhq,train,e80b05aaf086c214837c3520a1915976a5bac2008c900a0e630d1f05f2b28e75
wildfake,Images/GAN_based.zip,GAN_based/Typical/styleGAN/sg3/stylegan3-t-ffhqu-1024x1024/img007968.jpg,data/wildfake/stylegan3/5165acea48ef3924.jpg,1,stylegan3,ffhq,train,e6f84af41800836e877ad5c83c6c7a13d76ac0729783e8050f3b7e6cd7a42451
wildfake,Images/GAN_based.zip,GAN_based/Typical/styleGAN/sg3/stylegan3-t-metfaces-1024x1024/img000451.jpg,data/wildfake/stylegan3/1e812b7e55845e75.jpg,1,stylegan3,ffhq,train,cf0d9ebbaed07c237b231df2fcd7f43adc00bfee8a1f8a825274ef278c6c46a4
wildfake,Images/GAN_based.zip,GAN_based/Typical/styleGAN/sg3/stylegan3-t-ffhq-1024x1024/img004129.jpg,data/wildfake/stylegan3/129074e95565b13b.jpg,1,stylegan3,ffhq,train,281d437412fdf3c9ab748b9fd2ec44fab5106ea412971a0b55e6f53d284a4df1
wildfake,Images/Real/imagenet.zip,imagenet/val/n02096585/img083901.jpg,data/wildfake/real/d44e65ae2068ce0c.jpg,0,real,imagenet,val,032e11c2cedba35cd638c9a7c458db2649d733ea6a1be226738280fb074627ce
wildfake,Images/Real/imagenet.zip,imagenet/train/n02123597/img022723.jpg,data/wildfake/real/e99c355fa2aad63a.jpg,0,real,imagenet,val,5a54ec93be2b61de094e7a74aeb806aa533a76e7668b8aa246a3fd15298da4e2
wildfake,Images/Real/imagenet.zip,imagenet/val/n03742115/img092979.jpg,data/wildfake/real/e7d0f8e3dc42465f.jpg,0,real,imagenet,val,0edb5e066f4430f523ca3fd6f0572a64911d9560cc2abbd1162c0c8b770a1d95
wildfake,Images/Real/imagenet.zip,imagenet/train/n02808440/img034836.jpg,data/wildfake/real/af6ca2a761d99723.jpg,0,real,imagenet,val,a28f111a0215caa48ee85a393efa7c5aa56ff15a2f260e2722d03b1c69b902eb
wildfake,Images/Real/imagenet.zip,imagenet/val/n04584207/img098070.jpg,data/wildfake/real/0ecb2ccb579cd05c.jpg,0,real,imagenet,val,7ff921ace2952177ee737741f99c1c7f12effbc139e3e116bd0eeaf156ca4931
wildfake,Images/Real/imagenet.zip,imagenet/train/n02106662/img018863.jpg,data/wildfake/real/8ecafb988565205c.jpg,0,real,imagenet,val,29f92ee062d9001054ff734f85c3eb80e1d1b6ea296a6a54174175519388c5d8
wildfake,Images/Real/imagenet.zip,imagenet/train/n01687978/img003366.jpg,data/wildfake/real/20cc14ef32eab28c.jpg,0,real,imagenet,val,ab26d40c239a02aebda9764e434da4926822ed0dd311b094db628857183de562
wildfake,Images/Real/imagenet.zip,imagenet/train/n03445924/img046020.jpg,data/wildfake/real/4818af632a45f401.jpg,0,real,imagenet,val,685da05114ca63a373944a359eea8a84cbfc364c0c83b2af4490e0af1e6b4243
wildfake,Images/Real/imagenet.zip,imagenet/train/n06596364/img073415.jpg,data/wildfake/real/b07f3c1ba3f29112.jpg,0,real,imagenet,val,0b103bf386e27fb6e42182c09b10d5d569736d6dedfea8406817e52b798e8185
wildfake,Images/Real/imagenet.zip,imagenet/train/n01558993/img001238.jpg,data/wildfake/real/fb78cfbf8f961718.jpg,0,real,imagenet,val,881c0d8c02ab303f53fa88951c5da045938d3bc62795f37ba76fa81c8d4d1ba1
wildfake,Images/Real/imagenet.zip,imagenet/val/n02747177/img088250.jpg,data/wildfake/real/8f8cb0e4eab4fb58.jpg,0,real,imagenet,val,35473d2cf541f19ed38db73de07a98844ac186283554dab81486f31e1a12f3e4
wildfake,Images/Real/imagenet.zip,imagenet/train/n02319095/img026285.jpg,data/wildfake/real/60c9a785b152eb52.jpg,0,real,imagenet,val,c2b2bf06578f063ebb73bc01c661f1be825264e398a23e7de7c439fcc16ff1b2
wildfake,Images/Real/imagenet.zip,imagenet/val/n02328150/img086657.jpg,data/wildfake/real/123ce778ec059045.jpg,0,real,imagenet,val,c39d42b8245c0d0a67dc804c78d1e4c7a675e215004562dfd06d43d95b8beedf
wildfake,Images/Real/imagenet.zip,imagenet/val/n02795169/img088542.jpg,data/wildfake/real/1a07ac51da8875a7.jpg,0,real,imagenet,val,757ff90b210f00dae74fa7f261775388e8155c7afe1a95ed6584eccbd756d6a2
wildfake,Images/Real/imagenet.zip,imagenet/train/n04399382/img068074.jpg,data/wildfake/real/84ed3648ef3cdb12.jpg,0,real,imagenet,val,8b559c3001e0e20fba4afe4bff1ff22f8859902e54d08baa7fa6638fc61697ca
wildfake,Images/Real/imagenet.zip,imagenet/train/n04487081/img069945.jpg,data/wildfake/real/80c6d6b9c9d8b959.jpg,0,real,imagenet,val,92993bb2da63fcb806dc32f82548d7a84653a9d4042c4ece876b1bd193deb11f
wildfake,Images/Real/imagenet.zip,imagenet/train/n03776460/img052853.jpg,data/wildfake/real/29940a53d84ab56a.jpg,0,real,imagenet,val,61378b039549cafbe11c32440712339d71a82f5ede23a7bc35e4cae57b43d8bf
wildfake,Images/Real/imagenet.zip,imagenet/val/n02443114/img087171.jpg,data/wildfake/real/23a1dddcf1f3e704.jpg,0,real,imagenet,val,40a969a3d63907be03a90cb5221fa4dc6c18432e3a38a8bf95425db16984b57f
wildfake,Images/Real/imagenet.zip,imagenet/val/n03710193/img092746.jpg,data/wildfake/real/ed7630753e0c2eec.jpg,0,real,imagenet,val,cd526a15241aa80a12641cf35c95d7b86255c4ad8c20a62e333c38e511742f70
wildfake,Images/Real/imagenet.zip,imagenet/train/n04442312/img068799.jpg,data/wildfake/real/3318dc0353ec679b.jpg,0,real,imagenet,val,870643ac1925e2dfe0205ab65878dbd30c1c7fc7648e1e35dc541ab462089e19
wildfake,Images/Real/imagenet.zip,imagenet/train/n07760859/img076551.jpg,data/wildfake/real/f7c2a98b892a90e1.jpg,0,real,imagenet,val,3ac5cb60d1fc03b291146fc51bb3a4ab07911ab71f393ea5d1581102e6520cf4
wildfake,Images/Real/imagenet.zip,imagenet/val/n02708093/img088190.jpg,data/wildfake/real/0e787faec5fbf7ed.jpg,0,real,imagenet,val,4acfb9143cc9c2034fb9be121ba60d746eff9293a5e738a8c70d0738ea835f72
wildfake,Images/Real/imagenet.zip,imagenet/val/n01860187/img082017.jpg,data/wildfake/real/344059602405f459.jpg,0,real,imagenet,val,2f92ba3d562682b298496254944938e4ae02bdcb4a0d9b0dd72a66ad2587894f
wildfake,Images/Real/imagenet.zip,imagenet/train/n04548280/img071391.jpg,data/wildfake/real/6f2ccbae583ec2f4.jpg,0,real,imagenet,val,42f98aeba92853ae198b741ecd561cae3fb86b6c9de058f7e98ee26e84d2ddf1
wildfake,Images/Real/imagenet.zip,imagenet/train/n03532672/img048021.jpg,data/wildfake/real/3acb6decdb44cdd0.jpg,0,real,imagenet,val,4d7018fd6ed5dc556d6e9ceaa6964325fc7dae31722d79de34aa63b312c073ba
wildfake,Images/Real/imagenet.zip,imagenet/train/n02110958/img020334.jpg,data/wildfake/real/f9ebc746205a2b4d.jpg,0,real,imagenet,val,ca6ef064fbd36f8f3186f30e595a6e5a364094c74c483db6bc1436b688dd7b40
wildfake,Images/Real/imagenet.zip,imagenet/train/n04317175/img065866.jpg,data/wildfake/real/049f5770656fd3b3.jpg,0,real,imagenet,val,31f9fe0f7e12799592eb5814692e239ca7dc0c3ffc20b941e6be8f17b4e18bc0
wildfake,Images/Real/imagenet.zip,imagenet/train/n03786901/img053337.jpg,data/wildfake/real/a4420283a462051b.jpg,0,real,imagenet,val,f4eb3b9d91f21dfcf35e38bc869152277554627c67e44e9c48e3286f7d624867
wildfake,Images/Real/imagenet.zip,imagenet/train/n03995372/img059209.jpg,data/wildfake/real/d19b322593f0528a.jpg,0,real,imagenet,val,3457845aeb5a44ad560a403f07b5a28914ce121fc7cab6e31560670c34662fb1
wildfake,Images/Real/imagenet.zip,imagenet/val/n01930112/img082237.jpg,data/wildfake/real/01fe516532c85271.jpg,0,real,imagenet,val,673439fa55ca46078fb8c2acdbb84bee8556741d80a4ad9b3a69a47d6e42ca48
wildfake,Images/Real/imagenet.zip,imagenet/train/n13054560/img079795.jpg,data/wildfake/real/00c19d64ee78d6e9.jpg,0,real,imagenet,val,197e1e4b7c9eb1850c903a0132e476e571faf6e682442aa9f737812994623eae
wildfake,Images/Real/imagenet.zip,imagenet/train/n01608432/img001718.jpg,data/wildfake/real/52eb13ad0a060ce7.jpg,0,real,imagenet,val,7effef18c3371727feee76dc6c44ca4407d70937fbc543157efef6a5da50a64e
wildfake,Images/Real/imagenet.zip,imagenet/train/n02088094/img012836.jpg,data/wildfake/real/f82fb34cf6ff5a15.jpg,0,real,imagenet,val,b5ad681199226eb170e85e0e0e9f8ba62544106bc8d9df5a560982d22ac3b000
wildfake,Images/Real/imagenet.zip,imagenet/val/n02859443/img088994.jpg,data/wildfake/real/8469eccf748aa161.jpg,0,real,imagenet,val,928f3513724f3078631905acc353a278ed3785023329d84bc6850c24fcc363bf
wildfake,Images/Real/imagenet.zip,imagenet/train/n04550184/img071522.jpg,data/wildfake/real/40f714c3ac578d76.jpg,0,real,imagenet,val,ce493bc35677186e2943f3e15ec4a7951521c5937f1871439d24ef988360f030
wildfake,Images/Real/imagenet.zip,imagenet/train/n01582220/img001480.jpg,data/wildfake/real/262a0bf3d3d73aa1.jpg,0,real,imagenet,val,fa39fd8a1f9bd5a3447fa0e2b91d546a184bf5b313b0d431f83dc8f6c03bde14
wildfake,Images/Real/imagenet.zip,imagenet/train/n02802426/img034417.jpg,data/wildfake/real/0c2edbc65a46b01a.jpg,0,real,imagenet,val,0216de3e57dcbb0a228ec3f1f0d58f7626e7882145c2910b3669b10574dc72a8
wildfake,Images/Real/imagenet.zip,imagenet/train/n03793489/img053878.jpg,data/wildfake/real/05a0c7e7e38fc9f0.jpg,0,real,imagenet,val,4201f1d94c74869df5e7020516e7fc44f36af091c7bda1a21e82da4f6aaea278
wildfake,Images/Real/imagenet.zip,imagenet/train/n02091831/img014083.jpg,data/wildfake/real/6bc5a3b34a816765.jpg,0,real,imagenet,val,854ec85533969523c42f263df02d3a98b682e1e252a8c6e05b5e084dc2546f51
wildfake,Images/Real/imagenet.zip,imagenet/val/n03485407/img091814.jpg,data/wildfake/real/ed1d9d7b24ff3cf6.jpg,0,real,imagenet,val,5072492d43eef0eee6cccb2c6ff19ae2e06bb1d3fd8287204b48b0407e09808c
wildfake,Images/Real/imagenet.zip,imagenet/train/n07718747/img075521.jpg,data/wildfake/real/9853c540a9ab5bef.jpg,0,real,imagenet,val,52d3a18ce7112165c63a70fd55db81466d7720d12e158f48193b98a71d95ec52
wildfake,Images/Real/imagenet.zip,imagenet/train/n04597913/img072823.jpg,data/wildfake/real/466b65f615f94599.jpg,0,real,imagenet,val,fff303d9709d120e6d412663f6e29af4dc6e90a12e1e579713a2c7d813b50279
wildfake,Images/Real/imagenet.zip,imagenet/train/n01739381/img004776.jpg,data/wildfake/real/09c12d2b295a1e51.jpg,0,real,imagenet,val,65f96b68c284d13ea4463b25bfed28cb5029718bb07f02ae5a34c074fdae6064
wildfake,Images/Real/imagenet.zip,imagenet/train/n02127052/img023020.jpg,data/wildfake/real/5df7d30ea5a4b260.jpg,0,real,imagenet,val,406c24ebbf7847f4c09476bc85faec399d405bbad93fc5ef6ac5e884b71dacfc
wildfake,Images/Real/imagenet.zip,imagenet/train/n02115913/img021929.jpg,data/wildfake/real/5cb4660cb5d6f3c1.jpg,0,real,imagenet,val,863761346316f14b2f989e8ab082260782a7e731b7c1450a29ea29bed5436027
wildfake,Images/Real/imagenet.zip,imagenet/train/n02096177/img015414.jpg,data/wildfake/real/6fe04c260ee6e12e.jpg,0,real,imagenet,val,252ae7589c742860437cc58a378a62009ca13d9820c13aecd9cbd8d2620efade
wildfake,Images/Real/imagenet.zip,imagenet/val/n03877472/img093954.jpg,data/wildfake/real/e493f95d94e48ba0.jpg,0,real,imagenet,val,03ee5c4618b4bfdeb12f2751c2d370c076db3e2395640e87bf0fea18b0f667e7
wildfake,Images/Real/imagenet.zip,imagenet/val/n02992529/img089749.jpg,data/wildfake/real/affb49967f443105.jpg,0,real,imagenet,val,a640ece268f21564f369d27f010a8efd47654cd55c8e0ed850f6e5c6e3d0d6e2
wildfake,Images/Real/imagenet.zip,imagenet/train/n02051845/img011596.jpg,data/wildfake/real/9180799fdf25cbd0.jpg,0,real,imagenet,val,82a6557e61ab5e1da1cf33eb067f4b16455e6fa92c63730be4df153f2fdb37c7
wildfake,Images/Real/imagenet.zip,imagenet/train/n02167151/img024167.jpg,data/wildfake/real/f882b2334666016d.jpg,0,real,imagenet,val,487f9dc198d4f2e399ffd632168918689b20d6dae90166d506ef954808666a40
wildfake,Images/Real/imagenet.zip,imagenet/train/n03777568/img052936.jpg,data/wildfake/real/62346a38a4f062b5.jpg,0,real,imagenet,val,daef40c51f33392de3589a225c3c3791488e39d7bb50bd70014a05b5e305b96d
wildfake,Images/Real/imagenet.zip,imagenet/val/n04482393/img097412.jpg,data/wildfake/real/ecd541da55d47a14.jpg,0,real,imagenet,val,e202d923e09616c5277d40d40bed3224c819b50b643814329f2d9881946863c0
wildfake,Images/Real/imagenet.zip,imagenet/train/n04141975/img062263.jpg,data/wildfake/real/892c9da0ad10c19f.jpg,0,real,imagenet,val,760ed0fe24af0fff77bf3ec52256513af5417ec781c9a7e19a9fcae84dd8cec1
wildfake,Images/Real/imagenet.zip,imagenet/train/n03047690/img040193.jpg,data/wildfake/real/c243935b99c946cb.jpg,0,real,imagenet,val,e9ea08cd5855c6d5f5c258ddd4169c2b06f2b9bd8de39923acf525422c58dad6
wildfake,Images/Real/imagenet.zip,imagenet/train/n04090263/img061163.jpg,data/wildfake/real/fa3b633941842cd1.jpg,0,real,imagenet,val,e69df685efff2949cf2e84db7ba90992dfb1f1a74fb222392e07f183f9a330a8
wildfake,Images/Real/imagenet.zip,imagenet/train/n02403003/img027610.jpg,data/wildfake/real/e08a138ecf15ead0.jpg,0,real,imagenet,val,4a8840510023d7d50b16981491b8452dc370baf51fdee945b384a72546e557b3
wildfake,Images/Real/imagenet.zip,imagenet/train/n03637318/img049538.jpg,data/wildfake/real/8c7b079591a2a280.jpg,0,real,imagenet,val,b41ce11b001dd3fead8eff71052b239cbaca79d663a1a9c0fc1b08a306ccab50
wildfake,Images/Real/imagenet.zip,imagenet/val/n04235860/img095952.jpg,data/wildfake/real/9c1f1cf78bfafef4.jpg,0,real,imagenet,val,e35f9f9e75f01fe33138aee9265f433974337b57d0a2ef333d63569eab6b73ab
wildfake,Images/Real/imagenet.zip,imagenet/train/n03220513/img043056.jpg,data/wildfake/real/cce18c3454b10344.jpg,0,real,imagenet,val,5c3d3939af89a09278aa1f694c4102c9568f6fc382e90a70485ed94bab563ce2
wildfake,Images/Real/imagenet.zip,imagenet/train/n02086079/img012385.jpg,data/wildfake/real/0a25b02338e5d10e.jpg,0,real,imagenet,val,e2bda2fa5ea81a9cf902972fbf707b5319411dced4e83ec1a118bb43ebecf93c
wildfake,Images/Real/imagenet.zip,imagenet/val/n03476991/img091713.jpg,data/wildfake/real/e26263dbd6344e05.jpg,0,real,imagenet,val,8b8d182e0e309903679ffa275ae4c36aaf907cfcb438a1fd24da83e2c38f3be6
wildfake,Images/Real/imagenet.zip,imagenet/val/n02640242/img087891.jpg,data/wildfake/real/a627810c72705194.jpg,0,real,imagenet,val,9458314ab1f02c884cb6027168c689c6fe296b0811f027f75e2daffeeb5f79eb
wildfake,Images/Real/imagenet.zip,imagenet/train/n02114712/img021713.jpg,data/wildfake/real/29d653e1d845bfa1.jpg,0,real,imagenet,val,31f255233a1fa0fe324225134081d32bfba9a6da9df447104d7522905e368036
wildfake,Images/Real/imagenet.zip,imagenet/val/n02951358/img089452.jpg,data/wildfake/real/1d4de095194af866.jpg,0,real,imagenet,val,edd007d1110649abb6bbeae4ab8a2668e49466a4fc968035b946b5d0a056e770
wildfake,Images/Real/imagenet.zip,imagenet/val/n02687172/img088071.jpg,data/wildfake/real/4c9944f6160404a2.jpg,0,real,imagenet,val,0879421b80657abff809c9f04da3026b53b162c660037b40a5948e8187f5269a
wildfake,Images/Real/imagenet.zip,imagenet/train/n01667778/img002919.jpg,data/wildfake/real/0760e54b99bb5ff1.jpg,0,real,imagenet,val,390babe98f4773af309135b0ba3e9a127d330215f9364315d80a5c82924b0d9f
wildfake,Images/Real/imagenet.zip,imagenet/val/n04023962/img094943.jpg,data/wildfake/real/3aa37d08788aa6e1.jpg,0,real,imagenet,val,1458f60a078bc8d926668cef10acaeebe35e63eafa027b4d3025354466c63792
wildfake,Images/Real/imagenet.zip,imagenet/train/n03724870/img051479.jpg,data/wildfake/real/4787d41f11448ac0.jpg,0,real,imagenet,val,191886cc5c568ef3cbe464f07e2e4e3a21e86588995b47f099190636c665c4a1
wildfake,Images/Real/imagenet.zip,imagenet/train/n06359193/img073313.jpg,data/wildfake/real/5899678336f8ea41.jpg,0,real,imagenet,val,a8a1b50110c626e577d4f9b65751e9b5cb09c69c0dbfe5e28455601bfe3b7005
wildfake,Images/Real/imagenet.zip,imagenet/train/n03661043/img049986.jpg,data/wildfake/real/b8846d7b2545b33a.jpg,0,real,imagenet,val,93ca85e4f3e90abc401436e5dbeb1dfb39d9a98c6564fffd6744d0b90d5a691b
wildfake,Images/Real/imagenet.zip,imagenet/train/n07697537/img074740.jpg,data/wildfake/real/b19fb655ae3cc27b.jpg,0,real,imagenet,test,9651fa6cfa8839d5fd864be7a40efa9d3dd1249b38b347ddebda0592377f7679
wildfake,Images/Real/imagenet.zip,imagenet/train/n04254777/img064545.jpg,data/wildfake/real/78d11e6ceae329a0.jpg,0,real,imagenet,test,c278c41b41d2712b5daaf6dfbb68e76ef77e2a2973507a2469390a1a308986e1
wildfake,Images/Real/imagenet.zip,imagenet/train/n03207941/img042771.jpg,data/wildfake/real/c0c50bb909450eae.jpg,0,real,imagenet,test,92a20340ee7162e0a38975d9b0ef8df8843cc2bc6f262f4d9684bed7aa690232
wildfake,Images/Real/imagenet.zip,imagenet/train/n01981276/img009747.jpg,data/wildfake/real/5c1a40b35eadb5c8.jpg,0,real,imagenet,test,ec5d0d32601c3b8765b1c55d92a812b140f2d4672c8cceae721b8d436f96f12c
wildfake,Images/Real/imagenet.zip,imagenet/val/n02841315/img088945.jpg,data/wildfake/real/c5c5e68b334be348.jpg,0,real,imagenet,test,906b9799044e801cf74125d1875129b1fd73157a0098f09a86902e53d27305d9
wildfake,Images/Real/imagenet.zip,imagenet/train/n04019541/img059759.jpg,data/wildfake/real/d706595c712d43af.jpg,0,real,imagenet,test,2854bbb6fad15ec694163c5e898ce88b0723b83e2e0539311a630c74b2a07c45
wildfake,Images/Real/imagenet.zip,imagenet/train/n01770081/img005602.jpg,data/wildfake/real/34a214250917ca0b.jpg,0,real,imagenet,test,75dd846a69d43e5512b61051784e4a7e7db2405e83db8beef0f5d4323d6d719e
wildfake,Images/Real/imagenet.zip,imagenet/train/n07768694/img076632.jpg,data/wildfake/real/baaf018af2afb10f.jpg,0,real,imagenet,test,6d9d73700b8277326a14ac6caa19e57366fa08c93f65992ebc93fc83e0740b70
wildfake,Images/Real/imagenet.zip,imagenet/val/n02002556/img082547.jpg,data/wildfake/real/bfd490161a8a26ee.jpg,0,real,imagenet,test,74abaa442e5e4a1581ebd099cf87f6d4e3ae6cc3f1c81efc19139a6bc00d2d4d
wildfake,Images/Real/imagenet.zip,imagenet/train/n02093428/img014404.jpg,data/wildfake/real/79b4e1ea39fe35ca.jpg,0,real,imagenet,test,a0de3558da8db78ce44bdb89856842d19df5f839d31e9cf3f789aa0f9ac8e2b7
wildfake,Images/Real/imagenet.zip,imagenet/val/n04270147/img096275.jpg,data/wildfake/real/05b0297896bf5087.jpg,0,real,imagenet,test,62d5de586d439ee2ffde34cbfec24f4efbb1784ba7a7c7bd4194fc442adc0f42
wildfake,Images/Real/imagenet.zip,imagenet/val/n02106382/img084679.jpg,data/wildfake/real/3896f61b0cc1cdce.jpg,0,real,imagenet,test,761facac562ce7f5458ed5c768fa333213b535b649e53e82082e7b9d3f0914df
wildfake,Images/Real/imagenet.zip,imagenet/val/n03764736/img093075.jpg,data/wildfake/real/b3601af19dba3286.jpg,0,real,imagenet,test,ed5fa7fd283414b9dcc704d981e71d6913862355d06cf6a99f7d6e1be73c9999
wildfake,Images/Real/imagenet.zip,imagenet/train/n04501370/img070179.jpg,data/wildfake/real/e98464bb95f9cc17.jpg,0,real,imagenet,test,06f7efb8e59fe62f330ee6af7576941f761db4e37823072d470990c75d7a3167
wildfake,Images/Real/imagenet.zip,imagenet/train/n01608432/img001692.jpg,data/wildfake/real/3099829af688fb0b.jpg,0,real,imagenet,test,6ad4a077fd85268b19a7857a665aa42f1d784fc8fe41d1e257e98abbfc4e16cf
wildfake,Images/Real/imagenet.zip,imagenet/val/n02190166/img086164.jpg,data/wildfake/real/768a599d7a28cbbd.jpg,0,real,imagenet,test,998273d368f2d110efd3c773d596b950c3ea536eab1ea9db20c1d112bfacdd57
wildfake,Images/Real/imagenet.zip,imagenet/train/n02134418/img023803.jpg,data/wildfake/real/7af12c8119a6aa4c.jpg,0,real,imagenet,test,777d7cdc5ae934f2bb69911f78c3ee0679501ceb3b9c13865d73f073e66edf44
wildfake,Images/Real/imagenet.zip,imagenet/train/n03776460/img052873.jpg,data/wildfake/real/d05eb91aedcd1b74.jpg,0,real,imagenet,test,a8a51121e9d530218d4216efeda4373f5c66dbc78c473d4eabe42648e4e6291b
wildfake,Images/Real/imagenet.zip,imagenet/val/n04435653/img097160.jpg,data/wildfake/real/55abd92fa15a20ab.jpg,0,real,imagenet,test,f786d87328f425d2ff3ae00f51e479a711c6df37ccacfb6a817cc35f424d8ef9
wildfake,Images/Real/imagenet.zip,imagenet/train/n03388183/img045103.jpg,data/wildfake/real/2aafea660c0942ad.jpg,0,real,imagenet,test,6e744986c3a365d0ccc34f4945d513c992272c6db491d929bb55e41845e3f946
wildfake,Images/Real/imagenet.zip,imagenet/train/n04367480/img067203.jpg,data/wildfake/real/4a1226247fbfbaeb.jpg,0,real,imagenet,test,5e5d9ea2ca213f2b1d0b6e1575d924375c256852fb5ca9252a205983c21c62c2
wildfake,Images/Real/imagenet.zip,imagenet/train/n02108089/img019423.jpg,data/wildfake/real/a10b69c1a0c1b5de.jpg,0,real,imagenet,test,ff4a84d5f72217a071d85748adb607e6f361e33e62f70b33d68ddff4c48a3a36
wildfake,Images/Real/imagenet.zip,imagenet/train/n10148035/img078596.jpg,data/wildfake/real/9488260c8a6622c8.jpg,0,real,imagenet,test,18da990d91f5ce7808353773e2309954dfa424a30f81b8498f408c89a2828677
wildfake,Images/Real/imagenet.zip,imagenet/train/n02971356/img038309.jpg,data/wildfake/real/02e319464b589ec4.jpg,0,real,imagenet,test,6ba9a6000bc2c4927171529cd8452af7fb7010fc07515286d77990162d5cb0c0
wildfake,Images/Real/imagenet.zip,imagenet/train/n04296562/img065598.jpg,data/wildfake/real/73d2a6c715f0462c.jpg,0,real,imagenet,test,d782d5b4225fb577127ca92c7d99e7276ea7e3e6e77078b54819a7348ae8ce64
wildfake,Images/Real/imagenet.zip,imagenet/val/n03018349/img089902.jpg,data/wildfake/real/a32ad4a8fb48132a.jpg,0,real,imagenet,test,c8c8e02dad464cd30b1cca2243faff9c5130aee7946260260b1b946176cd28b0
wildfake,Images/Real/imagenet.zip,imagenet/val/n01560419/img080333.jpg,data/wildfake/real/ff2c15ad47189415.jpg,0,real,imagenet,test,7f0d23d94f69fb524649e4d3729281391441a5a4453ed0a646d7ee998c35e96a
wildfake,Images/Real/imagenet.zip,imagenet/train/n02992529/img039015.jpg,data/wildfake/real/5dc041b7a31e723d.jpg,0,real,imagenet,test,c70bf98e460f793d555a26d080140cc11311f86740a44aa342bb79e77fe3aec3
wildfake,Images/Real/imagenet.zip,imagenet/val/n03929855/img094309.jpg,data/wildfake/real/fe0b38961dabdb61.jpg,0,real,imagenet,test,f949526bc6a8d0641e3f2f773c3a8ec497b4fc016545ff285e6eac894f269fe9
wildfake,Images/Real/imagenet.zip,imagenet/val/n04069434/img095186.jpg,data/wildfake/real/971ee35d3040d5cc.jpg,0,real,imagenet,test,b9ceee81feffb84b8e610852d1344e70e9cfe830b84b7846578e47724d55d8f4
wildfake,Images/Real/imagenet.zip,imagenet/val/n07584110/img098515.jpg,data/wildfake/real/8974678d596a10f5.jpg,0,real,imagenet,test,baa227b83a71af28b9335c6514fa9820c1ab1e372121c57dbdccbee15028f5b3
wildfake,Images/Real/imagenet.zip,imagenet/train/n03459775/img046502.jpg,data/wildfake/real/bf7b1fe13a812d20.jpg,0,real,imagenet,test,bbbb28fc0d8b7ecead4ddc5bb6c5d9fb9d5ebee7fb3ba9eff9933d29a9ffb8ed
wildfake,Images/Real/imagenet.zip,imagenet/val/n03345487/img091113.jpg,data/wildfake/real/4c3bbfda35bcdc46.jpg,0,real,imagenet,test,6ba9e63d499e8f4a966d2411dcace4b396f5a3138435b6bdf193e9ec18aaad9d
wildfake,Images/Real/imagenet.zip,imagenet/train/n03733131/img051669.jpg,data/wildfake/real/cd127e4694d8ff46.jpg,0,real,imagenet,test,90146aeae4be7659af03048d0baf57929246aae524c2c3532f201e22b7b10f48
wildfake,Images/Real/imagenet.zip,imagenet/train/n02776631/img033204.jpg,data/wildfake/real/1a609b93b51343ef.jpg,0,real,imagenet,test,92907ee7d4703cd61dda25b540df7c415455211421c5d5eb14feee88f3170886
wildfake,Images/Real/imagenet.zip,imagenet/train/n01592084/img001545.jpg,data/wildfake/real/10b268795b103fca.jpg,0,real,imagenet,test,4ff29f8d659f38594662fa317c3f834416a5a269dbbfa447ad988ec307354e65
wildfake,Images/Real/imagenet.zip,imagenet/train/n04596742/img072789.jpg,data/wildfake/real/8b715f988cadfcd9.jpg,0,real,imagenet,test,1e10bd7d6313112568686b41e0824e6454e3fc11bec84aff24385a970cbebbdb
wildfake,Images/Real/imagenet.zip,imagenet/val/n02104029/img084459.jpg,data/wildfake/real/4704252906996890.jpg,0,real,imagenet,test,88ffaa99f44fef38230e851fb2015c0429f8b3d05e32f34f81200a37cf2a5097
wildfake,Images/Real/imagenet.zip,imagenet/train/n02009912/img010585.jpg,data/wildfake/real/75a590690eb13ef8.jpg,0,real,imagenet,test,bab3a2074e5d546e531dde17c674e261341aaf8a0a0ee311ccc53b8417f6abb8
wildfake,Images/Real/imagenet.zip,imagenet/train/n02115913/img021930.jpg,data/wildfake/real/71737f62d217ea60.jpg,0,real,imagenet,test,492a5944bc944ebed818cc7a5d51712704651ac695d98ab7a35adbf4e101da49
wildfake,Images/Real/imagenet.zip,imagenet/train/n02321529/img026394.jpg,data/wildfake/real/f0e0e6f5cb77c99f.jpg,0,real,imagenet,test,3ccc380443e57d176e5b3ceeecf7cfec18804b539c289b94f80b2f4ff3916d21
wildfake,Images/Real/imagenet.zip,imagenet/train/n07717410/img075338.jpg,data/wildfake/real/52a3541ede904e06.jpg,0,real,imagenet,test,693349b888c3a84ba951abef5e56fb2fc451caee7bf94fc12a9d5228e886dea1
wildfake,Images/Real/imagenet.zip,imagenet/train/n01945685/img009153.jpg,data/wildfake/real/8b6eee1da01207a3.jpg,0,real,imagenet,test,d996ffe29a8e62790019e0c8a39dc8acddba2d09e1cd76597d00731c245937e3
wildfake,Images/Real/imagenet.zip,imagenet/train/n03467068/img046708.jpg,data/wildfake/real/b106419eed93e5ed.jpg,0,real,imagenet,test,5e7e6efd54646900b58232b20b53aa2e455d47aaf5d1a43f4d98468a4daa4833
wildfake,Images/Real/imagenet.zip,imagenet/train/n03759954/img052037.jpg,data/wildfake/real/ba7f7a3e57d9f33f.jpg,0,real,imagenet,test,e4eefbb56d2a21de2adacf1352654e080fe355a8b61b618d0b93db80e6fbc5a1
wildfake,Images/Real/imagenet.zip,imagenet/train/n02123045/img022537.jpg,data/wildfake/real/b93e8f44d70a5586.jpg,0,real,imagenet,test,1a9b247fdd9a8262f7b507fec6ba989a3907839945978c291d206fd54002a3fa
wildfake,Images/Real/imagenet.zip,imagenet/val/n03424325/img091417.jpg,data/wildfake/real/5996876ff3ed5af8.jpg,0,real,imagenet,test,5dd07bcaa25302dcd473cbfdc87e120294552ce9ea386a6fa65848e60fdb374c
wildfake,Images/Real/imagenet.zip,imagenet/val/n03775546/img093193.jpg,data/wildfake/real/51c428fe1983ca37.jpg,0,real,imagenet,test,274feab7c56da78e0e209a494e2f07405fa21a0d362c0bfa91f152ae7cd86e5b
wildfake,Images/Real/imagenet.zip,imagenet/train/n02165456/img024138.jpg,data/wildfake/real/394c3275afe2df23.jpg,0,real,imagenet,test,0b647eb3f1c6fc9a1dce347388a3651a44e838e9190a046824e4e4bb68a2e155
wildfake,Images/Real/imagenet.zip,imagenet/train/n02795169/img034232.jpg,data/wildfake/real/a297d393a4eae237.jpg,0,real,imagenet,test,121a9a7c77d48f847583d2e9ac5864a00b35d0b74caa3e8f258d5b3bf1054aea
wildfake,Images/Real/imagenet.zip,imagenet/train/n02097130/img015769.jpg,data/wildfake/real/d12d117ba267e6a8.jpg,0,real,imagenet,test,8bc62f8d31e59f7d9b8cf5364643394cb678826e23bc01ce71876f7a0178b51d
wildfake,Images/Real/imagenet.zip,imagenet/train/n03598930/img048900.jpg,data/wildfake/real/6272e17ca8827bd4.jpg,0,real,imagenet,test,74d91408f623a80af28a074416efbe63d3539f5579727a2578967fd7dad11a4a
wildfake,Images/Real/imagenet.zip,imagenet/train/n02492660/img030335.jpg,data/wildfake/real/4baaded3e58152e7.jpg,0,real,imagenet,test,4093665e4f284c5e7826784aecb9450cd54532a60b747d4f041573fe9342ff00
wildfake,Images/Real/imagenet.zip,imagenet/train/n03388549/img045193.jpg,data/wildfake/real/9cb9d45bee65c1b4.jpg,0,real,imagenet,test,616c211b4d0ecbefdabf1c07180a863508fee781923dfaa2e305fbc0b2930b16
wildfake,Images/Real/imagenet.zip,imagenet/train/n04461696/img069184.jpg,data/wildfake/real/f0ad3c13df7f76c5.jpg,0,real,imagenet,test,013088943a9ce6ef24781e48ea79f18894587ec0c7eb2ffdb884eb95a2ad4c69
wildfake,Images/Real/imagenet.zip,imagenet/train/n02443484/img028786.jpg,data/wildfake/real/fc3a20e0172e9447.jpg,0,real,imagenet,test,ca0a7e27798bc1a6999a794b5394f1925315a89770e27830b40c502136f6e625
wildfake,Images/Real/imagenet.zip,imagenet/val/n04141327/img095549.jpg,data/wildfake/real/44f7933c5a2d4b6d.jpg,0,real,imagenet,test,187dc3544b879b2078fb8715c91efd5f09c71fb7db48ea8edbbea7894ea89fd3
wildfake,Images/Real/imagenet.zip,imagenet/train/n07768694/img076560.jpg,data/wildfake/real/44226be799224461.jpg,0,real,imagenet,test,3191ae8d72254cc2efde55e67cff96bffa9b818360a2a7eaabedcafa6d2296f8
wildfake,Images/Real/imagenet.zip,imagenet/train/n01774750/img006099.jpg,data/wildfake/real/d6733bb076009c8d.jpg,0,real,imagenet,test,febc8ed5a6fb7e99b89c63201857d3b91e9396e16df513e624b0efd7d931424d
wildfake,Images/Real/imagenet.zip,imagenet/train/n04263257/img064779.jpg,data/wildfake/real/6dda4ef13797b49a.jpg,0,real,imagenet,test,61b2d3cb35e927e235fa146d2cf40a666f99091efa390f7b51d5a4fe6a00add9
wildfake,Images/Real/imagenet.zip,imagenet/train/n04355933/img066889.jpg,data/wildfake/real/116ad71c4be5ffe9.jpg,0,real,imagenet,test,14fb2d72b06b709c1a0e82c250a83ec7a286830c5e4d8a46175bd1d92a372ece
wildfake,Images/Real/imagenet.zip,imagenet/val/n03372029/img091178.jpg,data/wildfake/real/423012b9cb2f47a7.jpg,0,real,imagenet,test,bb16033a757031a8197663246310b59e90edf731a1645321a94fa86fb26160da
wildfake,Images/Real/imagenet.zip,imagenet/train/n02096585/img015600.jpg,data/wildfake/real/cc003fc180969642.jpg,0,real,imagenet,test,8d7e106ecfb5cebe3badf0e8c9bc308af5bf59c96c4bfd1f9990f6b7bfe0ef5e
wildfake,Images/Real/imagenet.zip,imagenet/val/n02094258/img083734.jpg,data/wildfake/real/fc4cd8955a5acdc0.jpg,0,real,imagenet,test,911d6e0c4851bfd7551f10264a9c44f47e50c12f54e7f95f2c12525721e9c5d5
wildfake,Images/Real/imagenet.zip,imagenet/train/n01985128/img009998.jpg,data/wildfake/real/2b27904d814e757d.jpg,0,real,imagenet,test,0ab776cbf113eaf781737c98e8720bd98ce961a01f75e190a4cd7e195922e60a
wildfake,Images/Real/imagenet.zip,imagenet/train/n03000134/img039152.jpg,data/wildfake/real/3e6525dc82f630a3.jpg,0,real,imagenet,test,2137cdf8580208f9153d596865fcee14dee9d9af844582d95ce9eaedc7de0c7a
wildfake,Images/Real/imagenet.zip,imagenet/val/n04070727/img095216.jpg,data/wildfake/real/c9ad27b362fba71d.jpg,0,real,imagenet,test,801a5249a4e61e298ae4002c31d4c06527646323614e4e4e392dc13f9f045e5e
wildfake,Images/Real/imagenet.zip,imagenet/train/n01753488/img005339.jpg,data/wildfake/real/f11842816c99bab8.jpg,0,real,imagenet,test,9e483b94d2237baff56a44fc33bc38c78ef38737e5162be578ddd684b8c1be98
wildfake,Images/Real/imagenet.zip,imagenet/train/n04443257/img068879.jpg,data/wildfake/real/aa391f98cb4a6beb.jpg,0,real,imagenet,test,3d1c3fd59e79f7b1c42a344157e46d14a747d54d4ba740bd59924348872f9158
wildfake,Images/Real/imagenet.zip,imagenet/train/n03376595/img044783.jpg,data/wildfake/real/2d6fdc990a6dad42.jpg,0,real,imagenet,test,6e03132724b69a5517eb5a5c1d7e69bc29cc083927605d7ac22801148023847b
wildfake,Images/Real/imagenet.zip,imagenet/train/n02389026/img027149.jpg,data/wildfake/real/77752cf399fa8646.jpg,0,real,imagenet,train,4d95c851fa41478d7c38089311075e93e91980b87f53be5a46e90706d2c60b98
wildfake,Images/Real/imagenet.zip,imagenet/train/n02859443/img035961.jpg,data/wildfake/real/e4b5d2df2c92c2fd.jpg,0,real,imagenet,train,e8ea805159006bf2e799bdd2b07fb99dd3676478cc8069405f5fec81e05ad8a3
wildfake,Images/Real/imagenet.zip,imagenet/val/n02917067/img089329.jpg,data/wildfake/real/b761898e46b3c61d.jpg,0,real,imagenet,train,bf0002da14e5c980d0bfd5505027f77ceb86cb8cf0a1d04bdc7b1a026dd461d8
wildfake,Images/Real/imagenet.zip,imagenet/train/n04355933/img066939.jpg,data/wildfake/real/a124c85fc08937be.jpg,0,real,imagenet,train,0599eb03aead77c5c0ed8b50a1c526dbb7b61ddf8040adb0aa20a380e1de1cba
wildfake,Images/Real/imagenet.zip,imagenet/train/n02096294/img015476.jpg,data/wildfake/real/aa3ad66d599c572a.jpg,0,real,imagenet,train,0c11b4f1a590f134c338706a8ed6ca1270660f9698f472dffded5e65cb0e49d4
wildfake,Images/Real/imagenet.zip,imagenet/val/n02165105/img086006.jpg,data/wildfake/real/1bf336324f72665e.jpg,0,real,imagenet,train,74dfb943f9219413ea5ca9ab6ededf56f1938e3ffa30eb15058da51f376a6043
wildfake,Images/Real/imagenet.zip,imagenet/train/n02951585/img037845.jpg,data/wildfake/real/bc4f7698b09705a0.jpg,0,real,imagenet,train,778bc6e888d6a0a1eba8a07d2bfa71a1f4897a684f0831dabefa769e94f028e0
wildfake,Images/Real/imagenet.zip,imagenet/train/n02708093/img032726.jpg,data/wildfake/real/4c914600bda2fd36.jpg,0,real,imagenet,train,368a0d148ed1800c9aeb5606a69cb17477d161f1abc6b95f478a87c655ece63f
wildfake,Images/Real/imagenet.zip,imagenet/train/n02422106/img028120.jpg,data/wildfake/real/d60d0f6f4be993b6.jpg,0,real,imagenet,train,d9dfb3a1c498771a687c6b5325b920742070bbf497608e4202dfcbf3b8e67a87
wildfake,Images/Real/imagenet.zip,imagenet/train/n07753113/img076165.jpg,data/wildfake/real/8612403985bb0b6a.jpg,0,real,imagenet,train,a13bf683b19cc9bca3fa481e8780c1a21d18ef4b257073fa9827efa02b028209
wildfake,Images/Real/imagenet.zip,imagenet/train/n02823428/img035209.jpg,data/wildfake/real/820df3d0ce6407c7.jpg,0,real,imagenet,train,4c7c35940dc376a1cdf8268d6dcaa56df24de99f36294741872d008711d966dc
wildfake,Images/Real/imagenet.zip,imagenet/train/n02099849/img016764.jpg,data/wildfake/real/9947c203d6badebf.jpg,0,real,imagenet,train,b3a3c28a3173b8bde0e9079dfaf718739b0f8bd949a200d21df7fb1382b4fbf9
wildfake,Images/Real/imagenet.zip,imagenet/train/n02797295/img034307.jpg,data/wildfake/real/f80328ad30bca7f9.jpg,0,real,imagenet,train,6221a0735ee97a655510905bdc0880e7702c601141d5763ae6b79701635ea3e6
wildfake,Images/Real/imagenet.zip,imagenet/train/n04485082/img069818.jpg,data/wildfake/real/5b3ea50e7029a103.jpg,0,real,imagenet,train,19f7f5997365c618e6e040cb8a4ca9b356b3249f3967679afc0c6b97373ec6e4
wildfake,Images/Real/imagenet.zip,imagenet/train/n07892512/img077343.jpg,data/wildfake/real/bb2e9ba2452eaba3.jpg,0,real,imagenet,train,6e7e49a1937408da97fe4eafee87fe07ab883e59e1186f3629f6a0472e597b45
wildfake,Images/Real/imagenet.zip,imagenet/train/n02108915/img019640.jpg,data/wildfake/real/658fa4ec4c93cfaa.jpg,0,real,imagenet,train,15b8c22b87b3f31bdeb4f4a770b53ca5dd6738301b20efd66759eb72cd574b88
wildfake,Images/Real/imagenet.zip,imagenet/train/n09399592/img078114.jpg,data/wildfake/real/659753af3322b543.jpg,0,real,imagenet,train,8f26b89f5fc84a4fab19cd85525db122749334da91ae640e29e4a8b6ede5eff7
wildfake,Images/Real/imagenet.zip,imagenet/val/n04429376/img097151.jpg,data/wildfake/real/6e4a8d62d594acec.jpg,0,real,imagenet,train,af6eb7b785d4303d893a4a9b1dfca1aee64546576e021c0c8ae1bc6147a6440d
wildfake,Images/Real/imagenet.zip,imagenet/val/n04326547/img096504.jpg,data/wildfake/real/197556281f914832.jpg,0,real,imagenet,train,b76e02508254cbe98fe1385629b762ad74408dca8126428fc7087000708ebae3
wildfake,Images/Real/imagenet.zip,imagenet/val/n03249569/img090831.jpg,data/wildfake/real/ef6b3406d34ca3c2.jpg,0,real,imagenet,train,c9e9393aa38373f9edbf0e416bc51980fff470f6b898719aed67b8e5e3faecb4
wildfake,Images/Real/imagenet.zip,imagenet/val/n03825788/img093605.jpg,data/wildfake/real/bd3a360e48e7a611.jpg,0,real,imagenet,train,33c8b396fca7e19ec0ef164b61f0ae170189933c5d17115a3c6a9027452dfde7
wildfake,Images/Real/imagenet.zip,imagenet/train/n01695060/img003849.jpg,data/wildfake/real/c2a430107fb6a34d.jpg,0,real,imagenet,train,7ce249ad5be1126c6014d2f38af3c1bd999b09a8a2d3e2d6dd640e972a024d0d
wildfake,Images/Real/imagenet.zip,imagenet/train/n02113023/img021099.jpg,data/wildfake/real/d1cf7a527a651d14.jpg,0,real,imagenet,train,9e983ee0aa8337f88011fdbc164985f151d59b867b948ae4280ad0945e9a9fb8
wildfake,Images/Real/imagenet.zip,imagenet/train/n02093256/img014397.jpg,data/wildfake/real/57952c4c47e882cf.jpg,0,real,imagenet,train,5afe9363d41c42ee61c5fbf6d4fdb0b66aac76be02406493b75c0005c4cb1bfe
wildfake,Images/Real/imagenet.zip,imagenet/train/n01820546/img007279.jpg,data/wildfake/real/daafd4e724059fb0.jpg,0,real,imagenet,train,3080da5c33ea495778baf6e6b9f9048c7f48ec31795ea0d1025019b70e391cbb
wildfake,Images/Real/imagenet.zip,imagenet/train/n04141975/img062306.jpg,data/wildfake/real/e22ff697e838d205.jpg,0,real,imagenet,train,e701ff1f51601e8b3242a15a46d0b1f5136ea2c4b11b5ccfbd2adbefcab7afef
wildfake,Images/Real/imagenet.zip,imagenet/val/n01748264/img081275.jpg,data/wildfake/real/4b3e7cfe50e4250b.jpg,0,real,imagenet,train,537796e08ded4bf2ecbe076a0a8f7b44f166f559fec1d4f03c02f693b5f2acae
wildfake,Images/Real/imagenet.zip,imagenet/val/n02422106/img087025.jpg,data/wildfake/real/a68505f3a20f6812.jpg,0,real,imagenet,train,1f28da2fac81af81068bcfdf6ed9e4d2fe6da4cee211532f46069cb1a9472baa
wildfake,Images/Real/imagenet.zip,imagenet/train/n02190166/img024671.jpg,data/wildfake/real/d7f213e7135efcf3.jpg,0,real,imagenet,train,20ba25444159c70edd917b857237317530754d227f35d34b54a6d1132084eacc
wildfake,Images/Real/imagenet.zip,imagenet/train/n02977058/img038465.jpg,data/wildfake/real/b2bf9f779819160f.jpg,0,real,imagenet,train,4ce726f67a56b9a6038bdb9adcf5b3917d528324384208a3ebf25cb145b5f7b1
wildfake,Images/Real/imagenet.zip,imagenet/train/n03956157/img058167.jpg,data/wildfake/real/7c469e3665361169.jpg,0,real,imagenet,train,1cd44bd6141170282cd86f51e8b097b6e88d7349a509c2e7f3f32dd4de89abab
wildfake,Images/Real/imagenet.zip,imagenet/val/n09229709/img099428.jpg,data/wildfake/real/6f5a69d416548b16.jpg,0,real,imagenet,train,6287ee3593067c876697a568f08cbbe4453346b3c855c8a14e35349dbeac51d7
wildfake,Images/Real/imagenet.zip,imagenet/train/n03710193/img051029.jpg,data/wildfake/real/73980ca1410b3a9c.jpg,0,real,imagenet,train,f472c052e1843c67856fa112910e866b62f8fae66a0618ec2ca9b9658dcb54cd
wildfake,Images/Real/imagenet.zip,imagenet/val/n07875152/img099296.jpg,data/wildfake/real/3804ac0e522b9a4d.jpg,0,real,imagenet,train,baf2d772ed5d1f368921e37ec8e23346e5be2ef01de72f5cbbae2badf1c99c36
wildfake,Images/Real/imagenet.zip,imagenet/train/n02090721/img013671.jpg,data/wildfake/real/02c6865af5be0040.jpg,0,real,imagenet,train,5c8ae28862f9fca092d4859f74bd16473bc66d5ba3bce58914f61cb22ca19596
wildfake,Images/Real/imagenet.zip,imagenet/train/n04447861/img068945.jpg,data/wildfake/real/a1be50427a000803.jpg,0,real,imagenet,train,8ab7b6d576ae87d9742070701e9657a7c60b9c6cad5e2633e6e15850226fae10
wildfake,Images/Real/imagenet.zip,imagenet/val/n03447721/img091541.jpg,data/wildfake/real/4abb745a58fcb2f0.jpg,0,real,imagenet,train,3e4886dae08491103091abfb3391aa748923772ad11e4cd630afad17c4a6d0fc
wildfake,Images/Real/imagenet.zip,imagenet/val/n04536866/img097780.jpg,data/wildfake/real/8032f4720d6cfb48.jpg,0,real,imagenet,train,2a51f2a396d4fe4e7f242938813ac47a1623bd5d645081daf49222765bdb87c7
wildfake,Images/Real/imagenet.zip,imagenet/train/n04515003/img070527.jpg,data/wildfake/real/7f8b2e9f1db4f70b.jpg,0,real,imagenet,train,f8c34c6fd8b3d9234ecf8bf5fe760269d98ad6080646db0f82ed17f44754bec2
wildfake,Images/Real/imagenet.zip,imagenet/train/n02096294/img015500.jpg,data/wildfake/real/cd5b0bd7a3ed95ad.jpg,0,real,imagenet,train,bd51715214a8400a8bdb216244dd458d98a0ec091fdefedb9f2090bb1cc228be
wildfake,Images/Real/imagenet.zip,imagenet/train/n04380533/img067743.jpg,data/wildfake/real/fec6d8aa94d407a1.jpg,0,real,imagenet,train,db393f6a1c9a67ac34bd3264f2a3dc7499ed3f57bc635ec5a50626ecc411b815
wildfake,Images/Real/imagenet.zip,imagenet/train/n01601694/img001639.jpg,data/wildfake/real/a88a025b70606f27.jpg,0,real,imagenet,train,8e611aee7e06cbac2b6463a1afdd8ae48357c56fc6a473df2bf8c4da44b14c60
wildfake,Images/Real/imagenet.zip,imagenet/val/n02037110/img082866.jpg,data/wildfake/real/405d2bfe1d72ee0a.jpg,0,real,imagenet,train,3c79c166fb455a3f4fdaa1822e381bec34e577c977751972030ef7fffacfc032
wildfake,Images/Real/imagenet.zip,imagenet/val/n02782093/img088353.jpg,data/wildfake/real/b37632232276f352.jpg,0,real,imagenet,train,ac1f229f983a0db356b034638afcbfecf85ca7dc90cb0d82f0509938a2bf5ac9
wildfake,Images/Real/imagenet.zip,imagenet/train/n01833805/img007585.jpg,data/wildfake/real/c35492045d4e3acd.jpg,0,real,imagenet,train,3616d50d031ee16e4737d4c2bc2081ffdbcebbaf66b96c0cc995c45f87e3c0a3
wildfake,Images/Real/imagenet.zip,imagenet/train/n02093754/img014611.jpg,data/wildfake/real/bf64131cd20269c1.jpg,0,real,imagenet,train,abb39b53008b386dd98b3dde695625106daa9b80e3372f402c24109265e01ffb
wildfake,Images/Real/imagenet.zip,imagenet/val/n04579432/img098042.jpg,data/wildfake/real/90f07e752f46eb12.jpg,0,real,imagenet,train,e7b8888cba5abe23b0b91346c88d9a2dc4ee67f9d4d5da4d2dbb15a130068b02
wildfake,Images/Real/imagenet.zip,imagenet/train/n04493381/img070124.jpg,data/wildfake/real/00abd5c4cd9a524f.jpg,0,real,imagenet,train,147daffceffda978a62378ee9b73ec8913198015e2ad32c5aa95ae2edf030240
wildfake,Images/Real/imagenet.zip,imagenet/train/n02791124/img033843.jpg,data/wildfake/real/b8b7b9910d25b006.jpg,0,real,imagenet,train,0ff6ec4070d30a1e1a45dc7eb4fd4a0ff84ecff3d0596351014dd91420c1dc3c
wildfake,Images/Real/imagenet.zip,imagenet/train/n02102973/img017725.jpg,data/wildfake/real/6f6b46ed73dc9877.jpg,0,real,imagenet,train,237d6af98ebc7026c6c6dc2e429d3285c1f1629fc88532bf77afd634dfe38ee1
wildfake,Images/Real/imagenet.zip,imagenet/train/n03891332/img056340.jpg,data/wildfake/real/c0b5dacf01d2d118.jpg,0,real,imagenet,train,6f1d43830fcd35203ce8c4997bb467c23ca5645a2b6d77b238e46e9127a8bf00
wildfake,Images/Real/imagenet.zip,imagenet/train/n02112350/img020945.jpg,data/wildfake/real/f08e2b8fce8ddbed.jpg,0,real,imagenet,train,a3d18208c0ff0947fae6db5a70555ba6739a96c8d6454f3b16607006ac794b79
wildfake,Images/Real/imagenet.zip,imagenet/train/n04392985/img067882.jpg,data/wildfake/real/3195c292d039d9af.jpg,0,real,imagenet,train,ce26e80f594512c6ed37abb043c11fc8442a898f6e027fd180cc680762caeeac
wildfake,Images/Real/imagenet.zip,imagenet/train/n02804610/img034623.jpg,data/wildfake/real/7486548b3e931cc0.jpg,0,real,imagenet,train,e28590f555fc8fbe12527177fd44e1fb3381fe499efa5d83ae8b5a903674a512
wildfake,Images/Real/imagenet.zip,imagenet/train/n04376876/img067665.jpg,data/wildfake/real/7d41f5f742ea6968.jpg,0,real,imagenet,train,40f35e268c9d546c06321563848fbaf5d09c32e405a24caf5730c2f29718e0d6
wildfake,Images/Real/imagenet.zip,imagenet/train/n02092002/img014215.jpg,data/wildfake/real/2c0770306953bf78.jpg,0,real,imagenet,train,5cb0b0c070ff73077d2cf7bf25879addfd3a10af2f6262c7489cd0cb2581dd7b
wildfake,Images/Real/imagenet.zip,imagenet/train/n02100236/img016824.jpg,data/wildfake/real/c93de73699f1cf4a.jpg,0,real,imagenet,train,6a118e5979e360d77b7ccd08078413446e1535c3b2b6fbf0f9dc4bbda1fbd333
wildfake,Images/Real/imagenet.zip,imagenet/val/n03063599/img090094.jpg,data/wildfake/real/36e3d06f8d91d913.jpg,0,real,imagenet,train,fcb99a1989fb6e7ec4acec26f5424cff5b5b4cf2c5a3a6fdcab11b60bb2df7b8
wildfake,Images/Real/imagenet.zip,imagenet/train/n02107908/img019267.jpg,data/wildfake/real/bd49ba8e610c260a.jpg,0,real,imagenet,train,37c4de3adbf18994a3093020d8aefdd276da950e8ca3c876d10fb8147def0925
wildfake,Images/Real/imagenet.zip,imagenet/train/n07248320/img073742.jpg,data/wildfake/real/ebed2afca8654b59.jpg,0,real,imagenet,train,ac315244c86266e7d73475fddf54b485ab0556068262a97afbe894cff27516ad
wildfake,Images/Real/imagenet.zip,imagenet/train/n01491361/img000292.jpg,data/wildfake/real/4bbe395d69fe7652.jpg,0,real,imagenet,train,ee27c7803a3d8fbf459df59405098e6a8f56328dcdc6b5f3ea8be2700e184fc1
wildfake,Images/Real/imagenet.zip,imagenet/val/n02666196/img087964.jpg,data/wildfake/real/d1e0766eb748152b.jpg,0,real,imagenet,train,d322d27739ec2e3b8de8831feecf63294c7afd82088d81ccda94558fa98cb57f
wildfake,Images/Real/imagenet.zip,imagenet/train/n02104029/img017812.jpg,data/wildfake/real/e3abd56fb37f3af1.jpg,0,real,imagenet,train,9c10f290493f201e1420fca41aa6eedb3c3213a32b51a9b3c7fd244d25f3f6cc
wildfake,Images/Real/imagenet.zip,imagenet/val/n02098413/img084094.jpg,data/wildfake/real/7076eca54fcf1bb8.jpg,0,real,imagenet,train,693d104a7855c2592d72d3624a78c67e54a76de5a21fb683605a06f54c9aef2f
wildfake,Images/Real/imagenet.zip,imagenet/train/n03717622/img051208.jpg,data/wildfake/real/150bdbd69cdf663a.jpg,0,real,imagenet,train,38d12ca790e2106901434742588b2a04d3c4c3c9b148c769fc8ac5a306601fc4
wildfake,Images/Real/imagenet.zip,imagenet/train/n01644900/img002628.jpg,data/wildfake/real/8bb002ec837979ec.jpg,0,real,imagenet,train,d8e53ed794c2b366529b3ad6f3a364a5d71f6d1bc829c014f92c3ba774a8e855
wildfake,Images/Real/imagenet.zip,imagenet/train/n01748264/img005064.jpg,data/wildfake/real/7908f4e7a1e53552.jpg,0,real,imagenet,train,e302722b3cbc0ed84ee8d76fa213a584818be7252a99cf45327140a760fcd7ce
wildfake,Images/Real/imagenet.zip,imagenet/train/n01728920/img004310.jpg,data/wildfake/real/3189aa9399f2052e.jpg,0,real,imagenet,train,6e34dc848001582b6f6f709db480637610f3ed3f8a70e54984995fe8ac751629
wildfake,Images/Real/imagenet.zip,imagenet/val/n02099849/img084188.jpg,data/wildfake/real/d45c3747d27a41de.jpg,0,real,imagenet,train,534e256cbd8cd1f8e29a388f0b246ffdb6d7572456f0ce281bd2d59a27eb9792
wildfake,Images/Real/imagenet.zip,imagenet/train/n01774750/img006134.jpg,data/wildfake/real/b7710f8eaf9c183c.jpg,0,real,imagenet,train,36cdf5c40b012b471662bb55bcacccc18d9b8db72781e948f7011e10b132f2e8
wildfake,Images/Real/imagenet.zip,imagenet/train/n03937543/img057666.jpg,data/wildfake/real/45c89595e5016335.jpg,0,real,imagenet,train,26d091a35ea9954a4ee005ac8e7ac1bcf096ceb001b774fc2bfcda9fb467593f
wildfake,Images/Real/imagenet.zip,imagenet/train/n02120505/img022468.jpg,data/wildfake/real/584dd5ee048b2e54.jpg,0,real,imagenet,train,af3ef108ad438565c5ba9c543a910307b3cb38828f2e9a7c4f05f4e26a843da5
wildfake,Images/Real/imagenet.zip,imagenet/train/n02892767/img036744.jpg,data/wildfake/real/97024ae33cbec124.jpg,0,real,imagenet,train,403c708e6e8efe11bdc42e127662c5c659e8a86ae6a7194b3b6399c82bb9cd4c
wildfake,Images/Real/imagenet.zip,imagenet/train/n03075370/img040628.jpg,data/wildfake/real/3fa5a0664517086b.jpg,0,real,imagenet,train,4c6f7cae7d6e28653d1460081de919f568d66790b97f31d5a01719c9d32bd6bb
wildfake,Images/Real/imagenet.zip,imagenet/train/n09428293/img078265.jpg,data/wildfake/real/fedab5563110aad0.jpg,0,real,imagenet,train,ec735caf8624e9d2750db86c620b419cc1b51f7033a286582e527b3eac5063cf
wildfake,Images/Real/imagenet.zip,imagenet/train/n01877812/img008329.jpg,data/wildfake/real/05c02edc54523b8f.jpg,0,real,imagenet,train,6ef8d1ba5c49efe12e07fce01a9df86f31904c9706e0fcf939b99c0080b964aa
wildfake,Images/Real/imagenet.zip,imagenet/train/n01820546/img007217.jpg,data/wildfake/real/01fd21fe0fd41194.jpg,0,real,imagenet,train,0a6d6e0b516a6995e78b0653c5b9cb52fc9044222f0cef2a44d672008ec620b1
wildfake,Images/Real/imagenet.zip,imagenet/train/n03127747/img041515.jpg,data/wildfake/real/b58195a9d0c14b39.jpg,0,real,imagenet,train,aa6ab19ee24eaac3aec204ad6ecde14b9ab23a4619ed5671ecfeee6ba7052f6c
wildfake,Images/Real/imagenet.zip,imagenet/train/n01917289/img008782.jpg,data/wildfake/real/b8b9aa2903f59a7b.jpg,0,real,imagenet,train,33cc88e9085d5d2a939b4306c1d3f8b0b3e6d5daaa3f799a617577eb92fd0cfa
wildfake,Images/Real/imagenet.zip,imagenet/train/n03775071/img052649.jpg,data/wildfake/real/804fc148884ebab2.jpg,0,real,imagenet,train,df60886f6b494ceeee154d4db264850c6c6721bd9976651460e0db39fbe7ac65
wildfake,Images/Real/imagenet.zip,imagenet/train/n03891251/img056287.jpg,data/wildfake/real/46f47cb15edd627f.jpg,0,real,imagenet,train,af24a2053559916e414552938fa4f894b9f99ceaea68c6eca30c27ae51027797
wildfake,Images/Real/imagenet.zip,imagenet/train/n04456115/img069004.jpg,data/wildfake/real/58f52c165ebdf0c5.jpg,0,real,imagenet,train,e34d0ec30b84ce69e3600df3c423fedb097cf6bd864638edca5b7b913f844c6b
wildfake,Images/Real/imagenet.zip,imagenet/train/n02395406/img027317.jpg,data/wildfake/real/da848edd09a7b178.jpg,0,real,imagenet,train,6faef66d5851b9656d35dc8b0c9aae7ebaeb3f4783388ba32a9213c777937a4b
wildfake,Images/Real/imagenet.zip,imagenet/train/n02104365/img017884.jpg,data/wildfake/real/c2591ffbef70d48e.jpg,0,real,imagenet,train,03556835d069eb0337262225bf69fbce40bbd5acf20781fbb90bd88c68788cad
wildfake,Images/Real/imagenet.zip,imagenet/train/n01806143/img006730.jpg,data/wildfake/real/970edd771564a288.jpg,0,real,imagenet,train,19204b1759874776f734f2acacc08291bba8033de030f919efae482ed88e3c02
wildfake,Images/Real/imagenet.zip,imagenet/train/n03201208/img042606.jpg,data/wildfake/real/99585b728aa5ed04.jpg,0,real,imagenet,train,a4b4aaeabfdba4de069c0e17e35c74377d0d70a7cbaa89fe062ea82f72d13f65
wildfake,Images/Real/imagenet.zip,imagenet/val/n04597913/img098219.jpg,data/wildfake/real/e02e84c78b3e0a11.jpg,0,real,imagenet,train,8ba15f5c83aa0dc8ec340429e24e3f81a41f5c43680c0ff40b2054bad208403d
wildfake,Images/Real/imagenet.zip,imagenet/val/n04049303/img095137.jpg,data/wildfake/real/65128604166d1cf7.jpg,0,real,imagenet,train,2cfda30a47222a6d61287e4152105e3fd76705af1ce82fc928f1fb8c9be80145
wildfake,Images/Real/imagenet.zip,imagenet/val/n02037110/img082867.jpg,data/wildfake/real/045bb35dd61379e6.jpg,0,real,imagenet,train,f1ed45a112df772900088ca179c93d3210b1c04383e0741d8daa67d77b8ba137
wildfake,Images/Real/imagenet.zip,imagenet/train/n03602883/img049105.jpg,data/wildfake/real/d48d8ca25c903226.jpg,0,real,imagenet,train,afd5238936e6b65a09f2e6d6df978a7aa2a0311dbf6075fdcf2095bf8766fcb2
wildfake,Images/Real/imagenet.zip,imagenet/train/n03884397/img055921.jpg,data/wildfake/real/5a5c85c98210e235.jpg,0,real,imagenet,train,bb1aa923c8c7d1fdb519e19c57e3a077e68d9656bd96f06ea7922b7d41a19685
wildfake,Images/Real/imagenet.zip,imagenet/train/n07697313/img074687.jpg,data/wildfake/real/61319d4a6e65bf14.jpg,0,real,imagenet,train,4a6fb93ae9e7d477cd68608d35b742953895e1496b04c2c4cdc159b54ec86b22
wildfake,Images/Real/imagenet.zip,imagenet/val/n04141327/img095541.jpg,data/wildfake/real/a02e7fab2b20be74.jpg,0,real,imagenet,train,d7c92da428af9a8b3d56cf36e9c5d0d24870c35c4fe8cde2894743593d7f3b66
wildfake,Images/Real/imagenet.zip,imagenet/train/n03598930/img048889.jpg,data/wildfake/real/ec5f992d71376156.jpg,0,real,imagenet,train,738595bd722ec448b7c909ffaeea5342a32688f81dec7b23872127188101828c
wildfake,Images/Real/imagenet.zip,imagenet/val/n02087046/img083171.jpg,data/wildfake/real/8e992f1959f86e9e.jpg,0,real,imagenet,train,4282a593e21b9908d01339395d7bb2d89519f1ee6627a7bef18ed8757110b3d2
wildfake,Images/Real/imagenet.zip,imagenet/val/n04099969/img095301.jpg,data/wildfake/real/d4c11592688356bd.jpg,0,real,imagenet,train,47b2b31ddd470161603c93002da63f2ead4836e241c6bb815f38689bf3ec0666
wildfake,Images/Real/imagenet.zip,imagenet/train/n04023962/img059828.jpg,data/wildfake/real/871e05882ed19b55.jpg,0,real,imagenet,train,894e6d0ccb1d6fbe8887475cb1781f0485831d10d21b7deb15106feda0c86433
wildfake,Images/Real/imagenet.zip,imagenet/train/n07579787/img073866.jpg,data/wildfake/real/ca11dc50dcf525b7.jpg,0,real,imagenet,train,5889923684fc45e4d63e6076951494904d15dae532108642e08e219c8ab440c4
wildfake,Images/Real/imagenet.zip,imagenet/train/n09468604/img078375.jpg,data/wildfake/real/230b1c2ac4683ff2.jpg,0,real,imagenet,train,cf65afbfa66fe5a8e9e32126aba999cb9c8dba23a54080484c1b010f4be6bd66
wildfake,Images/Real/imagenet.zip,imagenet/train/n07873807/img077044.jpg,data/wildfake/real/f6483fd751cc0d4d.jpg,0,real,imagenet,train,997f540be86c1e46d382ab7e0bef3489e494a84002cb34293b8361feb7a9d5a8
wildfake,Images/Real/imagenet.zip,imagenet/val/n02091467/img083484.jpg,data/wildfake/real/14d7e3eebebfe754.jpg,0,real,imagenet,train,8b68bf2e84a1c6e576f41ae2eeadcfb247b96785d2bd8ed6e060a90a2eb79d3c
wildfake,Images/Real/imagenet.zip,imagenet/val/n04263257/img096198.jpg,data/wildfake/real/af7a6cb33dc39854.jpg,0,real,imagenet,train,9333054fbb0480383bb27f92d4a92487148a67466dee3ba5d60375f37b0c48ba
wildfake,Images/Real/imagenet.zip,imagenet/train/n04070727/img060821.jpg,data/wildfake/real/d2f8f819e204a04c.jpg,0,real,imagenet,train,1e27aa5f4506d4c1b9ef725f43372a327a65746e38d0d88b0a43a6cedeeeffc0
wildfake,Images/Real/imagenet.zip,imagenet/train/n01685808/img003289.jpg,data/wildfake/real/544e9fc04b868f14.jpg,0,real,imagenet,train,af38e0d8c884597931466d0ebb01cb76fad64964c57863699d76659f3b8584eb
wildfake,Images/Real/imagenet.zip,imagenet/train/n07802026/img076684.jpg,data/wildfake/real/9241e43d686095a8.jpg,0,real,imagenet,train,228bc63ffa26fadb0f26fcbc8d5fa19b25692c4834c4618d51c64b66976cb188
wildfake,Images/Real/imagenet.zip,imagenet/train/n01978287/img009464.jpg,data/wildfake/real/85b2815dc67d75e3.jpg,0,real,imagenet,train,4b1253b2564f0ab834f3409bdb51a8a3e494a9b9101148b6f2c1d19ad81f58a0
wildfake,Images/Real/imagenet.zip,imagenet/train/n07697313/img074719.jpg,data/wildfake/real/11557b8d4d25b63a.jpg,0,real,imagenet,train,47c93d3e4d723318c0e53c667db60d8e61f5bf9e2f1326ea89b3eb1eb4ccc268
wildfake,Images/Real/imagenet.zip,imagenet/train/n02493793/img030482.jpg,data/wildfake/real/a80f140c499c0bb8.jpg,0,real,imagenet,train,37c0567d218fbe632f1e4bdb15fbeba87d72c0d9a5014aba20a6305340e8e9cd
wildfake,Images/Real/imagenet.zip,imagenet/train/n04398044/img067931.jpg,data/wildfake/real/be8fd08034558bee.jpg,0,real,imagenet,train,7d674215d5ee1971a5146db2ab5ace0c8479e0120ac921cbbd39ac56b8c590ff
wildfake,Images/Real/imagenet.zip,imagenet/val/n03109150/img090244.jpg,data/wildfake/real/f228cc6e94276d65.jpg,0,real,imagenet,train,a55dd932fadf89e1460ca1b52bca155122095d3a63c64df82ddd3fec1fa274eb
wildfake,Images/Real/imagenet.zip,imagenet/val/n03527444/img091944.jpg,data/wildfake/real/cf69224cdbf8665a.jpg,0,real,imagenet,train,e55d5b8ae8815d7244c04aad7978e417c6f7f617023ed7d63b51cae730184466
wildfake,Images/Real/imagenet.zip,imagenet/train/n03857828/img055066.jpg,data/wildfake/real/06abd2d8659507ad.jpg,0,real,imagenet,train,99d6c8108b9b4932542ca754fa33d6983e71d37a9de7c45de4909673e78e0f4a
wildfake,Images/Real/imagenet.zip,imagenet/train/n04599235/img072880.jpg,data/wildfake/real/8a3c2262f929de01.jpg,0,real,imagenet,train,86aa40be5f5601475e3e4687434cd4d4f617838ff0aae3260ea778edfc0f0964
wildfake,Images/Real/imagenet.zip,imagenet/train/n04317175/img065899.jpg,data/wildfake/real/53891d1309d1363b.jpg,0,real,imagenet,train,7ac0621480c1ea22423aa91bdfdd41946eb6bb64e62ef183d2eddbde9af4550d
wildfake,Images/Real/imagenet.zip,imagenet/train/n04127249/img061814.jpg,data/wildfake/real/51d1dc327cfb1c45.jpg,0,real,imagenet,train,239cf7637f7ab1306c996d4579923a09ca59ac3000148e14d02cf688fbf2d14a
wildfake,Images/Real/imagenet.zip,imagenet/train/n04127249/img061771.jpg,data/wildfake/real/a97484861162aed4.jpg,0,real,imagenet,train,d3a2b0e83aaa8e327bde4d880183c0b9d44e8c8e0f681370f8b36fe638810564
wildfake,Images/Real/imagenet.zip,imagenet/train/n03908618/img056784.jpg,data/wildfake/real/4dd2e9733610f75f.jpg,0,real,imagenet,train,ef8a91ba0e061b0bc8e20013635fbddb4da798683129e0c76fb717b2ba3393d3
wildfake,Images/Real/imagenet.zip,imagenet/train/n02097047/img015704.jpg,data/wildfake/real/55112b43f57f7004.jpg,0,real,imagenet,train,be94554c22017a3cf39cceffbddf28053f483403f6fb31bd99ba8e5d6dfcaf74
wildfake,Images/Real/imagenet.zip,imagenet/train/n04399382/img068025.jpg,data/wildfake/real/119061cbabbd08c3.jpg,0,real,imagenet,train,0eb34fb12ea72cb2df62df543c37f027a939f28a6d81c166de004442978752bc
wildfake,Images/Real/imagenet.zip,imagenet/train/n01753488/img005350.jpg,data/wildfake/real/9d146f8b28f81dec.jpg,0,real,imagenet,train,0998898380e02d71fc9f91fe8b572abe792cbaeb7f63f7c0f9cd74126784fc37
wildfake,Images/Real/imagenet.zip,imagenet/train/n02105641/img018360.jpg,data/wildfake/real/7ba5029b98d941d3.jpg,0,real,imagenet,train,57917d5269741ef120e8138542d19afe463096656687c7b06ca9ee58bd2395c1
wildfake,Images/Real/imagenet.zip,imagenet/train/n04049303/img060483.jpg,data/wildfake/real/d9eba7418f36002b.jpg,0,real,imagenet,train,4dc124ce6c139cb4c4c42c086d786ec307a4fff1be62a9c94c46ef9529b5aa32
wildfake,Images/Real/imagenet.zip,imagenet/val/n04264628/img096217.jpg,data/wildfake/real/070420a415b6e50d.jpg,0,real,imagenet,train,2fc62428f466f480c517f061ca37c6110ace5abadc2e2ef0ad2ed3f0438f5183
wildfake,Images/Real/imagenet.zip,imagenet/train/n01608432/img001690.jpg,data/wildfake/real/981512f9f7736441.jpg,0,real,imagenet,train,fc46682fd5b52d194d1294a8f69da49add60620d4c49a8d7ae092d9a6cf6ed94
wildfake,Images/Real/imagenet.zip,imagenet/val/n02086240/img083109.jpg,data/wildfake/real/c83a15bbbc3907eb.jpg,0,real,imagenet,train,c61c593c089f793027047cfccd487e9f2f6e5426cf182ddc4610082124bd309e
wildfake,Images/Real/imagenet.zip,imagenet/train/n02807133/img034719.jpg,data/wildfake/real/f1a57d8a0fcb42cb.jpg,0,real,imagenet,train,7f9de8bf6cbdc086bc1c0ad3def44f775582f75df60391a4246d6f93814c118a
wildfake,Images/Real/imagenet.zip,imagenet/val/n02107142/img084723.jpg,data/wildfake/real/9b4968637669c951.jpg,0,real,imagenet,train,60204bc377ca1b92cd8986628994c891c514316c43bd4c642dc1d9923725ac71
wildfake,Images/Real/imagenet.zip,imagenet/train/n02102177/img017478.jpg,data/wildfake/real/628b83209d7779e4.jpg,0,real,imagenet,train,7c325ea0673e0930c0ecacb926bcea8f56daacc4705a0c4f9ea3b150571362d2
wildfake,Images/Real/imagenet.zip,imagenet/train/n03929660/img057159.jpg,data/wildfake/real/fdf5169591d28686.jpg,0,real,imagenet,train,a3e84e4fe5f30a40bc4ad414e2eb7d95f6d712b0b60b36950e3db89bd6b28afa
wildfake,Images/Real/imagenet.zip,imagenet/train/n07697537/img074756.jpg,data/wildfake/real/8f70d49764c7bbf3.jpg,0,real,imagenet,train,44e4ef4f40249bc46e9c14628b49c9dabb8a580e2db900c9a70c87393a7c1abc
wildfake,Images/Real/imagenet.zip,imagenet/val/n04118776/img095392.jpg,data/wildfake/real/e9fbd5beb82b8f38.jpg,0,real,imagenet,train,6bde9f50895d44cdfbb297a9ecaaea2005afcd524097a427936f60e72604057f
wildfake,Images/Real/imagenet.zip,imagenet/train/n02105162/img018059.jpg,data/wildfake/real/f25cac1033e82aca.jpg,0,real,imagenet,train,49e0df532d8ffc2725cc32d3730862842ea5e9a4b9dec8b5b2f1f8a07cc58d69
wildfake,Images/Real/imagenet.zip,imagenet/val/n03691459/img092650.jpg,data/wildfake/real/1cd367d82469bb21.jpg,0,real,imagenet,train,5c19c709e8345d6a2678989a5280dc9b35d56f23e45adf4d7e40a0a0d156a5cc
wildfake,Images/Real/imagenet.zip,imagenet/train/n03045698/img040083.jpg,data/wildfake/real/997d0320052c06f4.jpg,0,real,imagenet,train,ef89ff3b12ef819395abc923bb583db3c71f529ead4850be627e4955841bd809
wildfake,Images/Real/imagenet.zip,imagenet/train/n01883070/img008489.jpg,data/wildfake/real/b2b292ef68c379c7.jpg,0,real,imagenet,train,57a72e7249df721cc5fc7d04f5bc0114bf9bbfc9ebdbf869bf650af87b289523
wildfake,Images/Real/imagenet.zip,imagenet/train/n09246464/img077793.jpg,data/wildfake/real/9d3bffac743fb8c7.jpg,0,real,imagenet,train,1c31a24f8cea2a65136937581af29d2ef497651335aefef9b5d70d9ad73fecf1
wildfake,Images/Real/imagenet.zip,imagenet/val/n01530575/img080217.jpg,data/wildfake/real/c09a12f56e55fbd4.jpg,0,real,imagenet,train,f345c863ea074f4a3131b76857d608cdce7d3e158a2f0bc46ec0e5377d331c04
wildfake,Images/Real/imagenet.zip,imagenet/train/n04548280/img071385.jpg,data/wildfake/real/443a4c70fff03b85.jpg,0,real,imagenet,train,f2ed5c773279e3b88583bb778718a6588bad7db9fa7f4ccc75268e9c21bf1edc
wildfake,Images/Real/imagenet.zip,imagenet/val/n03534580/img092028.jpg,data/wildfake/real/37dfe3f523f5d543.jpg,0,real,imagenet,train,4349357ed2b85f17621596c8ebbe19ea1dec9918341b7a3e2d7d7ec6facde70b
wildfake,Images/Real/imagenet.zip,imagenet/train/n04099969/img061259.jpg,data/wildfake/real/3dd6510e71ba6df2.jpg,0,real,imagenet,train,5b3927ed9f119278489a02df63589c574b9087f85a5b4300485f5717e953e931
wildfake,Images/Real/imagenet.zip,imagenet/train/n03028079/img039774.jpg,data/wildfake/real/76b0f24db6861dd8.jpg,0,real,imagenet,train,498e8d3ce953717fe230ac01b80b99ca2c1193c28e295b40f68c3f4526b11fb3
wildfake,Images/Real/imagenet.zip,imagenet/train/n02488702/img030040.jpg,data/wildfake/real/76fb65363367653c.jpg,0,real,imagenet,train,c6a2b3decc898fa4789ff83dead8f0583daaabfd01695dde861e765436a7a6f2
wildfake,Images/Real/imagenet.zip,imagenet/train/n03706229/img050856.jpg,data/wildfake/real/931adae1c265589d.jpg,0,real,imagenet,train,ec5f92e7189fb5da03fe651a29cf0d986c7dfe2d55ced86f646721a8b1ff8e35
wildfake,Images/Real/imagenet.zip,imagenet/train/n04371430/img067432.jpg,data/wildfake/real/a60612ab3e67a720.jpg,0,real,imagenet,train,c4bfb6344b58a023e2d030215392343752b02fe1f91ade55741420f6fe3bd27e
wildfake,Images/Real/imagenet.zip,imagenet/train/n03782006/img053141.jpg,data/wildfake/real/30877c07db506200.jpg,0,real,imagenet,train,b362467d05847c6e2d765d82a759bb2edeb1f633f02de5e58514693e66ca2ec7
wildfake,Images/Real/imagenet.zip,imagenet/train/n02487347/img029912.jpg,data/wildfake/real/950b71e2d4f59d3b.jpg,0,real,imagenet,train,86cb2263429d1be72d5a66c40a74d54039d5aa13653c69d7b8b1423212e16799
wildfake,Images/Real/imagenet.zip,imagenet/train/n07715103/img075069.jpg,data/wildfake/real/22957d74ed580966.jpg,0,real,imagenet,train,3a7e232e4323e0d0f9ce6a7934f0e50de726cef38deb39538c354477513c2c87
wildfake,Images/Real/imagenet.zip,imagenet/train/n03599486/img048974.jpg,data/wildfake/real/22c57dce853ced00.jpg,0,real,imagenet,train,b3aa04d64ee4933575da19c28d0874bde8000febadaedcab36c35e0f05b35251
wildfake,Images/Real/imagenet.zip,imagenet/train/n02097474/img016013.jpg,data/wildfake/real/e5a5ff0fda130eb8.jpg,0,real,imagenet,train,fcf5d7dd9d762b962c6070ac9c182389eea3fa8ff54c6ebd2f5d0722d346fd76
wildfake,Images/Real/imagenet.zip,imagenet/train/n03476991/img046859.jpg,data/wildfake/real/c3bfe970d9cbe134.jpg,0,real,imagenet,train,247d2e1a851e4362f0630c17500dff4d98ec750b7065a461b1c1b62b6eded730
wildfake,Images/Real/imagenet.zip,imagenet/train/n02264363/img025501.jpg,data/wildfake/real/7a3af9bdb87dd54e.jpg,0,real,imagenet,train,9b17d774e944dd36e0b1ce28722035bb1b19a148b0afdc76f8bfa264cb0b44f2
wildfake,Images/Real/imagenet.zip,imagenet/val/n02319095/img086569.jpg,data/wildfake/real/3d5669a8d92fb241.jpg,0,real,imagenet,train,1dc137a7748a0ba4065a3c53b7a028b85bc099157bbebac16fbb6a30120f7133
wildfake,Images/Real/imagenet.zip,imagenet/val/n04275548/img096305.jpg,data/wildfake/real/4991b16d38bfd710.jpg,0,real,imagenet,train,187ce4e7a4bd201ca9f6f35eca3dbcfe14298c91bb1edd198eb3be5e1312b46e
wildfake,Images/Real/imagenet.zip,imagenet/train/n04296562/img065560.jpg,data/wildfake/real/675d1effad865916.jpg,0,real,imagenet,train,426990be351704a50110d2c728c360372bbb59ff328fa39acc7a750096129245
wildfake,Images/Real/imagenet.zip,imagenet/train/n04127249/img061780.jpg,data/wildfake/real/2d672b793a3d0721.jpg,0,real,imagenet,train,5bf97530deff1d0c623af6f1742a574772c8e2acf4f1146deedb41162642ed13
wildfake,Images/Real/imagenet.zip,imagenet/train/n03781244/img053058.jpg,data/wildfake/real/82b263b5a30f83bd.jpg,0,real,imagenet,train,9a0a1800b6db8f59de5c6adc9db9c0cd0e02a6f031663aa48c41e3c579ad67d1
wildfake,Images/Real/imagenet.zip,imagenet/train/n07714571/img074894.jpg,data/wildfake/real/643927ceb7523edb.jpg,0,real,imagenet,train,5deaac880815944373cbb9ef2f21be8b6901d4f8f9dc6aa402c2532e97867313
wildfake,Images/Real/imagenet.zip,imagenet/train/n01532829/img000979.jpg,data/wildfake/real/f26c1af5f1427b47.jpg,0,real,imagenet,train,62d9ec6c3ca9d08e65f9bed9e524f95728fc700a6a449db3d47a6de90c95d606
wildfake,Images/Real/imagenet.zip,imagenet/train/n07749582/img076131.jpg,data/wildfake/real/06aba3e9f86c6e9d.jpg,0,real,imagenet,train,3df3cd8ad8d2b1d4190e7a25915069da1773bce7063f1a9cf5db437cbcf143c3
wildfake,Images/Real/imagenet.zip,imagenet/val/n04589890/img098096.jpg,data/wildfake/real/80f244e3378a87a2.jpg,0,real,imagenet,train,889ebd68c92ae358160023af89bce4c3bedc3ae4a3b1400fe09e78fab9abd0b8
wildfake,Images/Real/imagenet.zip,imagenet/train/n02488291/img029924.jpg,data/wildfake/real/e6f7669d8717025a.jpg,0,real,imagenet,train,15e3f4f5be4d6d83435e8bac46d6cb4dfea1086d5ecb62c67f12d116225c9e96
wildfake,Images/Real/imagenet.zip,imagenet/val/n07734744/img098951.jpg,data/wildfake/real/71cb7988cc3a5c25.jpg,0,real,imagenet,train,0e077e5b1ad50e351f7b0337dcf1cb8d13662d1380be57fe556b39359a491042
wildfake,Images/Real/imagenet.zip,imagenet/train/n02281787/img026155.jpg,data/wildfake/real/85757423dea19ec1.jpg,0,real,imagenet,train,79e759e07cf1a2f42e779dc3ed422470e1d447ba8ba26dd7928e0c58f6de84bd
wildfake,Images/Real/imagenet.zip,imagenet/train/n02483708/img029555.jpg,data/wildfake/real/ecb8b58c1d527997.jpg,0,real,imagenet,train,de0ae60def4c30c07399678211563ef4c62a19bf7d918fde9672144ccdc3b63e
wildfake,Images/Real/imagenet.zip,imagenet/train/n04004767/img059432.jpg,data/wildfake/real/72d787f9f9280025.jpg,0,real,imagenet,train,5c75212a7daf261a7aea30ad0f3021df42ebb02035222f4045cdc368561fec23
wildfake,Images/Real/imagenet.zip,imagenet/val/n01744401/img081245.jpg,data/wildfake/real/a7d440ea53ab05f6.jpg,0,real,imagenet,train,d1a890db4dc864ab223e7cffdb00df9a506a33fccb35083f09e6af2132db3c8e
wildfake,Images/Real/imagenet.zip,imagenet/train/n02085936/img012245.jpg,data/wildfake/real/897f2ecb3344e2aa.jpg,0,real,imagenet,train,a614e92d2b48cbd39b73527fdcc1464d19ae57f17a1adfaa963c5f79e4928564
wildfake,Images/Real/imagenet.zip,imagenet/train/n04493381/img070117.jpg,data/wildfake/real/0c45e1533f622aa0.jpg,0,real,imagenet,train,5a69937902dfb6e71b2899cba87f8b95368312a767ec7bf014fd05d0c4155bb4
wildfake,Images/Real/imagenet.zip,imagenet/train/n02099849/img016773.jpg,data/wildfake/real/a2583f6bc81801f4.jpg,0,real,imagenet,train,b8ec915a7c5962eda8befcc5dcda484198ddea508eab5ad16034750878ef1744
wildfake,Images/Real/imagenet.zip,imagenet/train/n13040303/img079569.jpg,data/wildfake/real/11fac41a5ae91ebb.jpg,0,real,imagenet,train,7304f21b34fc3508d61ae26baee873a00674619a5c2a4706beb02f2be71ab81e
wildfake,Images/Real/imagenet.zip,imagenet/train/n01632777/img002363.jpg,data/wildfake/real/4bf6219b0e7e03e3.jpg,0,real,imagenet,train,53a00ccd18e864fd5c02b848d1a1ee05ca5b582191b004432ad99346b9267914
wildfake,Images/Real/imagenet.zip,imagenet/train/n02088632/img013131.jpg,data/wildfake/real/3404693fadf0c922.jpg,0,real,imagenet,train,9c42f9ba9663724e73119efa8ee19af33ff2170dd57c188c6ad527fb217f8a94
wildfake,Images/Real/imagenet.zip,imagenet/train/n02098105/img016231.jpg,data/wildfake/real/9cec1ba4624a0898.jpg,0,real,imagenet,train,649984367e5c4068b184a54ad34a7ad967b5b918e4c56c739baf70dd47ddea36
wildfake,Images/Real/imagenet.zip,imagenet/val/n03250847/img090842.jpg,data/wildfake/real/0854cd7c7b9b5cae.jpg,0,real,imagenet,train,46fec7ee89f0d42203702518f1458a7deec6176151dc1b6549906baf13ac4b11
wildfake,Images/Real/imagenet.zip,imagenet/val/n07716358/img098798.jpg,data/wildfake/real/9c5ff146855fad4a.jpg,0,real,imagenet,train,889e33ee7ccb98f2b911e6ef657c30aff62e908c18429cc9498d803cb047e360
wildfake,Images/Real/imagenet.zip,imagenet/train/n04275548/img065272.jpg,data/wildfake/real/e7003fc9c31206ae.jpg,0,real,imagenet,train,91a838687694f433c6c7ea139070bdabc19445176e951491709389d8867129c5
wildfake,Images/Real/imagenet.zip,imagenet/train/n01631663/img002236.jpg,data/wildfake/real/2fefcb0fda8acc7a.jpg,0,real,imagenet,train,2a744d54984c953cee06da1bbad7c22969e837ff075ad6a750a9c76437306b2c
wildfake,Images/Real/imagenet.zip,imagenet/train/n02093428/img014424.jpg,data/wildfake/real/386b41a468ad6f45.jpg,0,real,imagenet,train,21955f98afffc5ef5eea13424def0b67aa353546de250507638e5f61c21fbe32
wildfake,Images/Real/imagenet.zip,imagenet/train/n03710721/img051176.jpg,data/wildfake/real/1a8b7b2c35499f81.jpg,0,real,imagenet,train,2b63e2be8bd2378f8400ecb2bc97af9626e3d362eb6dd66dcd24d67a729fd238
wildfake,Images/Real/imagenet.zip,imagenet/train/n03062245/img040247.jpg,data/wildfake/real/1da8745b2ad131fa.jpg,0,real,imagenet,train,8e64c009a2d02d16f24010e4a14d9b2a740126e9a76a9d6d8cb55db29eaf0785
wildfake,Images/Real/imagenet.zip,imagenet/val/n03075370/img090140.jpg,data/wildfake/real/219acd6d18e42202.jpg,0,real,imagenet,train,c96979721eb9c294e29695e6ba72f5e9980ea0ed10c490f9a58325744a392a9e
wildfake,Images/Real/imagenet.zip,imagenet/train/n01518878/img000750.jpg,data/wildfake/real/5f0657f38f9c30a2.jpg,0,real,imagenet,train,7fa7a16a5ff03d06ab68e9789f4eed012bd35eb204938ca986e8b26d7db4006d
wildfake,Images/Real/imagenet.zip,imagenet/train/n07932039/img077563.jpg,data/wildfake/real/59b95dd95653ed42.jpg,0,real,imagenet,train,6346b9bdb9f8ec792dc8f9738fdf9f236f9f3b9e45dc79d6176ea743b7650e01
wildfake,Images/Real/imagenet.zip,imagenet/train/n02992211/img038925.jpg,data/wildfake/real/aeff4f63da197dc8.jpg,0,real,imagenet,train,53db614be58ab06d623e641f0d1fabce0431e8e5640c8ca02dc4e096d8969d9b
wildfake,Images/Real/imagenet.zip,imagenet/train/n02091032/img013712.jpg,data/wildfake/real/3475eea9562dfd7c.jpg,0,real,imagenet,train,f25a966a8dddfd0b7bbbfc71800c250398be46eeb9c60fa027718648c9793f58
wildfake,Images/Real/imagenet.zip,imagenet/train/n01744401/img004984.jpg,data/wildfake/real/76326cdb0828e5cf.jpg,0,real,imagenet,train,243aeae4c49104c9ad92f823654c4466812cc0d0c06c2f1e9c1f78facb1d56c7
wildfake,Images/Real/imagenet.zip,imagenet/val/n04033995/img095017.jpg,data/wildfake/real/e0ec85251f665a38.jpg,0,real,imagenet,train,8a2bf52aba783a0a3932e3224fe70bfe8f79ea3057d9caf8b157ac29a31d37a7
wildfake,Images/Real/imagenet.zip,imagenet/train/n02112350/img020938.jpg,data/wildfake/real/ead11d19321340bb.jpg,0,real,imagenet,train,5cb30d2f2695bac5433a8fff0c6b77a214367b1c5edd418cd44c7e1150fc862c
wildfake,Images/Real/imagenet.zip,imagenet/train/n04179913/img062949.jpg,data/wildfake/real/c4fabd926983b889.jpg,0,real,imagenet,train,93aa70198ffe284229ca3ecaa7f36e42774a6a6c69a7ab65655a0e3787df7741
wildfake,Images/Real/imagenet.zip,imagenet/val/n04370456/img096833.jpg,data/wildfake/real/ffc2e44927aa6d6d.jpg,0,real,imagenet,train,c0202bb51f92c1d57f40077cefe88e0049e1045533067ed725482351ffb31912
wildfake,Images/Real/imagenet.zip,imagenet/train/n03857828/img055063.jpg,data/wildfake/real/4d60a2fc908c6be1.jpg,0,real,imagenet,train,14e8bff4b37ff8aaac19da4483fa9c6cd00c549a8fd856914f04993c0eff76f9
wildfake,Images/Real/imagenet.zip,imagenet/train/n02441942/img028508.jpg,data/wildfake/real/c4d1549b42efd190.jpg,0,real,imagenet,train,cd057fad0f319e20bb5d9f5d18c1ff9ff67a0034733a4a041672b4497984c165
wildfake,Images/Real/imagenet.zip,imagenet/train/n04553703/img071690.jpg,data/wildfake/real/f8c2c91ee504dd2e.jpg,0,real,imagenet,train,f38faf48f1fcefdfa49f6c81c6df6e522bf753481baceea4df589ca05a9cb5a1
wildfake,Images/Real/imagenet.zip,imagenet/train/n03594945/img048743.jpg,data/wildfake/real/66e562d20faa1089.jpg,0,real,imagenet,train,e4492c87346232d32b6128a13bf34448876f843fc68d394b0289a98d404c1e8b
wildfake,Images/Real/imagenet.zip,imagenet/val/n03788365/img093380.jpg,data/wildfake/real/9ed0a30d2a9b74b7.jpg,0,real,imagenet,train,7dc237da2739492e6bed9d3307178d5630af5a46b1c0ef25197bfcce26d515ef
wildfake,Images/Real/imagenet.zip,imagenet/val/n02177972/img086148.jpg,data/wildfake/real/ff503e389491fa01.jpg,0,real,imagenet,train,941b4d2ade6ea2574a781bcec8954e403dd8118fce0a4820f5a90c03df5d6f68
wildfake,Images/Real/imagenet.zip,imagenet/train/n02097047/img015754.jpg,data/wildfake/real/36186d7b5181e650.jpg,0,real,imagenet,train,787fd135648f483e145a1dfc693836c03d7108cc9acae3059aeb7228bd86ea32
wildfake,Images/Real/imagenet.zip,imagenet/train/n02106382/img018698.jpg,data/wildfake/real/a39a61eae8290c2f.jpg,0,real,imagenet,train,2daf31f07bf688637832a6346145c1c5910f2d24b26c64b37fc20de39ac2310f
wildfake,Images/Real/imagenet.zip,imagenet/train/n01751748/img005276.jpg,data/wildfake/real/7fcc92d2ad500718.jpg,0,real,imagenet,train,7e10b960635ab115094097fb040637e429880b8f0e1e7f5158249cf367f1738b
wildfake,Images/Real/imagenet.zip,imagenet/train/n01796340/img006483.jpg,data/wildfake/real/d186b155f38aa6db.jpg,0,real,imagenet,train,10d5047352452bc80d3dfe7edd0778f7d4be8097a271174a419a6dc481978973
wildfake,Images/Real/imagenet.zip,imagenet/train/n02690373/img032358.jpg,data/wildfake/real/8eceeb4f286f7941.jpg,0,real,imagenet,train,8fe9a12b8b08598bcb87ee770ca2f6eb7030cc105fb089cf5be9825cd53910bd
wildfake,Images/Real/imagenet.zip,imagenet/train/n04589890/img072394.jpg,data/wildfake/real/0b7a2e83e9ba828f.jpg,0,real,imagenet,train,8d609ad92ffe6025cf7820d40a4a08ea406b89d05c4a8020a2771d608347978f
wildfake,Images/Real/imagenet.zip,imagenet/train/n02859443/img035946.jpg,data/wildfake/real/4a9c09b3d73899c4.jpg,0,real,imagenet,train,235b26aeddfb31b397cf8d910aee25fa4dc0eadf7750948673eded3a4f1dad85
wildfake,Images/Real/imagenet.zip,imagenet/train/n02033041/img011415.jpg,data/wildfake/real/8a073699325093f0.jpg,0,real,imagenet,train,0e5226fd5eea1f3802182b27a9a5950e0c6d007e18c4c33ffc4cef38b7d9e493
wildfake,Images/Real/imagenet.zip,imagenet/train/n01796340/img006527.jpg,data/wildfake/real/78252c6af910a7a1.jpg,0,real,imagenet,train,e4fb3a48136d1e1a93fc2decafd8f5f2a1481537bf9a9c773962c4d5d143628c
wildfake,Images/Real/imagenet.zip,imagenet/train/n04243546/img064028.jpg,data/wildfake/real/53df4a2d0ec197e8.jpg,0,real,imagenet,train,75854db724e22daf09a09de215114051f27cebf554af82cecc498a9b0551ca87
wildfake,Images/Real/imagenet.zip,imagenet/val/n04509417/img097611.jpg,data/wildfake/real/977604f6fa13f441.jpg,0,real,imagenet,train,069b4150c1db78ad16ca2e6b5f488fc8f2d6fab642f7903aeed85497e2694690
wildfake,Images/Real/imagenet.zip,imagenet/train/n02443114/img028715.jpg,data/wildfake/real/f26ca33b96d60d64.jpg,0,real,imagenet,train,85ecdb42f2cf55f100ebb2226d7eb7e53215bf1027c7aed580c90ddc57c16bad
wildfake,Images/Real/imagenet.zip,imagenet/train/n03877845/img055850.jpg,data/wildfake/real/4ba12ca3cc7e2735.jpg,0,real,imagenet,train,b7bd86f233b42964cebd6d32add72f45e47b7683b8810fe88b1db7191b6fea5b
wildfake,Images/Real/imagenet.zip,imagenet/train/n01704323/img004112.jpg,data/wildfake/real/f9e9dcb7915e3aec.jpg,0,real,imagenet,train,0b2ca44eba89772465e03385018b9199977b6e3100340242298e1bb4ae364209
wildfake,Images/Real/imagenet.zip,imagenet/train/n06785654/img073444.jpg,data/wildfake/real/3849aa8a67341a46.jpg,0,real,imagenet,train,51e4584785297395ff61924faef78aab6aa7ce4836934afdd568646b8b38f3f1
wildfake,Images/Real/imagenet.zip,imagenet/train/n04590129/img072412.jpg,data/wildfake/real/21740587927c5855.jpg,0,real,imagenet,train,a5b0cf246abf78014cf52c7c17ccd7e15674b7b8945883ec78963432d359125b
wildfake,Images/Real/imagenet.zip,imagenet/train/n03249569/img043300.jpg,data/wildfake/real/2683c369b31cdd0b.jpg,0,real,imagenet,train,4529a9418ab92c74335dd8bd1f60cdc3e2c949d48642d9711bc3623b0539ba50
wildfake,Images/Real/imagenet.zip,imagenet/train/n02226429/img024888.jpg,data/wildfake/real/79f75474cf0789d0.jpg,0,real,imagenet,train,e105158c066f1e2d5a329d26c193c74e65ee98a26b339a1b041cb7c08f37fcee
wildfake,Images/Real/imagenet.zip,imagenet/train/n02486261/img029712.jpg,data/wildfake/real/dec490ef11618415.jpg,0,real,imagenet,train,cc9d57ca5f5a103f4c213659869f8485c90d839d064e9d60a6b8ac8854eb6389
wildfake,Images/Real/imagenet.zip,imagenet/train/n03042490/img040004.jpg,data/wildfake/real/7ed2adabcde9a790.jpg,0,real,imagenet,train,ea3aaacc55123433f5df49815530b041487503d9a576f0086c10f2927915676a
wildfake,Images/Real/imagenet.zip,imagenet/train/n02096294/img015502.jpg,data/wildfake/real/9175430c86a3efb8.jpg,0,real,imagenet,train,2028022956214e6c64f1a93d9643c20e3558c9fca10ad04d2cb1bac1a0e7adfb
wildfake,Images/Real/imagenet.zip,imagenet/train/n01819313/img007121.jpg,data/wildfake/real/418864cb6921bb45.jpg,0,real,imagenet,train,666162a101ae62645f99cc345b4090f594153bb622235a6bc77ebcd535b0e021
wildfake,Images/Real/imagenet.zip,imagenet/train/n02086646/img012519.jpg,data/wildfake/real/1834eb5c1b8af87d.jpg,0,real,imagenet,train,ebd7dddaa8076f02cfd96c389b82201f2a23145ce880a3d8391681f8539af281
wildfake,Images/Real/imagenet.zip,imagenet/train/n03874599/img055643.jpg,data/wildfake/real/dd2129f4d024ae9e.jpg,0,real,imagenet,train,f7fa01918ca58c6652c6b3e2b304ae261b9c20220ab643b943d7a035575b228d
wildfake,Images/Real/imagenet.zip,imagenet/val/n02119789/img085571.jpg,data/wildfake/real/787ba72e22164881.jpg,0,real,imagenet,train,756da7b0bd8d1d2abc4edca7e7f1b4be42baa59723290a8dab7bee9292fd7c52
wildfake,Images/Real/imagenet.zip,imagenet/val/n02526121/img087808.jpg,data/wildfake/real/d5cd5d9c4e4767df.jpg,0,real,imagenet,train,009af95538dae60b9caf80816e8977e0929c2e6f2db91e821bc9785c9163f021
wildfake,Images/Real/imagenet.zip,imagenet/train/n04146614/img062374.jpg,data/wildfake/real/5a1d1fe5894b3c6f.jpg,0,real,imagenet,train,611d010d098f59a7e1fe296dd386add9b34fc7a2c1c029d1b25dd0528f4f7642
wildfake,Images/Real/imagenet.zip,imagenet/train/n04532106/img070999.jpg,data/wildfake/real/6e1970268f307103.jpg,0,real,imagenet,train,72f01c235080793a5f86e098a92d18a38d42977e13e58e4a170922953c4e8e8d
wildfake,Images/Real/imagenet.zip,imagenet/train/n01986214/img010050.jpg,data/wildfake/real/c04afdbbee5938e8.jpg,0,real,imagenet,train,9b32b9487bd0a0cae5e8fc27bddb0c497b98072c425e54b77b7d4678fe099fcc
wildfake,Images/Real/imagenet.zip,imagenet/train/n03991062/img059119.jpg,data/wildfake/real/7086954148eaa1c6.jpg,0,real,imagenet,train,c091e90a80f6da0a9530940de10e7f170a41e4c40b77140059fbceb24e7db279
wildfake,Images/Real/imagenet.zip,imagenet/val/n02108422/img084860.jpg,data/wildfake/real/1f5f26bede116d21.jpg,0,real,imagenet,train,c8deb11f052c0b7be5573833d4972d70783f3c45b420be20656cd01249d951e8
wildfake,Images/Real/imagenet.zip,imagenet/train/n02259212/img025427.jpg,data/wildfake/real/06a67628ff4d6936.jpg,0,real,imagenet,train,944013a08fdce86dae062d3e200260e04820a2700ed88a7ef19bc239e3277b2f
wildfake,Images/Real/imagenet.zip,imagenet/train/n04153751/img062659.jpg,data/wildfake/real/072c2bfb1ecc32a9.jpg,0,real,imagenet,train,a79f5f2e46efb831351a21e306d7a3ae0e92ce5983f14ab02652cfd0b0176aaf
wildfake,Images/Real/imagenet.zip,imagenet/train/n02120079/img022370.jpg,data/wildfake/real/b8104f6050279687.jpg,0,real,imagenet,train,8d4f6294c1aadd0023068577566e1b795ae388fd3f139872cf56ac7c9e130baf
wildfake,Images/Real/imagenet.zip,imagenet/train/n04067472/img060654.jpg,data/wildfake/real/466448af6eac28ba.jpg,0,real,imagenet,train,d5435aba903218df8dfb6b772e7fcb63712406ac059bac7815b9b13e98dff3d6
wildfake,Images/Real/imagenet.zip,imagenet/train/n03944341/img057909.jpg,data/wildfake/real/2c22c57986b21661.jpg,0,real,imagenet,train,a9e73a4589787d20b34e2c09f13b52ce7c95109ca9b595bece24f4e21f2db048
wildfake,Images/Real/imagenet.zip,imagenet/train/n03272010/img043708.jpg,data/wildfake/real/66983a0b396a640a.jpg,0,real,imagenet,train,794519a61d373cd3dd027fa2bdc4e1cbb2a53600a802e64f3d6d048ee06292f3
wildfake,Images/Real/imagenet.zip,imagenet/train/n03290653/img043898.jpg,data/wildfake/real/58614fa71f84982e.jpg,0,real,imagenet,train,e79a422954b44f97c9c608747ad5bfb2ae238a45152a15937413e834fc2605e8
wildfake,Images/Real/imagenet.zip,imagenet/train/n04467665/img069368.jpg,data/wildfake/real/1b0dcf48ce0013b7.jpg,0,real,imagenet,train,b85f057415639340a81b3a71542523c27bd292722d71e2a63ddd11d1070e24b7
wildfake,Images/Real/imagenet.zip,imagenet/train/n02091244/img013892.jpg,data/wildfake/real/365629973d63b1dc.jpg,0,real,imagenet,train,2f47467ceb0a1a0bee4aa489e29891ae7879ee9001fe3eaa05638597f9c445d2
wildfake,Images/Real/imagenet.zip,imagenet/train/n02916936/img037233.jpg,data/wildfake/real/f4c8f8e76cf240c0.jpg,0,real,imagenet,train,81abb25556ec49ac004d80405a28aa0d821a74e69dcb87f5cf32a25595888f96
wildfake,Images/Real/imagenet.zip,imagenet/train/n03272562/img043827.jpg,data/wildfake/real/187fc9c78bcacd35.jpg,0,real,imagenet,train,9ac473504ff43d0c8eebc1952acab71b54c07a3e81a74903fbb6f5e40cfb8d95
wildfake,Images/Real/imagenet.zip,imagenet/train/n03271574/img043625.jpg,data/wildfake/real/b3445e24b73f02cd.jpg,0,real,imagenet,train,da955f4a654477cb04c0f4b1a9f3cd0263a2851ade5403ae9e6672a1f2bef6ad
wildfake,Images/Real/imagenet.zip,imagenet/val/n02672831/img088031.jpg,data/wildfake/real/814d254832c3d602.jpg,0,real,imagenet,train,107056253b9e6c4d42ccd3014fec88568b088af45964961d7e68312924c93743
wildfake,Images/Real/imagenet.zip,imagenet/train/n02096051/img015356.jpg,data/wildfake/real/634586ba41fef41e.jpg,0,real,imagenet,train,5296f9e61886cca88e8b5d8a8862c7938d0e271d78c956c90a3c17428a48c5d6
wildfake,Images/Real/imagenet.zip,imagenet/train/n02480855/img029317.jpg,data/wildfake/real/ca751982a70a5a10.jpg,0,real,imagenet,train,5bf8dbe81aa189604a8165515d9248a2905a59511e650edc659a7a35415c5cca
wildfake,Images/Real/imagenet.zip,imagenet/train/n03792782/img053742.jpg,data/wildfake/real/17b60b077e63d4d2.jpg,0,real,imagenet,train,f7fa1c913942780bf8a1e0f67743f79c5201e9bba09555a2312235fe8b2b736d
wildfake,Images/Real/imagenet.zip,imagenet/train/n02109525/img019807.jpg,data/wildfake/real/1f81c584747f497a.jpg,0,real,imagenet,train,9038ab3486ae9366e077c30edcd5beb669a31a303f9b888f8b7f9d72e3d1f02f
wildfake,Images/Real/imagenet.zip,imagenet/val/n04404412/img097034.jpg,data/wildfake/real/458bc0c2da5e4eb7.jpg,0,real,imagenet,train,3d7c633f750d3972862cd9699e80422c1465442767be68f045de5d611231c50e
wildfake,Images/Real/imagenet.zip,imagenet/train/n02389026/img027176.jpg,data/wildfake/real/7d3481aa3db41e9d.jpg,0,real,imagenet,train,80ce74d5d4f3478a8ea5a357177669066667be33bf79a7c1d090d5787c70e726
wildfake,Images/Real/imagenet.zip,imagenet/train/n03388043/img045036.jpg,data/wildfake/real/044fa169594cc9b3.jpg,0,real,imagenet,train,deaa89f894e5850e4a33c4dacea219cea44b03870ddc0b7ca46602991ed75bde
wildfake,Images/Real/imagenet.zip,imagenet/val/n02095570/img083799.jpg,data/wildfake/real/3fd6ab18556ee227.jpg,0,real,imagenet,train,ccfae98e16308884c32782ea8c55409427c170449caa439da93e76c9ca56edc7
wildfake,Images/Real/imagenet.zip,imagenet/train/n03127925/img041527.jpg,data/wildfake/real/2b60329c98a35baf.jpg,0,real,imagenet,train,fc6cb6425e38af37388e272fd802bce645197aaeedd00f2d0b7768d05db07cc1
wildfake,Images/Real/imagenet.zip,imagenet/train/n02106166/img018590.jpg,data/wildfake/real/c5cdbc2fc1ffdf7e.jpg,0,real,imagenet,train,83e711fcb1e8b576a3b916897a7397a6d065a6e453e5c62c04c66726fb2412b3
wildfake,Images/Real/imagenet.zip,imagenet/train/n02105251/img018080.jpg,data/wildfake/real/94ec63a5ec2955b9.jpg,0,real,imagenet,train,3c7abfbe2ac84f04caf7f430c455ac2314f9e3202918253e109171dbca06b930
wildfake,Images/Real/imagenet.zip,imagenet/train/n03457902/img046436.jpg,data/wildfake/real/b38a68d86de95c62.jpg,0,real,imagenet,train,ffa754ec21448c62c3dd2bdc111f28debd41fa46c4939830702bfb7df5ed8452
wildfake,Images/Real/imagenet.zip,imagenet/train/n03743016/img051971.jpg,data/wildfake/real/ba360c0b17f281db.jpg,0,real,imagenet,train,f114dd0a64a1abd661b5cca46052e5e0b91df62e5e265a1625d6ef92032f1f3f
wildfake,Images/Real/imagenet.zip,imagenet/train/n02510455/img031087.jpg,data/wildfake/real/eb884ede8c65e394.jpg,0,real,imagenet,train,ccc071362e5de8393bc5c39234d7e7a0d5944d45286956d447cd0bb595b3e983
wildfake,Images/Real/imagenet.zip,imagenet/val/n02169497/img086093.jpg,data/wildfake/real/d72754bdda45154e.jpg,0,real,imagenet,train,829fbffbc176fe5094bf39b6b39fff414ad49736e3b851886330b4460a26b505
wildfake,Images/Real/imagenet.zip,imagenet/train/n01824575/img007294.jpg,data/wildfake/real/b440f4a4d2310366.jpg,0,real,imagenet,train,53c122ea111e1cd55152885cbfbf70db6c83c727f14db271e8ae184a632aa9d0
wildfake,Images/Real/imagenet.zip,imagenet/train/n02363005/img026993.jpg,data/wildfake/real/44babbc6c6b60a73.jpg,0,real,imagenet,train,777be50a7839ca03663ef9ff8d509e9adbdad2eeecd2ec0555d18aacf3cd82bb
wildfake,Images/Real/imagenet.zip,imagenet/train/n12998815/img079410.jpg,data/wildfake/real/06af58bfbd3d1054.jpg,0,real,imagenet,train,74acd89303ce36684ebdaab312c907ff661a553d0a9b80bc1be59186e037ed25
wildfake,Images/Real/imagenet.zip,imagenet/val/n02090622/img083380.jpg,data/wildfake/real/867dccb52612913e.jpg,0,real,imagenet,train,9bae3c5bc0fbc7780a94a0ba7eae222ab31c02f610d0e5032b3f6a47d95c4b4f
wildfake,Images/Real/imagenet.zip,imagenet/train/n03838899/img054697.jpg,data/wildfake/real/fb9af0c6b70f75fe.jpg,0,real,imagenet,train,17622f6a50843fc89cb464bab19dbd145d271ad1b637fb56ed45e57a87fc1f39
wildfake,Images/Real/imagenet.zip,imagenet/val/n02457408/img087289.jpg,data/wildfake/real/5a50ef9acf29d254.jpg,0,real,imagenet,train,6c95b474235edfbdbbb8cacb6a3c35b5265159eb8060e882001c8bb3e2f601ed
wildfake,Images/Real/imagenet.zip,imagenet/train/n03759954/img052042.jpg,data/wildfake/real/3ef20fab2007f813.jpg,0,real,imagenet,train,615d49462c93e28a75d755e9c8261a5aceab6ed9607f735ba8963a6eaed32376
wildfake,Images/Real/imagenet.zip,imagenet/train/n02415577/img027927.jpg,data/wildfake/real/b0e743b36328af44.jpg,0,real,imagenet,train,f13b3b61d8c2d9209e0ba5fc01a754d34cf60173896065d90b514730fe6c9eb3
wildfake,Images/Real/imagenet.zip,imagenet/train/n04153751/img062676.jpg,data/wildfake/real/84b3594b31abe6b8.jpg,0,real,imagenet,train,d772c291e0ddecfd687857dcfa76403c1207ac7c959dc80f7c957edb796c97c7
wildfake,Images/Real/imagenet.zip,imagenet/val/n03494278/img091876.jpg,data/wildfake/real/7ebfb49385a91879.jpg,0,real,imagenet,train,d38102115650e4b9bb19f9348378c56715918d07e55cccb77770a9825d5659c1
wildfake,Images/Real/imagenet.zip,imagenet/train/n04540053/img071222.jpg,data/wildfake/real/c9801bafd4470b12.jpg,0,real,imagenet,train,2b0f8fd699d423cec6787bbed5355b14b66236297b807ad666f2198ff348228a
wildfake,Images/Real/imagenet.zip,imagenet/train/n04483307/img069725.jpg,data/wildfake/real/2a030316c7bb3073.jpg,0,real,imagenet,train,ab999b75c3cdcdfc0195533427aa8c41388cdbaf5ec5a062a755a5fb61c5d8de
wildfake,Images/Real/imagenet.zip,imagenet/train/n03393912/img045228.jpg,data/wildfake/real/5d223b60910c14fd.jpg,0,real,imagenet,train,e27fe1c3414f2aaedfbff66d6d00da750c54d95ba8c55fae39663ee6be0ae29c
wildfake,Images/Real/imagenet.zip,imagenet/train/n01514668/img000579.jpg,data/wildfake/real/5fb3c73574192d9c.jpg,0,real,imagenet,train,e2272393512b4de49bebc461c1e4794c37540365a0697547c80eff019a051026
wildfake,Images/Real/imagenet.zip,imagenet/train/n04429376/img068631.jpg,data/wildfake/real/0a7edd6aa00cee7f.jpg,0,real,imagenet,train,5074624627153947c980059b0faf77c6b0d9b942f9dde18247c75add7c356ad1
wildfake,Images/Real/imagenet.zip,imagenet/train/n03991062/img059096.jpg,data/wildfake/real/eec86a032b357881.jpg,0,real,imagenet,train,6bcf848337204aed5959f6379dc4a78527aa7acfd2c2dbff0553076eecc025e8
wildfake,Images/Real/imagenet.zip,imagenet/train/n03891332/img056328.jpg,data/wildfake/real/16b0f1dced3381fa.jpg,0,real,imagenet,train,d3a7d19c08ec5856160e2a06a1a146e226141f906f5faa3357dd73111cd61436
wildfake,Images/Real/imagenet.zip,imagenet/train/n01494475/img000363.jpg,data/wildfake/real/6bea41fd5d3ef118.jpg,0,real,imagenet,train,c7d90435e8920b10ef5d923a58559cd1e0476d7d3bd1487b7b33a3f8fe75c4ec
wildfake,Images/Real/imagenet.zip,imagenet/train/n02093256/img014379.jpg,data/wildfake/real/2c4ec46fa3c61441.jpg,0,real,imagenet,train,495a00fc42c9da55309fdd5c27ada231f95fa820710cfc1cae3645695651f2e2
wildfake,Images/Real/imagenet.zip,imagenet/val/n07565083/img098447.jpg,data/wildfake/real/525dfdbbdd9cd7d7.jpg,0,real,imagenet,train,de10d72fef6bc8e5ca8c94b9724f263e1ad949bf7d887f8764c9a0a0a69f410e
wildfake,Images/Real/imagenet.zip,imagenet/train/n02489166/img030099.jpg,data/wildfake/real/805858084316802d.jpg,0,real,imagenet,train,ddba04efdce90ff5b27f64e540b2c0af341edeb51b51cfc6dde751adde87bbd6
wildfake,Images/Real/imagenet.zip,imagenet/train/n03208938/img042814.jpg,data/wildfake/real/3717fc917ec1b030.jpg,0,real,imagenet,train,1c85094bc9953efad008b25e0e543ee9d128c1e9c70c908fe2fb29882c0845d7
wildfake,Images/Real/imagenet.zip,imagenet/train/n03483316/img047121.jpg,data/wildfake/real/9410a0280513111a.jpg,0,real,imagenet,train,4d0195dd95239e26bcb893e688d503ced73e9ee57430e9fb7da2766bae46f6df
wildfake,Images/Real/imagenet.zip,imagenet/train/n02112137/img020861.jpg,data/wildfake/real/42dbbc2ac5247d25.jpg,0,real,imagenet,train,d5c2903862b256611cff9382db2485c2c865ffe529ca1c14868ef811b0ff1286
wildfake,Images/Real/imagenet.zip,imagenet/train/n01775062/img006228.jpg,data/wildfake/real/e66156886ec54caa.jpg,0,real,imagenet,train,7dded862bf5905206fcdd3f4d0f5cd70817ca61656f0c232e506e784b011c428
wildfake,Images/Real/imagenet.zip,imagenet/train/n02099267/img016415.jpg,data/wildfake/real/3607274a451a1428.jpg,0,real,imagenet,train,93f62f1a571c6138177026514816989ad53f322d7eb66509558568dcefbcb3ec
wildfake,Images/Real/imagenet.zip,imagenet/train/n07754684/img076403.jpg,data/wildfake/real/909922df7bf651b8.jpg,0,real,imagenet,train,ff9064c1eccdd29358b87a327ede169def963e7efadaa73f4bbccebebd1beaf8
wildfake,Images/Real/imagenet.zip,imagenet/val/n03063599/img090091.jpg,data/wildfake/real/479ede5087e15ce6.jpg,0,real,imagenet,train,52bdf440b92ccb8ea5b347a4978065695c1bd9a978ec7fb6b77c87e7ec1bd6a4
wildfake,Images/Real/imagenet.zip,imagenet/val/n02666196/img087974.jpg,data/wildfake/real/d151b987c8a659c3.jpg,0,real,imagenet,train,baae5e1d2291cfc7a0cc526d1d65e40845fa7964b5cb27eb49fdd63cc317b629
wildfake,Images/Real/imagenet.zip,imagenet/val/n09428293/img099560.jpg,data/wildfake/real/9e074fb705f56fef.jpg,0,real,imagenet,train,40684bf5ecd671d7cfc1439476763e98a9d694fd4a4bd359fdab79cbfd192222
wildfake,Images/Real/imagenet.zip,imagenet/val/n03544143/img092089.jpg,data/wildfake/real/88b74ccb08875de8.jpg,0,real,imagenet,train,93450f9b38dfb8c6cd8e2dd76cbe1d89137b92a7bc8960db781a0afd9233f5ac
wildfake,Images/Real/imagenet.zip,imagenet/train/n01806567/img006831.jpg,data/wildfake/real/776a5c5b836a1a73.jpg,0,real,imagenet,train,aaf18d2ad9bf4325657446602179279cc74497fad55105502a68612cfc183ad0
wildfake,Images/Real/imagenet.zip,imagenet/train/n03393912/img045216.jpg,data/wildfake/real/7e8079e1567486d5.jpg,0,real,imagenet,train,5ae89b3867cb89fc801d94d68a063fccc26a1e7b13e2759807b7f52116433f9d
wildfake,Images/Real/imagenet.zip,imagenet/train/n03857828/img055069.jpg,data/wildfake/real/1ec2d22f5c08b112.jpg,0,real,imagenet,train,87cd5939f25e37b822fe55e9eb2183cbe0c7273a9062384c3e4a3c3b9755bbcd
wildfake,Images/Real/imagenet.zip,imagenet/train/n04357314/img067098.jpg,data/wildfake/real/9b4c93b4a3df7f1a.jpg,0,real,imagenet,train,8686e1b0eee69c666cef46287be82e433da906d15f1a19c7201fe61564499d3c
wildfake,Images/Real/imagenet.zip,imagenet/train/n04065272/img060632.jpg,data/wildfake/real/436a844fa61ffda3.jpg,0,real,imagenet,train,e427394ebce4915d1d143a2563396b8fe61df8757038d5b1f05f59ba73dbcaef
wildfake,Images/Real/imagenet.zip,imagenet/train/n03991062/img059090.jpg,data/wildfake/real/2b3d98aa80cc6882.jpg,0,real,imagenet,train,ccbfcf3c773b3ad27896b7a7e3820b84b7e35b26a9580f918d508f3029757076
wildfake,Images/Real/imagenet.zip,imagenet/train/n04228054/img063626.jpg,data/wildfake/real/08ed80538fd23bff.jpg,0,real,imagenet,train,1f6116f3b599309b36460bc9ca6d2a5619f21dba19fc62ae3e520d7978890181
wildfake,Images/Real/imagenet.zip,imagenet/train/n03467068/img046688.jpg,data/wildfake/real/77a4aa7b188e914b.jpg,0,real,imagenet,train,aab64209af8df919351d4e047b62d61f37280fca729187c80fd8038d96c4a760
wildfake,Images/Real/imagenet.zip,imagenet/val/n03873416/img093862.jpg,data/wildfake/real/8c66191bb0bc6cbb.jpg,0,real,imagenet,train,4289fc1b9f95d6df73e565fe17af127da47d88b9255d51ebf71221d558d5eba5
wildfake,Images/Real/imagenet.zip,imagenet/train/n02422699/img028238.jpg,data/wildfake/real/4e3c5b185c066430.jpg,0,real,imagenet,train,3e094a4457879eb4ea4138a40b5c2489c14647474f7ed00af2c58137fb509608
wildfake,Images/Real/imagenet.zip,imagenet/train/n04081281/img061020.jpg,data/wildfake/real/24adcf7227d55264.jpg,0,real,imagenet,train,ed2259fbf3f67309eb04c480f900469c8994c4ca4f002ba478ece27020438e8f
wildfake,Images/Real/imagenet.zip,imagenet/train/n04146614/img062336.jpg,data/wildfake/real/d5e37c70aea624ae.jpg,0,real,imagenet,train,2c6ce941f65ed4c8b176e81a6a4c0957645fb92fed5f24f9018e4fd865ddfa5c
wildfake,Images/Real/imagenet.zip,imagenet/train/n04532106/img071001.jpg,data/wildfake/real/135363ee9885c9ef.jpg,0,real,imagenet,train,b08a8692d601528cbca3c22b6a8138482c79c00a5d61718421043b16f473ae48
wildfake,Images/Real/imagenet.zip,imagenet/train/n04204347/img063357.jpg,data/wildfake/real/ad11c3c447b0f802.jpg,0,real,imagenet,train,d6df2d2c0f6a89a43bf3df66b2532093583a3a18bee1a65742d2cf31a886523d
wildfake,Images/Real/imagenet.zip,imagenet/train/n07697537/img074799.jpg,data/wildfake/real/8946e2e7ca6b191b.jpg,0,real,imagenet,train,767e682a15d1f1d92e67a3391547ecfcfc4f4b9cabecd9e3c9aa6f9818632beb
wildfake,Images/Real/imagenet.zip,imagenet/train/n02607072/img031478.jpg,data/wildfake/real/7fe269490c2a4f16.jpg,0,real,imagenet,train,e76e67c086a41cd948abfb81582034d82b7c4b32b69a6900e54fe79c00e2dcea
wildfake,Images/Real/imagenet.zip,imagenet/train/n03110669/img041046.jpg,data/wildfake/real/983fafe5465978b9.jpg,0,real,imagenet,train,8ba2b76a583fe01633ae7ac9c2b2e6a8f58e6fe71b37cb0d9a1d4d02c81ac557
wildfake,Images/Real/imagenet.zip,imagenet/train/n03868242/img055213.jpg,data/wildfake/real/56bd38222a7379da.jpg,0,real,imagenet,train,2403fceeff526ace65488cd950c04b0bf2be5bd6437e7905be07d757c151448f
wildfake,Images/Real/imagenet.zip,imagenet/val/n02443114/img087173.jpg,data/wildfake/real/8b413bab3bd86e26.jpg,0,real,imagenet,train,267b014ae6272526145045808b22fd9e4d6d2f62b351a7768bc7477630a438df
wildfake,Images/Real/imagenet.zip,imagenet/train/n02396427/img027422.jpg,data/wildfake/real/d9390681d57bf43c.jpg,0,real,imagenet,train,aa5cac22430487d628e19fe14fcac6f0a974bba7468f112988b27658009734cd
wildfake,Images/Real/imagenet.zip,imagenet/val/n01883070/img082130.jpg,data/wildfake/real/92c86687a4109313.jpg,0,real,imagenet,train,e3944c04909b55f9881546989ba6c5abb8f5d20fcdfd55f52c85952d628571f2
wildfake,Images/Real/imagenet.zip,imagenet/train/n07590611/img074129.jpg,data/wildfake/real/966236b1df54ee44.jpg,0,real,imagenet,train,261c6db1a06ebeb134db9fa2d072725b40bfe6b6ecb4f5ae9f30fbdd39f07f8f
wildfake,Images/Real/imagenet.zip,imagenet/train/n02667093/img031926.jpg,data/wildfake/real/cd331c2e4a66ce17.jpg,0,real,imagenet,train,46b4f8f7c8698c1987d24f2b487e379147f9903d3ceb6e729c34b8925325d637
wildfake,Images/Real/imagenet.zip,imagenet/train/n03742115/img051890.jpg,data/wildfake/real/502c92be43d6b4ed.jpg,0,real,imagenet,train,e68e41d554ef205584547b7dfff883e7b7e8a42f18ef779f6a2cadc552a6d7c9
wildfake,Images/Real/imagenet.zip,imagenet/train/n03788365/img053586.jpg,data/wildfake/real/ae7eb96d7d38a390.jpg,0,real,imagenet,train,f5e8ac88b69bb5aff4740a5eabc136e7a877ca4efdef8067d4d77462c2890535
wildfake,Images/Real/imagenet.zip,imagenet/train/n04118538/img061492.jpg,data/wildfake/real/8a3cce80519519b0.jpg,0,real,imagenet,train,d13f175d2a81c7aa9874b21cceb49acc5dd77a8ea88b5bb2f9fce240e2b9af04
wildfake,Images/Real/imagenet.zip,imagenet/train/n01440764/img000023.jpg,data/wildfake/real/454a8ca8d275ecff.jpg,0,real,imagenet,train,9acf9edeac3a1400e98a50f442ad674c5df255b4aa27c6903c78e62abb7acbca
wildfake,Images/Real/imagenet.zip,imagenet/val/n03297495/img091017.jpg,data/wildfake/real/7b37981839d26d91.jpg,0,real,imagenet,train,ba42fee9fcb8ded89315df5a5123e3e4542e796c5d7a45f642935d633620e6fa
wildfake,Images/Real/imagenet.zip,imagenet/train/n03201208/img042613.jpg,data/wildfake/real/d367e032d4655f24.jpg,0,real,imagenet,train,67e70a7d36ede4cbaec0f99fa0bc682d01ca1f3047c3e7653addbd0c7f9893df
wildfake,Images/Real/imagenet.zip,imagenet/train/n03496892/img047628.jpg,data/wildfake/real/3cdca075b87167f5.jpg,0,real,imagenet,train,f5a958fbfc748a8bb1a9637572a02fc80eaa3491b316b0ef03f9766fb1a15fd9
wildfake,Images/Real/imagenet.zip,imagenet/train/n01983481/img009787.jpg,data/wildfake/real/57f7fb45378163a4.jpg,0,real,imagenet,train,071d279c2989961c99066bb2b425cd07c8ef683d8d3210d9ed807a75e538c1fe
wildfake,Images/Real/imagenet.zip,imagenet/train/n07747607/img076006.jpg,data/wildfake/real/dc0faf2116e7e134.jpg,0,real,imagenet,train,bd80ed6f3d3f5869aa85ea1a3016d9c5930564ae493b8f7ce8135751e3fff57b
wildfake,Images/Real/imagenet.zip,imagenet/train/n02906734/img036998.jpg,data/wildfake/real/ce611255b1463579.jpg,0,real,imagenet,train,00d683da3b2e55bf51c293d3f4393fdfdc58af761cacc4a43ef77c28c89c7be2
wildfake,Images/Real/imagenet.zip,imagenet/val/n02492660/img087589.jpg,data/wildfake/real/74f5648f934aa73e.jpg,0,real,imagenet,train,75e66f5c58b5b4655d19eaf417a58bda9f5e284d39d3271aa887c9506b3f3bb2
wildfake,Images/Real/imagenet.zip,imagenet/train/n01883070/img008502.jpg,data/wildfake/real/6767c2b31af3403c.jpg,0,real,imagenet,train,3312d83bd964ad31e4f6be0c680b41531500f14268ee3d8fbf76766a1a2e6430
wildfake,Images/Real/imagenet.zip,imagenet/val/n02123394/img085665.jpg,data/wildfake/real/c64aff6a3c8bd588.jpg,0,real,imagenet,train,b8110f4973fc728595546ef5720b8952bf6b1e6ff13cac420f3a21b0669e3c8d
wildfake,Images/Real/imagenet.zip,imagenet/val/n02123394/img085678.jpg,data/wildfake/real/c4c9d58ff33d59a8.jpg,0,real,imagenet,train,6d9f4bf22692f941f208addd08f149fe06da48078e37bf1713e987242e4c4973
wildfake,Images/Real/imagenet.zip,imagenet/train/n03110669/img041073.jpg,data/wildfake/real/abd3d2d1649c441e.jpg,0,real,imagenet,train,4c4ac85de6bcb1662ba15740c09c4f3418600a05fcb4fde28f43b9e25cd9e157
wildfake,Images/Real/imagenet.zip,imagenet/val/n03841143/img093702.jpg,data/wildfake/real/ef6c7d46f30be05e.jpg,0,real,imagenet,train,a11c3b808361c0073e93f74b3c94eb8158843ae7a09ce046b9f0366301585dad
wildfake,Images/Real/imagenet.zip,imagenet/train/n04485082/img069834.jpg,data/wildfake/real/eaa019088802bfd5.jpg,0,real,imagenet,train,13f5e40a5be3d3bce761566f78f2dfe2192c64d74080ef60c65a36be1694c67f
wildfake,Images/Real/imagenet.zip,imagenet/val/n03759954/img093013.jpg,data/wildfake/real/4a07032a0ff28530.jpg,0,real,imagenet,train,50f6032b5225cf4f28fd8c46cff987da785878fe9286dd0bfaf6c4330acdb6f8
wildfake,Images/Real/imagenet.zip,imagenet/train/n07802026/img076691.jpg,data/wildfake/real/44de2f0cf7576f40.jpg,0,real,imagenet,train,65501804b875e81dc59a1d486d1106fc49bd6603e5c820e8c8ec24b0994dc5ea
wildfake,Images/Real/imagenet.zip,imagenet/train/n03595614/img048816.jpg,data/wildfake/real/775e0239b6c1814f.jpg,0,real,imagenet,train,4c9b9c2df76afb333b99df5713e61f0dd266c0618c22c0784c18892214a95a5d
wildfake,Images/Real/imagenet.zip,imagenet/val/n04435653/img097162.jpg,data/wildfake/real/7f366aace64df025.jpg,0,real,imagenet,train,bccb7c61d0f33d0649b6bc245645e6f8ffcf4785c8d65f54d5803ced608c881b
wildfake,Images/Real/imagenet.zip,imagenet/train/n02871525/img036350.jpg,data/wildfake/real/de4f9e3d84718833.jpg,0,real,imagenet,train,ecdcdd81f2a55815c4d8390ce1ec884b6132a4c0346e2a59616dee4a8f15779a
wildfake,Images/Real/imagenet.zip,imagenet/train/n02091244/img013871.jpg,data/wildfake/real/cf47dd40bca52295.jpg,0,real,imagenet,train,04048743868f329de9827a96c6a30659bd50c9f24af8f520a06edcec5a58a3c7
wildfake,Images/Real/imagenet.zip,imagenet/train/n01806143/img006765.jpg,data/wildfake/real/58564c9a3cace317.jpg,0,real,imagenet,train,72a6ff0c83dc3b732097e8d659b2a9e070f4fcf4d272174ffe61834d8cc008ef
wildfake,Images/Real/imagenet.zip,imagenet/train/n03584254/img048424.jpg,data/wildfake/real/457d66831ed19edc.jpg,0,real,imagenet,train,4a354f33c1747bbad10f83709a283899c3cf52bef2e9f7cd7d1fc9205af39e82
wildfake,Images/Real/imagenet.zip,imagenet/train/n02058221/img011731.jpg,data/wildfake/real/775e86f1c43de44d.jpg,0,real,imagenet,train,648f66e7a456e0ec40917f57f6c825e43c5c04f494555bbe6cbd51ffdf1ec1cc
wildfake,Images/Real/imagenet.zip,imagenet/train/n04317175/img065919.jpg,data/wildfake/real/d26445ebf8c2021a.jpg,0,real,imagenet,train,00c8e469b297bf01cadc839531c6000a46beaf6d5a84e916e25ed2ae65f10346
wildfake,Images/Real/imagenet.zip,imagenet/train/n02493793/img030526.jpg,data/wildfake/real/a367377d338b25e0.jpg,0,real,imagenet,train,a55407ad7059cd0475954929e513569c1dc163435fa39d90d8118c333d7a4f46
wildfake,Images/Real/imagenet.zip,imagenet/train/n03814639/img054286.jpg,data/wildfake/real/4eb4121a59bf7023.jpg,0,real,imagenet,train,562d14b9da23743f3ed2e871c312d23ab4a1396100fd950d953bf97f74680ef2
wildfake,Images/Real/imagenet.zip,imagenet/train/n03017168/img039588.jpg,data/wildfake/real/6eceea91cea96f3d.jpg,0,real,imagenet,train,5d42a0feefd999f7fd28630b7d3d3f44f76825ea9f9b841b1c3facfeb1aaa22f
wildfake,Images/Real/imagenet.zip,imagenet/val/n02493793/img087633.jpg,data/wildfake/real/732439c29c9a9674.jpg,0,real,imagenet,train,65ca07a1fb4c1df252b96c8c43c9e3978c7536bf2d0bf2fff7ee3d3472244631
wildfake,Images/Real/imagenet.zip,imagenet/train/n04443257/img068812.jpg,data/wildfake/real/90f072f092ce4b5a.jpg,0,real,imagenet,train,545d0de2f1f0a2ed2d777f979f73a8d4021c1fad6353070620e8d9e5f0b3dfdb
wildfake,Images/Real/imagenet.zip,imagenet/train/n03063689/img040407.jpg,data/wildfake/real/98a17934922f0945.jpg,0,real,imagenet,train,b06f26bf87018e062f09762d036a815a423d40f564ee914e3c9cf9b9820c481b
wildfake,Images/Real/imagenet.zip,imagenet/train/n02094433/img014979.jpg,data/wildfake/real/4588553af8b67084.jpg,0,real,imagenet,train,be8c72e584103d5cff9a475118e133b5c0f8a2661ab68df7316e8269fc3d4609
wildfake,Images/Real/imagenet.zip,imagenet/train/n01537544/img001172.jpg,data/wildfake/real/e1f24b3aea078981.jpg,0,real,imagenet,train,472038aaedaf14690f75f9d9bcba4a9e74301bb0f669d223d3d25f5d9b6ea210
wildfake,Images/Real/imagenet.zip,imagenet/train/n01824575/img007318.jpg,data/wildfake/real/228a9d40b52c1fe8.jpg,0,real,imagenet,train,bc29831bea1a3c91489383a975fa4d4b69447321835846d2fa30b433617cd55e
wildfake,Images/Real/imagenet.zip,imagenet/train/n01983481/img009824.jpg,data/wildfake/real/abfb80caef6dbf38.jpg,0,real,imagenet,train,3035bdefcb6c148b9d90a3c104c3a3ccf3319e6e6044b11c677d8c615bcd315d
wildfake,Images/Real/imagenet.zip,imagenet/train/n02441942/img028555.jpg,data/wildfake/real/04a209f85755ca9d.jpg,0,real,imagenet,train,e1dd9e6cddd8ccecbdad1a0cb235060f8948b642f9873e59192b85b249ccaa80
wildfake,Images/Real/imagenet.zip,imagenet/train/n02415577/img027940.jpg,data/wildfake/real/fcc87c8b840df3b4.jpg,0,real,imagenet,train,3ba957c39fd3e4ae7336a23767d25d802631893a37e9e70360b3f9803369ad23
wildfake,Images/Real/imagenet.zip,imagenet/train/n02097658/img016145.jpg,data/wildfake/real/fd5231104ed833d0.jpg,0,real,imagenet,train,20364e9779398af0ab5f28f62f17fd09b85602143afb350af7249fd5432c6f60
wildfake,Images/Real/imagenet.zip,imagenet/train/n01756291/img005444.jpg,data/wildfake/real/6662cf4f2891e6e9.jpg,0,real,imagenet,train,6db829ae485ad78796a1c3e3d1d5c757eead0fdeb3848683ef5f059be8cfe47f
wildfake,Images/Real/imagenet.zip,imagenet/train/n03467068/img046689.jpg,data/wildfake/real/cb5ab3b452e71192.jpg,0,real,imagenet,train,848a71820067dca006300d41dc0a6487ffade8e8ab16c4b389d6dc1eb9b2e2d1
wildfake,Images/Real/imagenet.zip,imagenet/train/n03482405/img047059.jpg,data/wildfake/real/6c5b7d73c17706a2.jpg,0,real,imagenet,train,9407d658a7c8135d8ecf565f57be95e70567b806188813e0247267cea3dcdb6a
wildfake,Images/Real/imagenet.zip,imagenet/train/n02802426/img034418.jpg,data/wildfake/real/13a3725b90c1c519.jpg,0,real,imagenet,train,36b15ab133e055c3c18ea7eee535057be77a5918a51e3a3fc0278ba9ae5ea4be
wildfake,Images/Real/imagenet.zip,imagenet/train/n04604644/img072992.jpg,data/wildfake/real/f281b375748033b9.jpg,0,real,imagenet,train,855e22e680b2e95f5d6bf09df8d4ae1d2b63a9dd7a89be05b8c6696fa1c50040
wildfake,Images/Real/imagenet.zip,imagenet/train/n02229544/img025035.jpg,data/wildfake/real/d5caaa160dec4c6f.jpg,0,real,imagenet,train,eda5365fdb7c87c209fb833db254a367f14a52ec97e9abdc19d5aad3300b9926
wildfake,Images/Real/imagenet.zip,imagenet/train/n03837869/img054622.jpg,data/wildfake/real/a83ce405e61ee09d.jpg,0,real,imagenet,train,568b623aa568b39e45fb09ee65d5d24493e7ef3a61a192de8cb9ade6dba02f41
wildfake,Images/Real/imagenet.zip,imagenet/val/n02087046/img083175.jpg,data/wildfake/real/172017513f236b5b.jpg,0,real,imagenet,train,013f410e17a63db8ca35dc97fa7f762c0492aaf55c236352b13c59e148ad1ec8
wildfake,Images/Real/imagenet.zip,imagenet/train/n02088238/img012932.jpg,data/wildfake/real/433f036392b313f9.jpg,0,real,imagenet,train,869ad362b3e69dc77a86606bbec5260e9c126993b680d3d6d422d6573c1a2085
wildfake,Images/Real/imagenet.zip,imagenet/train/n02106662/img018834.jpg,data/wildfake/real/9a8ed3e30f6179b9.jpg,0,real,imagenet,train,40e5e62f27a9dfba5490e120d936291c9760419e47fc81c6f5cf9d82ce2c36db
wildfake,Images/Real/imagenet.zip,imagenet/train/n03045698/img040082.jpg,data/wildfake/real/180288378800eef7.jpg,0,real,imagenet,train,0b4491ddcc6ec7b1fc188b3295cdfb1ecd1be7fdc11e056e6b811e9dd5078bd5
wildfake,Images/Real/imagenet.zip,imagenet/train/n03770679/img052485.jpg,data/wildfake/real/036ae94d97d975c6.jpg,0,real,imagenet,train,8a9607f9511e353635daeb1e0a7d02aeedec2d9a4284d1dacde5f437c50d2d20
wildfake,Images/Real/imagenet.zip,imagenet/train/n03617480/img049181.jpg,data/wildfake/real/72b0c975bf5bdfca.jpg,0,real,imagenet,train,6e02c2f7aed045a0fa9fce90202aa87ca68655585bd0d3871207e7877c532dba
wildfake,Images/Real/imagenet.zip,imagenet/train/n02091635/img014044.jpg,data/wildfake/real/963ce491bdf6ae17.jpg,0,real,imagenet,train,3451c0464f958c48a59fdc7cbe5d4e1ae125f7e0a8e1614a11fe10fa616378a0
wildfake,Images/Real/imagenet.zip,imagenet/train/n04070727/img060835.jpg,data/wildfake/real/e059cf7cfc56374c.jpg,0,real,imagenet,train,7de928180a093e1a8ab6586af852961117c1a0570ec4c12ea4b5e9b170f93fab
wildfake,Images/Real/imagenet.zip,imagenet/val/n01817953/img081757.jpg,data/wildfake/real/5f66b51ab0f0fe60.jpg,0,real,imagenet,train,1c8d5b74baa9eca0df6e6ea10142dff9e67065dc4a665507012473caebd7c2e1
wildfake,Images/Real/imagenet.zip,imagenet/train/n03447447/img046081.jpg,data/wildfake/real/79b9c2f45ce97491.jpg,0,real,imagenet,train,636c33ca84b39d52868b73e634e587aa3f50d229f75c3b2d592d5249d9f6b2bd
wildfake,Images/Real/imagenet.zip,imagenet/val/n03188531/img090594.jpg,data/wildfake/real/7616177ee8f59a10.jpg,0,real,imagenet,train,137e27f189baa9853f88353b2aeb135deb16e257a217f73e88d61d904004f70f
wildfake,Images/Real/imagenet.zip,imagenet/train/n02018795/img011050.jpg,data/wildfake/real/5cdb04be29fe3593.jpg,0,real,imagenet,train,15ebd54350944d1c3f8177a776f614f666936901e551eeba16f5ee12ec805975
wildfake,Images/Real/imagenet.zip,imagenet/train/n03483316/img047157.jpg,data/wildfake/real/d13a99800afcf7c0.jpg,0,real,imagenet,train,449d57667a4bba42aa402f6b3c3ed0ad452b833e49e6633644c883e7e66e36ff
wildfake,Images/Real/imagenet.zip,imagenet/train/n02490219/img030177.jpg,data/wildfake/real/d8045170d65e9e1f.jpg,0,real,imagenet,train,a7f63974f74cf62ed31999d6b8aac6f58dc0da6d9a4ced40d64f36f0db50d8f8
wildfake,Images/Real/imagenet.zip,imagenet/train/n04346328/img066617.jpg,data/wildfake/real/fe2194cd08f355e9.jpg,0,real,imagenet,train,1b6a4c2216f7e65071da0e617032de25579fd1667a6523b138b8f8e669c64671
wildfake,Images/Real/imagenet.zip,imagenet/val/n04579432/img098044.jpg,data/wildfake/real/a8eb2881f973dd95.jpg,0,real,imagenet,train,4d1c61b1bd72c0ec714a177597e42fd66f21513a7577fb397d79bf0177c3fad5
wildfake,Images/Real/imagenet.zip,imagenet/train/n02229544/img025019.jpg,data/wildfake/real/526f0ab2771724c4.jpg,0,real,imagenet,train,073ab7a1bc2e65781438606bbfff8b5c7bdd5fb62575c94d48598aa524e164bd
wildfake,Images/Real/imagenet.zip,imagenet/val/n01985128/img082494.jpg,data/wildfake/real/cbc63c23daffef78.jpg,0,real,imagenet,train,bf941f8dba5d499464c26e28ccaaab8e1b17e20e767a46eb18c45aaa3a4e481e
wildfake,Images/Real/imagenet.zip,imagenet/train/n07693725/img074483.jpg,data/wildfake/real/7e21c717034f2bc8.jpg,0,real,imagenet,train,aa868b9edbea669c59f500cf225b52acb10e1ba3cf8a05602db336658dced264
wildfake,Images/Real/imagenet.zip,imagenet/train/n04532670/img071040.jpg,data/wildfake/real/203f36c3efaa5393.jpg,0,real,imagenet,train,5d19510c6b24b4e06a95d0175d5260834e2a4fd230a6533644f65e5e5ef152e8
wildfake,Images/Real/imagenet.zip,imagenet/train/n02667093/img031996.jpg,data/wildfake/real/0f6c4327048eecda.jpg,0,real,imagenet,train,10fae2de47de735f2563313530849b0254d8b9fff9730d99c6c228686db644ce
wildfake,Images/Real/imagenet.zip,imagenet/train/n02090379/img013515.jpg,data/wildfake/real/7dd2f7409be2401c.jpg,0,real,imagenet,train,064d7b0508c0f0a9206a993957675ebc38d7f2457219600bba3b95ce2d39c440
wildfake,Images/Real/imagenet.zip,imagenet/train/n03388183/img045041.jpg,data/wildfake/real/d602c03ca684b6f9.jpg,0,real,imagenet,train,f95cdb07dfd7c09fcc154936716202ea65000ce77f371a877b484305246753b3
wildfake,Images/Real/imagenet.zip,imagenet/val/n03763968/img093057.jpg,data/wildfake/real/1aa2fb9132cae2db.jpg,0,real,imagenet,train,58686f7ce2eeb519a8b658e0ff31bba85ef4a50c97f8cf515d6035655b6ce671
wildfake,Images/Real/imagenet.zip,imagenet/val/n02110185/img085018.jpg,data/wildfake/real/b490956a37988ea1.jpg,0,real,imagenet,train,0263cb2dc1ccef1ceaa3777fb0a7663daa18f7bbd55a5ee95ef6a319c883c35f
wildfake,Images/Real/imagenet.zip,imagenet/train/n02342885/img026679.jpg,data/wildfake/real/ff3244eb0311cbfe.jpg,0,real,imagenet,train,a159bf8e4ec578c292ba94cc804d7c8d2d4ca7771c81b4cccd1fc8d37a08c4d4
wildfake,Images/Real/imagenet.zip,imagenet/train/n03047690/img040216.jpg,data/wildfake/real/ef6815ec302e54fe.jpg,0,real,imagenet,train,f7df8d2585daff902d3e96e04f1740b3200026b97c68e528ae5c57ca982223a3
wildfake,Images/Real/imagenet.zip,imagenet/train/n02168699/img024241.jpg,data/wildfake/real/7ff9023a54bdc483.jpg,0,real,imagenet,train,3f0fac166a0e71b6eb9d3048c362e4ae82445db24af3144509149a74b967fe4e
wildfake,Images/Real/imagenet.zip,imagenet/train/n01855032/img007855.jpg,data/wildfake/real/eb76a3ca59095aed.jpg,0,real,imagenet,train,628aba49b8c6d816e9069502c1efe6085105697dc220aa7dcc717bb74deb6678
wildfake,Images/Real/imagenet.zip,imagenet/train/n02113799/img021382.jpg,data/wildfake/real/403e370c9583a0dc.jpg,0,real,imagenet,train,9d18cca01a89352747c2159667ee7a3f21ce5616fec2507c5b7c465337650bb9
wildfake,Images/Real/imagenet.zip,imagenet/val/n04275548/img096311.jpg,data/wildfake/real/fc10db99f5a32737.jpg,0,real,imagenet,train,9ecd32807510579f0821db3f3fda4fd8afb27281e75fd8ee71f63fa92e7d04ed
wildfake,Images/Real/imagenet.zip,imagenet/val/n01514859/img080161.jpg,data/wildfake/real/f1589748edbd2065.jpg,0,real,imagenet,train,6caae6d56ac078f0bbbaf7ee7721f4290b9fd5974c2d8b5bb69e921153638dbc
wildfake,Images/Real/imagenet.zip,imagenet/val/n03314780/img091029.jpg,data/wildfake/real/1c6c5ae2b9d0630b.jpg,0,real,imagenet,train,e66c71eb93de21aa3b285bbeb1d04e228396e119c87b0f791427e22a58ba0fee
wildfake,Images/Real/imagenet.zip,imagenet/train/n02133161/img023661.jpg,data/wildfake/real/97915eee750f765c.jpg,0,real,imagenet,train,a388e2b9c02f80cd60657babbb575b113eafa4bfee469601ea6b086db5e0cad8
wildfake,Images/Real/imagenet.zip,imagenet/train/n02105412/img018176.jpg,data/wildfake/real/20275d5ea6589a6f.jpg,0,real,imagenet,train,c2c0e88751c4f493c0c9c94ed907127fbad9591451991cf575e413332fdac4e0
wildfake,Images/Real/imagenet.zip,imagenet/train/n01795545/img006433.jpg,data/wildfake/real/3b99320e44893598.jpg,0,real,imagenet,train,246734b63e31a5116fb7d37b6d07f833331d54a90a5732d0271c7ad8d69ad356
wildfake,Images/Real/imagenet.zip,imagenet/train/n02963159/img037984.jpg,data/wildfake/real/a4786d344bc32f63.jpg,0,real,imagenet,train,a4fdd3c53cf82986818589ab716546ca2f99f4641ae63080ae1e31fd33db2665
wildfake,Images/Real/imagenet.zip,imagenet/train/n01677366/img003163.jpg,data/wildfake/real/83b2287e5b9a0e29.jpg,0,real,imagenet,train,33933bc71caa34ab551eaea520f177a485eb8aaf1017ba1ed1dae4ae768fc235
wildfake,Images/Real/imagenet.zip,imagenet/train/n04311174/img065767.jpg,data/wildfake/real/a0f993512cd455fb.jpg,0,real,imagenet,train,fcfeed16daf3f3a4c280b1a222b6b19a167203202664a038096e280a3ed10a9a
wildfake,Images/Real/imagenet.zip,imagenet/train/n02134084/img023681.jpg,data/wildfake/real/7207e49aed8ad961.jpg,0,real,imagenet,train,a354cd4bed07dd278603131652ae5bc05fa5d15c4380278bfc0e416af04c6854
wildfake,Images/Real/imagenet.zip,imagenet/train/n02493793/img030528.jpg,data/wildfake/real/1237efba53d8b5e8.jpg,0,real,imagenet,train,bd7676f1901e5b47ddf4d640d5c5b1e59baeb3a06accde25709fdbe58d1c6723
wildfake,Images/Real/imagenet.zip,imagenet/val/n01981276/img082425.jpg,data/wildfake/real/08f72cf8441e0c78.jpg,0,real,imagenet,train,871f7de4b4da3394b284413f6e216bf018497bba73650c4ebee3e1b530adf4a4
wildfake,Images/Real/imagenet.zip,imagenet/train/n07714571/img074927.jpg,data/wildfake/real/b607a4c7773e4ad9.jpg,0,real,imagenet,train,766acd6738e4b4239cc06b3124395b25fe42683264fd7bcb7f38a8f0140d2043
wildfake,Images/Real/imagenet.zip,imagenet/val/n02105412/img084549.jpg,data/wildfake/real/12ba42d5974b5c28.jpg,0,real,imagenet,train,1f181591071ec1c4334e921f1be8a736aeddca45c4c0c097d8f3dcf481b54f6e
wildfake,Images/Real/imagenet.zip,imagenet/train/n02097658/img016091.jpg,data/wildfake/real/3837d358a2e03d80.jpg,0,real,imagenet,train,6e42e4f5f7e57d6ae208055ff095dc32483b5c7d19da843798b63cd1ec1908ae
wildfake,Images/Real/imagenet.zip,imagenet/val/n07590611/img098529.jpg,data/wildfake/real/5ae7f1b86d49a484.jpg,0,real,imagenet,train,d5c21ed44efc3c2bfae8ed6260ff444951a3f6cbbe06c6b6bfeee940caf66530
wildfake,Images/Real/imagenet.zip,imagenet/train/n04336792/img066431.jpg,data/wildfake/real/a7b4c4d31494c435.jpg,0,real,imagenet,train,5be841dde513a7b2ae885bd8602e543b6feca2f26661225a629cbf9f751a713b
wildfake,Images/Real/imagenet.zip,imagenet/val/n02098413/img084085.jpg,data/wildfake/real/35d0692d188c3ffd.jpg,0,real,imagenet,train,21ac61f7f0066242844518c2abe809d49b466063e0f6f9fb98ba3634af8020f0
wildfake,Images/Real/imagenet.zip,imagenet/train/n02099849/img016771.jpg,data/wildfake/real/72f5a210921c88ac.jpg,0,real,imagenet,train,cff3c7bede4390194f17e72582bd03990ec3fe089aeac88ebe9e55389c5ee004
wildfake,Images/Real/imagenet.zip,imagenet/train/n03920288/img056994.jpg,data/wildfake/real/0ccadd016f40a172.jpg,0,real,imagenet,train,5005404783a7427e4185d95a53b936182a2f534287a7076744e206b7d0179533
wildfake,Images/Real/imagenet.zip,imagenet/train/n02124075/img022803.jpg,data/wildfake/real/5fde0f783c046f3f.jpg,0,real,imagenet,train,2404687eee664bbeab20f35132ef7ce054021e149f384417dc19fbb9d23384d0
wildfake,Images/Real/imagenet.zip,imagenet/train/n02408429/img027730.jpg,data/wildfake/real/3fce72b7dee6dc95.jpg,0,real,imagenet,train,dc27aceabd7affca506b90737ed9c297536ea0ba164744818cf1d3d534a9b6b7
wildfake,Images/Real/imagenet.zip,imagenet/train/n02115641/img021851.jpg,data/wildfake/real/b5532ba409774f77.jpg,0,real,imagenet,train,6f5e0a43bad3519795de9eab39492d7ca21ed4ebea27a29040d7e0af84cd8d35
wildfake,Images/Real/imagenet.zip,imagenet/train/n02497673/img030692.jpg,data/wildfake/real/7cbc8683c964876e.jpg,0,real,imagenet,train,8b554db256d371be031230c34aa8490b1e602a397117fdc85546f9b172c8fe54
wildfake,Images/Real/imagenet.zip,imagenet/val/n03814906/img093582.jpg,data/wildfake/real/5d948eeed3f79493.jpg,0,real,imagenet,train,79f239124e92e6370518894d673aa81cc8c16092bd6decdf3e39aede81caf470
wildfake,Images/Real/imagenet.zip,imagenet/val/n03018349/img089912.jpg,data/wildfake/real/4e9da9dd456a9683.jpg,0,real,imagenet,train,0dc744a2f9a24f4dd8a37e75847a8117c36e8d4e43b22693f7c67105ab0b90d8
wildfake,Images/Real/imagenet.zip,imagenet/val/n03769881/img093097.jpg,data/wildfake/real/37d433d1390dd3db.jpg,0,real,imagenet,train,8ebc57a06a3305ece4e464e09075eff2413ae0300584266765f425c4f79adc63
wildfake,Images/Real/imagenet.zip,imagenet/train/n02808440/img034822.jpg,data/wildfake/real/b71c6570f090dd4a.jpg,0,real,imagenet,train,d8de6a55c844dce454682f850130cd05ca5bb36b531b6babd09abba650df3521
wildfake,Images/Real/imagenet.zip,imagenet/val/n03032252/img089979.jpg,data/wildfake/real/198ab3ddb47e670a.jpg,0,real,imagenet,train,dca78b3ba650a614d32e185f4d92715723e40ad44371831951a971d7030534a8
wildfake,Images/Real/imagenet.zip,imagenet/train/n04486054/img069911.jpg,data/wildfake/real/18274c5f16c891bd.jpg,0,real,imagenet,train,528b1cb8dd3b1592df4966c153ab5735c118e03892d0828a87f6118f156dd7e5
wildfake,Images/Real/imagenet.zip,imagenet/train/n02110063/img019954.jpg,data/wildfake/real/af97c9541fe21d54.jpg,0,real,imagenet,train,2c63344152d6b19dfbc4a3bee90665571b67504ea4abb60d6e2f8f6d19ced46b
wildfake,Images/Real/imagenet.zip,imagenet/val/n03272562/img090949.jpg,data/wildfake/real/cf0258905bb1d29a.jpg,0,real,imagenet,train,77062f1609f179852ee1065e4af571e2cfe474f311457a6da28d2aa505f8d722
wildfake,Images/Real/imagenet.zip,imagenet/train/n01518878/img000784.jpg,data/wildfake/real/433180c2fe9f01a9.jpg,0,real,imagenet,train,b3a62d2fd09a48774e80025189c52b537c1e7a089faaf17decfa50fa13af3a23
wildfake,Images/Real/imagenet.zip,imagenet/train/n07715103/img075113.jpg,data/wildfake/real/35c34343fa5e02c4.jpg,0,real,imagenet,train,95419b8f1a30ca1dffe388e1f5cfc594c27c46c764ea1db9ab1f4b5d5441ddb9
wildfake,Images/Real/imagenet.zip,imagenet/val/n03908618/img094193.jpg,data/wildfake/real/52999be4c42ac4eb.jpg,0,real,imagenet,train,2c1f1ba98d5630ad85a6736fb757c69b15ca7ee703ed34dfade739eb802fb60f
wildfake,Images/Real/imagenet.zip,imagenet/train/n03857828/img055047.jpg,data/wildfake/real/a90b6e41c250aff1.jpg,0,real,imagenet,train,453a174ba48d30d5c81e8794e07c41b38f37c992f78318c6e4319286e96d74b1
wildfake,Images/Real/imagenet.zip,imagenet/train/n03888257/img056144.jpg,data/wildfake/real/95d6a79f9157d0c3.jpg,0,real,imagenet,train,137d6748d3a6089a84b99c6f0a3b5d414e2981ef5df6852cb2c15226b3d1944d
wildfake,Images/Real/imagenet.zip,imagenet/train/n04259630/img064719.jpg,data/wildfake/real/a3863f5f70d2937f.jpg,0,real,imagenet,train,f4d27b9c3456a339b34b5e9d195a4ae2c4ed918d1b601a6261983924dd236e4a
wildfake,Images/Real/imagenet.zip,imagenet/val/n01616318/img080471.jpg,data/wildfake/real/33d1c6f3fc10604f.jpg,0,real,imagenet,train,99f5091b6925ed93452126973f4466b23f0d8f30f31fb81a01fd6942d33eaf9c
wildfake,Images/Real/imagenet.zip,imagenet/val/n03376595/img091199.jpg,data/wildfake/real/95bd44e6168f64d8.jpg,0,real,imagenet,train,144ee54d9ab259a6418f5f30797d93f067743421b8bed544d7de622ee22d410d
wildfake,Images/Real/imagenet.zip,imagenet/val/n02206856/img086198.jpg,data/wildfake/real/2408f9a2ad2c620b.jpg,0,real,imagenet,train,5ce297fea5936fac0c8f263a3a2cc4b2f1dfcb03d940987d771ca4f9fdf0a85b
wildfake,Images/Real/imagenet.zip,imagenet/train/n03017168/img039587.jpg,data/wildfake/real/aa202d685d2d4ed7.jpg,0,real,imagenet,train,4dc1169d05c92b46bac7b5bc818277e4f12c691dded3c6fa94756efebaa9022f
wildfake,Images/Real/imagenet.zip,imagenet/val/n01689811/img080887.jpg,data/wildfake/real/9f1ac676fdd0b36a.jpg,0,real,imagenet,train,859de929d62f9a6dcdb1711c123804b9f5c6f36c45a14d2437555bb0f44b4801
wildfake,Images/Real/imagenet.zip,imagenet/train/n02085620/img012119.jpg,data/wildfake/real/1e9d696a44a893a9.jpg,0,real,imagenet,train,6dc225061cfd368fcc35392d92d158854a555bec4f70c4c4737877991f6af6ba
wildfake,Images/Real/imagenet.zip,imagenet/val/n03388549/img091296.jpg,data/wildfake/real/459eb9e3370be992.jpg,0,real,imagenet,train,588bd00145a868e188f718380f78a384620b13ee279d12ff5a34547e5470ddac
wildfake,Images/Real/imagenet.zip,imagenet/train/n04039381/img060168.jpg,data/wildfake/real/39f82931e530aff5.jpg,0,real,imagenet,train,97b5c79d53c93ae5723765e25d92cc8acba06995479033c10175e88094224796
wildfake,Images/Real/imagenet.zip,imagenet/train/n04023962/img059765.jpg,data/wildfake/real/165689a3ed8c8014.jpg,0,real,imagenet,train,475cc559d0b49e400490d20d76a7ae5956df224e0ebcb69d3a18e0d74f495386
wildfake,Images/Real/imagenet.zip,imagenet/train/n02268853/img025618.jpg,data/wildfake/real/37d7e0d1e7838eb8.jpg,0,real,imagenet,train,5779e6407e4cac252d3a7ef14abba347f6e832be85eb3403d4c7241298adc260
wildfake,Images/Real/imagenet.zip,imagenet/val/n02102318/img084384.jpg,data/wildfake/real/df2f2ea81eeca117.jpg,0,real,imagenet,train,1b642e9a7930aa644d36ec8cd4c62249cff683dcf88ea31eede23b3b12e131e4
wildfake,Images/Real/imagenet.zip,imagenet/val/n03775071/img093171.jpg,data/wildfake/real/0b777983f3eadd98.jpg,0,real,imagenet,train,f7fba15d2a5c1f73df46706011d4c4d20e4f2eb28871532411fb786da4b4a338
wildfake,Images/Real/imagenet.zip,imagenet/train/n03220513/img043101.jpg,data/wildfake/real/f86614d22657caf9.jpg,0,real,imagenet,train,1473054b0426a92c6f73a54c657660c2f7cda813b5b35774289b22b6500800c8
wildfake,Images/Real/imagenet.zip,imagenet/val/n01798484/img081679.jpg,data/wildfake/real/6dfa07ce8addc932.jpg,0,real,imagenet,train,426545aa70006f7c62b92feef8a8839d7192f5f9ee32b29a76fa13d76d8d0e82
wildfake,Images/Real/imagenet.zip,imagenet/train/n02096177/img015372.jpg,data/wildfake/real/85c5f2a5b1f4394c.jpg,0,real,imagenet,train,575707dc7b28d6383d3e5d59dcb0d98dfa6b319fe327d4602abd87010987a43b
wildfake,Images/Real/imagenet.zip,imagenet/train/n03733805/img051822.jpg,data/wildfake/real/61cc545c14b48aa4.jpg,0,real,imagenet,train,e7412e52a3b0110dc6b52a7b583ae6c3c172bbf042e8cef4b418b9d7004bd016
wildfake,Images/Real/imagenet.zip,imagenet/train/n01774750/img006148.jpg,data/wildfake/real/22d06c156ae73e9f.jpg,0,real,imagenet,train,4f7a0bdd681ad28b66f53ec1cb5ec55efb3fb4f1f9c4958f5a84c6d74ab33396
wildfake,Images/Real/imagenet.zip,imagenet/train/n01796340/img006529.jpg,data/wildfake/real/0719bc9801aacef2.jpg,0,real,imagenet,train,0919454977869cb1a825e344682212e1051625cddde557ce0392b84a42fe4a6a
wildfake,Images/Real/imagenet.zip,imagenet/train/n04552348/img071614.jpg,data/wildfake/real/5917d078a23b8bd6.jpg,0,real,imagenet,train,7e19945615897e2ed0ed205c3cf64086bc3f921898a64146e0c68b88567b9d40
wildfake,Images/Real/imagenet.zip,imagenet/train/n07584110/img074045.jpg,data/wildfake/real/9b210d26d4b0d84b.jpg,0,real,imagenet,train,ee0fef4de92279fe150795e4327209008f1e3853594422d7cf6dd15c6399736b
wildfake,Images/Real/imagenet.zip,imagenet/train/n04118776/img061574.jpg,data/wildfake/real/d6d6a7ac1b16a73f.jpg,0,real,imagenet,train,9b900db8d0fb885238bbebb60ebe5e1dc51cd7639adc82963bebfeba6923586f
wildfake,Images/Real/imagenet.zip,imagenet/train/n03916031/img056896.jpg,data/wildfake/real/ee5d871d14f99330.jpg,0,real,imagenet,train,a25bd3838c5e8a721832620d95962a6e55087bf4dbddfb8717d1368947bf58af
wildfake,Images/Real/imagenet.zip,imagenet/val/n01740131/img081208.jpg,data/wildfake/real/12e9cfdf60152cb7.jpg,0,real,imagenet,train,5483e994b0469a08367986b707d6d0cfd9aa37d5d63988df5a1b75728c55c82f
wildfake,Images/Real/imagenet.zip,imagenet/train/n02492035/img030306.jpg,data/wildfake/real/e3ee6f20a756c7a9.jpg,0,real,imagenet,train,c639a6c2af91cb5c972cbe5b91fa63f1d8cf18bb61c29ee6b60fd3f460b1ee79
wildfake,Images/Real/imagenet.zip,imagenet/train/n01776313/img006295.jpg,data/wildfake/real/3552274559757e9b.jpg,0,real,imagenet,train,1a62b7e4d1bd602dcc615edcd12b4ecc49607fe8d91ad622cc7ee11b4761f32a
wildfake,Images/Real/imagenet.zip,imagenet/train/n02835271/img035599.jpg,data/wildfake/real/cfb85a103172df0d.jpg,0,real,imagenet,train,4ec6797cc079b18d59544b7bd0edc336253ed7dcfb856d7fbd2aa56aa2e3850f
wildfake,Images/Real/imagenet.zip,imagenet/train/n03970156/img058521.jpg,data/wildfake/real/342e8e97136b09fa.jpg,0,real,imagenet,train,12272aaade8445b89a21c5c211391454e960033c532f33199de65d63c1637cc8
wildfake,Images/Real/imagenet.zip,imagenet/train/n03110669/img041041.jpg,data/wildfake/real/1e00450b10898e50.jpg,0,real,imagenet,train,0e75439c8f6238ad6d94487f56c9c2d261ec75186c9c6a58397f47b5e106102c
wildfake,Images/Real/imagenet.zip,imagenet/train/n01981276/img009685.jpg,data/wildfake/real/b5eff31bd903d2d1.jpg,0,real,imagenet,train,34880f821542563c7afcf75ca39015ccf36e6c9c5fce1e6475763e101026d018
wildfake,Images/Real/imagenet.zip,imagenet/train/n02814533/img034927.jpg,data/wildfake/real/cc342b1e544239b3.jpg,0,real,imagenet,train,458505c2db87535dbae2d37de709b725f1a527d3a4307f34848cdb724f694386
wildfake,Images/Real/imagenet.zip,imagenet/train/n07745940/img075934.jpg,data/wildfake/real/5b54c198614da10a.jpg,0,real,imagenet,train,3e3a4317c7c5b3b83097e3dc5e72e65fb440fef9f875a108543d47f44dd28814
wildfake,Images/Real/imagenet.zip,imagenet/train/n02727426/img032803.jpg,data/wildfake/real/4d704802f419a1f3.jpg,0,real,imagenet,train,07910f0a9a4812b726dabb859c2ea70039056ba70cd9042d29a9728583ccaeda
wildfake,Images/Real/imagenet.zip,imagenet/train/n01774750/img006159.jpg,data/wildfake/real/9e4babc0ee4a63b9.jpg,0,real,imagenet,train,9d0cf4d93498c1a156ab9e22274c9a9ff34be6b459cdca75caeb07c02e6abbe6
wildfake,Images/Real/imagenet.zip,imagenet/val/n03938244/img094431.jpg,data/wildfake/real/00f074e9503a6363.jpg,0,real,imagenet,train,e424cc3634b6961bd721c611b2f014becbbee8eb97c76275676c0464f56036e6
wildfake,Images/Real/imagenet.zip,imagenet/train/n07718472/img075482.jpg,data/wildfake/real/e306dabc12726eda.jpg,0,real,imagenet,train,d9713220eadf8691fc889aac2aa704968899410a77901b5ab8a7f234257e733a
wildfake,Images/Real/imagenet.zip,imagenet/train/n02113712/img021301.jpg,data/wildfake/real/1d33615ff73d4222.jpg,0,real,imagenet,train,2d7379f0c13a8cbd44e58ecafedea9099b8094394a1b151617183d033717b19d
wildfake,Images/Real/imagenet.zip,imagenet/val/n02965783/img089511.jpg,data/wildfake/real/f197ac255391cd5a.jpg,0,real,imagenet,train,bc73737ea12fea7fdfb1600ad1ee180f7db82ddf8d6b51ad6996cb9edb801f81
wildfake,Images/Real/imagenet.zip,imagenet/val/n06874185/img098416.jpg,data/wildfake/real/324eb16450db4882.jpg,0,real,imagenet,train,84197ca86e302dbbb3f0e8a582e97cf717433c779ffc31151b28599fda493cb6
wildfake,Images/Real/imagenet.zip,imagenet/train/n02328150/img026607.jpg,data/wildfake/real/cd5a5a397c41fce5.jpg,0,real,imagenet,train,f53ab104a11ed65933d0d90bc1f594e7831a2fa8f0c900359eddf5c97515dee5
wildfake,Images/Real/imagenet.zip,imagenet/train/n02128925/img023230.jpg,data/wildfake/real/2947db13502906f0.jpg,0,real,imagenet,train,1953a8b86b6f899a41330640c77376d3cf77b66b05db0252437978a91f3ed728
wildfake,Images/Real/imagenet.zip,imagenet/val/n03938244/img094437.jpg,data/wildfake/real/19836cde1bd98944.jpg,0,real,imagenet,train,c2c06f9c38da2d9e8d3fd94fa471f1318b74e860721064335e47815bfdb3568e
wildfake,Images/Real/imagenet.zip,imagenet/val/n03788365/img093385.jpg,data/wildfake/real/cdb66ba560828bd7.jpg,0,real,imagenet,train,2102531d1cfef7df7c6f8eacf7ee1ddf4bbcf21db80dfca041b59b56b6b23711
wildfake,Images/Real/imagenet.zip,imagenet/val/n01537544/img080283.jpg,data/wildfake/real/eef0e47e90ab6954.jpg,0,real,imagenet,train,0e53622c7f598b0fd74b5766761bb3ec3d3bdb647dfc3472743dfa55293bfb38
wildfake,Images/Real/imagenet.zip,imagenet/train/n02167151/img024218.jpg,data/wildfake/real/e6db122fa2e7c076.jpg,0,real,imagenet,train,8ca006eb901b09dfc447edc80a8443e0ea082b960d02d7368de50a30ad3c916b
wildfake,Images/Real/imagenet.zip,imagenet/train/n02879718/img036524.jpg,data/wildfake/real/8171513eacbc76a2.jpg,0,real,imagenet,train,bd4f1d4eff85434e855297fc3c724a21934829141ec2cd83f4208ce07505b98d
wildfake,Images/Real/imagenet.zip,imagenet/train/n01560419/img001286.jpg,data/wildfake/real/02f4f4240f639658.jpg,0,real,imagenet,train,6ebd085b0b617c26c8d1a63951bbdce76b2dc2594981f59f8c7bed10263b07af
wildfake,Images/Real/imagenet.zip,imagenet/train/n09332890/img078073.jpg,data/wildfake/real/89a525709ae77ccb.jpg,0,real,imagenet,train,2de04e9c3ef8aa4519c2541fbdc70523ce13ac35ebacde878a63a77a6b8e9af7
wildfake,Images/Real/imagenet.zip,imagenet/train/n03929660/img057187.jpg,data/wildfake/real/c1c3e461155351f1.jpg,0,real,imagenet,train,aa8c54d3e569d779b57bbaed66d75c4ca0e531a9c5b8c41d687ad127e9269322
wildfake,Images/Real/imagenet.zip,imagenet/train/n04147183/img062419.jpg,data/wildfake/real/4317ddcf4b122660.jpg,0,real,imagenet,train,692e6bfe8bd2b19cbcf07592b7ac506aa6c6e18598cba6ccc09ba2f7d4de8561
wildfake,Images/Real/imagenet.zip,imagenet/train/n02091635/img014018.jpg,data/wildfake/real/d71d538e5fd68855.jpg,0,real,imagenet,train,a68e2ea597a1348d06f26ff8790c4374d6a5dcc0ba2428f5ccf4cc6baf0ee469
wildfake,Images/Real/imagenet.zip,imagenet/train/n13052670/img079728.jpg,data/wildfake/real/48ed55ffc2516cbd.jpg,0,real,imagenet,train,ddcd7c948f25a0db430d70b3e0e39823eb55d5a6467054fbbac1ce73b8a5a01c
wildfake,Images/Real/imagenet.zip,imagenet/train/n09332890/img078066.jpg,data/wildfake/real/db3feab1793ef0e3.jpg,0,real,imagenet,train,5a00cc77a9cbe607038dab98b018487926f18dd47338806f6a7d180e07ad9b09
wildfake,Images/Real/imagenet.zip,imagenet/train/n06359193/img073328.jpg,data/wildfake/real/42ee20455d3b868d.jpg,0,real,imagenet,train,ca852ac2cda63b78907c3bfc1725ef695a6c23e674181ac92b876e3b77fbcf25
wildfake,Images/Real/imagenet.zip,imagenet/val/n04039381/img095057.jpg,data/wildfake/real/cd1728425edaa7cd.jpg,0,real,imagenet,train,04c1487132e081fa72d86d7404f03579bcd8ecf7f4af402662034fd460476a5b
wildfake,Images/Real/imagenet.zip,imagenet/val/n12620546/img099788.jpg,data/wildfake/real/aca39c66f09edf98.jpg,0,real,imagenet,train,eff396afe06bca859d43b4acaf2e30a7ebb87f427418699c48315a22b12e51fa
wildfake,Images/Real/imagenet.zip,imagenet/val/n03016953/img089872.jpg,data/wildfake/real/830273d060eed93e.jpg,0,real,imagenet,train,b8df8e857e93081cf93f3516f1db8a90f35670ff3e1e7e17bd9aad941a2b6024
wildfake,Images/Real/imagenet.zip,imagenet/train/n02794156/img034110.jpg,data/wildfake/real/251e4f9ec3cc8d4c.jpg,0,real,imagenet,train,bbf4724f2d291e2426579da269f504764a087e5f32d2fbdd160b44060218a226
wildfake,Images/Real/imagenet.zip,imagenet/train/n04136333/img062029.jpg,data/wildfake/real/3fe59d5d6b64bd9c.jpg,0,real,imagenet,train,4f2bfc8344a6fbb013e14c2809d78116d3b0b904b827a09feb3c525dc6d50ea9
wildfake,Images/Real/imagenet.zip,imagenet/train/n03935335/img057579.jpg,data/wildfake/real/ca742b8717e7cb1e.jpg,0,real,imagenet,train,c28a0735d9014b1a83ee7a40dd4a4c97b3d858c77381bdfe74274659d3d4d6e5
wildfake,Images/Real/imagenet.zip,imagenet/train/n02114712/img021716.jpg,data/wildfake/real/a92eda0dcc4c601d.jpg,0,real,imagenet,train,d6bc7b66887b27b04202d7faee5b15038eecb4f35d4a7c206b4f0e25fd3247a8
wildfake,Images/Real/imagenet.zip,imagenet/train/n07695742/img074599.jpg,data/wildfake/real/d68a8e658c6c19b0.jpg,0,real,imagenet,train,4800385097a98f1bbf206316de3bfcad0b4df7596e201c78c5d7c7817ac23593
wildfake,Images/Real/imagenet.zip,imagenet/val/n02098286/img084079.jpg,data/wildfake/real/3bcfdc51659a9e00.jpg,0,real,imagenet,train,4cf6b482a9371a64ffb4e64d62536553fbe35c5772296fac327fa5ee782f920e
wildfake,Images/Real/imagenet.zip,imagenet/val/n02100877/img084278.jpg,data/wildfake/real/4fde6f3d4d1e877b.jpg,0,real,imagenet,train,867f5e6076b2f714b5a5a2261f683c31617a3c80bc28895bd28311c1c0e6daa8
wildfake,Images/Real/imagenet.zip,imagenet/train/n03063599/img040353.jpg,data/wildfake/real/038fa33ad480589d.jpg,0,real,imagenet,train,7eb84756dd5d84fc356f2ca310ad55004346393e5dd966df868bd0711c9c350a
wildfake,Images/Real/imagenet.zip,imagenet/val/n03887697/img094012.jpg,data/wildfake/real/419461e4003c9693.jpg,0,real,imagenet,train,e2043bc0067a6408db3c4f68d596e7b60638cd4e421a09145fd89096e2d8c3fd
wildfake,Images/Real/imagenet.zip,imagenet/train/n01773549/img005878.jpg,data/wildfake/real/d776e38d2ab11f35.jpg,0,real,imagenet,train,c56b17bf9e81053876eb4b0ace139ecfafdadf9b00cd1fabab194e9c636942a3
wildfake,Images/Real/imagenet.zip,imagenet/train/n02509815/img030984.jpg,data/wildfake/real/d16031d7b0d59050.jpg,0,real,imagenet,train,bd8fb5b430cde245cff50a22e6875a4423524e357912e15fea3fe707da2a78b7
wildfake,Images/Real/imagenet.zip,imagenet/val/n03016953/img089879.jpg,data/wildfake/real/1ebb30afa7bc99d6.jpg,0,real,imagenet,train,9199b5b718cc1d8b4e756738072bf8df500a609fc5e9ed72d6415e1b7f071ebe
wildfake,Images/Real/imagenet.zip,imagenet/train/n04259630/img064664.jpg,data/wildfake/real/91fb899dcf1e279d.jpg,0,real,imagenet,train,79bface104486e175d265af299db34ca1d9d79613dd5167bda81655968a45590
wildfake,Images/Real/imagenet.zip,imagenet/val/n02787622/img088412.jpg,data/wildfake/real/feee32abb4f1ac82.jpg,0,real,imagenet,train,87b6a9d9cde92d152feb3fa15ca82c4f23f060572624d0c32e938ea77d2efc3a
wildfake,Images/Real/imagenet.zip,imagenet/val/n02823428/img088810.jpg,data/wildfake/real/fbefc75068dfaffc.jpg,0,real,imagenet,train,3af00199d6b651281a92dd0fafc8259653ee2669f2bb19ca33e1f6b002af3933
wildfake,Images/Real/imagenet.zip,imagenet/train/n01751748/img005270.jpg,data/wildfake/real/bf77af7b3fda9ab9.jpg,0,real,imagenet,train,f18df56e56ec45e25e27c5bf6aa087566d34fbd40ebb26f41880d23afc573dea
wildfake,Images/Real/imagenet.zip,imagenet/train/n11939491/img078846.jpg,data/wildfake/real/458060591d99d535.jpg,0,real,imagenet,train,fb85af55aaf38d8683556fca180f27bf9e3799783deac051a985bdf151868920
wildfake,Images/Real/imagenet.zip,imagenet/train/n01644373/img002544.jpg,data/wildfake/real/73b830344968177f.jpg,0,real,imagenet,train,564441fe5229951cefa8b871316569a5484a6150b965a9f76d6b1c2d2c586210
wildfake,Images/Real/imagenet.zip,imagenet/train/n02066245/img011809.jpg,data/wildfake/real/90b8bd3b12719f12.jpg,0,real,imagenet,train,994a5bbaf50a0a58fe4941fe829363b4bb330c7d573a095ce959cc0ce1ee035e
wildfake,Images/Real/imagenet.zip,imagenet/train/n02074367/img011957.jpg,data/wildfake/real/b0f637c6f8a96c78.jpg,0,real,imagenet,train,8fe0f609f6f1c9c2712d1bf6ae0297032a039b2922ae891808706e550401c670
wildfake,Images/Real/imagenet.zip,imagenet/train/n03089624/img040743.jpg,data/wildfake/real/f175e4fc495de6d1.jpg,0,real,imagenet,train,61bff99ab3d3335fb6e0440a99a7c161e7ce283617c5de3e1cb68315fdb35bb6
wildfake,Images/Real/imagenet.zip,imagenet/train/n02447366/img028980.jpg,data/wildfake/real/f36a38eef5cb1d4e.jpg,0,real,imagenet,train,103b2a47fe23faefe1d1f9a13114f2b31ea2d6caca886ac08a861fc2910a78a5
wildfake,Images/Real/imagenet.zip,imagenet/val/n02097474/img084008.jpg,data/wildfake/real/27b11dd70d719bc3.jpg,0,real,imagenet,train,041fdb747f739ac4c9ec820a59b1d9ebdef716c020b0a6bc86ce755d8a4180bd
wildfake,Images/Real/imagenet.zip,imagenet/train/n02110806/img020268.jpg,data/wildfake/real/8edf1e9c2da56380.jpg,0,real,imagenet,train,73a8e670e0996782735ff3cc2eb7b0862177c0d4fb50e496c1cbbafdf1862518
wildfake,Images/Real/imagenet.zip,imagenet/train/n03291819/img043931.jpg,data/wildfake/real/d592cdfc657e4b6e.jpg,0,real,imagenet,train,21ccb97f8189889bf5f3ea975f8a5479fc9abb63b2b68600cfb6b8debb31bd08
wildfake,Images/Real/imagenet.zip,imagenet/train/n02088094/img012803.jpg,data/wildfake/real/c07605703bf86006.jpg,0,real,imagenet,train,cb7df5e6c29ec6e700d2559528f6cd3a34a203779fadbf90a3b132e74b8a28b8
wildfake,Images/Real/imagenet.zip,imagenet/val/n03388183/img091265.jpg,data/wildfake/real/520571a059bc5306.jpg,0,real,imagenet,train,1d2b28fd77abb6421ea2bf884b878610477e2413c6ed94645b95f99d186c8895
wildfake,Images/Real/imagenet.zip,imagenet/train/n02279972/img025901.jpg,data/wildfake/real/0306ea1afd87cc2a.jpg,0,real,imagenet,train,43be6831fccdc809a3dadd29f0457aaf88b9cae3914119ada714dbebe5d6dfe4
wildfake,Images/Real/imagenet.zip,imagenet/train/n02096585/img015613.jpg,data/wildfake/real/2d859fe0885bfaec.jpg,0,real,imagenet,train,3a896b74dca48aa9c89df2d1ccf0fcec571811c1bb95ee342c0a0fd26d6ff0f5
wildfake,Images/Real/imagenet.zip,imagenet/val/n02112350/img085224.jpg,data/wildfake/real/af56d78a06e4b4e4.jpg,0,real,imagenet,train,c39aef5f9c69d2d5d76fc23b825539c30f760ab97705a7e6f15c07cd4f862550
wildfake,Images/Real/imagenet.zip,imagenet/val/n07684084/img098602.jpg,data/wildfake/real/c3712685be68c6ab.jpg,0,real,imagenet,train,8b910e32482114985b5356edfaf0717bc532f1afac4def275bd6337e5c6921fe
wildfake,Images/Real/imagenet.zip,imagenet/train/n03594945/img048766.jpg,data/wildfake/real/14299c04920b5cf4.jpg,0,real,imagenet,train,ae0c26cba39f2ce2965d29989b6a6dfef2df37d82bad141c65b7206e496bc5dd
wildfake,Images/Real/imagenet.zip,imagenet/train/n03908618/img056797.jpg,data/wildfake/real/6db964bad850253c.jpg,0,real,imagenet,train,e6e3eb9bf4aa565a8eae011065455f421694b522c9abb7fc2e17bcd6451e4c23
wildfake,Images/Real/imagenet.zip,imagenet/train/n04525038/img070836.jpg,data/wildfake/real/5326aa04a5bae46c.jpg,0,real,imagenet,train,dc6dc0278677cfe950d5e8438f226f748a0d18f227d75c37952ddf936c00ed97
wildfake,Images/Real/imagenet.zip,imagenet/train/n04604644/img073007.jpg,data/wildfake/real/dcefbe0123da4089.jpg,0,real,imagenet,train,512fec463030e1843a1743e6a58c783df785d3b0e293849c36987074e09f61f4
wildfake,Images/Real/imagenet.zip,imagenet/train/n07714990/img075002.jpg,data/wildfake/real/81cc44f8568794c0.jpg,0,real,imagenet,train,cb97d8a591c4419f576baa3a2ac8fb0e9c8e83a8969983788dff1c6552d973e8
wildfake,Images/Real/imagenet.zip,imagenet/train/n03773504/img052628.jpg,data/wildfake/real/c37cdb33c030d4e9.jpg,0,real,imagenet,train,5c9b89fb49c16162de88e2e7ccd0a88cf82ee4ab51cb4c403e71e08762ba7a25
wildfake,Images/Real/imagenet.zip,imagenet/train/n02107683/img019143.jpg,data/wildfake/real/57686c77739748fd.jpg,0,real,imagenet,train,2bcb55340c44826ebae064d7672b42e1acfd72fc6a3dd3abf53834a0b242758b
wildfake,Images/Real/imagenet.zip,imagenet/train/n03908714/img056869.jpg,data/wildfake/real/0f4bdcc62ca10461.jpg,0,real,imagenet,train,d3ef0bbdeb2e477faa9aa11a2432c7a6473980cd887492aad7524e632747bfb4
wildfake,Images/Real/imagenet.zip,imagenet/train/n03271574/img043668.jpg,data/wildfake/real/5d2d0ebf358e0356.jpg,0,real,imagenet,train,da7ce6050a523f5fe5cb810fdfa13701ba4b79bb288573e769e4f1d4ebfe988a
wildfake,Images/Real/imagenet.zip,imagenet/train/n04467665/img069425.jpg,data/wildfake/real/93c4d021cd932dbc.jpg,0,real,imagenet,train,661d869273ac78d22932d9bc54336f7e8082b1590d140d9546587076e3f874fa
wildfake,Images/Real/imagenet.zip,imagenet/val/n04037443/img095036.jpg,data/wildfake/real/9b952440b3615915.jpg,0,real,imagenet,train,86fc234062169887e3b0d42ab1af136f5e139cd8e962ca8fee865bb60d9f73a8
wildfake,Images/Real/imagenet.zip,imagenet/train/n02790996/img033798.jpg,data/wildfake/real/9a5ba13e3df70a87.jpg,0,real,imagenet,train,0bc6aed3a6d095e3cbc327f39d6468013b9599d1a7a435206777cff572e5a1a1
wildfake,Images/Real/imagenet.zip,imagenet/train/n02978881/img038481.jpg,data/wildfake/real/4977c23fac12caa0.jpg,0,real,imagenet,train,7c15b31975082ce00cdec9d46b8471bf4dae88cf7ee718fe4e1830a7fd523adc
wildfake,Images/Real/imagenet.zip,imagenet/train/n03637318/img049530.jpg,data/wildfake/real/b0ce7747289ac0b9.jpg,0,real,imagenet,train,6173a329928992ce252a8dcaedfa58e076f197a0b9523eacdf439c8e89daf78e
wildfake,Images/Real/imagenet.zip,imagenet/train/n01514859/img000670.jpg,data/wildfake/real/133dbe4df55cb5c8.jpg,0,real,imagenet,train,c76f629ee5e95bf12a12c593948bcc97427165a65bb6b5182ea28097fbd0892b
wildfake,Images/Real/imagenet.zip,imagenet/train/n02190166/img024683.jpg,data/wildfake/real/c556bec8993b4c57.jpg,0,real,imagenet,train,12197d9b3ae398d9a765bbf87be483d22e79cfccc0a88fb60909132125205e27
wildfake,Images/Real/imagenet.zip,imagenet/train/n04442312/img068771.jpg,data/wildfake/real/9c6c7788ea97ce4f.jpg,0,real,imagenet,train,b4eb92a335f82bfc72ca559306fefb3923756cdd7188516ab02ffc9967984183
wildfake,Images/Real/imagenet.zip,imagenet/train/n03666591/img050139.jpg,data/wildfake/real/a0113795c8d842a9.jpg,0,real,imagenet,train,d6bdd531e0808741678624900b82b7bc49af4e2bc2876cc9ed0c6cebe43a9456
wildfake,Images/Real/imagenet.zip,imagenet/train/n03933933/img057465.jpg,data/wildfake/real/f8e3160379688ab4.jpg,0,real,imagenet,train,9cff8052c23e3d35d8dcfbd042eb7d1b2a47e61137733901941c7e845f538eae
wildfake,Images/Real/imagenet.zip,imagenet/val/n02486410/img087458.jpg,data/wildfake/real/f08a63b324f4bef0.jpg,0,real,imagenet,train,c1726b88f106e6552e0b67ba93a03cbd42d282dbed102607e53a54bf53ab2dbf
wildfake,Images/Real/imagenet.zip,imagenet/val/n02486410/img087447.jpg,data/wildfake/real/f50a55bda5ec5009.jpg,0,real,imagenet,train,868816637e0c1c55c0a233e9a14c651801001c5bf981026f66e2bba53ad61ce5
wildfake,Images/Real/imagenet.zip,imagenet/train/n02115913/img021932.jpg,data/wildfake/real/20c85256795f614d.jpg,0,real,imagenet,train,055e0f89b896e8dcddc558890e3d31cecefcfe4b5c47c195f111ba1ac18b9933
wildfake,Images/Real/imagenet.zip,imagenet/val/n02910353/img089283.jpg,data/wildfake/real/c721e6933b060469.jpg,0,real,imagenet,train,bbf0f52707dcd7123f0932d4a445996c8d92c39de618e2d6977a10b0dd0d0040
wildfake,Images/Real/imagenet.zip,imagenet/train/n03594945/img048795.jpg,data/wildfake/real/9efe5d0108caa8ed.jpg,0,real,imagenet,train,53c02da6d15010d8eb6752db80a46296fc6f91041fc3683efebe3d0a03986cec
wildfake,Images/Real/imagenet.zip,imagenet/val/n04428191/img097133.jpg,data/wildfake/real/7cb3833166721ec7.jpg,0,real,imagenet,train,a7a400687c93628a61805c77aafbd110cfce102d6d2f3aeec5de9ace980a4327
wildfake,Images/Real/imagenet.zip,imagenet/val/n03690938/img092636.jpg,data/wildfake/real/9b1c70bb2024cdfa.jpg,0,real,imagenet,train,14f5828298867c5835ec576b8d4184c7395a80c8bdfcef9a602d8fa8fd0372f2
wildfake,Images/Real/imagenet.zip,imagenet/train/n03759954/img052064.jpg,data/wildfake/real/99e751486e78bd4b.jpg,0,real,imagenet,train,f38258150de0852fe6203ace84a1eb2b5b804154142bc6231bfb640931cfe116
wildfake,Images/Real/imagenet.zip,imagenet/train/n04542943/img071328.jpg,data/wildfake/real/e320cde82efbab20.jpg,0,real,imagenet,train,e298681ba3c2b06bb2566634bdcda264c39a8e052d3a075d4f22cf1749ddc071
wildfake,Images/Real/imagenet.zip,imagenet/train/n07718747/img075529.jpg,data/wildfake/real/71f16b1ffefb2cda.jpg,0,real,imagenet,train,8c5ae08cefb948e6ccc4bfaefa18eaf05b4bca3f0df648e9c42690be05147490
wildfake,Images/Real/imagenet.zip,imagenet/train/n03709823/img050929.jpg,data/wildfake/real/5f65f6dd6765042a.jpg,0,real,imagenet,train,aa9d62afc8d08c3d7371175648d9faaa613c3d53c18a595f046d3e2fc5884fb1
wildfake,Images/Real/imagenet.zip,imagenet/train/n02443114/img028655.jpg,data/wildfake/real/339efb196c151880.jpg,0,real,imagenet,train,40fbddd807c340dbd203d9cb0d812eee6fd496462b9cd2249d2a12cf9b9b053b
wildfake,Images/Real/imagenet.zip,imagenet/train/n01986214/img010074.jpg,data/wildfake/real/f690dfbf576fc79e.jpg,0,real,imagenet,train,f903c1057a8cc15a00c9f13e40ff194a437a4654eb403e9c3e0e19f09379f57b
wildfake,Images/Real/imagenet.zip,imagenet/val/n03729826/img092890.jpg,data/wildfake/real/c6c8877436f7bd71.jpg,0,real,imagenet,train,d7fe305366b104eb970af16bd32e0d70a151560207d26f948cacffed12195e03
wildfake,Images/Real/imagenet.zip,imagenet/train/n03388183/img045081.jpg,data/wildfake/real/75d6bb4d715905be.jpg,0,real,imagenet,train,6acd5ae7821ca30e3353119bbab67492c2c6a532e66c727c02f3056ec76ad60b
wildfake,Images/Real/imagenet.zip,imagenet/train/n02093859/img014661.jpg,data/wildfake/real/e4637d80c495a022.jpg,0,real,imagenet,train,54e28065129b43c0f03c74fa1dedfe8f37a1e603b33aa1630a16b986305dcace
wildfake,Images/Real/imagenet.zip,imagenet/train/n02841315/img035797.jpg,data/wildfake/real/7de6d3ee292b092f.jpg,0,real,imagenet,train,eb7448454a8099c5236b30e1bf669350b8db549951901176677cec95882762e0
wildfake,Images/Real/imagenet.zip,imagenet/val/n04310018/img096404.jpg,data/wildfake/real/e938b03fff3b3cd6.jpg,0,real,imagenet,train,02a860085ea613a4649e1e51e575b768e81e2daaedd3ea1072e455431e9ad196
wildfake,Images/Real/imagenet.zip,imagenet/val/n11939491/img099709.jpg,data/wildfake/real/cfe30f2fa2f65649.jpg,0,real,imagenet,train,c00c459afea4e16052db4cfed6187039be36780f75c7450a5e61cccd515ad7d2
wildfake,Images/Real/imagenet.zip,imagenet/train/n02105412/img018232.jpg,data/wildfake/real/a55e14c6bf88ae14.jpg,0,real,imagenet,train,5627c497b76cdd3330cacd3c4665dc20601a942be5fa8214669b54a1ff25be4f
wildfake,Images/Real/imagenet.zip,imagenet/train/n03902125/img056573.jpg,data/wildfake/real/b2db52a6c2fe2b6e.jpg,0,real,imagenet,train,b4419e9cfcc04a992e173eeb018303b1f91c036bdb910b16a9b4d498207c9d9d
wildfake,Images/Real/imagenet.zip,imagenet/train/n03770679/img052515.jpg,data/wildfake/real/662453d8c5ea6f55.jpg,0,real,imagenet,train,fa249fa14db35b16eed5f3fa6b75d7272fce51ea6e20003e14f21191c41dcf75
wildfake,Images/Real/imagenet.zip,imagenet/train/n07730033/img075731.jpg,data/wildfake/real/da213b4812abd641.jpg,0,real,imagenet,train,d269b5fefd8b4a9535a1fec11990ab8a082f0266fd6c3f218d053ce50afa61c7
wildfake,Images/Real/imagenet.zip,imagenet/val/n02817516/img088784.jpg,data/wildfake/real/5bb23138239c6ba9.jpg,0,real,imagenet,train,7f918d270d84140bf42ef6c01ea2f8f0c44bd0fcf65a87583df5fbf499a18271
wildfake,Images/Real/imagenet.zip,imagenet/train/n02447366/img029003.jpg,data/wildfake/real/9dfe981779257da5.jpg,0,real,imagenet,train,a2e46c5965a964935ff9bc0ed37952b73d3341bbc14b3e6831eed2787f008ef7
wildfake,Images/Real/imagenet.zip,imagenet/train/n02093647/img014491.jpg,data/wildfake/real/c1bc0ff36ce90453.jpg,0,real,imagenet,train,5bd75977e5e1efdc7ef0edfa5c1bd648cd17aa08612988635da2354ddd7ab81f
wildfake,Images/Real/imagenet.zip,imagenet/train/n03016953/img039476.jpg,data/wildfake/real/6c36e1614a5e2a37.jpg,0,real,imagenet,train,b6147cdac8baaf9af10ebfecff121da4792aba31e75cfa3a2c2e5e92712fee55
wildfake,Images/Real/imagenet.zip,imagenet/train/n01983481/img009837.jpg,data/wildfake/real/30fb11b6ba1de9e6.jpg,0,real,imagenet,train,0e5c5e1e25705d20db9dce0e33d234ecde7165bb9e3b1fb8e0b0169a1afa68f2
wildfake,Images/Real/imagenet.zip,imagenet/val/n06596364/img098354.jpg,data/wildfake/real/6c32149270f63d65.jpg,0,real,imagenet,train,34b992d0dbf52003140390818dcada7c0b8a5c17897473f25f06017fc6937a41
wildfake,Images/Real/imagenet.zip,imagenet/train/n03445924/img046033.jpg,data/wildfake/real/243990afed623632.jpg,0,real,imagenet,train,c325a22749b449c7fa91812d367fca82588b561b8ca300985df1cc10ea06277d
wildfake,Images/Real/coco.zip,coco/coco2017/test2017/img029472.jpg,data/wildfake/real/3394b003b03a032f.jpg,0,real,coco,val,0ed067de8578ab90eff86adda9b18305df3e05e10611b4d717630aba886fe810
wildfake,Images/Real/coco.zip,coco/coco2017/train2017/img099250.jpg,data/wildfake/real/81870197d653b3cd.jpg,0,real,coco,val,732d39e832cba4b73735334685e84d34ee5a0344d616c2a52e5a7f85e47ad7fc
wildfake,Images/Real/coco.zip,coco/coco2017/train2017/img153380.jpg,data/wildfake/real/0dd8939dab86fdad.jpg,0,real,coco,val,6b559ab3e617471f21d61c4ce7de10daecbd0f328273889d82fc5a42816eca09
wildfake,Images/Real/coco.zip,coco/coco2017/test2017/img004821.jpg,data/wildfake/real/482ee52b87d26288.jpg,0,real,coco,val,390fefbc5c314ac01a21275bd39c91d03064c35fd4b9b07d35cc4f4d3c7d9c05
wildfake,Images/Real/coco.zip,coco/coco2017/train2017/img079713.jpg,data/wildfake/real/c158c1a7d888406d.jpg,0,real,coco,val,239e03912715ee4d6bedeb5edb3d360d1099a5f9efa2cff94892d6dcb17cd581
wildfake,Images/Real/coco.zip,coco/coco2017/train2017/img146714.jpg,data/wildfake/real/9611b1d52f1aa3a6.jpg,0,real,coco,val,8843963d94535e8290565289a990278642f98dc29281717495a3339ba63340b2
wildfake,Images/Real/coco.zip,coco/coco2017/test2017/img006838.jpg,data/wildfake/real/de9d2d72ca51a8e3.jpg,0,real,coco,val,5db24fb1287315f3b495fe55aaa9eac7fa168aaba8969f82e9cb2ebda53ae03b
wildfake,Images/Real/coco.zip,coco/coco2017/train2017/img123602.jpg,data/wildfake/real/45ca5d820bedbe22.jpg,0,real,coco,val,ab329668c505975b81f4bc3b11d4390d70f736bd431c86f7790ddf1f49db65c1
wildfake,Images/Real/coco.zip,coco/coco2017/train2017/img088772.jpg,data/wildfake/real/07c79fee753bedbf.jpg,0,real,coco,val,7517bf45d32e9f4baf3d78b7eddffe211dec64129e256d76b5302a0aec043f07
wildfake,Images/Real/coco.zip,coco/coco2017/train2017/img119114.jpg,data/wildfake/real/658a9b2397a9da54.jpg,0,real,coco,val,6a3e52766eac1fbbd9fab6e3feba2e8c46152b25c53b3fec7ff2da1a3493c451
wildfake,Images/Real/coco.zip,coco/coco2017/train2017/img123080.jpg,data/wildfake/real/3cc0157bf4574c15.jpg,0,real,coco,val,a54e56a1effb9b6407b9fc0695cc01f125c0b36a3cc6caf353b253eccaf0b6c6
wildfake,Images/Real/coco.zip,coco/coco2017/train2017/img084107.jpg,data/wildfake/real/b269ea2926de0540.jpg,0,real,coco,val,1c966f509e8299633f5efb031c00c68c861fa681a81038b41c442337b64e6796
wildfake,Images/Real/coco.zip,coco/coco2017/test2017/img032795.jpg,data/wildfake/real/ebe815111329bd84.jpg,0,real,coco,val,177593d85e1ea4ff1b0fd7dbb5034718198b69ff6851765c297745fa74b2b5e6
wildfake,Images/Real/coco.zip,coco/coco2017/train2017/img074670.jpg,data/wildfake/real/7b477f6a0e30873e.jpg,0,real,coco,val,3c23a1d86384791dfb85ed0328b4c76d24369951bb1778b14429cfe225266e4b
wildfake,Images/Real/coco.zip,coco/coco2017/train2017/img108609.jpg,data/wildfake/real/da781e798ad46cfd.jpg,0,real,coco,val,42423b27ef38395da1b8c69deda986807a3a1873f183c680871a5c8785a7e16b
wildfake,Images/Real/coco.zip,coco/coco2017/train2017/img072421.jpg,data/wildfake/real/8c4dc43cd2a5fb65.jpg,0,real,coco,val,f55a6ec7558f6be40c49712829934d1564e8941ae9ff2ab43e247918f9f6eced
wildfake,Images/Real/coco.zip,coco/coco2017/test2017/img024644.jpg,data/wildfake/real/71b3b752c2b608e5.jpg,0,real,coco,val,c1e623c8222b42d0a8de93289c5753b7f04e60d448291a13e4af78b79257263a
wildfake,Images/Real/coco.zip,coco/coco2017/train2017/img096814.jpg,data/wildfake/real/c0d3d2a02ba09380.jpg,0,real,coco,val,19193e99adf7ee86058fc6dec0b8d04b96e43e8f73a7269409647ee3d31aa905
wildfake,Images/Real/coco.zip,coco/coco2017/test2017/img014192.jpg,data/wildfake/real/d1e97b13696d2661.jpg,0,real,coco,val,7bf97c4939632c55b03eac6b0f579bf2eeb560d7abccf4ef6c6740b3665aeca4
wildfake,Images/Real/coco.zip,coco/coco2017/train2017/img145235.jpg,data/wildfake/real/15e0b9753af3942d.jpg,0,real,coco,val,074d69a7cdbbe129c6e5ac444c78e6af46d1bd8a4d608cdec86bd937fc939eb5
wildfake,Images/Real/coco.zip,coco/coco2017/train2017/img087055.jpg,data/wildfake/real/25ca0dd321acbaa5.jpg,0,real,coco,val,abb5f917153d44d653c8b89b282ec7ecc18cd2fc12097b39fa3d7c75d232b48c
wildfake,Images/Real/coco.zip,coco/coco2017/train2017/img144265.jpg,data/wildfake/real/fec4b79c111f0f1e.jpg,0,real,coco,val,25b93554d6fd93a4ea861c7f9938c5a47f50cfd9231a3993375a1f2c6038288e
wildfake,Images/Real/coco.zip,coco/coco2017/train2017/img099864.jpg,data/wildfake/real/5ca93e7f793f551c.jpg,0,real,coco,val,0f463ae1853547b60e951cfd33563333b3257f1450f07961a031b4d91ea2c5a2
wildfake,Images/Real/coco.zip,coco/coco2017/train2017/img137474.jpg,data/wildfake/real/b4e3f452e364dd5b.jpg,0,real,coco,val,0d92898bd7c413d631d59672a5d9c4a153868b190981ff02481dfb388d09d7d2
wildfake,Images/Real/coco.zip,coco/coco2017/train2017/img053065.jpg,data/wildfake/real/42843efe78dcb172.jpg,0,real,coco,val,e9c7875bfabb5176aa9891dcefab99bf9019e041a6cf281aada49f8b93e737ab
wildfake,Images/Real/coco.zip,coco/coco2017/train2017/img049294.jpg,data/wildfake/real/3822ae0e05f6863f.jpg,0,real,coco,val,65140724c99c20bdff3d9f1095220bd0e1e13d558914d7d3f33568f2d07d90e5
wildfake,Images/Real/coco.zip,coco/coco2017/test2017/img005689.jpg,data/wildfake/real/2c09f46963539554.jpg,0,real,coco,val,086a2c0d53ba5ab0ef108307eaf6788142bf44e2f51c93250e33ab98a94f1e0a
wildfake,Images/Real/coco.zip,coco/coco2017/train2017/img102230.jpg,data/wildfake/real/66777ee6ac63a421.jpg,0,real,coco,val,270b83e93a32efc1115883cc75a650f7e54018e4806360dd170dddddc74318cc
wildfake,Images/Real/coco.zip,coco/coco2017/train2017/img103049.jpg,data/wildfake/real/8baab092b7a280fb.jpg,0,real,coco,val,d842033c40f5c583ad0a537496fd4dbf6d59f0caaa32219d032a90c7777ccde7
wildfake,Images/Real/coco.zip,coco/coco2017/train2017/img151244.jpg,data/wildfake/real/085bd60d61c97627.jpg,0,real,coco,val,d308d3de81a3a22de7dca8bf2cd29331d7a7edf213f7d973e6bf5bd5d6eb11aa
wildfake,Images/Real/coco.zip,coco/coco2017/train2017/img088181.jpg,data/wildfake/real/795998278bf23196.jpg,0,real,coco,val,46c9e92286dc71b6c5211cd6bf76b600c2b155c3efec165fea0b716688ef962c
wildfake,Images/Real/coco.zip,coco/coco2017/train2017/img065301.jpg,data/wildfake/real/84c4d2184d9ae776.jpg,0,real,coco,val,d69611331873ea1e392c65f14e476920f984ced3323a472a96c98b2ceea2a1de
wildfake,Images/Real/coco.zip,coco/coco2017/train2017/img041363.jpg,data/wildfake/real/f951b8a7fefe0f5a.jpg,0,real,coco,val,0e0a4d9b4612bf8011f90f12a9e85d821b6a510040a1368fb7eec15a24bef215
wildfake,Images/Real/coco.zip,coco/coco2017/test2017/img034195.jpg,data/wildfake/real/da687af3f652c5cc.jpg,0,real,coco,val,8010728e87c2fdd66aefcfa1ec0d553d9ed7580937d89a413929b3f7ea2170ed
wildfake,Images/Real/coco.zip,coco/coco2017/train2017/img156635.jpg,data/wildfake/real/c72f35655ded0417.jpg,0,real,coco,val,9f9f6832e09009c4e59b13e59fc7005763c5add8c4eaf3d317c4892e628ad921
wildfake,Images/Real/coco.zip,coco/coco2017/train2017/img098097.jpg,data/wildfake/real/7f0baaa751222a43.jpg,0,real,coco,val,6c0dd4e95fc3e1757e1b95f4f7e015db9b0efa7c2c9ee0c03f439f869f318da5
wildfake,Images/Real/coco.zip,coco/coco2017/test2017/img009217.jpg,data/wildfake/real/232e08a9965edbf7.jpg,0,real,coco,val,073548c45808473ea9621e86feaf3dbb70cd9d9816f48671795808e2770b4d44
wildfake,Images/Real/coco.zip,coco/coco2017/train2017/img118770.jpg,data/wildfake/real/970b61628ae1503c.jpg,0,real,coco,val,1c99c133ac7fca85ff65f50dd96f9652be9ce9a9eb01384b30157779e01b5f78
wildfake,Images/Real/coco.zip,coco/coco2017/train2017/img111868.jpg,data/wildfake/real/f67f734e4e67f7c5.jpg,0,real,coco,val,af1c7c562c7d2834db60319f4d1fb98d78ee195c5cd92fc19ebac42e6fd211f2
wildfake,Images/Real/coco.zip,coco/coco2017/train2017/img126579.jpg,data/wildfake/real/d5d5daf796019c1f.jpg,0,real,coco,val,6412d8b6d9d0a4d2394bc89c0ac240d2e9ebf6bd361cd54520b90ea61539e46f
wildfake,Images/Real/coco.zip,coco/coco2017/test2017/img013918.jpg,data/wildfake/real/d99f1b112b82cfc0.jpg,0,real,coco,val,18d87f3f9cf919fc3480e81f8d67847daf3408eb2e8eb0b8418f5e0f316b0f66
wildfake,Images/Real/coco.zip,coco/coco2017/train2017/img049256.jpg,data/wildfake/real/d7f2479275a126c4.jpg,0,real,coco,val,0c848d4c0fccd975ceec49328bb2a57160ae2e2f89d95dab260786fbc61d54c7
wildfake,Images/Real/coco.zip,coco/coco2017/train2017/img101637.jpg,data/wildfake/real/e8af464f5365b281.jpg,0,real,coco,val,ee74b0b393436c88d9b2d388bf5d800fb37ad79578a8f8851ceeb9f771625fa0
wildfake,Images/Real/coco.zip,coco/coco2017/test2017/img033155.jpg,data/wildfake/real/a7ec9a8754065377.jpg,0,real,coco,val,678ff4c8e700fe90e972c5fc715789cee5d1d0e3e2de37a7217ca81aad0b6921
wildfake,Images/Real/coco.zip,coco/coco2017/train2017/img147724.jpg,data/wildfake/real/91ec3e93a65d50c4.jpg,0,real,coco,val,911ec542cc32fe8168a4b7a6e0fab0f6ee6573617c9ad98b25ee6e2a592dc57a
wildfake,Images/Real/coco.zip,coco/coco2017/train2017/img052376.jpg,data/wildfake/real/1f42c3094ceba589.jpg,0,real,coco,val,ba5deabe005b9cf6bd17383e9680a33283cbff4552befc6e7a710751b876bd74
wildfake,Images/Real/coco.zip,coco/coco2017/train2017/img053456.jpg,data/wildfake/real/d349d8b7a75e451b.jpg,0,real,coco,val,ff23b06ec682da66c977f60cd5f92e6b467afe22122a0bc17c2c255810b67517
wildfake,Images/Real/coco.zip,coco/coco2017/test2017/img013657.jpg,data/wildfake/real/a25405d7585b033f.jpg,0,real,coco,val,4ea3c310e0f4aac96300a47d804cb267017c33ef4a325716ea6b9997a26ffac1
wildfake,Images/Real/coco.zip,coco/coco2017/train2017/img148187.jpg,data/wildfake/real/bf9e6af6cc5a04c3.jpg,0,real,coco,val,3480d09c9d78b5fb3a4dae4d737482667c9907f23d6872d889fab227e0aa0cb2
wildfake,Images/Real/coco.zip,coco/coco2017/train2017/img144659.jpg,data/wildfake/real/7cf1ac6aa4232d90.jpg,0,real,coco,val,1a77c9466b3f2e38d24a0de3aea542e2be3b7cd61902d0149fbcfbf5d2ebdefa
wildfake,Images/Real/coco.zip,coco/coco2017/train2017/img103697.jpg,data/wildfake/real/3ee98670c045a60e.jpg,0,real,coco,val,0b3bbc2a8a16b807d86a6531fc9288cb03cdf6881773b3281ab45bbfae58ef81
wildfake,Images/Real/coco.zip,coco/coco2017/train2017/img120331.jpg,data/wildfake/real/30bcf5c07d665e5d.jpg,0,real,coco,val,fac0f99e56a7b58bf5bdbdc686ec66caf42f20fefcdd9304a4910bd0ac68aba2
wildfake,Images/Real/coco.zip,coco/coco2017/train2017/img132402.jpg,data/wildfake/real/4993ddbb80c17824.jpg,0,real,coco,val,a262ab54323639449ae26afa433701dc60657a9b4fe3e7d63836490eadeea464
wildfake,Images/Real/coco.zip,coco/coco2017/test2017/img015747.jpg,data/wildfake/real/1a4ee5e6323f17e2.jpg,0,real,coco,val,9d675d95d44bd6f3bdc47ffde8055045c02bade29c9c3c3daa7bb88f95010efb
wildfake,Images/Real/coco.zip,coco/coco2017/val2017/img163681.jpg,data/wildfake/real/f654fcb7f8905e7f.jpg,0,real,coco,val,5e9d8bbe47c7cc72ac5cb922b3af57efcb6094ffce1435d68d809b9ec6e8c881
wildfake,Images/Real/coco.zip,coco/coco2017/test2017/img002341.jpg,data/wildfake/real/c7da00fa0fc56c28.jpg,0,real,coco,val,58c76e3da67369a05ad214469e8da6a26d1349ca180e0b1ead55184b8bb1374b
wildfake,Images/Real/coco.zip,coco/coco2017/train2017/img146199.jpg,data/wildfake/real/996544ff5153cc00.jpg,0,real,coco,val,9d83926da862a18be55f8a203c0ea282452569874fddf0bb8440eebec3710a5c
wildfake,Images/Real/coco.zip,coco/coco2017/train2017/img143336.jpg,data/wildfake/real/5a388b94764e2040.jpg,0,real,coco,val,4a22bb9980783bd313edf23459030595f67b50db09b3cc7474038c61a6a5614c
wildfake,Images/Real/coco.zip,coco/coco2017/train2017/img091068.jpg,data/wildfake/real/d202c4d6dac12660.jpg,0,real,coco,val,f1bad367ad1cccfb5ab23560a4992223fadd02be8378555170d3313fdb599618
wildfake,Images/Real/coco.zip,coco/coco2017/test2017/img018588.jpg,data/wildfake/real/8c94d15a21aaf46f.jpg,0,real,coco,val,87b26401256e5f7794aed5d87783b1b0b6d7a917b255814a2c7923fb66d3ae12
wildfake,Images/Real/coco.zip,coco/coco2017/train2017/img076719.jpg,data/wildfake/real/b8f2e668be6c4279.jpg,0,real,coco,val,99e2f926cecb7662f9dcf7103abf3d4c8871803721ed29f5d60d1820537ef15b
wildfake,Images/Real/coco.zip,coco/coco2017/test2017/img028167.jpg,data/wildfake/real/52acbe4fc6bec0ee.jpg,0,real,coco,val,c4fc9fdc26d37478bfb67434ee0f0361416d045d744b376aea8e33cb928822e5
wildfake,Images/Real/coco.zip,coco/coco2017/test2017/img011010.jpg,data/wildfake/real/07a04c894b6255f4.jpg,0,real,coco,val,cf4c024b1b9d75bf1b4b74562ea31fa945449396d6de4ef1a24fe0b4c4e4cba3
wildfake,Images/Real/coco.zip,coco/coco2017/train2017/img144295.jpg,data/wildfake/real/eaa90554399fd5ee.jpg,0,real,coco,val,110cce4055226956d4a4295f6da7dbb8b8d18473ad40a1f2702f233dd30b0166
wildfake,Images/Real/coco.zip,coco/coco2017/test2017/img025901.jpg,data/wildfake/real/b5ad13abe60e87dd.jpg,0,real,coco,val,0296b65e2a46cc566ba74ada621a52509c602570707d284184ef8fecf7e4b997
wildfake,Images/Real/coco.zip,coco/coco2017/test2017/img015762.jpg,data/wildfake/real/38b42fe70a96a8cd.jpg,0,real,coco,val,fc77797be69e8413fb2927561bb51ee3e0e63976fb59aa193b7088aa7e98afc2
wildfake,Images/Real/coco.zip,coco/coco2017/test2017/img020441.jpg,data/wildfake/real/72f55c7083db4d37.jpg,0,real,coco,val,dbe2c3298534bd23b66549c7f7c662d205acfada4c0c2154cfb15cb825094c02
wildfake,Images/Real/coco.zip,coco/coco2017/train2017/img126347.jpg,data/wildfake/real/1e24208999b1aa09.jpg,0,real,coco,val,c69a92605a502057c4a0c5ec7e0d70a3a6ec73b6f927a65ed436b47dbaad32b5
wildfake,Images/Real/coco.zip,coco/coco2017/train2017/img132393.jpg,data/wildfake/real/20b62ab1656b6748.jpg,0,real,coco,val,79f972c76b5358f8f7caf99c63119c43954688c6e123d7e7e2ed0950a1f0a3f7
wildfake,Images/Real/coco.zip,coco/coco2017/train2017/img051436.jpg,data/wildfake/real/c22a4dc018a5f10c.jpg,0,real,coco,val,3161aa7d9c3e79239925c5582cbec21c16638dc4037d6d30e77c814a01867d31
wildfake,Images/Real/coco.zip,coco/coco2017/train2017/img102938.jpg,data/wildfake/real/19cd63009c965b24.jpg,0,real,coco,test,94a8ddf2ea1a13dd9cf814f73deaaac7790872e45d9fd1a30800930bd33d5600
wildfake,Images/Real/coco.zip,coco/coco2017/train2017/img059574.jpg,data/wildfake/real/684766c4b29350ac.jpg,0,real,coco,test,49c3429a495fd2083c78bda1e825bcce062ff79c8424da913f6ca20c15d9b924
wildfake,Images/Real/coco.zip,coco/coco2017/train2017/img048897.jpg,data/wildfake/real/b887c464b3319711.jpg,0,real,coco,test,917246d2ceb81718f29c8d40cf53dec1dfa56742aaa10329c724f0406e00234d
wildfake,Images/Real/coco.zip,coco/coco2017/train2017/img098060.jpg,data/wildfake/real/e5718ad3d5394a36.jpg,0,real,coco,test,d37bf90c974d26c6ec52119a6abab27f164dc22a43115654407c1d248100d23f
wildfake,Images/Real/coco.zip,coco/coco2017/train2017/img096292.jpg,data/wildfake/real/ab94c37a4a9cb3d3.jpg,0,real,coco,test,e4b547f1194eeface544454094a3f04ad38849ba2db21bac96309d63f87e4c9e
wildfake,Images/Real/coco.zip,coco/coco2017/test2017/img011121.jpg,data/wildfake/real/553ed872613de159.jpg,0,real,coco,test,5d2292cd733b1e278c61090fd6a8fa8045f5e253a94aafeda4847dea143d3bfb
wildfake,Images/Real/coco.zip,coco/coco2017/test2017/img009798.jpg,data/wildfake/real/a07f87fe72f879ce.jpg,0,real,coco,test,656d0c31a14037f6b653420fd1d31351eefdd9490c268abae2a9ce8294a36fd9
wildfake,Images/Real/coco.zip,coco/coco2017/test2017/img036225.jpg,data/wildfake/real/6dc6f042136463e3.jpg,0,real,coco,test,a34755fffda85419cb1dd84fb152c33773941d1a59606c0276f7a1b9e56f23fb
wildfake,Images/Real/coco.zip,coco/coco2017/train2017/img146293.jpg,data/wildfake/real/5812e3d067e79ffd.jpg,0,real,coco,test,356fd869422f7d915aa5accb4e3394ccaef1a15bf58a6ee54dc245fdce76a19a
wildfake,Images/Real/coco.zip,coco/coco2017/train2017/img067006.jpg,data/wildfake/real/012268406e21db78.jpg,0,real,coco,test,2ee74f72bd9f14685eeb20d6663d51cfe34c06a74aab6a31c63f37ec07fa05be
wildfake,Images/Real/coco.zip,coco/coco2017/train2017/img061028.jpg,data/wildfake/real/4a4611ed0fe01efc.jpg,0,real,coco,test,a8cae65efc31697e1aaff3db272118b7fcfbb0e06aa4e5df8046ac66408d7f4e
wildfake,Images/Real/coco.zip,coco/coco2017/train2017/img075959.jpg,data/wildfake/real/c1bf484298894491.jpg,0,real,coco,test,62f55426b78b85b169168cc110c64936e05dd72c17bcc710d9c113e440aa4c5b
wildfake,Images/Real/coco.zip,coco/coco2017/train2017/img071165.jpg,data/wildfake/real/2f5d41321d9ec558.jpg,0,real,coco,test,1607326d94e6374b8ea02d65789b78f9ad26f3fa9db128eabcc9dc0b312b0034
wildfake,Images/Real/coco.zip,coco/coco2017/test2017/img031988.jpg,data/wildfake/real/4f6ab89a4866b5e7.jpg,0,real,coco,test,e1a6df94b7af740525d7d4e11d7f8527a44b3401958556172353135b4a7427b7
wildfake,Images/Real/coco.zip,coco/coco2017/test2017/img009894.jpg,data/wildfake/real/5fa30fa8c01e0df5.jpg,0,real,coco,test,e60fa9f42cfc91438ed979625f2460b16467371228003ad463360a76d900bcd8
wildfake,Images/Real/coco.zip,coco/coco2017/train2017/img124674.jpg,data/wildfake/real/d524c451c4aa0bab.jpg,0,real,coco,test,7f47cd44eb3e3eebe3b3e72c7ae32d542d5876c14914eed3ba624550ed7c8358
wildfake,Images/Real/coco.zip,coco/coco2017/train2017/img073495.jpg,data/wildfake/real/7e86e530b8973d87.jpg,0,real,coco,test,9ee760544c193a0c154bc91271055cfb579e0b60d9a903dd9ec8f0a47708b7fd
wildfake,Images/Real/coco.zip,coco/coco2017/train2017/img138772.jpg,data/wildfake/real/7b3a9a747e0d355e.jpg,0,real,coco,test,be958d422c8f8c8cb8affdc8a81d7ff1818873e3c938cbd852b7bfe3d929664b
wildfake,Images/Real/coco.zip,coco/coco2017/train2017/img083282.jpg,data/wildfake/real/9dcbafcd5ba89cc2.jpg,0,real,coco,test,c16ce35aab128da3595066e85fc4bd49223b73f104224d705d46207780603172
wildfake,Images/Real/coco.zip,coco/coco2017/train2017/img131140.jpg,data/wildfake/real/24da81ac73e17b8b.jpg,0,real,coco,test,e9f32f2f7ec02d30fe1cff43e2c7dfdcc577ca6a39e984a90bb28042cc2d2c84
wildfake,Images/Real/coco.zip,coco/coco2017/train2017/img048952.jpg,data/wildfake/real/d3363f739940dab5.jpg,0,real,coco,test,bd5d0a4a0ad37db45b4fc94097ad2b65851bb5b12ee8910859d774d93d7fd4af
wildfake,Images/Real/coco.zip,coco/coco2017/train2017/img067589.jpg,data/wildfake/real/44eecfc3b9b4bdfb.jpg,0,real,coco,test,8fe9d17c92724e421109fd2e24d6fe2a3b211716990d3355ddaf820020d927dc
wildfake,Images/Real/coco.zip,coco/coco2017/train2017/img131791.jpg,data/wildfake/real/6ac304725d5538f9.jpg,0,real,coco,test,b1e04932c9e95c023b43e2545e9ae4a82d1a71b1515e116b8bb06b8432d2b3fa
wildfake,Images/Real/coco.zip,coco/coco2017/test2017/img020247.jpg,data/wildfake/real/8f7239a3843217ab.jpg,0,real,coco,test,5cc17ff810c0f6087ec7d4aa012594cdd5ee79e92084d1b632ba5a299b57ec4d
wildfake,Images/Real/coco.zip,coco/coco2017/train2017/img118466.jpg,data/wildfake/real/24dd48b1e2563643.jpg,0,real,coco,test,e02f4e5e864083f698a92a122e6945033117523c7ce83b822aa5ab6d6473a5e7
wildfake,Images/Real/coco.zip,coco/coco2017/train2017/img045351.jpg,data/wildfake/real/9fb4584c517dd2b8.jpg,0,real,coco,test,2b36d1b05c8a6a0df21bbbbccb5524a386f11b4cadc4fc187261d0e67f1eb791
wildfake,Images/Real/coco.zip,coco/coco2017/train2017/img104538.jpg,data/wildfake/real/e450a2111693f3d8.jpg,0,real,coco,test,ceded1722348171460cdf70cde4f6e53ee3bec89800d55f947dcbc9acbed905c
wildfake,Images/Real/coco.zip,coco/coco2017/train2017/img044749.jpg,data/wildfake/real/b9ab53c95ffa034e.jpg,0,real,coco,test,f9f441ca830189c62275f45cd414233d8ba960eaac1201788e6afde0db994bd1
wildfake,Images/Real/coco.zip,coco/coco2017/test2017/img006868.jpg,data/wildfake/real/19000465cfaaf78e.jpg,0,real,coco,test,ff2877e8269273b47f4e822118a777c030c9357449dac5ab68ab802616f7293f
wildfake,Images/Real/coco.zip,coco/coco2017/train2017/img090205.jpg,data/wildfake/real/ee2a67393fc62c40.jpg,0,real,coco,test,ec17e6f7ecf9c37323d06d8a26a87d1bf0f562d74ac7e5cd1fa58a66d442e3d3
wildfake,Images/Real/coco.zip,coco/coco2017/train2017/img068148.jpg,data/wildfake/real/16b061fe5fa9458e.jpg,0,real,coco,test,d82886c50a75814d804543b19711fe5fb5e73fba431a692609be9819026393d9
wildfake,Images/Real/coco.zip,coco/coco2017/train2017/img117388.jpg,data/wildfake/real/42393bc407833212.jpg,0,real,coco,test,7f2e6b6ca8aef79b6ed441caa7c08030d78688412f2b86c86c2d012cc9902518
wildfake,Images/Real/coco.zip,coco/coco2017/test2017/img026825.jpg,data/wildfake/real/6a1db82349907316.jpg,0,real,coco,test,5a072e7fd9d47cc1eaa64b26da36bd352da605d7f1871a199b5d7ef072c21699
wildfake,Images/Real/coco.zip,coco/coco2017/train2017/img079983.jpg,data/wildfake/real/33d176c0158dc63e.jpg,0,real,coco,test,4b977d2eb85be502023f4452bef64082f77ffab88aa3daa1cc2dbb07f140e77d
wildfake,Images/Real/coco.zip,coco/coco2017/train2017/img093605.jpg,data/wildfake/real/fa0464591621790b.jpg,0,real,coco,test,c10235a14f86bf1ce8eb655f9deeb122efdf593ce9dc134560fc2e26716ce1ef
wildfake,Images/Real/coco.zip,coco/coco2017/train2017/img127977.jpg,data/wildfake/real/9be20952d3fe0e8a.jpg,0,real,coco,test,daed07a264ea6d18f645a0ad3a84f4afce4c582f2f16815e3aad28d9212b178d
wildfake,Images/Real/coco.zip,coco/coco2017/train2017/img152430.jpg,data/wildfake/real/f9516ea2402ea8a9.jpg,0,real,coco,test,c0513d06dc2f1be4f72b6a1b4d517917de53e35b26a9ddf565c6d76a5d90050a
wildfake,Images/Real/coco.zip,coco/coco2017/test2017/img023087.jpg,data/wildfake/real/3541f04d74efd1d8.jpg,0,real,coco,test,e8743fd80879786acbac0acb7fdfd76165cc1ab4fdba7e6c75372ae95390eb24
wildfake,Images/Real/coco.zip,coco/coco2017/val2017/img162903.jpg,data/wildfake/real/925390a2ce0427c8.jpg,0,real,coco,test,49f3f497938e053c15194dc21905f19d2a1eb615a999facf81398ccc6ea8a7c6
wildfake,Images/Real/coco.zip,coco/coco2017/train2017/img041456.jpg,data/wildfake/real/aecd902bfa2dc79d.jpg,0,real,coco,test,f29621e0634623f411fe606633171f001714c845e1b14bc10709679b94b44703
wildfake,Images/Real/coco.zip,coco/coco2017/train2017/img129061.jpg,data/wildfake/real/9f43eb18a0d42b94.jpg,0,real,coco,test,b551fa5dca5786a1c2a8e6654f2ac0803ed40a430ee90c730d0ff6db6a0b045a
wildfake,Images/Real/coco.zip,coco/coco2017/train2017/img079946.jpg,data/wildfake/real/852f67d290c66316.jpg,0,real,coco,test,a1b38339273344849fb23418ebc6424889ba3b90eac5c7086e2ad114d5995284
wildfake,Images/Real/coco.zip,coco/coco2017/test2017/img002768.jpg,data/wildfake/real/99aa516dcf7b0962.jpg,0,real,coco,test,a3730a7e59de2d86099390a0432a41d3422ca3910393f1923589a69e3603cfc8
wildfake,Images/Real/coco.zip,coco/coco2017/train2017/img094241.jpg,data/wildfake/real/8aeff1ab54e07d15.jpg,0,real,coco,test,7cd4474f29740c04a0175db4f5d75140e07468efbea3cf2cedcea20cda4a71f1
wildfake,Images/Real/coco.zip,coco/coco2017/test2017/img028671.jpg,data/wildfake/real/3f9140bbd1fd5568.jpg,0,real,coco,test,0b0d3c006d768d4a1b148a31667e789bba23f3167b695070dd2f184ea9ab87b1
wildfake,Images/Real/coco.zip,coco/coco2017/train2017/img050614.jpg,data/wildfake/real/ff0600008ab99844.jpg,0,real,coco,test,6c835832ae073aeb1153fe6013e48a7cceca14c21b69a9605bd0e85b42764a92
wildfake,Images/Real/coco.zip,coco/coco2017/train2017/img079955.jpg,data/wildfake/real/f43fbe165cda4147.jpg,0,real,coco,test,7ad79a81d130f845dc17de087fd9df13e32e401ce6f7bcfde3b2e86fb3252cae
wildfake,Images/Real/coco.zip,coco/coco2017/train2017/img147078.jpg,data/wildfake/real/9b6eccf2e0c4903f.jpg,0,real,coco,test,5245c0f4e9abe1c875c4668350681bbe6b9efdf9b11d1d0fc8f2838670b25b94
wildfake,Images/Real/coco.zip,coco/coco2017/train2017/img136272.jpg,data/wildfake/real/1711b1e8510801fe.jpg,0,real,coco,test,404480d31b4e1096b2b12ae4866fb4272180b129ea80fd3f0c32908efb5c0020
wildfake,Images/Real/coco.zip,coco/coco2017/test2017/img013246.jpg,data/wildfake/real/9762e46e9eece358.jpg,0,real,coco,test,bc5d8c919398a93ec21b93dbe52b690b5f29056aabcb72cf6a5b0ccc8b40f64f
wildfake,Images/Real/coco.zip,coco/coco2017/train2017/img130517.jpg,data/wildfake/real/776775fef074b35a.jpg,0,real,coco,test,4ec8be9984a96dc0cef55d50fd542c0aaa6028d60f46d1bcc9d1f8a019a097bd
wildfake,Images/Real/coco.zip,coco/coco2017/train2017/img064728.jpg,data/wildfake/real/4357c8e5ac9cd896.jpg,0,real,coco,test,ce18af5e642128983602835ab5a99b909b1da166fe43eedcea8cb38c1cc905ef
wildfake,Images/Real/coco.zip,coco/coco2017/train2017/img057030.jpg,data/wildfake/real/c35b58ddd70e6040.jpg,0,real,coco,test,55641b178c81d332d43c818aba27fb82cbb51a848bec957626973c2d7690b4e5
wildfake,Images/Real/coco.zip,coco/coco2017/train2017/img062630.jpg,data/wildfake/real/1f8fe226680a2caa.jpg,0,real,coco,test,1dfdbdcd579004dcb869d1632630e898ef4338840f2806ef76f9effe9145e548
wildfake,Images/Real/coco.zip,coco/coco2017/train2017/img064828.jpg,data/wildfake/real/7ebc80335e9996d8.jpg,0,real,coco,test,83171e10bc624cf73e8100ebaa48a8792b4ed734fe54227ad25241a4f1cc4f24
wildfake,Images/Real/coco.zip,coco/coco2017/train2017/img119761.jpg,data/wildfake/real/34b170588341df97.jpg,0,real,coco,test,12f068457947332183234f76f3849245e9d8ac5958d2c87db58e66c8c30a9ec1
wildfake,Images/Real/coco.zip,coco/coco2017/train2017/img060633.jpg,data/wildfake/real/a2bf0e4fedb7dd6d.jpg,0,real,coco,test,01454e09d4f4321869cdf22f69b8d225b9619a6cd448b46326684a816a742b75
wildfake,Images/Real/coco.zip,coco/coco2017/train2017/img084121.jpg,data/wildfake/real/5da8803dfd75c11b.jpg,0,real,coco,test,f8a1257d4b463ef2bb11917bdb70edfe2f62e41ec79ae1541b39a3b2e268439a
wildfake,Images/Real/coco.zip,coco/coco2017/test2017/img015288.jpg,data/wildfake/real/e49ffbe7b997a2ad.jpg,0,real,coco,test,9107ac873d2b73b309257f60e3ef470c6dbcb7ec3985dc6efb27b0786f001780
wildfake,Images/Real/coco.zip,coco/coco2017/test2017/img031614.jpg,data/wildfake/real/077045636306e5dd.jpg,0,real,coco,test,982100067598a2b435fd9ebe6eb707537f698a7e8381d4739b612830182494c8
wildfake,Images/Real/coco.zip,coco/coco2017/train2017/img067132.jpg,data/wildfake/real/fa179546f2cc73d6.jpg,0,real,coco,test,429760ee504c244ec518196f0c333961641848e583e1085ad96852ca5fe91710
wildfake,Images/Real/coco.zip,coco/coco2017/test2017/img031381.jpg,data/wildfake/real/a14b4d61f378377b.jpg,0,real,coco,test,5165ba3c5cfa06b8b4036eafc95e1c9c3363c8e6e77f71c459bce27408a85a0d
wildfake,Images/Real/coco.zip,coco/coco2017/val2017/img159474.jpg,data/wildfake/real/39513eeb025c4122.jpg,0,real,coco,test,86de0c5fd8a8ca270db77bc6ffb4e8061f68bfba31e44bf78a16b1e1f8b63bc2
wildfake,Images/Real/coco.zip,coco/coco2017/test2017/img040428.jpg,data/wildfake/real/ce51ad0dc3141f8e.jpg,0,real,coco,test,072b26d4fcef49efa9693d6063716e366cb59832623db560302eb9d4337f4a6e
wildfake,Images/Real/coco.zip,coco/coco2017/train2017/img112812.jpg,data/wildfake/real/5464300a6124bde8.jpg,0,real,coco,test,8e89800ce367009fe4d85d9b76b1e4a83849737986cc8e8c0180f79f3672c10f
wildfake,Images/Real/coco.zip,coco/coco2017/train2017/img137405.jpg,data/wildfake/real/8cf0ccc0b6741a01.jpg,0,real,coco,test,ac496a0e1f77c744280f0a84a05965600dbb63fe943efa05e53f6c01bb339683
wildfake,Images/Real/coco.zip,coco/coco2017/test2017/img020971.jpg,data/wildfake/real/0768beee36083fba.jpg,0,real,coco,test,20b8566159cbbd83d47ae753bacdd61335ce69aa2e4b6b625263f0b89dad6114
wildfake,Images/Real/coco.zip,coco/coco2017/train2017/img103825.jpg,data/wildfake/real/eaeca3fe7bb0ce7b.jpg,0,real,coco,test,67ca07f96ce54a5277f0b124ecb72ac875e37bc164bd3f7815090b180d686ec4
wildfake,Images/Real/coco.zip,coco/coco2017/train2017/img050691.jpg,data/wildfake/real/7ee85696dfe15326.jpg,0,real,coco,test,b4e8d82d80ea2b154af23b38478306b0f7baa51b34250b69950ae3202bd42a51
wildfake,Images/Real/coco.zip,coco/coco2017/train2017/img108004.jpg,data/wildfake/real/b8eb5294105e2428.jpg,0,real,coco,test,b4edc48d56af880bda2c9e16b0491a8a656150cf8c14622b0f671bf21c243f79
wildfake,Images/Real/coco.zip,coco/coco2017/train2017/img052163.jpg,data/wildfake/real/fc5e17b32757b58a.jpg,0,real,coco,train,f83ed02dedd519af7a61fe6300f882153d7e8238b2d1323bcd738a72c47d4ec9
wildfake,Images/Real/coco.zip,coco/coco2017/train2017/img114101.jpg,data/wildfake/real/090f7828bb33cb3b.jpg,0,real,coco,train,6f2037bf37d57713b1df17fce1e63519ec2b622927d26dee2c7c4bbe5aae7683
wildfake,Images/Real/coco.zip,coco/coco2017/train2017/img127973.jpg,data/wildfake/real/ce6aa2a34edf3463.jpg,0,real,coco,train,8b2c699637d7d8806fe3e0401da856739d439deaf1a56f891352a95903c11942
wildfake,Images/Real/coco.zip,coco/coco2017/test2017/img025473.jpg,data/wildfake/real/ab65084600b02684.jpg,0,real,coco,train,0f04baa06b7581461306d7253797a896207f3ed0d9b7fe5d5352f4c7bdbe7db8
wildfake,Images/Real/coco.zip,coco/coco2017/train2017/img124301.jpg,data/wildfake/real/a10832c4cf0d2a7d.jpg,0,real,coco,train,ebd43a99261bde862817dffc5ad30d932923c5ef0f05d294853c1f943f6f9236
wildfake,Images/Real/coco.zip,coco/coco2017/train2017/img142073.jpg,data/wildfake/real/da1cdaf73fa40379.jpg,0,real,coco,train,ebc905d727259539dbde23a8911e781c25df527ed0c9aac8bc15ae9c2439d5de
wildfake,Images/Real/coco.zip,coco/coco2017/train2017/img088533.jpg,data/wildfake/real/27a041a2e9f1d248.jpg,0,real,coco,train,e9a082d3f759f3f4b4252f4637d2488ab4edaa2eff9b12ae8a37134d4d34108d
wildfake,Images/Real/coco.zip,coco/coco2017/test2017/img004908.jpg,data/wildfake/real/0611da01b20a2c23.jpg,0,real,coco,train,a74cab8da1051b339f6500c9edf0b0ebd33b4df02e3c4c29f18186e2b7907eb5
wildfake,Images/Real/coco.zip,coco/coco2017/test2017/img038169.jpg,data/wildfake/real/19b7d21e14f305a4.jpg,0,real,coco,train,2a74ca1604949a8a29f638e195c18d87edb2d749f83b0d4eb39a6f80a89c009b
wildfake,Images/Real/coco.zip,coco/coco2017/train2017/img127137.jpg,data/wildfake/real/3959fa044cd7f863.jpg,0,real,coco,train,6929e530715f8bfcb1c95a00e358acf356df47d53d9b27ca2a2a156853ff17be
wildfake,Images/Real/coco.zip,coco/coco2017/train2017/img064587.jpg,data/wildfake/real/659c93cd80f2164e.jpg,0,real,coco,train,2c14fb97c8dcf31d6e3a6bcdbea34e19e4b084e914587629316d645ee55304d0
wildfake,Images/Real/coco.zip,coco/coco2017/val2017/img160637.jpg,data/wildfake/real/8aab70f40e914c39.jpg,0,real,coco,train,211e5efc14fe263aa72f32b1af6d8381569c4e11d7a4d4a943f7db240267aedd
wildfake,Images/Real/coco.zip,coco/coco2017/test2017/img001892.jpg,data/wildfake/real/42a02de8e1ca1c32.jpg,0,real,coco,train,94cc375067e654ac2e3458465dd289dcf28e38d37fbfb0747703f497277e386e
wildfake,Images/Real/coco.zip,coco/coco2017/train2017/img112028.jpg,data/wildfake/real/d3c0a81faa701786.jpg,0,real,coco,train,ce19a46907a8c9f7658549dfefcbaff8489ea241070e9f1a57760abdf32b62bb
wildfake,Images/Real/coco.zip,coco/coco2017/train2017/img047844.jpg,data/wildfake/real/c0abfdc0f1e7e030.jpg,0,real,coco,train,08735bca7c0805e4153da96ec1a6cb85a09bed3f3a98c3e56bff4396ab550e60
wildfake,Images/Real/coco.zip,coco/coco2017/test2017/img007729.jpg,data/wildfake/real/8c5259d255eb2088.jpg,0,real,coco,train,5efd299db1efa33d0bd74eb675d1d8ae5bdca16d000eec3c4648ae143b43951b
wildfake,Images/Real/coco.zip,coco/coco2017/train2017/img141565.jpg,data/wildfake/real/82601e04860b8c08.jpg,0,real,coco,train,bb92a0e676cc4549e7cb564038cb693fb9263f1bc35b6805edfded0470f791ac
wildfake,Images/Real/coco.zip,coco/coco2017/val2017/img162045.jpg,data/wildfake/real/e92a48f5a5b3fc8b.jpg,0,real,coco,train,d7d67fe3c1ef6da25dc60df997f346c65474f43ad009ef6f029593a7d15c644e
wildfake,Images/Real/coco.zip,coco/coco2017/train2017/img061112.jpg,data/wildfake/real/22e2ca41a76f51af.jpg,0,real,coco,train,e729a34fe20029660b082e6559871538bf74373d6b1f142547863267b9ecc223
wildfake,Images/Real/coco.zip,coco/coco2017/train2017/img084469.jpg,data/wildfake/real/07bb74eff682da07.jpg,0,real,coco,train,8480b4933d5ce42d206646618d866fd4b184442e502bec3827a7343e3a488996
wildfake,Images/Real/coco.zip,coco/coco2017/train2017/img156401.jpg,data/wildfake/real/18c0dbb59f3f7975.jpg,0,real,coco,train,f79cb62c52ae4bf21291af4c2a1e80e82a3e183110dacbd594b81d5846cecc83
wildfake,Images/Real/coco.zip,coco/coco2017/train2017/img115005.jpg,data/wildfake/real/92d150a064b992a7.jpg,0,real,coco,train,0fb31de532b5497378766c49026ab9074feaf7b878900009215accf7049d96c2
wildfake,Images/Real/coco.zip,coco/coco2017/train2017/img143892.jpg,data/wildfake/real/4f72a15666ce6034.jpg,0,real,coco,train,77af2c1108f5459dc589be7b023110bafa162b10ce0e37b2882977d511efa0ae
wildfake,Images/Real/coco.zip,coco/coco2017/test2017/img010658.jpg,data/wildfake/real/078f657a669ee422.jpg,0,real,coco,train,2620ba46058f2ac338228c9b1bac75dc93f76912ee7a7783259c5d1f2340cfdd
wildfake,Images/Real/coco.zip,coco/coco2017/train2017/img085731.jpg,data/wildfake/real/1d55444dfdbbd578.jpg,0,real,coco,train,6fb7d3f0117e205717020162596974edd08b63659f9347799c9305e83946fb9a
wildfake,Images/Real/coco.zip,coco/coco2017/train2017/img103058.jpg,data/wildfake/real/ad3bd12001a0e9e4.jpg,0,real,coco,train,f20da4ddc86961b9332106c195b51e1e0477a4890893832a1eff4b76356e467e
wildfake,Images/Real/coco.zip,coco/coco2017/train2017/img079172.jpg,data/wildfake/real/f8c3bb8de7227e86.jpg,0,real,coco,train,14a08b73ee6d07a68c0285897904c6023dfefa9d53b839010507430743c4db14
wildfake,Images/Real/coco.zip,coco/coco2017/train2017/img065594.jpg,data/wildfake/real/79680ba62f4adedf.jpg,0,real,coco,train,a3165b542778c1bafba2e19b1f46407845763a30b2892d652ddffdedd0046085
wildfake,Images/Real/coco.zip,coco/coco2017/train2017/img106200.jpg,data/wildfake/real/b1c1950e649fbccf.jpg,0,real,coco,train,f7f631f7761731ef3e45d665af790fc7a9473e9e0bd97dfa5ee52ec5638d2efc
wildfake,Images/Real/coco.zip,coco/coco2017/val2017/img163474.jpg,data/wildfake/real/5ddb0c7decbf4029.jpg,0,real,coco,train,a43d6cf5d8ab78aa35d9de84ecc50e4978767f4efaabca18f6f32550954df7cc
wildfake,Images/Real/coco.zip,coco/coco2017/train2017/img040844.jpg,data/wildfake/real/2a2972988265b47c.jpg,0,real,coco,train,9a19ba0b598df7ee01915aeba25132d6c8fd77b827dc8fd531d85aff35c5d9a7
wildfake,Images/Real/coco.zip,coco/coco2017/train2017/img154850.jpg,data/wildfake/real/4cf120cf0efa107c.jpg,0,real,coco,train,75536f9bdcd1320481489f119281caae830663aba30e2558b3e2e50200c1cd9f
wildfake,Images/Real/coco.zip,coco/coco2017/train2017/img056345.jpg,data/wildfake/real/3051e9266f425d04.jpg,0,real,coco,train,b33af9364b24ef530c75233920904f7af2f9faeaa134ef1ab0ab99d0dd24fc7c
wildfake,Images/Real/coco.zip,coco/coco2017/train2017/img113974.jpg,data/wildfake/real/6c481610f9817677.jpg,0,real,coco,train,5220733798d2f41557040ec385195d5d9c473ab62ed01d963bd8db3809e02e0f
wildfake,Images/Real/coco.zip,coco/coco2017/test2017/img039235.jpg,data/wildfake/real/95c605d03925e561.jpg,0,real,coco,train,d5d50a8f90b100a6fdac824dbdd7dd1cacdc3e72c64540d3d849dd5ed8f9a5de
wildfake,Images/Real/coco.zip,coco/coco2017/test2017/img023627.jpg,data/wildfake/real/0b9013a25738e890.jpg,0,real,coco,train,0c0bfc6d16dfabde314756ccb1dc0a9fcc59da4e5aa2cd4b4d0cac0b1dbf8746
wildfake,Images/Real/coco.zip,coco/coco2017/train2017/img132724.jpg,data/wildfake/real/8005844bf078958f.jpg,0,real,coco,train,0f33afc4cf3c0773cbebd53912ab816b1af09667ae1dca16130211d778fc0f2b
wildfake,Images/Real/coco.zip,coco/coco2017/train2017/img108348.jpg,data/wildfake/real/621f210cbc6b7605.jpg,0,real,coco,train,55b88af02a44618f2a57f432a2d0e197174467a71f28ef5886641fafb81c60bc
wildfake,Images/Real/coco.zip,coco/coco2017/train2017/img085223.jpg,data/wildfake/real/75266240d2fb0c51.jpg,0,real,coco,train,25833ef48016d0858c2935ffdfa1b5a0121664796ad5c2a311e24a048e150f50
wildfake,Images/Real/coco.zip,coco/coco2017/train2017/img127305.jpg,data/wildfake/real/33ad983623847965.jpg,0,real,coco,train,eb98b3399da8fc0185570f708b23ef0ca9642b232fe536cc2d6b04ad4fe32e6b
wildfake,Images/Real/coco.zip,coco/coco2017/train2017/img114765.jpg,data/wildfake/real/84f9cb0af17504c1.jpg,0,real,coco,train,5e258dd4568a6a7bfca7a6800d735c1d07330b737b76961842af7f9b98645d9a
wildfake,Images/Real/coco.zip,coco/coco2017/train2017/img116001.jpg,data/wildfake/real/221645c1be0c39f4.jpg,0,real,coco,train,5ad8ba1ca9c4aec0098db2d20d03d537cbc9ccb748483fe9fbd4b34b2a2963ce
wildfake,Images/Real/coco.zip,coco/coco2017/train2017/img078767.jpg,data/wildfake/real/0454c1aa1610ed8c.jpg,0,real,coco,train,bee261d75bc657ae70d15b4aa31ee62347c7bf70fe6da9272518c0b91efc59e6
wildfake,Images/Real/coco.zip,coco/coco2017/train2017/img144336.jpg,data/wildfake/real/90a5195320961306.jpg,0,real,coco,train,92af058efab77a34916a869cb8de0495e94e9df01ff529045781eae6449bb4dd
wildfake,Images/Real/coco.zip,coco/coco2017/train2017/img042058.jpg,data/wildfake/real/3e90fdc2ce3800a0.jpg,0,real,coco,train,d50bfd6804953ce4f37de5f4142f1d90cb17a45c973c4e234039f4f9d06483fd
wildfake,Images/Real/coco.zip,coco/coco2017/train2017/img062834.jpg,data/wildfake/real/afbb85d4a335b634.jpg,0,real,coco,train,a5cef53baa6fef0e58a6b5b559dd61c250812f74ac2abb9fab462c782e54da87
wildfake,Images/Real/coco.zip,coco/coco2017/test2017/img003431.jpg,data/wildfake/real/b14e57c9cd1f31c4.jpg,0,real,coco,train,e05bd8e7a166c430f496aebdb02f67ac6244b57f25f6c8517269eebff41bc742
wildfake,Images/Real/coco.zip,coco/coco2017/train2017/img084904.jpg,data/wildfake/real/cbced16b1802a621.jpg,0,real,coco,train,1ef0e5d312284072f1f2f096c2ed5aa00a1baba724a15b32d69cba422d675be1
wildfake,Images/Real/coco.zip,coco/coco2017/test2017/img022508.jpg,data/wildfake/real/6a3991c5e26fcf5a.jpg,0,real,coco,train,6b7d58426aaceaa52e9242d21de920b6a3d2e39ef34a95740a9c09df49db5903
wildfake,Images/Real/coco.zip,coco/coco2017/train2017/img054674.jpg,data/wildfake/real/82c0fdd392c9ddf6.jpg,0,real,coco,train,338b2b9384f8e4c5f60f5d0510228917e5cfafe3ad95fd1a29ef4ae52c44b4a3
wildfake,Images/Real/coco.zip,coco/coco2017/test2017/img017344.jpg,data/wildfake/real/576e0cc4342763f0.jpg,0,real,coco,train,411396b8bf74332c6264e1152dfd6a1ee6544c28131bd75dce7e50cc54c6c99e
wildfake,Images/Real/coco.zip,coco/coco2017/test2017/img007490.jpg,data/wildfake/real/fcae0359eed26681.jpg,0,real,coco,train,030f344d153a398b6a041ae094398133c68d768796de8ed9b00c965660028a4b
wildfake,Images/Real/coco.zip,coco/coco2017/train2017/img074496.jpg,data/wildfake/real/1222ec22d00db24f.jpg,0,real,coco,train,d8df5bd06852973598e0390446995fa7eb4711b996a4e6378551a3aaf196fc55
wildfake,Images/Real/coco.zip,coco/coco2017/test2017/img032035.jpg,data/wildfake/real/297670ecb05745c7.jpg,0,real,coco,train,3304ac37cd9d8bd591adc6b6a80dd7b60d170e1ea323659cd90ba455d03c9a87
wildfake,Images/Real/coco.zip,coco/coco2017/test2017/img038247.jpg,data/wildfake/real/e6305d5fa2e6f29b.jpg,0,real,coco,train,5d43da97ebd03978d2386ca71fb38372d083d08a75ff126a81f64ab8dbefae1e
wildfake,Images/Real/coco.zip,coco/coco2017/train2017/img093295.jpg,data/wildfake/real/e03d33c5c86aa45d.jpg,0,real,coco,train,01978eea4db991e2cbf232f719407832e418f057425c0583cc60088d83f6e036
wildfake,Images/Real/coco.zip,coco/coco2017/test2017/img036069.jpg,data/wildfake/real/cfacaa071d65e159.jpg,0,real,coco,train,ec65bd63acc523d4abc825ae0bedea94763a97bcdd200642e500dc45383eae47
wildfake,Images/Real/coco.zip,coco/coco2017/train2017/img150283.jpg,data/wildfake/real/dbf82324a729a0c4.jpg,0,real,coco,train,415465dc446143f102c2cd72bbdc3f25d97e46544610e11fe8d1c0ebf7eac328
wildfake,Images/Real/coco.zip,coco/coco2017/train2017/img061241.jpg,data/wildfake/real/df4dfbed7017d9d9.jpg,0,real,coco,train,4e6f6a680de80325f52fba64a8ff3b11070dffdc0156fb134fbe9691c83f9ac5
wildfake,Images/Real/coco.zip,coco/coco2017/train2017/img149530.jpg,data/wildfake/real/9bf065c51308a145.jpg,0,real,coco,train,a3cf47efad74ace536da03cc5dc750f6fe6d7eb548e64002b325951e79370bd1
wildfake,Images/Real/coco.zip,coco/coco2017/train2017/img143805.jpg,data/wildfake/real/cae25b0018ff14ce.jpg,0,real,coco,train,3edab029d194b78c1a5b1bc976ad3c7c214cbef186a4d42abc8ad8cff47349ce
wildfake,Images/Real/coco.zip,coco/coco2017/test2017/img017486.jpg,data/wildfake/real/c550ab88b12df6b3.jpg,0,real,coco,train,3492df38f550bddc051dc30be153c6ff70a9c2436a967666ae812ec1f641b486
wildfake,Images/Real/coco.zip,coco/coco2017/train2017/img141379.jpg,data/wildfake/real/87342a2ab71b32c7.jpg,0,real,coco,train,e2b4b4f15641e282c443a9b2e644a29c8e849860ee101a87413301f98d1032f4
wildfake,Images/Real/coco.zip,coco/coco2017/train2017/img101391.jpg,data/wildfake/real/48a7cf0d74fadf91.jpg,0,real,coco,train,65d47b363e0f01e6dcd2e1660bf8333e4eb06c940934509c25d0590bf2afff7d
wildfake,Images/Real/coco.zip,coco/coco2017/train2017/img131771.jpg,data/wildfake/real/551fae99303fea4e.jpg,0,real,coco,train,076c1f20d9c1ff1fa2cc0b247594d81a7fedc1599ea8a16ea05ce5b4401f7487
wildfake,Images/Real/coco.zip,coco/coco2017/train2017/img099778.jpg,data/wildfake/real/6a1ff6f81460e934.jpg,0,real,coco,train,ec01ecf458a62097335623cf1b8b5f1341fdf28984e92155314848c63b9e8546
wildfake,Images/Real/coco.zip,coco/coco2017/train2017/img158864.jpg,data/wildfake/real/b81a970242f1316e.jpg,0,real,coco,train,09ab08aef36edaa7eceeed297a3da66be3d3dfd80c8952abb58962e0076581d9
wildfake,Images/Real/coco.zip,coco/coco2017/train2017/img066444.jpg,data/wildfake/real/9bcd5ae05277be0f.jpg,0,real,coco,train,46d2c083cfc0604a98a0847f9ed80c5a22130c4fdb5055c1652daeeda0de7770
wildfake,Images/Real/coco.zip,coco/coco2017/train2017/img096101.jpg,data/wildfake/real/2072855a3e7d1230.jpg,0,real,coco,train,9a08180539f2e7cc8583e1df96887271f53b867f81b8181af8548cb7af821c17
wildfake,Images/Real/coco.zip,coco/coco2017/train2017/img071381.jpg,data/wildfake/real/909a7da3c6cdeaa6.jpg,0,real,coco,train,f0a6f413cda18c3628fcd2ce3e25ef1dc3a2c5cd7afc756a65447d0577901f07
wildfake,Images/Real/coco.zip,coco/coco2017/test2017/img035836.jpg,data/wildfake/real/fe8fbf56d378f7c0.jpg,0,real,coco,train,30e046a8f1652904a45a3bacf1087848291dadd61e96a303b1426a0615748073
wildfake,Images/Real/coco.zip,coco/coco2017/train2017/img104712.jpg,data/wildfake/real/647567d8a31d5047.jpg,0,real,coco,train,0847b3a349431cfc371385df9399182c2e04a04f07d96b3a6e746cb3f1626142
wildfake,Images/Real/coco.zip,coco/coco2017/test2017/img023499.jpg,data/wildfake/real/36f06027efcdcb82.jpg,0,real,coco,train,1eea977882a3690b90f14268761eebdfec63bb9550aa047572d35f3fcf35c36b
wildfake,Images/Real/coco.zip,coco/coco2017/test2017/img016611.jpg,data/wildfake/real/818a96a0292171f9.jpg,0,real,coco,train,d8b45cd0669db9847e9ab393f97a21f01d96aa93e90513e13076998a28b47a98
wildfake,Images/Real/coco.zip,coco/coco2017/test2017/img034431.jpg,data/wildfake/real/eb352273bbec1232.jpg,0,real,coco,train,d0388ec35e471e15165163a59bb4d3ebb7b2006b2993be7ad6568d9382d67e23
wildfake,Images/Real/coco.zip,coco/coco2017/val2017/img160537.jpg,data/wildfake/real/911febe542747efa.jpg,0,real,coco,train,ed4f7898dcad8eba7ca9e833042e6fd6f02348db31043c15cd63935cfa2ffe70
wildfake,Images/Real/coco.zip,coco/coco2017/test2017/img008449.jpg,data/wildfake/real/d81234392efa475f.jpg,0,real,coco,train,14334a779b864dc1b80127ffb66af023f3b344aa009d2ebd1725c17afb31fd31
wildfake,Images/Real/coco.zip,coco/coco2017/train2017/img054750.jpg,data/wildfake/real/50f8c8e85f5b6d66.jpg,0,real,coco,train,5d2e4628c23695ac0b9a1c6989834e3e317b394251ce680858fe7f5bf41408a5
wildfake,Images/Real/coco.zip,coco/coco2017/train2017/img142007.jpg,data/wildfake/real/1ad45ec361074c46.jpg,0,real,coco,train,208667ef32b26cb90820c6243bd488ed02eeb119a7662b86dbc831f30a86b4a4
wildfake,Images/Real/coco.zip,coco/coco2017/train2017/img053003.jpg,data/wildfake/real/a33e9486b0f81da4.jpg,0,real,coco,train,0a7cb9ef845da997dc0286438416880b0a6922098f24faa2e1c4a83aaba0bfe3
wildfake,Images/Real/coco.zip,coco/coco2017/test2017/img000024.jpg,data/wildfake/real/df49bb2bc964435d.jpg,0,real,coco,train,70acd11a9b85e4751d90a4d89c6aef7642e939a52854a427754240ee3651a099
wildfake,Images/Real/coco.zip,coco/coco2017/train2017/img065756.jpg,data/wildfake/real/2859d4a86501c9a4.jpg,0,real,coco,train,3fdf1e7246c9f5bf453284506cf7b3f8bf013be4c096ae6dfe7b7f547573a4cd
wildfake,Images/Real/coco.zip,coco/coco2017/test2017/img039793.jpg,data/wildfake/real/42b3134f079c4241.jpg,0,real,coco,train,7c448cd37c4b38e379d7ff42eca573af1078431e0f938b9c564701952248c814
wildfake,Images/Real/coco.zip,coco/coco2017/train2017/img047317.jpg,data/wildfake/real/270866c84dece424.jpg,0,real,coco,train,4e91116ea1a24910594465096d9432d87eaa8be24f28f6e6c6b8e187554fe04a
wildfake,Images/Real/coco.zip,coco/coco2017/val2017/img159600.jpg,data/wildfake/real/209ffcb702717ce9.jpg,0,real,coco,train,41568c686c90965991b8584af41ada49c1f0bbe667aca01b80b18383ba21f52d
wildfake,Images/Real/coco.zip,coco/coco2017/test2017/img008199.jpg,data/wildfake/real/a21b3e261d97552e.jpg,0,real,coco,train,735c13ac846c56248122bf39483e7de413f277dfec6426a3618af5abec4fc099
wildfake,Images/Real/coco.zip,coco/coco2017/train2017/img094437.jpg,data/wildfake/real/2f50bfb4406752b1.jpg,0,real,coco,train,97d48e63f5bb7cc1d1664ae78dcaf9e37c28ba5dd13c40856701e44899b88994
wildfake,Images/Real/coco.zip,coco/coco2017/val2017/img161839.jpg,data/wildfake/real/993d948bcde512bf.jpg,0,real,coco,train,52c31f1a3976d79abce1c96bad10f1a8f40a93470a7f265d51620874cf4f6ee1
wildfake,Images/Real/coco.zip,coco/coco2017/train2017/img091198.jpg,data/wildfake/real/f16ed2f21fc81ff1.jpg,0,real,coco,train,2cc48e11a3ef69806cf95fd2d167a2a3ceeb2b716dbccc123705a0d8ae76c7b3
wildfake,Images/Real/coco.zip,coco/coco2017/train2017/img108163.jpg,data/wildfake/real/5c8c7eed531be0a4.jpg,0,real,coco,train,4568466ef6d3e856aab590252ebddc0afb2c8c68c89507eb811b99ea1f8625e7
wildfake,Images/Real/coco.zip,coco/coco2017/train2017/img070513.jpg,data/wildfake/real/dd46885d8c43050b.jpg,0,real,coco,train,8c93e74b49347435b0ed620cdf2eb5b6d0622d95aba10434c6026de2cad45b18
wildfake,Images/Real/coco.zip,coco/coco2017/train2017/img140333.jpg,data/wildfake/real/69a9825c3e8f2654.jpg,0,real,coco,train,ab3e79c981a170ab03390b5e1263b94cae4797ff5bb3ac7efd63f46774c34872
wildfake,Images/Real/coco.zip,coco/coco2017/val2017/img160860.jpg,data/wildfake/real/424a844c22f88a41.jpg,0,real,coco,train,f5f8175eee18448c19b0f6b4ff55551547b5bc62ced4349744c6b99217b67289
wildfake,Images/Real/coco.zip,coco/coco2017/train2017/img060593.jpg,data/wildfake/real/ff9cfd6b3172a7f4.jpg,0,real,coco,train,c6b320aabaee129437f58a2366c3bd9d067c474a242d62d3bf6790addd25981b
wildfake,Images/Real/coco.zip,coco/coco2017/train2017/img098791.jpg,data/wildfake/real/59defa7c7e04121d.jpg,0,real,coco,train,c48055e4368a75df8377c2b3fe35e247a34b14c1c0235f0d4664eb97c060d8bf
wildfake,Images/Real/coco.zip,coco/coco2017/train2017/img049803.jpg,data/wildfake/real/2e65e49b5b81fe15.jpg,0,real,coco,train,79354fe9fd2cc60caa3c014ad72a5d1aea935308d4a22910db3051f851337218
wildfake,Images/Real/coco.zip,coco/coco2017/train2017/img048297.jpg,data/wildfake/real/d412def5b8c9c139.jpg,0,real,coco,train,e65f27e20a7e678b42813485ffe71212f8148ba15b85c13262684b86412ae5f1
wildfake,Images/Real/coco.zip,coco/coco2017/train2017/img060645.jpg,data/wildfake/real/c4d941668f63b510.jpg,0,real,coco,train,7d26f84fa8d1874d750b46405cdc8a17904c6771c2c1186cedad87f4b42732f5
wildfake,Images/Real/coco.zip,coco/coco2017/train2017/img049778.jpg,data/wildfake/real/6b0d8b590512fef8.jpg,0,real,coco,train,6419d07d0abae2543f6d7731862c69f81601184675d77331aaab854881c256a1
wildfake,Images/Real/coco.zip,coco/coco2017/train2017/img112950.jpg,data/wildfake/real/0c039c716d570c25.jpg,0,real,coco,train,74f95a62bcc7945dee7bfc3a71a95fbd487ba998a1c02131ecfd8e93ddad228c
wildfake,Images/Real/coco.zip,coco/coco2017/train2017/img079300.jpg,data/wildfake/real/e584461ace61ea7e.jpg,0,real,coco,train,09aa3eb78c034909dce0cdda16cec8c6c1be011b7d32bbca9616787afab21e0a
wildfake,Images/Real/coco.zip,coco/coco2017/train2017/img115232.jpg,data/wildfake/real/4524374605350beb.jpg,0,real,coco,train,e518d02cde470f6ba6daf8ac7389ca39e1a68bb46a69b1210a067c9b599e53d9
wildfake,Images/Real/coco.zip,coco/coco2017/test2017/img003950.jpg,data/wildfake/real/c71138f5a0d3b371.jpg,0,real,coco,train,b411074fe25e33ea029fc27ab34114ed92d7b36ad36f7c5f8ee49e44d09a02d0
wildfake,Images/Real/coco.zip,coco/coco2017/train2017/img100333.jpg,data/wildfake/real/d0ecf91a06384026.jpg,0,real,coco,train,58ed6050521fe2e4ea3df97858430f000a6de7af622fe5b391c349c5955791e5
wildfake,Images/Real/coco.zip,coco/coco2017/train2017/img058374.jpg,data/wildfake/real/2edd20acfb1c1bd0.jpg,0,real,coco,train,ea60c9df65a6baa7673b479e5695250bfef150a86618e2e8e5f7bd258b3b49a4
wildfake,Images/Real/coco.zip,coco/coco2017/train2017/img099095.jpg,data/wildfake/real/0bf0b4bcf87a2949.jpg,0,real,coco,train,0d5b84b6128b8f5cf095b7c52368811ae6231b00efce60546ca260bca46c106c
wildfake,Images/Real/coco.zip,coco/coco2017/test2017/img010291.jpg,data/wildfake/real/85622a1017358026.jpg,0,real,coco,train,a9b948288080ea9ae81ea452424ce5f4838a2ee7a8f25be1a1dd3ea0d7a9a212
wildfake,Images/Real/coco.zip,coco/coco2017/test2017/img027304.jpg,data/wildfake/real/4d304f4efbbe0ca8.jpg,0,real,coco,train,cf3e1d762e2f9bbe184963e6f47228bdf49d42ba6062d340e32647bcce6ac5f3
wildfake,Images/Real/coco.zip,coco/coco2017/train2017/img049965.jpg,data/wildfake/real/b0b1250824aeede7.jpg,0,real,coco,train,45f282039dc30428574b0d88f78e4eb00bea6fe84e6c9de503046a4c90518107
wildfake,Images/Real/coco.zip,coco/coco2017/train2017/img136706.jpg,data/wildfake/real/143082be915bb483.jpg,0,real,coco,train,a8639098d6c272d04ad90101cd51ab835012ce8c94f176c22e56e7a36abe7fa7
wildfake,Images/Real/coco.zip,coco/coco2017/test2017/img035376.jpg,data/wildfake/real/807146b067cdc871.jpg,0,real,coco,train,f20731e166b852d8f2e025134837c7dc88f14878a6b4f6e36dbeec88b8b15eff
wildfake,Images/Real/coco.zip,coco/coco2017/test2017/img018722.jpg,data/wildfake/real/a17e9425211832e4.jpg,0,real,coco,train,5230df3b50d800fb05e9d954b7ac03a8933f970b0a4944fb87dd787aaa8ba7c8
wildfake,Images/Real/coco.zip,coco/coco2017/train2017/img078377.jpg,data/wildfake/real/85dbcbeff4f4e8ca.jpg,0,real,coco,train,97584938eaec93dfb6600841ab06e688e2f82d3b44eb3145e2678dcd30092a07
wildfake,Images/Real/coco.zip,coco/coco2017/test2017/img036348.jpg,data/wildfake/real/2a4eb9be908d95bf.jpg,0,real,coco,train,ce556ed55db774c56eeb6ce359acc8eccdb83174d725a6e9dc09155ab2883b55
wildfake,Images/Real/coco.zip,coco/coco2017/train2017/img142369.jpg,data/wildfake/real/15d43931550272e8.jpg,0,real,coco,train,d0f824b7bd6c5d9e7bed0c197b50f90a1c81ccfcdd277037a287d646376e6b33
wildfake,Images/Real/coco.zip,coco/coco2017/train2017/img084844.jpg,data/wildfake/real/6c6dc4436c82e860.jpg,0,real,coco,train,1366763c4008da00d2f0322b6b52dfb644587caed0cc30bffd3f33496e960cf8
wildfake,Images/Real/coco.zip,coco/coco2017/train2017/img082666.jpg,data/wildfake/real/15d3ff6768ef517a.jpg,0,real,coco,train,b06b49866c9f878dc40a509ce3fabb014eb5ebb2a0d2c4c1af90f4551d118adc
wildfake,Images/Real/coco.zip,coco/coco2017/test2017/img008786.jpg,data/wildfake/real/074d66be134eaa83.jpg,0,real,coco,train,2e8093d101effcd0be47bfcee3e64f03dba4efdd45af2ef220cdaa4f22e0f6bf
wildfake,Images/Real/coco.zip,coco/coco2017/test2017/img020775.jpg,data/wildfake/real/d391456ebd56bf91.jpg,0,real,coco,train,72182dd32850296d18dcf5da6bb02adf90be139700f432f130820341855ac20b
wildfake,Images/Real/coco.zip,coco/coco2017/train2017/img136596.jpg,data/wildfake/real/2c78eaf9bf68c8cf.jpg,0,real,coco,train,11be0691064c8cb2c3271f34a82e3a8cbd40af14e7fda8f24f38825747150a8e
wildfake,Images/Real/coco.zip,coco/coco2017/train2017/img041181.jpg,data/wildfake/real/7cc7d59adbf09259.jpg,0,real,coco,train,d5e1e5e0a6da362ec5ae8100135a26ca0705dd48b362adcc844edf028c604ba3
wildfake,Images/Real/coco.zip,coco/coco2017/train2017/img145460.jpg,data/wildfake/real/7ae84b0d237e5a38.jpg,0,real,coco,train,0ced7b0ec106c4b3c45b03b9a5a7c4c33e5290b818056d30831098c5d896c9e9
wildfake,Images/Real/coco.zip,coco/coco2017/train2017/img052243.jpg,data/wildfake/real/927a70d4d0c52a4e.jpg,0,real,coco,train,4062764ff2677250be13a8c1ef6dda94b4de4b46984074f38133bb9193b211ff
wildfake,Images/Real/coco.zip,coco/coco2017/train2017/img116209.jpg,data/wildfake/real/d4ef615ceb7f13ca.jpg,0,real,coco,train,89a98cdccabdbea8deee6367cc3ca238ad71c109cb9c5b0df2f83aa7002ea608
wildfake,Images/Real/coco.zip,coco/coco2017/train2017/img098386.jpg,data/wildfake/real/5a1298993b653655.jpg,0,real,coco,train,3d841c498f03877135368a41d249d78dff61534dafd81cd0760573b2889db528
wildfake,Images/Real/coco.zip,coco/coco2017/train2017/img140052.jpg,data/wildfake/real/2bfb6d95ee021cbb.jpg,0,real,coco,train,2a1511790929b9992954e59e7542b40b13ac9abc792b467d64523071c03c113f
wildfake,Images/Real/coco.zip,coco/coco2017/train2017/img119854.jpg,data/wildfake/real/aa35f42911a0640c.jpg,0,real,coco,train,7252f9375e282b80c71a524f2ae76debbe625a99535f43d6937aab26a816cbd7
wildfake,Images/Real/coco.zip,coco/coco2017/train2017/img119445.jpg,data/wildfake/real/ce55b8734c175e72.jpg,0,real,coco,train,4ee25b7eb19a72b37f15c4bfa4f10f00ebbc85a1ab2a804a7a9292668746f001
wildfake,Images/Real/coco.zip,coco/coco2017/train2017/img144164.jpg,data/wildfake/real/2ccbaeb92f02efc4.jpg,0,real,coco,train,3b92fa9953f57cbce1caa5652602177d291056af0b6e60930f469908cf3b17c3
wildfake,Images/Real/coco.zip,coco/coco2017/train2017/img137277.jpg,data/wildfake/real/f224ceec8ce3e76b.jpg,0,real,coco,train,fd2a03cf5d11ab35defc296a02130bda39a991e2feee70135752988b042ea63f
wildfake,Images/Real/coco.zip,coco/coco2017/test2017/img029185.jpg,data/wildfake/real/3a32c86033844a31.jpg,0,real,coco,train,5cb15c5386b4f737fbcdddf7de50559838f594c1b95f66001fb605ee6510b955
wildfake,Images/Real/coco.zip,coco/coco2017/train2017/img104161.jpg,data/wildfake/real/4a73d6588da01861.jpg,0,real,coco,train,0e5b8a3a6c4f3fb01def74c10e5cfd797ceb8e40a1df3997070267dbe456f99c
wildfake,Images/Real/coco.zip,coco/coco2017/train2017/img049312.jpg,data/wildfake/real/23a7208fa4d23052.jpg,0,real,coco,train,f27346be503ed5313ecfa93a157026c6de915edb7cb0c8cddf346f7f8520f187
wildfake,Images/Real/coco.zip,coco/coco2017/train2017/img084621.jpg,data/wildfake/real/2174f77067c0f90f.jpg,0,real,coco,train,cf7837df97fbba3355db92c3e1f769a423e80bb6ee13afe3c38dc1d4f4da5010
wildfake,Images/Real/coco.zip,coco/coco2017/train2017/img139439.jpg,data/wildfake/real/ccd52f0193ea0cc1.jpg,0,real,coco,train,050030dea2b69f61861e4c75c4cb6f7f5a864b97f26aba04cab4b26f7725c94c
wildfake,Images/Real/coco.zip,coco/coco2017/train2017/img148746.jpg,data/wildfake/real/f55a6af959019356.jpg,0,real,coco,train,04fbbc002da02f46c0ef6084e5c2885e608f28e18c8504a506607d4632080b17
wildfake,Images/Real/coco.zip,coco/coco2017/train2017/img081940.jpg,data/wildfake/real/eb3a8ef906304f82.jpg,0,real,coco,train,242654525d557750dfe8433f4260b3ad87d802db4fbd7ac28ee40eb3cf3c7cdd
wildfake,Images/Real/coco.zip,coco/coco2017/train2017/img138175.jpg,data/wildfake/real/86be5f55b548be10.jpg,0,real,coco,train,31557705ad2754d984843e83a728f14c3a878592d8765b7eaae5009eb4cee497
wildfake,Images/Real/coco.zip,coco/coco2017/train2017/img124827.jpg,data/wildfake/real/c159bb00c6a0c1d2.jpg,0,real,coco,train,da81e9da045ab717fb42cf3bfcab923a0c1a737546572153c8160eb1868088bd
wildfake,Images/Real/coco.zip,coco/coco2017/train2017/img147043.jpg,data/wildfake/real/dfb396773a74d1af.jpg,0,real,coco,train,35bea6a162aa6f0265a06a476c4bc57d9241a90e1bd0876120aaedfae6dc5e52
wildfake,Images/Real/coco.zip,coco/coco2017/train2017/img084132.jpg,data/wildfake/real/3272f5f356447f8c.jpg,0,real,coco,train,0191404ef4a4bf92f4768352818602ddc04101648e2d03ec1d96ab1c03337275
wildfake,Images/Real/coco.zip,coco/coco2017/train2017/img126236.jpg,data/wildfake/real/37120f8e8169812d.jpg,0,real,coco,train,14dc78a5bb929b16c0d8cae2385e7f3352f5f4e38db769a8d40b321887026771
wildfake,Images/Real/coco.zip,coco/coco2017/test2017/img014299.jpg,data/wildfake/real/b65226c53f60fd08.jpg,0,real,coco,train,9c86225ba77e8a6d84823e5a0e49c17828b6bdbe4d0be1bfdc28af06b0167dab
wildfake,Images/Real/coco.zip,coco/coco2017/train2017/img041490.jpg,data/wildfake/real/b9228bcd6680977f.jpg,0,real,coco,train,6e846117b7ada4afab063d4aa1da7eeb35ca9785c019b53734e545b5fab0ee6a
wildfake,Images/Real/coco.zip,coco/coco2017/test2017/img035440.jpg,data/wildfake/real/5249208c189e9b18.jpg,0,real,coco,train,357894ed675c888b04cae44a25eb7cdedba225b17af1dc2b154aba0de9cf1b9b
wildfake,Images/Real/coco.zip,coco/coco2017/train2017/img093953.jpg,data/wildfake/real/6947eac2206ddc84.jpg,0,real,coco,train,073b05d560e163776e1c75d3462e91a3a99819abc25bac64b0c9d0dfbb999a24
wildfake,Images/Real/coco.zip,coco/coco2017/train2017/img116894.jpg,data/wildfake/real/4ec8396dc5f24d8e.jpg,0,real,coco,train,91474c69c93c5e43af64852d034986d7c818a4dfd2de440d4be8ae12d67c62e4
wildfake,Images/Real/coco.zip,coco/coco2017/train2017/img131490.jpg,data/wildfake/real/16c6e941e3848a9b.jpg,0,real,coco,train,40138d57d643b615cfcbefad34505daba2a9d7df385440404ba5f551973fd30c
wildfake,Images/Real/coco.zip,coco/coco2017/train2017/img138031.jpg,data/wildfake/real/079eeaaf077c1096.jpg,0,real,coco,train,a2391ea8b551af25b02fb4de79875b79323a8582db410f1a7363fe63f9d9e3f3
wildfake,Images/Real/coco.zip,coco/coco2017/train2017/img115909.jpg,data/wildfake/real/5882ee02366ce062.jpg,0,real,coco,train,7b0d3adac9b0007d2dc272a54e73edcabd70c03f0004f30866279c55a1726401
wildfake,Images/Real/coco.zip,coco/coco2017/train2017/img145570.jpg,data/wildfake/real/bf1aa419a37a8473.jpg,0,real,coco,train,7703ebf0377f2711b8895adc093e9d696c08ed35998ae19504d5ea4bb79e334c
wildfake,Images/Real/coco.zip,coco/coco2017/train2017/img139465.jpg,data/wildfake/real/8c8b8c300a302e40.jpg,0,real,coco,train,4dc8fe18eb840da901535253d5bf90c1247bb1144aabb49e2ecb51b55a627e8b
wildfake,Images/Real/coco.zip,coco/coco2017/val2017/img160814.jpg,data/wildfake/real/41da92ae9dceecdb.jpg,0,real,coco,train,bebb0dd00ab60edc5ab2e61c6801f620b613cdfb559a3bb4bc50a1a5298abe79
wildfake,Images/Real/coco.zip,coco/coco2017/train2017/img059652.jpg,data/wildfake/real/46bf95ae557bcd3a.jpg,0,real,coco,train,edbb2299094ca1bb7bba344d7ba7956cc3ed377da971770b938fe0c24cd9d5d4
wildfake,Images/Real/coco.zip,coco/coco2017/train2017/img055572.jpg,data/wildfake/real/4c7ef438ae0fdfcb.jpg,0,real,coco,train,86017eb3b0365ec3c0d4070835d992aaac707c9e77969a4733e68fc7201c7062
wildfake,Images/Real/coco.zip,coco/coco2017/train2017/img149698.jpg,data/wildfake/real/5d6df1a49ff669bf.jpg,0,real,coco,train,fe94afdd6191cac93ea4ab738920d8c65d3f0b7cc1deb4e6024ae5e6c4a5a7b0
wildfake,Images/Real/coco.zip,coco/coco2017/train2017/img146378.jpg,data/wildfake/real/13dae427a2fe2873.jpg,0,real,coco,train,d2ba7e7aca0e7bc8e0be977a9816036b46c1f5509a130231707de799b7fd408a
wildfake,Images/Real/coco.zip,coco/coco2017/train2017/img155770.jpg,data/wildfake/real/a8f2e9124692ff81.jpg,0,real,coco,train,63e61cc930fa8a522023aa9af9a0904a19ba8144dc98ff427237f249ad6b7082
wildfake,Images/Real/coco.zip,coco/coco2017/train2017/img078775.jpg,data/wildfake/real/34da50a763efff92.jpg,0,real,coco,train,e39033d1258041f53908257ae7cb4615b8e57e452db048de8443c1382c200ec3
wildfake,Images/Real/coco.zip,coco/coco2017/train2017/img044674.jpg,data/wildfake/real/ae71e14945f7722c.jpg,0,real,coco,train,d08d8531246b73fe749c8aae7efbcd076535301654112102c08d3af779e0b78c
wildfake,Images/Real/coco.zip,coco/coco2017/train2017/img131639.jpg,data/wildfake/real/34ef85b954849845.jpg,0,real,coco,train,034086683c8538432a634a6534ebe53713502f94644a647ecee0e44c66efceb1
wildfake,Images/Real/coco.zip,coco/coco2017/train2017/img123329.jpg,data/wildfake/real/9def4d1c1a75df6d.jpg,0,real,coco,train,1c9bf2869956652438e53cb07f9601ba693d301d8eacfbaef36a8258bd6b421d
wildfake,Images/Real/coco.zip,coco/coco2017/test2017/img027674.jpg,data/wildfake/real/2dfde68f41fdd8fe.jpg,0,real,coco,train,02626901c58d3726a4ec67d919499b65aebf5e013c5170bc5ce6355af1f55aff
wildfake,Images/Real/coco.zip,coco/coco2017/test2017/img028298.jpg,data/wildfake/real/a6dab63068d755a1.jpg,0,real,coco,train,141d4a68dfdf1a00a7a87907fa124a7e6e6741a49aa4e3eb2477b811bc8c8e32
wildfake,Images/Real/coco.zip,coco/coco2017/train2017/img057893.jpg,data/wildfake/real/a664b2e7db34de6a.jpg,0,real,coco,train,0d1c0d36dfb6c01d9f5555acdcdeee4268fbd6ed42995362d60d12fb8c710562
wildfake,Images/Real/coco.zip,coco/coco2017/train2017/img081728.jpg,data/wildfake/real/75ce6c405cc133cb.jpg,0,real,coco,train,9d5f5e37afc74c4fd918f9809e2aead81e6aed048070dbd024b6b4fc2d88603e
wildfake,Images/Real/coco.zip,coco/coco2017/train2017/img145932.jpg,data/wildfake/real/d31689a36805dd9a.jpg,0,real,coco,train,03b5549da27d03adf65b0f1aea2b18d81d2299a481888a9208d857462b749104
wildfake,Images/Real/coco.zip,coco/coco2017/train2017/img056110.jpg,data/wildfake/real/b32d37c537112537.jpg,0,real,coco,train,fbac6c5df6160cc283715fd26d0b2563fac52ae46ebcbfae5e76fdbb91a15331
wildfake,Images/Real/coco.zip,coco/coco2017/test2017/img010797.jpg,data/wildfake/real/c93baef90fd4150f.jpg,0,real,coco,train,d71f5dc66afcd4cc8f0faa63fc07d1e11dbe54b150623264c8c5a428773ab22c
wildfake,Images/Real/coco.zip,coco/coco2017/train2017/img104871.jpg,data/wildfake/real/56d0640d09772c93.jpg,0,real,coco,train,f824e9a54e4218a75fa9251fa83c72431303a13499887f8601c6ba6d84d8790b
wildfake,Images/Real/coco.zip,coco/coco2017/train2017/img100260.jpg,data/wildfake/real/a561a36b5984dc21.jpg,0,real,coco,train,3a1e4cc23db3fc042061c4badba589917b3fdd50ea8dab9ae72b7573bb37688d
wildfake,Images/Real/coco.zip,coco/coco2017/train2017/img105332.jpg,data/wildfake/real/39ef47b53d4e345f.jpg,0,real,coco,train,c8eba0991e686b9eecaf61b4d20ec0a210124fa205f3b3ecf206c7518903416c
wildfake,Images/Real/coco.zip,coco/coco2017/train2017/img069077.jpg,data/wildfake/real/4ec46091815c4bd5.jpg,0,real,coco,train,4da4c3f09b0008b09a4c05d2b29ee5673dd9305752c5975a96caacdfbfcdfce8
wildfake,Images/Real/coco.zip,coco/coco2017/train2017/img129476.jpg,data/wildfake/real/8e5c4cab8553487a.jpg,0,real,coco,train,62a03d0d5d6db132eb9238a37e8c2c37300ba08bdceb857b0edf4457a0453830
wildfake,Images/Real/coco.zip,coco/coco2017/test2017/img009088.jpg,data/wildfake/real/d4f59ac49bfe9879.jpg,0,real,coco,train,11e8000541462641e559cd5162568a4d4905e23f78be48d9d0f123e3ca021fc7
wildfake,Images/Real/coco.zip,coco/coco2017/train2017/img117826.jpg,data/wildfake/real/506185f287aceb5d.jpg,0,real,coco,train,7037faae7c3c175dbb9e9946d0608483a462c1041a4c6efb8b2287b814c6cdaa
wildfake,Images/Real/coco.zip,coco/coco2017/test2017/img023657.jpg,data/wildfake/real/9ff03eeed855e908.jpg,0,real,coco,train,c02a0bb11c51e9dd5c05cbed2160f18707539e7f790b110661bf554bce5567c3
wildfake,Images/Real/coco.zip,coco/coco2017/train2017/img091366.jpg,data/wildfake/real/d94535298026efe7.jpg,0,real,coco,train,126cf9cddf3c94c0cb8dba811353d5b8e83b0733bc20c91f43d58643eb2c468d
wildfake,Images/Real/coco.zip,coco/coco2017/train2017/img124906.jpg,data/wildfake/real/ec2c3e8f20746b21.jpg,0,real,coco,train,999c775f4cb32e2f823a1944314f03bcd358316680a4381adddfc0f4037a373b
wildfake,Images/Real/coco.zip,coco/coco2017/train2017/img140366.jpg,data/wildfake/real/630f9ee74d47dbc9.jpg,0,real,coco,train,bbe82995274bfde33b9ce3d889ef88f1906f0891efdadc24ade5a1a9fd4979ad
wildfake,Images/Real/coco.zip,coco/coco2017/train2017/img125145.jpg,data/wildfake/real/faab9bd066cbdc58.jpg,0,real,coco,train,fa221429b80056abfbd73b1596c973c43fdf14679cc2ddbbcac26745d777229e
wildfake,Images/Real/coco.zip,coco/coco2017/train2017/img054231.jpg,data/wildfake/real/5f30f8cc80b2050b.jpg,0,real,coco,train,21b724ca28762d4bfbf034e864d7d7392f30fd6f5e6e15c07bd5840bfe4c353e
wildfake,Images/Real/coco.zip,coco/coco2017/train2017/img077553.jpg,data/wildfake/real/8ee2f328e683c1ce.jpg,0,real,coco,train,fcad16a871207bd14f1c5e9ada2f699aefca8a7cedbf22a0557ea7c81bb65cfe
wildfake,Images/Real/coco.zip,coco/coco2017/train2017/img071454.jpg,data/wildfake/real/fe3bd3ec1b467684.jpg,0,real,coco,train,4b555d8a20f3f2d888ae02e81785a7d841a713d26323a56d1c46317075708c2f
wildfake,Images/Real/coco.zip,coco/coco2017/train2017/img141466.jpg,data/wildfake/real/78b80f88e5908833.jpg,0,real,coco,train,29af4dfed48f526d1aaf0559fbd3022703f50a1d584e4403cfb16cbbbac4b4f4
wildfake,Images/Real/coco.zip,coco/coco2017/test2017/img021041.jpg,data/wildfake/real/5a7c12b441f44b91.jpg,0,real,coco,train,d19a90082ffd01d2a2d5aa8375d1c590eef141d8731cf90b834408366eabf41d
wildfake,Images/Real/coco.zip,coco/coco2017/train2017/img048770.jpg,data/wildfake/real/3a4573021da3141f.jpg,0,real,coco,train,82df6a522771447dc2b21e57e3ec86bb3b576a7db31cf27195b80fd396493968
wildfake,Images/Real/coco.zip,coco/coco2017/train2017/img052124.jpg,data/wildfake/real/5b4fc1beade9da51.jpg,0,real,coco,train,743ba4b67cebad32d9127aec321626a37dbc530783509500de83530c9904012b
wildfake,Images/Real/coco.zip,coco/coco2017/train2017/img091737.jpg,data/wildfake/real/c1f7391e107eb138.jpg,0,real,coco,train,f09e4a3ededaf97f8144bc32cb12afb1d17955352ce6cafebea0a135f351be14
wildfake,Images/Real/coco.zip,coco/coco2017/test2017/img005802.jpg,data/wildfake/real/8403209183e32e54.jpg,0,real,coco,train,6b6b0aef92b955600c9920370422000809fc32b6dd20ad2a82399e5dacbfbd81
wildfake,Images/Real/coco.zip,coco/coco2017/train2017/img048256.jpg,data/wildfake/real/13943e72cf3de4f8.jpg,0,real,coco,train,9dcf386d23be3564ef9863c83aa43aeb561b6a8defa869579ca2e5d6c6952779
wildfake,Images/Real/coco.zip,coco/coco2017/test2017/img011400.jpg,data/wildfake/real/87a439b23f60218c.jpg,0,real,coco,train,d169d6b3eb75d2b35d62d48cfc8be9768e49e2fe5b4c2c8c9159b9b440e6bf32
wildfake,Images/Real/coco.zip,coco/coco2017/train2017/img080033.jpg,data/wildfake/real/baaed2aca4d725d1.jpg,0,real,coco,train,27ff65b8336cfa9982c4c6b7f5ab5422792d6f31621315bb42c521b25c01c9f3
wildfake,Images/Real/coco.zip,coco/coco2017/train2017/img057912.jpg,data/wildfake/real/6a7ed5f40e0ac210.jpg,0,real,coco,train,ae38661662041785262863a43661e9e8642bcaca4976e116b3305166dee0e554
wildfake,Images/Real/coco.zip,coco/coco2017/test2017/img003601.jpg,data/wildfake/real/d07c72f030814602.jpg,0,real,coco,train,2e5fa2701a31cba39b63cdc58d3c8354f038c4d8785f618d7647b15f24bbd895
wildfake,Images/Real/coco.zip,coco/coco2017/train2017/img137521.jpg,data/wildfake/real/dc4639075707cbd6.jpg,0,real,coco,train,d4ace3b1d3f9979a6159bd39d418ab6268db2e9941fef8627c4760e2b5809058
wildfake,Images/Real/coco.zip,coco/coco2017/train2017/img157372.jpg,data/wildfake/real/825b9727b0bb4a32.jpg,0,real,coco,train,e0dc0dba89a916db4d225842cddda3744d293f4347a8f0404181def28e05d2a0
wildfake,Images/Real/coco.zip,coco/coco2017/train2017/img100095.jpg,data/wildfake/real/89019fcd64c5805a.jpg,0,real,coco,train,4ff850dda4f6d108d7e9575fa81cea8d9dbd9fbd6f906ccad8cced3421d94484
wildfake,Images/Real/coco.zip,coco/coco2017/train2017/img065536.jpg,data/wildfake/real/286a3111936a3342.jpg,0,real,coco,train,66877c119d656361a29814a2d7b7322de291ca1a7241cb21a03a70a9214bbbeb
wildfake,Images/Real/coco.zip,coco/coco2017/train2017/img157998.jpg,data/wildfake/real/fdd0b8a17c5f457a.jpg,0,real,coco,train,5dfdf4451c06baf97b5ee053da510af629fe44f924492899f5801e1f4ed2b015
wildfake,Images/Real/coco.zip,coco/coco2017/train2017/img074619.jpg,data/wildfake/real/676c8e3302d26a71.jpg,0,real,coco,train,cdc7febc862abbb9bb4bf7976cb489a4959f9340049d0173ac07ac243ec029e8
wildfake,Images/Real/coco.zip,coco/coco2017/train2017/img089688.jpg,data/wildfake/real/10e6edf5a70cc531.jpg,0,real,coco,train,49409c7396d1441c609250d1b393098130497de5edea7b8c545bda13106f42e4
wildfake,Images/Real/coco.zip,coco/coco2017/train2017/img139328.jpg,data/wildfake/real/da0745753e731dcf.jpg,0,real,coco,train,13386d7c00f3180af2a83717ed592ac892e1b704dde506d094ba504b5b166cf1
wildfake,Images/Real/coco.zip,coco/coco2017/train2017/img152713.jpg,data/wildfake/real/5bb9beaa57854ee6.jpg,0,real,coco,train,313ca66a0d88d4c503b5ee1fba606d4c0b2d368f7ef42f74aa89c1aca0b81324
wildfake,Images/Real/coco.zip,coco/coco2017/test2017/img029618.jpg,data/wildfake/real/1fe5861f57491c37.jpg,0,real,coco,train,9ac17181dd8e470a28085c879917dd8644031d1fc55ca2bad65fdb4243f6973f
wildfake,Images/Real/coco.zip,coco/coco2017/train2017/img069840.jpg,data/wildfake/real/ab57a56d5d45af05.jpg,0,real,coco,train,8f14dce20c8d4948e8abe390a4dfc00f11c9b8095ee6748eccf95796515d020a
wildfake,Images/Real/coco.zip,coco/coco2017/val2017/img161649.jpg,data/wildfake/real/7571c61c583e21e4.jpg,0,real,coco,train,a0abec6ab4502e6ec2af19a1175c63de7e0b258863e9f58e75d64f495e1d0e8a
wildfake,Images/Real/coco.zip,coco/coco2017/test2017/img015917.jpg,data/wildfake/real/1c5d35dece545613.jpg,0,real,coco,train,1461d1c52977ce022dcea1cf30d483a52eee284fa7e328ffe293def026c8ea26
wildfake,Images/Real/coco.zip,coco/coco2017/train2017/img158956.jpg,data/wildfake/real/fec639399e8aec93.jpg,0,real,coco,train,3e142a8ad16d1a6967c747ae48f37bb272584bcfde1c9c961f12597c552ef78c
wildfake,Images/Real/coco.zip,coco/coco2017/train2017/img086376.jpg,data/wildfake/real/c6a8178e2c042ae6.jpg,0,real,coco,train,ee1e63c3e80627c23dc33ba052797992c4d44c8f4e28f93c51cc1f71186e6c77
wildfake,Images/Real/coco.zip,coco/coco2017/train2017/img137264.jpg,data/wildfake/real/5f86615bb7e53cc0.jpg,0,real,coco,train,8fd7d11e41b3ddafd22136e081f79d6c07d5b64de78a1d35fcdd9db7e2ad55eb
wildfake,Images/Real/coco.zip,coco/coco2017/train2017/img122966.jpg,data/wildfake/real/915a2fe3874d5808.jpg,0,real,coco,train,7163934f586db4f5eba0a65b650998052b4144fb8150571d0974e246f5c3a188
wildfake,Images/Real/coco.zip,coco/coco2017/train2017/img065546.jpg,data/wildfake/real/6bcae0ef9cc29e25.jpg,0,real,coco,train,a9fb5d12c0c8bdf37204d5b08b271d588d364f08752b26a019401a715be9cb04
wildfake,Images/Real/coco.zip,coco/coco2017/train2017/img094677.jpg,data/wildfake/real/f51243fa0acef70d.jpg,0,real,coco,train,f3ec2905469724f3b71863f59e6dd9977b6245e9cad8f953392a11f82a5278f8
wildfake,Images/Real/coco.zip,coco/coco2017/train2017/img091107.jpg,data/wildfake/real/87d449e919ccc130.jpg,0,real,coco,train,8ef060f2c5991f58f8797aa024bea645d52e493798f3bc0e368a712894b23b42
wildfake,Images/Real/coco.zip,coco/coco2017/train2017/img063044.jpg,data/wildfake/real/a475c1fc0a2418ad.jpg,0,real,coco,train,c31b68acead65e8edf753120dd247f1bcdeba997725e9acb835d7f5111303086
wildfake,Images/Real/coco.zip,coco/coco2017/train2017/img067846.jpg,data/wildfake/real/7fc801ed3dfdf893.jpg,0,real,coco,train,23435ff403b4d311bf6b95dda2ac2eb4c70e1a4e7524da41407765a65de1acb0
wildfake,Images/Real/coco.zip,coco/coco2017/train2017/img076008.jpg,data/wildfake/real/84a7b76dae507fe4.jpg,0,real,coco,train,1ad6aa37b4142ef35e6539aa44a6631fbfce797fcd2d4c6da0b68b2d027e0e90
wildfake,Images/Real/coco.zip,coco/coco2017/test2017/img002185.jpg,data/wildfake/real/dc7e450d7c5f16d8.jpg,0,real,coco,train,b84a053a946ac8e52874e0d1bdc366fa8d50e6399ab120d53d48fb48e4628708
wildfake,Images/Real/coco.zip,coco/coco2017/test2017/img012925.jpg,data/wildfake/real/9f8f7438da1e8991.jpg,0,real,coco,train,97c4e3249c44c6a016dad35c4f435197494692e05cd6fecdc6349ce070a4f4d1
wildfake,Images/Real/coco.zip,coco/coco2017/test2017/img035171.jpg,data/wildfake/real/faa82bd50587b7ad.jpg,0,real,coco,train,c844c9cd50247be2c7b4f26df66fb0ad6d58213b9e7ec0188113217d2bb13039
wildfake,Images/Real/coco.zip,coco/coco2017/test2017/img018063.jpg,data/wildfake/real/64b2e9a6cadc8977.jpg,0,real,coco,train,c9894bdc09cdc1d2af449e5e7adcd226ca3d16874880891ec49641934ed68899
wildfake,Images/Real/coco.zip,coco/coco2017/train2017/img156440.jpg,data/wildfake/real/509c6651714080ee.jpg,0,real,coco,train,56a764ae3fc450bdc0cd967ec3aea9d6945100c5e165382245822d3c31105883
wildfake,Images/Real/coco.zip,coco/coco2017/train2017/img103548.jpg,data/wildfake/real/7123c67a55c71ef0.jpg,0,real,coco,train,7295d94ce90d3d18a37c6e4c79822e496bdb35b350e60a4c76aa93468c3195d6
wildfake,Images/Real/coco.zip,coco/coco2017/test2017/img013013.jpg,data/wildfake/real/4f066ea2e820e17d.jpg,0,real,coco,train,7cba05a28c28835a080279dd27c5de4c57167d1d14bbf7aedc5a9691827f7ed8
wildfake,Images/Real/coco.zip,coco/coco2017/train2017/img149901.jpg,data/wildfake/real/2da58cdc8ae8434a.jpg,0,real,coco,train,9fc92e9d9bb62e763e65a0f605e586489aefcf39da91e6cb5da0b4efbb36d538
wildfake,Images/Real/coco.zip,coco/coco2017/train2017/img053202.jpg,data/wildfake/real/72e795b0d312877a.jpg,0,real,coco,train,877e1383c2182c1ada09eace890cbeb5a80f337048e9b7f4bb47a1c75f920796
wildfake,Images/Real/coco.zip,coco/coco2017/train2017/img151157.jpg,data/wildfake/real/8c529755e5f46187.jpg,0,real,coco,train,f18bdb0e2e8a2b082e995e195766225ce8d20804119aa56f37cdddc0c588d9a0
wildfake,Images/Real/coco.zip,coco/coco2017/train2017/img064889.jpg,data/wildfake/real/1081bb76bd3b4ca5.jpg,0,real,coco,train,8af8da01b4dda51b7128c18cc5fb13225207e189765548b4db1061f7e6705d8f
wildfake,Images/Real/coco.zip,coco/coco2017/test2017/img035340.jpg,data/wildfake/real/6365b2857bb4682f.jpg,0,real,coco,train,aee69bf0479d8d4be770a281f54ef90a52b01dec20da3bb1499fb36b39a1aa62
wildfake,Images/Real/coco.zip,coco/coco2017/test2017/img035751.jpg,data/wildfake/real/5acdf48763baf6cf.jpg,0,real,coco,train,9a177ea5f86bc596c4a3964c3e87e05f91c6af99668be4fe9f8bed5d27bb92c7
wildfake,Images/Real/coco.zip,coco/coco2017/test2017/img023489.jpg,data/wildfake/real/bd63e848d94c52c9.jpg,0,real,coco,train,dab665a6cd94e5de5cb584da389faefc68b710e9f801590a867b5b479147e2e0
wildfake,Images/Real/coco.zip,coco/coco2017/test2017/img023973.jpg,data/wildfake/real/555906b26fceef58.jpg,0,real,coco,train,e7789b9cad2691afbdf5111bea6374e29fa3c3e0d6efa122c9d2f79b8eb3f678
wildfake,Images/Real/coco.zip,coco/coco2017/test2017/img039909.jpg,data/wildfake/real/5fc098b3dc101a73.jpg,0,real,coco,train,0b85215d933c73a19cf1c941544e4adaab5f6458f182a95e9dc648c853351724
wildfake,Images/Real/coco.zip,coco/coco2017/test2017/img025247.jpg,data/wildfake/real/bd380bcdd5f37509.jpg,0,real,coco,train,b3927274e7575b8d57645507b3ef64cbec0997e5cc3c44302fc3ef9c1615a811
wildfake,Images/Real/coco.zip,coco/coco2017/train2017/img078791.jpg,data/wildfake/real/8c1291c8ef1a461b.jpg,0,real,coco,train,d621a4c607f4aa31ead53cc98c01bf65b263c6e48468c876ce803e002567f9ff
wildfake,Images/Real/coco.zip,coco/coco2017/train2017/img090373.jpg,data/wildfake/real/bfdcd46c7957f5e2.jpg,0,real,coco,train,f61133a4dd77d3b142013c1b7257fadb41f1bf02cbd09da2511a6ba5775dd470
wildfake,Images/Real/coco.zip,coco/coco2017/val2017/img161590.jpg,data/wildfake/real/6e1d73d61093ce66.jpg,0,real,coco,train,0e86d2a87246283fcaee7eb6ed6a6d852ed8fd4d9de1b69ee8c6103150a3001a
wildfake,Images/Real/coco.zip,coco/coco2017/val2017/img161836.jpg,data/wildfake/real/8d7a98c2af491345.jpg,0,real,coco,train,030c1119bf5be26b85fac22c138b390f467b046d89324a19ef309596b748fe97
wildfake,Images/Real/coco.zip,coco/coco2017/train2017/img093258.jpg,data/wildfake/real/9acb1e390e83f740.jpg,0,real,coco,train,3d33849bea3a865dd50595d62decef9da131706d5dcea962271c77bc20b14c4d
wildfake,Images/Real/coco.zip,coco/coco2017/train2017/img137246.jpg,data/wildfake/real/afc611524097b09c.jpg,0,real,coco,train,671cc37a7a72c294c9e7c719b169c669903e709fc4e8ce28a015735e538debbb
wildfake,Images/Real/coco.zip,coco/coco2017/train2017/img115541.jpg,data/wildfake/real/4ab125c9d74e5e1b.jpg,0,real,coco,train,4afe2e4e7d5dd4d0a6152b901439d76286af78a250a5b4b53d308ef49c639b9a
wildfake,Images/Real/coco.zip,coco/coco2017/train2017/img149277.jpg,data/wildfake/real/1646591d3299fd3f.jpg,0,real,coco,train,8344bc4489b2b61dddfba8ae9145d50eeb17d9cf02bd2021f464c0d08bf2b0a2
wildfake,Images/Real/coco.zip,coco/coco2017/test2017/img005085.jpg,data/wildfake/real/4c1d2d8aa999cb34.jpg,0,real,coco,train,d111c559cd1909bca9587f430ce51e2ae641870da9e6d2b10c984373142225cc
wildfake,Images/Real/coco.zip,coco/coco2017/train2017/img057858.jpg,data/wildfake/real/ca1909241229cfa7.jpg,0,real,coco,train,e16c0d90d00ea19d08b94c8373c6740ed5bb4ab0cd51135618d49e83f38a2ca7
wildfake,Images/Real/coco.zip,coco/coco2017/val2017/img162285.jpg,data/wildfake/real/f0b6fb39bde27d0b.jpg,0,real,coco,train,42183ed077204042c2fa35ef3d7941970dd78ab84c25688507b7469c6a4c2216
wildfake,Images/Real/coco.zip,coco/coco2017/train2017/img103391.jpg,data/wildfake/real/cf89f3d6ef724224.jpg,0,real,coco,train,36b04a924d24b2cd8b2abba3cd02f4a41fc1c5e0090e291cb0138c25ec95cc3b
wildfake,Images/Real/coco.zip,coco/coco2017/train2017/img107497.jpg,data/wildfake/real/ad0149666b4c5a7e.jpg,0,real,coco,train,32eb525f46b49279b0ba02b366289649279f167d9fe3a82ecc0afea48583dc98
wildfake,Images/Real/coco.zip,coco/coco2017/train2017/img083759.jpg,data/wildfake/real/3af425d50c3286f9.jpg,0,real,coco,train,dfd2a51996e122cfa997fd262743353f6a476860c0b98cc5da4bde68f161abed
wildfake,Images/Real/coco.zip,coco/coco2017/test2017/img005002.jpg,data/wildfake/real/bb7284580be4702e.jpg,0,real,coco,train,0c22b7c1302b4cc7499dde0125d039fd4661f2a8af3ab9aa1229b23a7366139f
wildfake,Images/Real/coco.zip,coco/coco2017/test2017/img038823.jpg,data/wildfake/real/e62057a13893fda4.jpg,0,real,coco,train,34ea3cdce6dad09fd5e4ba9e15258b8f47f4ec749625b23ba9f20ba6a9b5dd02
wildfake,Images/Real/coco.zip,coco/coco2017/test2017/img000188.jpg,data/wildfake/real/95c318ccbd7b952a.jpg,0,real,coco,train,598005adc0ff76ee61340433af659f8e5ce229166bdcf4b301ab786d39e88996
wildfake,Images/Real/coco.zip,coco/coco2017/val2017/img163437.jpg,data/wildfake/real/bb70bfae9a5d9dcd.jpg,0,real,coco,train,11ca6e6cff9663d07f7fece8ea2557f82fa21dab25e9cb2820b9841207530b6d
wildfake,Images/Real/coco.zip,coco/coco2017/train2017/img063760.jpg,data/wildfake/real/0e8345da290d90b8.jpg,0,real,coco,train,b0374ab82841fbd2dbbf41c3cc596a5698a54d7cf06f6c2e6d372c29e8af3434
wildfake,Images/Real/coco.zip,coco/coco2017/train2017/img085304.jpg,data/wildfake/real/ff72f9c11bb74e29.jpg,0,real,coco,train,d1496ac6b2f9cb74d86f68489d6db733a30a88cc9e655dd23335fb1a5a84dba4
wildfake,Images/Real/coco.zip,coco/coco2017/train2017/img122869.jpg,data/wildfake/real/12a9c4a9c13d14d7.jpg,0,real,coco,train,9e08863fa1e44de86ba8e12cde217a1bbcb03c27ce69abfb397e5e6f96da3142
wildfake,Images/Real/coco.zip,coco/coco2017/train2017/img118674.jpg,data/wildfake/real/4604ffc5c76096c5.jpg,0,real,coco,train,81f63217d652d1d893657c7f270e15df8463e94a0f12fe1fd0aca7e531a50b13
wildfake,Images/Real/coco.zip,coco/coco2017/train2017/img130740.jpg,data/wildfake/real/5952346d17acc885.jpg,0,real,coco,train,a155a30a5a85172c0ea0490798b97e6433aaf1d94d31a896ee29b7f8d44c356f
wildfake,Images/Real/coco.zip,coco/coco2017/train2017/img087499.jpg,data/wildfake/real/2750bd1c349ac605.jpg,0,real,coco,train,eeb3dbf793c5cf676365bc179d10fbe186bc7e661cdbf9d7e547a94be4f9a19b
wildfake,Images/Real/coco.zip,coco/coco2017/test2017/img024729.jpg,data/wildfake/real/07ed40bdc251ec80.jpg,0,real,coco,train,86592cbce2b6bda00f11d4ee4814d18af564fc273201d1d0f7682261365784ae
wildfake,Images/Real/coco.zip,coco/coco2017/test2017/img014694.jpg,data/wildfake/real/668e9edc07e987be.jpg,0,real,coco,train,afe067dafdbe4d68182edf2ab0604966e6750c156190543ef04edb917c5bde88
wildfake,Images/Real/coco.zip,coco/coco2017/train2017/img122554.jpg,data/wildfake/real/5f3e4bd396fe60cb.jpg,0,real,coco,train,305c8c7b5bae49c30142f363fbe77b231a71ff277bedb4fceb9135736597549d
wildfake,Images/Real/coco.zip,coco/coco2017/train2017/img063138.jpg,data/wildfake/real/81d7e1ea810ed20e.jpg,0,real,coco,train,3f627ede0e42b459da070957b21753d14d776ec0d5f131bb8c37d271dcb92000
wildfake,Images/Real/coco.zip,coco/coco2017/train2017/img141094.jpg,data/wildfake/real/cf7caa5608ee9b64.jpg,0,real,coco,train,6fa6dd9c501c95bf5dd1ac8e977b11017ac3b67d79fb253708d4c4af2953812b
wildfake,Images/Real/coco.zip,coco/coco2017/train2017/img152418.jpg,data/wildfake/real/55e77572326caf4b.jpg,0,real,coco,train,1d8fbd8b306c82dd6514f6280fcdadda2c63489447122e4f5f4bd59324623071
wildfake,Images/Real/coco.zip,coco/coco2017/test2017/img016261.jpg,data/wildfake/real/8d233dfdf177626f.jpg,0,real,coco,train,04db13f503d7d13079d90bbd30ab18e712d73c4f12115d828e856102eaee742d
wildfake,Images/Real/coco.zip,coco/coco2017/train2017/img156118.jpg,data/wildfake/real/8466638c97f2b288.jpg,0,real,coco,train,1fec74ac1dac033e4bd1fa2d03d621c99aa07064866617dbcbef2e3de357d779
wildfake,Images/Real/coco.zip,coco/coco2017/train2017/img094492.jpg,data/wildfake/real/2c71f04d35ecd02f.jpg,0,real,coco,train,039f30b98031243d9ef85f0396f7c1ab0253a1b79ca2bf372e008215ac38b211
wildfake,Images/Real/coco.zip,coco/coco2017/test2017/img038735.jpg,data/wildfake/real/5d8279af374b4739.jpg,0,real,coco,train,5324a161e7c6278ae63107d8e7e13a70a244482b5db6a72a50a64d2acd598bf0
wildfake,Images/Real/coco.zip,coco/coco2017/train2017/img109472.jpg,data/wildfake/real/5adace73f8244bde.jpg,0,real,coco,train,e1c8488d192872d6db35cfc213c680cb557433a9e0bf843146657e06fe0c0d35
wildfake,Images/Real/coco.zip,coco/coco2017/train2017/img089655.jpg,data/wildfake/real/e0a8fc797f9131a9.jpg,0,real,coco,train,beb8ea5f2a8fd5fecd58a8f4303a87c154e367db04042af68954a5fd37dc0522
wildfake,Images/Real/coco.zip,coco/coco2017/train2017/img116250.jpg,data/wildfake/real/59d1d01b666a9073.jpg,0,real,coco,train,bbc4c8f8d47ec590631906801302e556a726214b064e861931be889fd787b8b0
wildfake,Images/Real/coco.zip,coco/coco2017/train2017/img149946.jpg,data/wildfake/real/7c2b1168f5087938.jpg,0,real,coco,train,67f46e389fbae8e16f5cb6d7ddaf71bc08a7063da9d836f74b437bea8aab5972
wildfake,Images/Real/coco.zip,coco/coco2017/test2017/img023469.jpg,data/wildfake/real/94d1a81b49d378cd.jpg,0,real,coco,train,d55adba4331eb945a350f8dd41f3c0407e4dcf66d2a30d34c9607e5da260949f
wildfake,Images/Real/coco.zip,coco/coco2017/test2017/img017784.jpg,data/wildfake/real/91d01a1f904843ce.jpg,0,real,coco,train,dcc531e111598a7271f76e73c47dc3ac7d55e2f0e744480b23e5bcfdd7cd9ab5
wildfake,Images/Real/coco.zip,coco/coco2017/train2017/img156283.jpg,data/wildfake/real/8861923eea123dd7.jpg,0,real,coco,train,3c2191650a16075a1bf6bc9baaf798f428c6dd82257a32635281ba8a7bef96d9
wildfake,Images/Real/coco.zip,coco/coco2017/train2017/img059466.jpg,data/wildfake/real/466a1b0f69b8fdaf.jpg,0,real,coco,train,cab18bd4b25bfeb87b90f328802de61878bcc5ce5f96934ca1149cb19ce78695
wildfake,Images/Real/coco.zip,coco/coco2017/train2017/img112813.jpg,data/wildfake/real/c9f3e8821a131805.jpg,0,real,coco,train,b80af511f6abaa5c0fcb67f9df73304674780e5a4a6f96554f205595cef79cd1
wildfake,Images/Real/coco.zip,coco/coco2017/train2017/img151171.jpg,data/wildfake/real/6a4f1cd4a231d1d5.jpg,0,real,coco,train,d2f1aef370f645aa7191bfedfa39a2ab0292c6cee3c634c836cd0dcf51f2ab3a
wildfake,Images/Real/coco.zip,coco/coco2017/val2017/img161869.jpg,data/wildfake/real/0d997b24588632d8.jpg,0,real,coco,train,0714112bc65ba3f00f6858000c35f3c281a24d47fcdae1a8d95a5e1f2e731f9f
wildfake,Images/Real/coco.zip,coco/coco2017/train2017/img053655.jpg,data/wildfake/real/a6a615d879415355.jpg,0,real,coco,train,05028a6f3d6663255f9252f42ec8f44d9330d35c8ab110f717235b534ada10c2
wildfake,Images/Real/coco.zip,coco/coco2017/test2017/img010422.jpg,data/wildfake/real/56ef617094c7cfd1.jpg,0,real,coco,train,9fd1571a2940957cebe46976e77f1e7e45941b0903134e12558216347aeaef63
wildfake,Images/Real/coco.zip,coco/coco2017/test2017/img024105.jpg,data/wildfake/real/1140d4d7892724a9.jpg,0,real,coco,train,cd1c48142dd5e00faa6cac9990eeb9521c7ba4342f57971ec835041a68097867
wildfake,Images/Real/coco.zip,coco/coco2017/train2017/img094546.jpg,data/wildfake/real/21f39662625b92d7.jpg,0,real,coco,train,2c7bb6bd10310f7672742da773fda52430f0724f4e73c4e825bdc88f9bcc9677
wildfake,Images/Real/coco.zip,coco/coco2017/test2017/img004817.jpg,data/wildfake/real/fc7f7acb8664c06c.jpg,0,real,coco,train,cb33f7405a7a7b3f64056f33266058cff94f39d39761e34f453c34700964e9ca
wildfake,Images/Real/coco.zip,coco/coco2017/train2017/img116692.jpg,data/wildfake/real/db395b02e1326c43.jpg,0,real,coco,train,fc21804ef4b49e50c153c031bdb69d7dfe34b231fc3d8dad717caacce22e56f3
wildfake,Images/Real/coco.zip,coco/coco2017/train2017/img046857.jpg,data/wildfake/real/a29ea4a8cbcf2783.jpg,0,real,coco,train,2eeff34719295badbbe80a20150a101024f0e86f120e7a9c391d7e9ab9fe1827
wildfake,Images/Real/coco.zip,coco/coco2017/test2017/img012870.jpg,data/wildfake/real/1e77f43569eb0b07.jpg,0,real,coco,train,d35c797155d1c69f58d64d08131370543350cce0396fb8a1a5138824a4d0bc0b
wildfake,Images/Real/coco.zip,coco/coco2017/train2017/img135391.jpg,data/wildfake/real/482330c269ac0ff4.jpg,0,real,coco,train,1bd163a93c09fc50b8d96c7b4c8ad8564f4e74f435e54123bab41d2feb56e5ba
wildfake,Images/Real/coco.zip,coco/coco2017/val2017/img162106.jpg,data/wildfake/real/4db04ad2242c305f.jpg,0,real,coco,train,79ee446ac7c27c9de6bf964775ca8741314e3b097288c063656e1183eff0105f
wildfake,Images/Real/coco.zip,coco/coco2017/train2017/img064450.jpg,data/wildfake/real/976d2639bb33bd40.jpg,0,real,coco,train,71fd24a7c925f02486709dffc5480d49889447b903137a4f39377138cfc26c08
wildfake,Images/Real/coco.zip,coco/coco2017/test2017/img026124.jpg,data/wildfake/real/3e6c31f770f39a76.jpg,0,real,coco,train,74759add44ee1bb1ede6249fba5fa7bbbfa271f6242b4e4ef2a6a94953881469
wildfake,Images/Real/coco.zip,coco/coco2017/test2017/img038072.jpg,data/wildfake/real/3b7cb8ca61fd166c.jpg,0,real,coco,train,745a8996194325f77e6595e4d6a889efbbbda19f6552ce725844e45d44de9586
wildfake,Images/Real/coco.zip,coco/coco2017/train2017/img128086.jpg,data/wildfake/real/c4dfbdb4598ae03e.jpg,0,real,coco,train,01fabc7acf7572724ac9e80e0ab9c785e081c6167d5134a81c26c5c9b0625780
wildfake,Images/Real/coco.zip,coco/coco2017/train2017/img054821.jpg,data/wildfake/real/4de70d08c5de12d3.jpg,0,real,coco,train,2e5fc8826c1215ff11e4b250bedb177095090806e2444c510e75cccd89e272c1
wildfake,Images/Real/coco.zip,coco/coco2017/train2017/img046445.jpg,data/wildfake/real/3c3ed23e2f53557f.jpg,0,real,coco,train,344368633551974477ac150c1565f70ab2e3345d7d5b1e9e7327c5fe9f4d0175
wildfake,Images/Real/coco.zip,coco/coco2017/train2017/img128907.jpg,data/wildfake/real/d9be27a73ccacd92.jpg,0,real,coco,train,217fb38a374fd05c4c9a1c1051d8d2a535eed56ab8bda3ca2f77c4c3d46317a7
wildfake,Images/Real/coco.zip,coco/coco2017/train2017/img060899.jpg,data/wildfake/real/cf310be489b5eff8.jpg,0,real,coco,train,a714d4e8b20810f26e52c11a51961facb4752527e05b634355a8fb5b7125d3ad
wildfake,Images/Real/coco.zip,coco/coco2017/train2017/img150031.jpg,data/wildfake/real/c6bec720468d204f.jpg,0,real,coco,train,0bc32315edc405b0bdab34302e5b1a7d239f160343761f2df874eeddd065154f
wildfake,Images/Real/coco.zip,coco/coco2017/train2017/img116211.jpg,data/wildfake/real/56f6a4a425d0d5b1.jpg,0,real,coco,train,fb4c3fda4a27e89b30d359c7a1df188c9a4b294dcccc3b2db9eba0e16fbf94f4
wildfake,Images/Real/coco.zip,coco/coco2017/test2017/img034672.jpg,data/wildfake/real/8550a0589b1bfcd3.jpg,0,real,coco,train,0aeebe3fe203d8c9cd4137731c6fde2f2b84ff9c61342dadb706f70317636c7d
wildfake,Images/Real/coco.zip,coco/coco2017/test2017/img003936.jpg,data/wildfake/real/28a0d79e0cbe7db5.jpg,0,real,coco,train,a7717d62b2ccb68fcf9e290d3850a91306467601ef0839b698fa018a05805e88
wildfake,Images/Real/coco.zip,coco/coco2017/train2017/img085170.jpg,data/wildfake/real/608dc756b3916544.jpg,0,real,coco,train,f49ee41cc9d57546d3ce686be3e427ebf1e0cdc17097aa81e5efbe0d5954a869
wildfake,Images/Real/coco.zip,coco/coco2017/train2017/img114660.jpg,data/wildfake/real/cbab3f620eda2001.jpg,0,real,coco,train,53ab66ed331f1edd272046ea91c76371a35ac801d589c64f12ab522ea8145e54
wildfake,Images/Real/coco.zip,coco/coco2017/train2017/img103436.jpg,data/wildfake/real/eadcc360546ac2d4.jpg,0,real,coco,train,8486dc23ee4d9de568178ca83151eb93545d25fbb27db9a79c99c446a593c63d
wildfake,Images/Real/coco.zip,coco/coco2017/train2017/img085123.jpg,data/wildfake/real/fbc8678cf6da65f5.jpg,0,real,coco,train,72f184271b6e726fc525ffa8d3e4663eadcd2fb1a2f952a3e63afaf48cf80d22
wildfake,Images/Real/coco.zip,coco/coco2017/test2017/img038318.jpg,data/wildfake/real/7284b21ef230a5b6.jpg,0,real,coco,train,5d0e4d5e4b951eea3c547f91486383b570e79121c155aadac17a7a001bc86e8d
wildfake,Images/Real/coco.zip,coco/coco2017/train2017/img091267.jpg,data/wildfake/real/199639cf7309aea0.jpg,0,real,coco,train,419aec76faaf169f3a6d70f5973167ecebb86079e7fa3a88f2f34912368f1fe4
wildfake,Images/Real/coco.zip,coco/coco2017/train2017/img095504.jpg,data/wildfake/real/fe040380eb6c667b.jpg,0,real,coco,train,065916e7b36bb7a9bb76913ea1c4e8f7b84cb9a6113992ba8d7d8236a4aa5683
wildfake,Images/Real/coco.zip,coco/coco2017/train2017/img118059.jpg,data/wildfake/real/ec7dfbc041a4b908.jpg,0,real,coco,train,8920f6cf96608a966d4c4263eb5018ab138730e1b0e897c5e3562d78965bf572
wildfake,Images/Real/coco.zip,coco/coco2017/train2017/img136067.jpg,data/wildfake/real/56f0a55d0d018b8f.jpg,0,real,coco,train,722cc9f89df83a0b03f6f4a67aa969e4dd116d65ae8007c4755857e4b46da7f6
wildfake,Images/Real/coco.zip,coco/coco2017/train2017/img071817.jpg,data/wildfake/real/a892a37026f3b3f2.jpg,0,real,coco,train,2ba8b38b92e830f997c6d3df07164209de1e6b9d7d7810cb567ae9856dbcad46
wildfake,Images/Real/coco.zip,coco/coco2017/train2017/img138876.jpg,data/wildfake/real/79673404200642bd.jpg,0,real,coco,train,9a1b9d789487d304568afe3006ef1400cabd829c4009c0aba801a9bcf55cfeee
wildfake,Images/Real/coco.zip,coco/coco2017/train2017/img048664.jpg,data/wildfake/real/5a0334399c184940.jpg,0,real,coco,train,fa2bfe5ac355459d95e2ed165fb850a229e25c7b11d4b13f33b43b18afdafd52
wildfake,Images/Real/coco.zip,coco/coco2017/train2017/img073998.jpg,data/wildfake/real/e558fd3e4ca0cbae.jpg,0,real,coco,train,6f11c55904511cc98aafea0f47416177ac360af809ddd7740a46fe6f93724cc4
wildfake,Images/Real/coco.zip,coco/coco2017/val2017/img162692.jpg,data/wildfake/real/d3e37bc30803925b.jpg,0,real,coco,train,c0c7a4a3c8fb30d60f13dd44de29ed53f68c8d1d66d3a804af783950da73610d
wildfake,Images/Real/coco.zip,coco/coco2017/test2017/img018790.jpg,data/wildfake/real/81d81269317c03aa.jpg,0,real,coco,train,b6ea9bfed5c7e77fc55b30c8c20765105b33f22212c1a01e6ec811767acc10e3
wildfake,Images/Real/coco.zip,coco/coco2017/train2017/img101947.jpg,data/wildfake/real/1d5ec99a3492a484.jpg,0,real,coco,train,26b555074aec8e1da41596782f78d4509c6586d787b18bf845a170e4e66f3b4a
wildfake,Images/Real/coco.zip,coco/coco2017/train2017/img065239.jpg,data/wildfake/real/59920af93fea4fe9.jpg,0,real,coco,train,774df51e97cd1547c60754a4fa81be92f4b3e448d26bc797c1579b35e356524d
wildfake,Images/Real/coco.zip,coco/coco2017/train2017/img076831.jpg,data/wildfake/real/d8a9262f26957e57.jpg,0,real,coco,train,112de03bc6fb09bba5b063218a493c6b63e9e94a610cc6b23213e2caef1bf072
wildfake,Images/Real/coco.zip,coco/coco2017/train2017/img046925.jpg,data/wildfake/real/beaf2acd889006fb.jpg,0,real,coco,train,2a82ddbb71865a2528eda44d9e21c5a1972bebf359d63bedc5f1124385461f39
wildfake,Images/Real/coco.zip,coco/coco2017/train2017/img040916.jpg,data/wildfake/real/bc3c73389c929db0.jpg,0,real,coco,train,6257010bfa7bfa63ce39e2cec6fcad52610af169705de51eb1e5248d05ad6271
wildfake,Images/Real/coco.zip,coco/coco2017/test2017/img003861.jpg,data/wildfake/real/3bf41f5c662cfbdc.jpg,0,real,coco,train,fc3b44d8ad2ac4a0cd116f8acf692959ba4ae05f365f1e975608caec3004e3a1
wildfake,Images/Real/coco.zip,coco/coco2017/train2017/img101935.jpg,data/wildfake/real/265a577961d5190e.jpg,0,real,coco,train,995e25dc104d594e36be6c44b422006bc62b1e406a9fa22132b04c9d2e48f6ec
wildfake,Images/Real/coco.zip,coco/coco2017/test2017/img035432.jpg,data/wildfake/real/3f016caedd8369e7.jpg,0,real,coco,train,936706959b1b70ea9c263bf68132c52b4f48cc4993cca1532910e9bfed9777fb
wildfake,Images/Real/coco.zip,coco/coco2017/test2017/img017465.jpg,data/wildfake/real/99715218aa769ca6.jpg,0,real,coco,train,3d2f1f13183793f151e8c817f976c89e1263b99ee79d78d439cd2a56c09aee70
wildfake,Images/Real/coco.zip,coco/coco2017/train2017/img141634.jpg,data/wildfake/real/42fe5a83776fb5e4.jpg,0,real,coco,train,faa3155e233e275e72a61c7d7814c3ea182a4dc8009d4d77759acaa9ac9bbd9e
wildfake,Images/Real/coco.zip,coco/coco2017/train2017/img139539.jpg,data/wildfake/real/d846428cb83d30e2.jpg,0,real,coco,train,50de1c805168be974ed20c9695316bdad3caf9090b13fe6bc69fcdf31e000561
wildfake,Images/Real/coco.zip,coco/coco2017/val2017/img163362.jpg,data/wildfake/real/4a97a2c138c5b72a.jpg,0,real,coco,train,99cd1a4d4db72bd8bb4577ed8dc9e0948defb5d61b274064a2a31f8a47dfff10
wildfake,Images/Real/coco.zip,coco/coco2017/train2017/img108126.jpg,data/wildfake/real/f75822859ab22623.jpg,0,real,coco,train,86953584f94fd7481e938d2a24443f0bc3188f86918c50a54556eb60502429d9
wildfake,Images/Real/coco.zip,coco/coco2017/train2017/img120764.jpg,data/wildfake/real/7670c16d6fb5867b.jpg,0,real,coco,train,105f729ac615629044193e88b91aaaf2d2cb33ee544b23933539476ed0ce4170
wildfake,Images/Real/coco.zip,coco/coco2017/train2017/img098014.jpg,data/wildfake/real/c4990f3d1f540a36.jpg,0,real,coco,train,4004a2fd26f1152e67ddab708e5116490049cca4721bfee89c7b00efc17143e6
wildfake,Images/Real/coco.zip,coco/coco2017/test2017/img040581.jpg,data/wildfake/real/a9ec207305eb88cb.jpg,0,real,coco,train,5c06fbe633ca986c4bb21aba2266b592bec1cd9d21d20080fe54b2ce141af042
wildfake,Images/Real/coco.zip,coco/coco2017/train2017/img083595.jpg,data/wildfake/real/1964826a0542eea5.jpg,0,real,coco,train,d1fed9f826578944c324881b9f6aab27a1ff93af388054f6d26470684cd2aa97
wildfake,Images/Real/coco.zip,coco/coco2017/train2017/img147944.jpg,data/wildfake/real/ab9cc8b3137de12f.jpg,0,real,coco,train,19fd832774a983df48860824fb2f7ed4bf0dac5fb49be1312f7ee45527afeeb0
wildfake,Images/Real/coco.zip,coco/coco2017/test2017/img025012.jpg,data/wildfake/real/e308399db069d718.jpg,0,real,coco,train,899b11b760dc3cb84eef588d4bc83813fee68b09db4b03ceda1f7435a49289a4
wildfake,Images/Real/coco.zip,coco/coco2017/test2017/img002395.jpg,data/wildfake/real/77851ea60e3c815f.jpg,0,real,coco,train,10e5b2f48f9159e683ee89723bd5b826a010a13bd013dc285861ecb4973c2c71
wildfake,Images/Real/coco.zip,coco/coco2017/train2017/img134117.jpg,data/wildfake/real/ebf57177e567823c.jpg,0,real,coco,train,ac528ba0755a3775f232b945b2f9ec6ef617a75232072439b411233d80ec074a
wildfake,Images/Real/coco.zip,coco/coco2017/train2017/img143789.jpg,data/wildfake/real/80bc0254d3033aeb.jpg,0,real,coco,train,6baf51c471c44111cc493b82a131c72cfdf45066aebbe6d5ed9ff8f90cf58e77
wildfake,Images/Real/coco.zip,coco/coco2017/test2017/img039524.jpg,data/wildfake/real/98a93f4b9f579cb9.jpg,0,real,coco,train,39d5c36b33b50059c1d6203c7ef71946b93719783d6f97a69458d80b80c97fc6
wildfake,Images/Real/coco.zip,coco/coco2017/train2017/img083083.jpg,data/wildfake/real/2b9fe79e5b48a1f8.jpg,0,real,coco,train,5c0666c754cb7e870002559b35ffbbe85384b45893f80c4701b7a562d719c878
wildfake,Images/Real/coco.zip,coco/coco2017/train2017/img152936.jpg,data/wildfake/real/f1aa27b7462e64e9.jpg,0,real,coco,train,85930d92aa5a2daf8881a040492f40c0f645541c575723395ea7de0d32d3865b
wildfake,Images/Real/coco.zip,coco/coco2017/train2017/img068980.jpg,data/wildfake/real/89cdead48e5b8b53.jpg,0,real,coco,train,b2f4aebb5bc6254264b64fa3e28e3742c50fcb6dd8d872eb658dd545d61026cd
wildfake,Images/Real/coco.zip,coco/coco2017/train2017/img149789.jpg,data/wildfake/real/c21ae9bfa09dfc15.jpg,0,real,coco,train,5d1845fdb03e5650ac80029bbeabbc9b5a9114f339061844e00cba961b9f4261
wildfake,Images/Real/coco.zip,coco/coco2017/train2017/img063749.jpg,data/wildfake/real/b756340a27d8a4d4.jpg,0,real,coco,train,ab98f8f0c0e4cf5150cb6928e82c3a9c1d6d267355894839c0508c088ca9db8b
wildfake,Images/Real/coco.zip,coco/coco2017/train2017/img101621.jpg,data/wildfake/real/840a1657da444eed.jpg,0,real,coco,train,d9199a75ef0c86ed56e7ba13ef141bfeb3251fa3ad7a61e4e2d42b6e31bbf8db
wildfake,Images/Real/coco.zip,coco/coco2017/test2017/img005964.jpg,data/wildfake/real/beaddc4040d322e5.jpg,0,real,coco,train,eddda01895b8a88722ca734a9dc7ab2230384a3c70056f4e48b6a3e30004e0f5
wildfake,Images/Real/coco.zip,coco/coco2017/train2017/img090965.jpg,data/wildfake/real/157478f3bd697730.jpg,0,real,coco,train,1c2f27ed279cd7b443ca5d733028517b2b7ef4ddbc07e31a3e8e65c72ec4638d
wildfake,Images/Real/coco.zip,coco/coco2017/train2017/img113887.jpg,data/wildfake/real/9fc9e210b8aa8d8b.jpg,0,real,coco,train,b21b578e745310bcf02047f790a61bc80ef6e3dac0513e4d1c1c9f1cc25d7bda
wildfake,Images/Real/coco.zip,coco/coco2017/train2017/img050261.jpg,data/wildfake/real/cc4d78dcd6173d1d.jpg,0,real,coco,train,209c7433efd6a04801d5eff6c74cfe2d04c95dd9fdf44bcfffef2efb536033ea
wildfake,Images/Real/coco.zip,coco/coco2017/train2017/img099429.jpg,data/wildfake/real/527f4dafbd2cb6f7.jpg,0,real,coco,train,44c1559b2d1da2f8c3c663407ff28f56525351becd1268058c22f8f98fe7ca93
wildfake,Images/Real/coco.zip,coco/coco2017/train2017/img095816.jpg,data/wildfake/real/2f2075157c16ee43.jpg,0,real,coco,train,78f25b39f4b535635d32bbf32fbb3aec36372f122f0c57a3ddcfeb8dc6e202af
wildfake,Images/Real/coco.zip,coco/coco2017/train2017/img056965.jpg,data/wildfake/real/753ef26b0652c919.jpg,0,real,coco,train,22cd01ec51f6eab0a0e13267926b96081c3314c7523e9e530e2b9a8eccddcbcc
wildfake,Images/Real/coco.zip,coco/coco2017/test2017/img040662.jpg,data/wildfake/real/612aacd994d8c48a.jpg,0,real,coco,train,2d819a72b3d24ab4db0ac0ee94f3b940d2a104beac7935c350ba160b1e6d3d39
wildfake,Images/Real/coco.zip,coco/coco2017/train2017/img108489.jpg,data/wildfake/real/4fc5b5c9a4c1f1f4.jpg,0,real,coco,train,3c9dcd0270f4bced319b226f1987437180af39a378bb215ffd77d977b9b29746
wildfake,Images/Real/coco.zip,coco/coco2017/train2017/img065249.jpg,data/wildfake/real/8871c588e31c2fd1.jpg,0,real,coco,train,9fd063cf2f36ceb9425c0c44f63fc4385bb6792800217efe7bccd33de7354ed4
wildfake,Images/Real/coco.zip,coco/coco2017/train2017/img103774.jpg,data/wildfake/real/ad7cabc1d61886f1.jpg,0,real,coco,train,a4ea77932249a5a21f414e4be8155962f0e003d77f12453880be2fb2d3b278ea
wildfake,Images/Real/coco.zip,coco/coco2017/train2017/img148169.jpg,data/wildfake/real/ee359d4ee733d07b.jpg,0,real,coco,train,d52f86bc024f352686c5ec9a5302829cb74a004ea22bfabe126080802448d541
wildfake,Images/Real/coco.zip,coco/coco2017/train2017/img056627.jpg,data/wildfake/real/a92d9ebdfd322687.jpg,0,real,coco,train,e0c491529872e52236ba7f1a1cf74d43557ea4a22c4ac1863a38102bb392ad55
wildfake,Images/Real/coco.zip,coco/coco2017/train2017/img077301.jpg,data/wildfake/real/b88e2e8f766a1325.jpg,0,real,coco,train,3bdd5183e02f8f83c592afa4dd4329da97a75b9cc6010c80967002df2fb8989b
wildfake,Images/Real/coco.zip,coco/coco2017/test2017/img017955.jpg,data/wildfake/real/cf1b4a95e7a06a10.jpg,0,real,coco,train,6906c92683d83965a2dec237d3d0bcf2706980544dab9c5ec0191bdca0132299
wildfake,Images/Real/coco.zip,coco/coco2017/train2017/img059350.jpg,data/wildfake/real/4259e22f8e709b87.jpg,0,real,coco,train,5a4f5c06c41f0a5aaf205e0f5780b5fcd34cb81089c3cabe98f2a90c66cc0fea
wildfake,Images/Real/coco.zip,coco/coco2017/train2017/img126155.jpg,data/wildfake/real/4f194bf354986e59.jpg,0,real,coco,train,541ee5b6f1fe57ba80735ee31e4034b506a00540a8f5bd5e044ec5027a8a3c38
wildfake,Images/Real/coco.zip,coco/coco2017/train2017/img149872.jpg,data/wildfake/real/9bb96809972289e6.jpg,0,real,coco,train,959003eaa4b9e93fdf637b212fb350ac7170296f2b3cd007dda36a0437032559
wildfake,Images/Real/coco.zip,coco/coco2017/test2017/img004274.jpg,data/wildfake/real/5637955c062c22da.jpg,0,real,coco,train,dab5207183409cabd59105d3d5a1c135b136bb17bfca485abf8331ee6a2c4c03
wildfake,Images/Real/coco.zip,coco/coco2017/train2017/img097509.jpg,data/wildfake/real/3b711364f9d7273b.jpg,0,real,coco,train,cb535c101bbb6d1e1a8deecb8cb3e4aa94a3da391b74be46dad48e289e5f077a
wildfake,Images/Real/coco.zip,coco/coco2017/train2017/img058199.jpg,data/wildfake/real/35289c5ef8184c6b.jpg,0,real,coco,train,ef9dc023cf94771fd4ecfb3791a3aedef9c5c80dfc937459ec032713d6b86678
wildfake,Images/Real/coco.zip,coco/coco2017/train2017/img146465.jpg,data/wildfake/real/4d843c0d9587cb8e.jpg,0,real,coco,train,1c5b5ad417f22b7c716529066f38e3eabb1128e219a62b0de23ddadc40622a02
wildfake,Images/Real/coco.zip,coco/coco2017/train2017/img059169.jpg,data/wildfake/real/2d4bd1f35c9b2cf6.jpg,0,real,coco,train,6e4a72d49b9b34451c0fab46291955a2cb28a0f4b6719d48c1df004a47e45bdd
wildfake,Images/Real/coco.zip,coco/coco2017/train2017/img082601.jpg,data/wildfake/real/cca9ed01b92905ee.jpg,0,real,coco,train,72432ea7b125e1c2bf2f2d6be3493b261c8f7f765233dd31e87f774b91a35c91
wildfake,Images/Real/coco.zip,coco/coco2017/val2017/img162570.jpg,data/wildfake/real/243480ff9d7d0ff0.jpg,0,real,coco,train,11b8f997d0e8e2bf26407f8ff03ded6545164a40b4f3b082de3e51d077b19ea1
wildfake,Images/Real/coco.zip,coco/coco2017/train2017/img082746.jpg,data/wildfake/real/fa1bb6f203230e68.jpg,0,real,coco,train,adfa41b21e6b168696788cf99d026d3777261cf668ad8a566bc18832ce8108b2
wildfake,Images/Real/coco.zip,coco/coco2017/train2017/img081052.jpg,data/wildfake/real/0cd1d181139a501c.jpg,0,real,coco,train,3089f028c05393216ad6886aa858e906f4d507259aa56a79b74460b4651ffd2f
wildfake,Images/Real/coco.zip,coco/coco2017/train2017/img129044.jpg,data/wildfake/real/2dc0b0ce6a28ddc0.jpg,0,real,coco,train,39aa54db82b5b2fb9878e7c623396c2dd7359795afd5f3929b0153a3f8a95c0c
wildfake,Images/Real/coco.zip,coco/coco2017/train2017/img041604.jpg,data/wildfake/real/0f892459997d5170.jpg,0,real,coco,train,01f3dbd819761bffd84e30aaaa15390dbba9b57b871c98eef1e4bd2e664cd894
wildfake,Images/Real/coco.zip,coco/coco2017/test2017/img006346.jpg,data/wildfake/real/21d5f7d4a43d660c.jpg,0,real,coco,train,80296b893bfe5eeb9b3f88261203daae5ab85bf4443fa55fb37acb1cf36a8dac
wildfake,Images/Real/coco.zip,coco/coco2017/train2017/img096300.jpg,data/wildfake/real/ea3837c7b09d1308.jpg,0,real,coco,train,525a1be2d44c436e8ce05248ff6417732198e02efa9df3366b07e3ff63dc6664
wildfake,Images/Real/coco.zip,coco/coco2017/train2017/img083309.jpg,data/wildfake/real/9ee174b45dd7d2cb.jpg,0,real,coco,train,540fbcd451d1113ef3a7ea3f00da7b8ef8e3ca8c55f5dad0f3a0e2fcafac218d
wildfake,Images/Real/coco.zip,coco/coco2017/train2017/img131332.jpg,data/wildfake/real/7de63540fb13b0a2.jpg,0,real,coco,train,fe47234dfa9a85268ea6e9e3a2c4bbe24260301030fb7e248a8ce74f9adf0e2a
wildfake,Images/Real/coco.zip,coco/coco2017/train2017/img154989.jpg,data/wildfake/real/38dbe9b2ddf24fdd.jpg,0,real,coco,train,54b306f2a0307d0aefb1870256537b9f44c681e63ea360db4e179445718294d2
wildfake,Images/Real/coco.zip,coco/coco2017/train2017/img143959.jpg,data/wildfake/real/e6732c79154ef791.jpg,0,real,coco,train,c3eb90c065619386c64468bf1c41fff85354dc6d3c2c63137e7a8dfafd43cf8f
wildfake,Images/Real/coco.zip,coco/coco2017/train2017/img156144.jpg,data/wildfake/real/280dd5cfc55d4985.jpg,0,real,coco,train,f930d82984e331495af66258dd7ab3bd8164e2acefd69a6d6a7e48f98483a290
wildfake,Images/Real/coco.zip,coco/coco2017/train2017/img124033.jpg,data/wildfake/real/192bca895c426a1d.jpg,0,real,coco,train,f0a885d56076ae44a1b1c701e12abeb1bab9a518c04616811339696364fe9759
wildfake,Images/Real/coco.zip,coco/coco2017/train2017/img072384.jpg,data/wildfake/real/ad738741b2b59576.jpg,0,real,coco,train,f2084133e7db1b545d8a47de758c8f27ce2631bc9f63fb961f65b475d02c7acc
wildfake,Images/Real/coco.zip,coco/coco2017/train2017/img148657.jpg,data/wildfake/real/c6c6b72dae7f0752.jpg,0,real,coco,train,ba8047e6970f3a0064d2da00fc40c4c8796ccbcbcf1d9c26e50d6d677852ca4a
wildfake,Images/Real/coco.zip,coco/coco2017/train2017/img137933.jpg,data/wildfake/real/662423217558a95f.jpg,0,real,coco,train,54c59ab5374ec85b01c91b5c3e50efae75683fc2bccc6f69e29270df23a5ffee
wildfake,Images/Real/coco.zip,coco/coco2017/train2017/img061953.jpg,data/wildfake/real/19e846216afea778.jpg,0,real,coco,train,c3b37a51f2feee339c597f220b9a56a569de052c7f25920d486c098115ed8559
wildfake,Images/Real/coco.zip,coco/coco2017/train2017/img068869.jpg,data/wildfake/real/74084c23b681659b.jpg,0,real,coco,train,9d3595ea0b28fd45eac1b14fe187105bb3bbb7ef2cf3808fe536ab78875e4648
wildfake,Images/Real/coco.zip,coco/coco2017/train2017/img156608.jpg,data/wildfake/real/218ec6aad173d716.jpg,0,real,coco,train,573e89890f06f5981cf31ead9a57205c37eab14cf8ac4faab1bd0f0a259d6eed
wildfake,Images/Real/coco.zip,coco/coco2017/test2017/img002998.jpg,data/wildfake/real/2057646bbe27d558.jpg,0,real,coco,train,e61ff3002247f27234d66a85539ee7005ea992a6a0c77e0a7debe8f29ba0258f
wildfake,Images/Real/coco.zip,coco/coco2017/train2017/img051962.jpg,data/wildfake/real/c9f163affe0ab07e.jpg,0,real,coco,train,6a648218ee4a8a0552c2e29edefb55ae4ae84a248528745b0843b7fcb346f90d
wildfake,Images/Real/coco.zip,coco/coco2017/train2017/img084834.jpg,data/wildfake/real/782a8c2d10a3169b.jpg,0,real,coco,train,11def807a99ef776b97be554becd0ebb96b35eb036ebb200b91cd344f33613df
wildfake,Images/Real/coco.zip,coco/coco2017/train2017/img081868.jpg,data/wildfake/real/718f0a765d0451d3.jpg,0,real,coco,train,eed5e775a6e39bdf9251c5919da8bc1a03f0a177065c49d8f012c13cc5814b49
wildfake,Images/Real/coco.zip,coco/coco2017/test2017/img010353.jpg,data/wildfake/real/a4cee76cc26d2286.jpg,0,real,coco,train,bf841251a12dca548ad848c2bacbea2cebb93b012888b6fd8dbae73670e2cec7
wildfake,Images/Real/coco.zip,coco/coco2017/train2017/img136650.jpg,data/wildfake/real/0e3cdc7de9b2d962.jpg,0,real,coco,train,a8d1bc6ac9b5acf83ba0266abb4b5adc064f1238419da9ca0be4f7d1230140b1
wildfake,Images/Real/coco.zip,coco/coco2017/train2017/img101079.jpg,data/wildfake/real/967dbcef650915f6.jpg,0,real,coco,train,b5b70b0b4f97f31aec2d5db53c331d3db54872c8d6720873dafe3b54fc99f298
wildfake,Images/Real/coco.zip,coco/coco2017/train2017/img143127.jpg,data/wildfake/real/65bdb699c23e11f6.jpg,0,real,coco,train,e7511f91a139d1a4bb268059a587d31d353b253894607b9b206a684cff9a0313
wildfake,Images/Real/coco.zip,coco/coco2017/train2017/img147204.jpg,data/wildfake/real/3b2997c87be1c8a7.jpg,0,real,coco,train,64e33a662679c8da297d020ba1ee1fe0603f3b730d4966af49535e3a757e53ae
wildfake,Images/Real/coco.zip,coco/coco2017/train2017/img113925.jpg,data/wildfake/real/15971e31067e32fa.jpg,0,real,coco,train,6d5cb6b02776bfe8a633290fa349279c2bc6f607df8097b83ebe531bd98873fa
wildfake,Images/Real/coco.zip,coco/coco2017/test2017/img005598.jpg,data/wildfake/real/734a81935dbcd4a2.jpg,0,real,coco,train,42f4d5384436cc3cd1c61173f7c7084a4fa3bc846c3cfedc54592b1100a64481
wildfake,Images/Real/coco.zip,coco/coco2017/test2017/img028972.jpg,data/wildfake/real/bf6ab1f61c692e42.jpg,0,real,coco,train,f1298944856fd9fcfe0f20c4de8ef372f6cafc94c52a7c14126fbaf316161012
wildfake,Images/Real/coco.zip,coco/coco2017/test2017/img000051.jpg,data/wildfake/real/975b651e479396a9.jpg,0,real,coco,train,3ca8424b6a9ca06a8703dbce72f8ad69bdd68dda70ea506cbb1bef7a5cb48290
wildfake,Images/Real/coco.zip,coco/coco2017/train2017/img048458.jpg,data/wildfake/real/c030ae8eabf575ee.jpg,0,real,coco,train,b5e9bd5dc1ad24fa87002fbcc0c96fa09bcfeb3dace7723954f4a2a50cfdd2e7
wildfake,Images/Real/coco.zip,coco/coco2017/train2017/img070610.jpg,data/wildfake/real/a147a5dc8be71143.jpg,0,real,coco,train,ed98f90b37450f2e52a859747a9904911eb8b45862d7de285cec5304bf8851c0
wildfake,Images/Real/coco.zip,coco/coco2017/train2017/img057122.jpg,data/wildfake/real/36506a24f51cdaca.jpg,0,real,coco,train,0c0108c88bd100d395e58069c3d84017264c619ff0e34e3264654c6233f87eeb
wildfake,Images/Real/coco.zip,coco/coco2017/val2017/img160412.jpg,data/wildfake/real/d1b6d69abedb24cd.jpg,0,real,coco,train,5962d846a2a93ea3dabff127bf92436b4706c1a8f339a348c91cd2e6b7a39dc9
wildfake,Images/Real/coco.zip,coco/coco2017/train2017/img120023.jpg,data/wildfake/real/aedcb948a7b1f584.jpg,0,real,coco,train,576a45887b74aea21bb84acc9c780a4c94971c4da403931edee5b16fd0ef8c10
wildfake,Images/Real/coco.zip,coco/coco2017/train2017/img146410.jpg,data/wildfake/real/149b62254f30a2b4.jpg,0,real,coco,train,7f4818d2bd2783f08e98a3312edef76973be32d9929c8ed9f774634c89f541d9
wildfake,Images/Real/coco.zip,coco/coco2017/train2017/img127322.jpg,data/wildfake/real/df8f121f724a4fac.jpg,0,real,coco,train,f62320304d7225f217a88144ff080c79014febe27f0d7e3d33dac28c6ce33f6e
wildfake,Images/Real/coco.zip,coco/coco2017/train2017/img120886.jpg,data/wildfake/real/eb07a76eaa8bc4d6.jpg,0,real,coco,train,497130e1077ee306994bbc1ab18f99d4aa1d85286faa6c64b7302f0e425bab49
wildfake,Images/Real/coco.zip,coco/coco2017/test2017/img033001.jpg,data/wildfake/real/e6bfadc06e19050d.jpg,0,real,coco,train,0a683e4793857cd20ae760487cf9a1eba5140c8b38242d3d48d24583e2f1435b
wildfake,Images/Real/coco.zip,coco/coco2017/train2017/img085160.jpg,data/wildfake/real/f6e89d97de3c6fcf.jpg,0,real,coco,train,8ec42433eeadb8187dc1f76654acde7e4eac3bb38a1919e047719755d01954ba
wildfake,Images/Real/coco.zip,coco/coco2017/train2017/img128523.jpg,data/wildfake/real/314af8c6718e7183.jpg,0,real,coco,train,5ae70b63fe2a87f8f3aac0bf10de85370f0e57ae8f326478c48087a7ecf202a9
wildfake,Images/Real/coco.zip,coco/coco2017/train2017/img063557.jpg,data/wildfake/real/778a6d9b30cb5916.jpg,0,real,coco,train,9ec6779ef661a1815bf25a675473e658ad91e1a30b6144073b7bfdeedacb8708
wildfake,Images/Real/coco.zip,coco/coco2017/train2017/img078586.jpg,data/wildfake/real/1a085ae7adadd972.jpg,0,real,coco,train,b89206790b06fefaf49217b1e21b19553c0208a3d0aeca52f69852d392fe96d2
wildfake,Images/Real/coco.zip,coco/coco2017/train2017/img140022.jpg,data/wildfake/real/8a789b727b5c0676.jpg,0,real,coco,train,8133850a786779f6097438b657a289efb5b397c1c154dc68be12fdcfdac82523
wildfake,Images/Real/coco.zip,coco/coco2017/train2017/img069905.jpg,data/wildfake/real/a51973f48d8f191b.jpg,0,real,coco,train,8b16cf878afdf8799a2243b247fd9668784822563813ed6ea0de4ebcda5913c0
wildfake,Images/Real/coco.zip,coco/coco2017/train2017/img117882.jpg,data/wildfake/real/350914331481990f.jpg,0,real,coco,train,029c94f12812f42c6138582b3eecc2180e89bdda586762a032f96ea130149c65
wildfake,Images/Real/coco.zip,coco/coco2017/train2017/img141129.jpg,data/wildfake/real/3e9cbfae2f8799f0.jpg,0,real,coco,train,6d9f03dcba3a2ff917ba9838cb7bc291bd942f74e0f7a9b5a7e88c2d391fc6d6
wildfake,Images/Real/coco.zip,coco/coco2017/train2017/img128917.jpg,data/wildfake/real/14d02ee5d23d5220.jpg,0,real,coco,train,8ccee17e6af74c500cb939b038ca89e75d7fb9b706cfc22ff847416203b0fc45
wildfake,Images/Real/coco.zip,coco/coco2017/train2017/img140695.jpg,data/wildfake/real/b5c42899aa3f561b.jpg,0,real,coco,train,7802a2d6650f010198dc55ba7c2b44ea7d93485d9f2cc88f6b651a113cb0e795
wildfake,Images/Real/coco.zip,coco/coco2017/test2017/img012929.jpg,data/wildfake/real/d01c56b9746e9adb.jpg,0,real,coco,train,a8659c0b08a03016d7af7c4eff4ff5d946d452595159f9fe05150d17de13e671
wildfake,Images/Real/coco.zip,coco/coco2017/train2017/img137556.jpg,data/wildfake/real/fad94e52780c6ec4.jpg,0,real,coco,train,0a592cde95b90eb6493d10d79e6cbc7585118d1da4673bd865720fc9f708d876
wildfake,Images/Real/coco.zip,coco/coco2017/train2017/img050655.jpg,data/wildfake/real/e993159fc575ecb2.jpg,0,real,coco,train,0ecae16391a7d0d0a1876c02cdffa1d3e227aef1aefdd4fd8b3a57a0e296d0b9
wildfake,Images/Real/coco.zip,coco/coco2017/train2017/img128520.jpg,data/wildfake/real/4d737d4368daf552.jpg,0,real,coco,train,78bf6577d98ae68505e4037dc6a93457eecff38c98b8ef66cc75780bce2cfb4c
wildfake,Images/Real/coco.zip,coco/coco2017/train2017/img158802.jpg,data/wildfake/real/cddf9398ad8f4f3d.jpg,0,real,coco,train,716ce80e937238181400595d719b33cea24e281a29f3f661b92f573ece2beb0b
wildfake,Images/Real/coco.zip,coco/coco2017/train2017/img128562.jpg,data/wildfake/real/e671088d42089ec5.jpg,0,real,coco,train,b42138d68c7690af0f440cb7fe6a4317a4a5a19bd9089f11bd60a9309c8d3b9f
wildfake,Images/Real/coco.zip,coco/coco2017/train2017/img080754.jpg,data/wildfake/real/daa5f127b9505cd1.jpg,0,real,coco,train,872641b2fcbca0c1c0d55b930b9c7c689ede542578b1a41bd635ca7b44ad2491
wildfake,Images/Real/coco.zip,coco/coco2017/train2017/img066647.jpg,data/wildfake/real/99ea0a6ee7b03297.jpg,0,real,coco,train,5325f2e65164d41485c6cb6f006adfa60b38552ef6afc7257e9db0f54c36adf1
wildfake,Images/Real/coco.zip,coco/coco2017/test2017/img029514.jpg,data/wildfake/real/c8191b9796e23a9f.jpg,0,real,coco,train,f9381250afa83df45db1c371506f8b203d76d18690fb3ca0fbcd1323349724d7
wildfake,Images/Real/coco.zip,coco/coco2017/test2017/img034501.jpg,data/wildfake/real/bf3976bf174f55dd.jpg,0,real,coco,train,de4d3a46ea07d0044df6c162a825c9a3fa2669c89d516de058264495ce0eebf1
wildfake,Images/Real/coco.zip,coco/coco2017/train2017/img115084.jpg,data/wildfake/real/3aa3f3dc892cbf42.jpg,0,real,coco,train,410aff3e2140955efe60f1a2d1dc5ae5b62d5f423ac7cd3de1bf5fc066bedd6c
wildfake,Images/Real/coco.zip,coco/coco2017/train2017/img071157.jpg,data/wildfake/real/2e2e0f42f633c929.jpg,0,real,coco,train,a4f92daee38c2a2f9da45fc803898326a21b494fde0be54ba2a286bddde1636f
wildfake,Images/Real/coco.zip,coco/coco2017/test2017/img014663.jpg,data/wildfake/real/c1bda4a11ec06023.jpg,0,real,coco,train,3b48863ee39917b6d8f0ffbea0ccdf308fbb8aebf4b977239dd5cd64ba6c7757
wildfake,Images/Real/coco.zip,coco/coco2017/train2017/img150901.jpg,data/wildfake/real/d22c1cdcf9a5b5b9.jpg,0,real,coco,train,752927a4938008227bf70e81bee45dba21caf9136bd97ec319ed93c30d82f839
wildfake,Images/Real/coco.zip,coco/coco2017/train2017/img103194.jpg,data/wildfake/real/d0f43dd1a45a2602.jpg,0,real,coco,train,11087555f48738b5de6a6b34782e9cc46152196cf265b6300c920731c8926f86
wildfake,Images/Real/coco.zip,coco/coco2017/test2017/img015674.jpg,data/wildfake/real/d3e9c116b9e9d50f.jpg,0,real,coco,train,afb43dfa8e4250fd22ea0155e10455cbed9812bf2c410b06e20b11d83e40aab8
wildfake,Images/Real/coco.zip,coco/coco2017/train2017/img092420.jpg,data/wildfake/real/d09d6da2501d7962.jpg,0,real,coco,train,04fd51253c76dedb834d919cbad6ab05f01691951ed2a4614b69601a64f3cf39
wildfake,Images/Real/coco.zip,coco/coco2017/train2017/img090044.jpg,data/wildfake/real/48416d919353b349.jpg,0,real,coco,train,26e0719dcde38ae9a0fd96cdc15c55c3935ae78af6c97fe101e6aca032ce2c6d
wildfake,Images/Real/coco.zip,coco/coco2017/train2017/img079567.jpg,data/wildfake/real/b6efdf4e3a88c14c.jpg,0,real,coco,train,c4b6b6bfcc48582f99b43e74b7816b5a5dc37c802a94a9cbf1b14b5b1860b11a
wildfake,Images/Real/coco.zip,coco/coco2017/train2017/img072362.jpg,data/wildfake/real/df9e56bcb6c86504.jpg,0,real,coco,train,fef43458f82a97f96b17b544f575bc9edcbc41a691c749dac93c776873e520ca
wildfake,Images/Real/coco.zip,coco/coco2017/test2017/img023027.jpg,data/wildfake/real/02e37e7555064e39.jpg,0,real,coco,train,55a112cc835756cd093270e722231f11d4183a1ab44492e9abc5bbf9a34b5269
wildfake,Images/Real/coco.zip,coco/coco2017/test2017/img008320.jpg,data/wildfake/real/be839afb617a7582.jpg,0,real,coco,train,3abcfd288163cdd15b2b64ed73de0886a3c4362e3e7fbc5b6169a770319265a3
wildfake,Images/Real/coco.zip,coco/coco2017/train2017/img086628.jpg,data/wildfake/real/059f0c6eb3c9b11f.jpg,0,real,coco,train,f4174a7de526bfedeb1bb6cb663f44718ffed19ca9e68fca18c11c72334faabd
wildfake,Images/Real/coco.zip,coco/coco2017/train2017/img111101.jpg,data/wildfake/real/eb1c44aed08df0fd.jpg,0,real,coco,train,d87af547ab8dcb15c034307387c7ab685287d734c977c6d7795c76bbdc417048
wildfake,Images/Real/coco.zip,coco/coco2017/train2017/img042825.jpg,data/wildfake/real/7d9b84395804a648.jpg,0,real,coco,train,db8fd9dd4ed7fcb720c60c79ea930c1a82649cc9d2eae4e7e21e8c6f10e4c56f
wildfake,Images/Real/coco.zip,coco/coco2017/train2017/img137779.jpg,data/wildfake/real/a52aa676c1738a0d.jpg,0,real,coco,train,e6bde00c371c8d471186bcaa29fba75739e76f795f7ff0ed8b4179e77c21e5eb
wildfake,Images/Real/coco.zip,coco/coco2017/train2017/img139806.jpg,data/wildfake/real/d83779358835b299.jpg,0,real,coco,train,81696fef683981564e7aa2171469d6d9bcf79a6b455dcdf8075c8c14c7de97ab
wildfake,Images/Real/coco.zip,coco/coco2017/train2017/img069507.jpg,data/wildfake/real/572f1ef8a7fe4230.jpg,0,real,coco,train,1d1a96fb2fb1abce1f8d9d67786c4cf789dc89411e397fdfb4c408ad5d41c160
wildfake,Images/Real/coco.zip,coco/coco2017/test2017/img040066.jpg,data/wildfake/real/ce69203da0a08933.jpg,0,real,coco,train,ba7dff5a6d7b84d62ae7a23f699f981cb57390e90e428f0c17ef6498a6dde258
wildfake,Images/Real/coco.zip,coco/coco2017/train2017/img042960.jpg,data/wildfake/real/d31379ea522c9c1a.jpg,0,real,coco,train,bc18b85df4d8be21f7f95889638107cafdc5f8f6f7653e647d6a89cb52991fc8
wildfake,Images/Real/coco.zip,coco/coco2017/train2017/img101561.jpg,data/wildfake/real/bba73567faca7058.jpg,0,real,coco,train,14a098e3376e17694c2c8f03896e63d9afdd8c9b99d68be36d209f5b38b6b96c
wildfake,Images/Real/coco.zip,coco/coco2017/test2017/img026550.jpg,data/wildfake/real/34631f6b5bba1811.jpg,0,real,coco,train,f66eaa857ad61b40b830b1d29bd3a69be7589f78be9649ffa677b7e6b866fc91
wildfake,Images/Real/coco.zip,coco/coco2017/train2017/img142601.jpg,data/wildfake/real/14d3c802fd0d0828.jpg,0,real,coco,train,7d0d2857a6f661e5ce5f382572223c7297cf6c21c791061dd0b842d2533dc053
wildfake,Images/Real/coco.zip,coco/coco2017/test2017/img020845.jpg,data/wildfake/real/ef63e7f9caa93bf4.jpg,0,real,coco,train,25e2907cf35f28aed2e7adea91ba1180b2f1eb1a228b81b22484e83ae2f47462
wildfake,Images/Real/coco.zip,coco/coco2017/train2017/img081226.jpg,data/wildfake/real/ee06833cb295cb7e.jpg,0,real,coco,train,b653df61c57c283f9ec930dc58bed232e7539ade4b8a5ef2ae0a6f23ec4ab48e
wildfake,Images/Real/coco.zip,coco/coco2017/train2017/img072217.jpg,data/wildfake/real/a119ddc6342da52d.jpg,0,real,coco,train,ec52bead82eddd4be5437a8f1381d6d22bc19ee09fafc3a46efa8f36914da873
wildfake,Images/Real/coco.zip,coco/coco2017/train2017/img140644.jpg,data/wildfake/real/ecff77721244877b.jpg,0,real,coco,train,d8ba44ea358a46406aade3cb91d2d588c76e4ed47dac21ac9c9a5e3d77128ab0
wildfake,Images/Real/coco.zip,coco/coco2017/test2017/img007725.jpg,data/wildfake/real/1448613febfea641.jpg,0,real,coco,train,a0f33fefed90e432b1ef169287d2ce17495b99b7b8eb4c956af492ec69046bc4
wildfake,Images/Real/coco.zip,coco/coco2017/train2017/img149650.jpg,data/wildfake/real/312ad6acbb5c4926.jpg,0,real,coco,train,e274f9bb3a0e10ba7db486451b628ba84786ea8128b79bf07f345caed207d9d4
wildfake,Images/Real/coco.zip,coco/coco2017/test2017/img008341.jpg,data/wildfake/real/d77c5113d5217158.jpg,0,real,coco,train,f8c0c059a8ceffcccd106cd450d1e4b3aae28862cefbed2b8aead17302cdf576
wildfake,Images/Real/coco.zip,coco/coco2017/train2017/img084743.jpg,data/wildfake/real/1217e72092b6e6a1.jpg,0,real,coco,train,07ac52d3519c8d525d25c1e7f492adcfbba8789275414e68bf2b9f0b82db7dae
wildfake,Images/Real/coco.zip,coco/coco2017/test2017/img011767.jpg,data/wildfake/real/e97927e96b8dfc18.jpg,0,real,coco,train,42f908872492783b3f47740b7443d95cb31b48d9f4e04ea3f572fba6e73daa5e
wildfake,Images/Real/coco.zip,coco/coco2017/test2017/img036303.jpg,data/wildfake/real/6d88633b194cfea3.jpg,0,real,coco,train,609450edf2f8b705384cf2deccfb94ea50c057d159cdc6e72ece23d4b7a559f8
wildfake,Images/Real/coco.zip,coco/coco2017/train2017/img046435.jpg,data/wildfake/real/010786c8513e9f29.jpg,0,real,coco,train,240751e8341520eb0d8c8d60c912404a29117a654c77d51741bf483a8b49b0d6
wildfake,Images/Real/coco.zip,coco/coco2017/test2017/img010966.jpg,data/wildfake/real/f4cbd915b5461a58.jpg,0,real,coco,train,10b6a31ba321ef555cea71b8213c235f8d85f9bcb3cebc0b71c120fa2fd92349
wildfake,Images/Real/coco.zip,coco/coco2017/train2017/img050412.jpg,data/wildfake/real/737fcc616b3c41a1.jpg,0,real,coco,train,c409805b91b705e005db039d62d3d58a51552752c7747686ce0e9510655004f3
wildfake,Images/Real/coco.zip,coco/coco2017/train2017/img137314.jpg,data/wildfake/real/d1471cd9474b4155.jpg,0,real,coco,train,2fd48cc6c1c89f63d4e2a24ac401637111c6296a65fac830814dae4da40d5911
wildfake,Images/Real/coco.zip,coco/coco2017/train2017/img067212.jpg,data/wildfake/real/2c68156f9a7d7082.jpg,0,real,coco,train,4d69d7564a92027828304b8007bda0dfd363988cfa84110f5712d655eb0106b5
wildfake,Images/Real/coco.zip,coco/coco2017/train2017/img135781.jpg,data/wildfake/real/4f60ac8afce33a8a.jpg,0,real,coco,train,81fe4774de647d045ae7fdbc1e612d356aa14d288c14f800d2fa02f881f72d38
wildfake,Images/Real/coco.zip,coco/coco2017/train2017/img060566.jpg,data/wildfake/real/9efbd3c14f34d0de.jpg,0,real,coco,train,11ef3ba79fcf4f76d5125d58e90ee86ef05523cc001a295deb7bde035a58c281
wildfake,Images/Real/coco.zip,coco/coco2017/test2017/img002181.jpg,data/wildfake/real/b72be000564d9dd0.jpg,0,real,coco,train,b7ecad68bab9b895f7636cab35858ad208641cc6188d4d7932b23cfc21235a26
wildfake,Images/Real/coco.zip,coco/coco2017/test2017/img018459.jpg,data/wildfake/real/87e2970546571256.jpg,0,real,coco,train,1ad00185ec48bb774b6538bf128e4031fc03ce81d0ae630be162955558dfe7ed
wildfake,Images/Real/coco.zip,coco/coco2017/train2017/img107877.jpg,data/wildfake/real/8d593d38a9fbf08e.jpg,0,real,coco,train,16e0e963bb6bbac176303af532cb78b16f324a2cd9c0394b76061d72bed15b9e
wildfake,Images/Real/coco.zip,coco/coco2017/train2017/img100087.jpg,data/wildfake/real/7aaae8b822af27f2.jpg,0,real,coco,train,408b27d78bc119c82ea25685bcebbc111fc76fd63efce15eb363565aa10ad100
wildfake,Images/Real/coco.zip,coco/coco2017/train2017/img156761.jpg,data/wildfake/real/70c93e822f74a00c.jpg,0,real,coco,train,ed802f188e96a3f9bd9f56e7360021f3ebe39c70fd6726663bba35fe3c991acd
wildfake,Images/Real/coco.zip,coco/coco2017/train2017/img116198.jpg,data/wildfake/real/ed421221fd65848f.jpg,0,real,coco,train,28a48f02fa15bb1fe538015d596f11e8a6bcdfc2cac7980f56ac243e246aeedf
wildfake,Images/Real/coco.zip,coco/coco2017/train2017/img142238.jpg,data/wildfake/real/bbb2642db414b6a4.jpg,0,real,coco,train,f834099b29bb34a98b5ea9df8538ef19184a77f87559a9c50f8e2a5e240cecc4
wildfake,Images/Real/coco.zip,coco/coco2017/train2017/img052641.jpg,data/wildfake/real/259b0ce59c97dd36.jpg,0,real,coco,train,e6c3f009bd77a720866d468fbe295e6cb1a4204523e23d3f09274332bf566ace
wildfake,Images/Real/coco.zip,coco/coco2017/train2017/img058251.jpg,data/wildfake/real/7dbd8df5487e9b41.jpg,0,real,coco,train,644ac0e2865874e28b0c0e4b0d687f84b1a608cdc7e3bb60aaa1fdf7b390c23e
wildfake,Images/Real/coco.zip,coco/coco2017/train2017/img120139.jpg,data/wildfake/real/a9395d20a68c3925.jpg,0,real,coco,train,7475cc6733f5759fe820575ad08202fe6184270ea5e9da8da5d4c35ada65035e
wildfake,Images/Real/coco.zip,coco/coco2017/test2017/img002151.jpg,data/wildfake/real/fc3443da3a0099dd.jpg,0,real,coco,train,4ed1d06e11734d947df25da2d0479828b3eb10997aca92412b3c2710c2fe6e70
wildfake,Images/Real/coco.zip,coco/coco2017/train2017/img133401.jpg,data/wildfake/real/19f85189a8c97ef7.jpg,0,real,coco,train,f9dfd3d73ea23a64c128613ed4234b8b855d1614a1b27d4165161e5944654880
wildfake,Images/Real/coco.zip,coco/coco2017/train2017/img121969.jpg,data/wildfake/real/12161ac03e318a78.jpg,0,real,coco,train,085f95c0bd403cd919db5a2d80e449f096bba8dcee35b612892f84b66f04658e
wildfake,Images/Real/coco.zip,coco/coco2017/train2017/img121634.jpg,data/wildfake/real/daeee965d0683733.jpg,0,real,coco,train,a8800153341f832855b6e9a88d8da34d11aa8448925957b0b77b88b4ede9f6e1
wildfake,Images/Real/coco.zip,coco/coco2017/train2017/img112154.jpg,data/wildfake/real/37e7dc606bdeae04.jpg,0,real,coco,train,1f90051cb4cdfbe4d7f5887ff34562b9766bccc8f92b89fefcfabd6f851ff600
wildfake,Images/Real/coco.zip,coco/coco2017/test2017/img003308.jpg,data/wildfake/real/93902af63579da9d.jpg,0,real,coco,train,1dfc47875aebdb924aed89e2a68e5ed351535684c433a3fc4b34cb8e5bee81f0
wildfake,Images/Real/coco.zip,coco/coco2017/train2017/img061891.jpg,data/wildfake/real/4f87855540a40217.jpg,0,real,coco,train,ec3afb73b8989c10a0bbb773c14213a051a19543eea044d923831a2f9758c2b3
wildfake,Images/Real/coco.zip,coco/coco2017/test2017/img001721.jpg,data/wildfake/real/234d3efa8c3528cd.jpg,0,real,coco,train,f2e02f86673a39a85027f2ddc09eb25143149430ef69d4bee309841da8366133
wildfake,Images/Real/coco.zip,coco/coco2017/train2017/img049695.jpg,data/wildfake/real/c5dfc0048627c166.jpg,0,real,coco,train,f38570b8c81914b5ca298ad08aa9afec3e0e33e9fdc63b85d0a03f54879aeabf
wildfake,Images/Real/coco.zip,coco/coco2017/test2017/img034037.jpg,data/wildfake/real/d902b49104262dca.jpg,0,real,coco,train,c3a38597e1842417b423755ddd4d5271b3595e8047ad894c4d0b0a7b65ac7023
wildfake,Images/Real/coco.zip,coco/coco2017/test2017/img028944.jpg,data/wildfake/real/efa482fbd35f871a.jpg,0,real,coco,train,6b5f46f43b81baca034ccb18d5e6ec134ddfdc2cea4005790132df165b55e394
wildfake,Images/Real/coco.zip,coco/coco2017/train2017/img044394.jpg,data/wildfake/real/e026d35f0897ba4a.jpg,0,real,coco,train,dccf509b985c426b4b7723e3f647a8d0541958057253085c1f04b77f77950932
wildfake,Images/Real/coco.zip,coco/coco2017/train2017/img069999.jpg,data/wildfake/real/0cfb2a734a3456a5.jpg,0,real,coco,train,46a1f49456c0b655f53149f8fd6d39eb77e15344104efa96c64e9b1647a1cb94
wildfake,Images/Real/coco.zip,coco/coco2017/train2017/img108311.jpg,data/wildfake/real/0f2077018c8eebca.jpg,0,real,coco,train,0dfa87e55dd7e12c47d594275e1666f79f3f75ab8efa68703c93073888fc7d86
wildfake,Images/Real/coco.zip,coco/coco2017/train2017/img075458.jpg,data/wildfake/real/1db3118bb080c195.jpg,0,real,coco,train,22d3a0b752c251d6dfb4b2fcafc98b71ad6b76c7d0077aa9272c4e93c119b56b
wildfake,Images/Real/coco.zip,coco/coco2017/train2017/img075217.jpg,data/wildfake/real/bc5c5369cae3402f.jpg,0,real,coco,train,30087c8c5c6a1803b654d9f2cce3a322aa53022a66190731fd5e598298c6d764
wildfake,Images/Real/coco.zip,coco/coco2017/train2017/img101645.jpg,data/wildfake/real/ad0bc2415accde0d.jpg,0,real,coco,train,0472cb465fe66f36568f86e32d04f28f2bc23aa045562cc3c3da45225babadbe
wildfake,Images/Real/coco.zip,coco/coco2017/test2017/img011060.jpg,data/wildfake/real/15f62226318ca51b.jpg,0,real,coco,train,a49d2678127771c7dfa2c17b0928a352eb207adaf3f5ff4c4f512f0bc3d2cb81
wildfake,Images/Real/coco.zip,coco/coco2017/train2017/img157048.jpg,data/wildfake/real/668d128ed7e2da94.jpg,0,real,coco,train,56913a2ae4e62cd144910fd98bf54c0740fb14764c415dab40fdeb5ecf8e0be6
wildfake,Images/Real/coco.zip,coco/coco2017/test2017/img036003.jpg,data/wildfake/real/80932643731758ac.jpg,0,real,coco,train,b09c961ba0ae5ca97a8a3a4858ac5298dcb9386c1e7627946218687a1fb4f9d5
wildfake,Images/Real/coco.zip,coco/coco2017/test2017/img040183.jpg,data/wildfake/real/f87c97119b9623d0.jpg,0,real,coco,train,a5ea51e7ab4f724b035a673099f1d46ae70a5541a49603630e6897d7aef803cf
wildfake,Images/Real/coco.zip,coco/coco2017/test2017/img037075.jpg,data/wildfake/real/50b4a05eb1e35767.jpg,0,real,coco,train,f36c877ed8d9c318887c0483d237147ae5566e0708ac31a78c46577ce0073ec6
wildfake,Images/Real/coco.zip,coco/coco2017/train2017/img138190.jpg,data/wildfake/real/3c3b3a4dd73e415c.jpg,0,real,coco,train,b6a840015b36ac06fcefc32b0c001fac354a57e23f411a139133b1f172ea3494
wildfake,Images/Real/coco.zip,coco/coco2017/train2017/img082075.jpg,data/wildfake/real/ca9a4f7aa3220dde.jpg,0,real,coco,train,415e09688107c2d3e5a12531da3720b127d78eeefa614551aac4be280a4d0610
wildfake,Images/Real/coco.zip,coco/coco2017/train2017/img040946.jpg,data/wildfake/real/bc7dbc9b0daac7de.jpg,0,real,coco,train,8f6ed568caf861eddbd17b4e3c7d20de3db286c82896b3dc29aa9d523994d864
wildfake,Images/Real/coco.zip,coco/coco2017/test2017/img010097.jpg,data/wildfake/real/d4a4d341be22a63d.jpg,0,real,coco,train,6f2987ea507c4c5fa662d1aa75da6ad72c329a96aad20190c1e13913fa0afb9e
wildfake,Images/Real/coco.zip,coco/coco2017/train2017/img093222.jpg,data/wildfake/real/32990f72c81e2732.jpg,0,real,coco,train,fdeb53197759db09c51bb1016bac0a6ce6d939d675c7f5a0e7152795f2b95907
wildfake,Images/Real/coco.zip,coco/coco2017/train2017/img136578.jpg,data/wildfake/real/8f6272a072942b7e.jpg,0,real,coco,train,508c5113c71c635630ac9f32f9618ac008c21edac17c552716e54cf94af4b766
wildfake,Images/Real/coco.zip,coco/coco2017/train2017/img092312.jpg,data/wildfake/real/9bd77a8e62270fb1.jpg,0,real,coco,train,e668ddccc29633b3955769ac61df0cd3ccebb56ac4c585e701960957026f49b7
wildfake,Images/Real/coco.zip,coco/coco2017/test2017/img039858.jpg,data/wildfake/real/fe53638881c2567b.jpg,0,real,coco,train,22c6a6480909d803ab96f010ae8d0379451b3dc32a07c69bdf2bf5590bf1f15a
wildfake,Images/Real/coco.zip,coco/coco2017/train2017/img146484.jpg,data/wildfake/real/3501f30017ce1d33.jpg,0,real,coco,train,43ede8a2fa9a5d88d87e621635a612bf21755338e0250059e6aa3f334dcc78f2
wildfake,Images/Real/coco.zip,coco/coco2017/train2017/img125023.jpg,data/wildfake/real/8d49fc9757be29e9.jpg,0,real,coco,train,a1da896b6adb118c0077eae43d7ea1b81adacee154d39fb544b2b5336deec2e7
wildfake,Images/Real/coco.zip,coco/coco2017/train2017/img093899.jpg,data/wildfake/real/12cd5cbeafe9a217.jpg,0,real,coco,train,458aed46a7886c40a3155712d76d017f4465fb5d43e0a0a6b50898d58fc31b5b
wildfake,Images/Real/coco.zip,coco/coco2017/train2017/img128514.jpg,data/wildfake/real/948455d112e509ab.jpg,0,real,coco,train,29de205d21f2a87f5f523d15da14c00b6fb3b5f74046fc1c7d97b1bd660fa0b1
wildfake,Images/Real/coco.zip,coco/coco2017/test2017/img020583.jpg,data/wildfake/real/978d2a7ae82d0ad1.jpg,0,real,coco,train,0a05ec760821e54db148d95f845fff2d674b1bea073d7b7e8bb87e402ea78eb5
wildfake,Images/Real/coco.zip,coco/coco2017/train2017/img087714.jpg,data/wildfake/real/061a38d5b0074ce9.jpg,0,real,coco,train,cfc14857b74659261fcf90a1fc4a9bb9576bc2f6d2e34b6094fdd0aab85adec4
wildfake,Images/Real/coco.zip,coco/coco2017/train2017/img151101.jpg,data/wildfake/real/838d361873255911.jpg,0,real,coco,train,12a84f232fb97f3745ada084ceec661cba227f6e374bf6ab3029538d377c0411
wildfake,Images/Real/coco.zip,coco/coco2017/train2017/img108909.jpg,data/wildfake/real/934e8a30d03418a1.jpg,0,real,coco,train,875cb0710be0399ac41e4d043b9e2d18bf545e947905519d318e3cb45b537859
wildfake,Images/Real/coco.zip,coco/coco2017/test2017/img028078.jpg,data/wildfake/real/8cf0d547499546e8.jpg,0,real,coco,train,75a55b242dc3989e0a72fbb188e72bc13f6376b2860826cef65503d8a09875b7
wildfake,Images/Real/coco.zip,coco/coco2017/test2017/img022314.jpg,data/wildfake/real/6e38088d632bf195.jpg,0,real,coco,train,2e522376d55912f124ab3c57897e240c1251da6909433eba7545eb85981d051f
wildfake,Images/Real/coco.zip,coco/coco2017/test2017/img031050.jpg,data/wildfake/real/eed414b99816fa15.jpg,0,real,coco,train,8d449ce6e5761e7938835b23099b4c6e89bced2e5280af6efe23e99d191271aa
wildfake,Images/Real/coco.zip,coco/coco2017/test2017/img040372.jpg,data/wildfake/real/8008a41367d03635.jpg,0,real,coco,train,b37eb3d63b1359b7de36233a851d59da6af48fd30bbbd5c4cf6a7d0dae3f533c
wildfake,Images/Real/coco.zip,coco/coco2017/train2017/img158630.jpg,data/wildfake/real/d5e356661863342c.jpg,0,real,coco,train,9d9514ae2b8c84fd73a86fb91b8bbce60b29d8db16ba25f4e22565b04d52b864
wildfake,Images/Real/coco.zip,coco/coco2017/train2017/img061063.jpg,data/wildfake/real/b5eca8851001535e.jpg,0,real,coco,train,32215870fe0442f4d8d3dcc38c392117dc85af447811acfd15cc065ef8a6d1d1
wildfake,Images/Real/coco.zip,coco/coco2017/val2017/img160659.jpg,data/wildfake/real/8a27c4df9d297558.jpg,0,real,coco,train,02cf3a88b54c9a925190ff613ed7971b6c402a6502d6730f10a5c01341d14036
wildfake,Images/Real/coco.zip,coco/coco2017/train2017/img110760.jpg,data/wildfake/real/273db67463dbe470.jpg,0,real,coco,train,fdbbd07cdd1e75f8cfc23df216693f690be9e2963b779baa3b5388c9e0d00857
wildfake,Images/Real/coco.zip,coco/coco2017/train2017/img049461.jpg,data/wildfake/real/4d3ed0960fb62965.jpg,0,real,coco,train,7691ddef1c7229fd13fd8894433a4c5d5e22b6e730f56d121db736996da4e28e
wildfake,Images/Real/coco.zip,coco/coco2017/train2017/img142489.jpg,data/wildfake/real/402494c00252799c.jpg,0,real,coco,train,690c2f0d557d7d7101c321f54e5c56ff9b16d713481b537d173c5af6eaee22dd
wildfake,Images/Real/coco.zip,coco/coco2017/train2017/img110235.jpg,data/wildfake/real/971e8f41c6e174cc.jpg,0,real,coco,train,cc9bb83b3b0072a4d5c6bfb1dd1bda2adfe2c0087c29f949d202fb8a97148266
wildfake,Images/Real/coco.zip,coco/coco2017/train2017/img043753.jpg,data/wildfake/real/70efb634e55767d4.jpg,0,real,coco,train,d6c673be05f789dac7e9f2229ca738f1c398a8f29eb9b04fc3f7d72e5656d348
wildfake,Images/Real/coco.zip,coco/coco2017/test2017/img005634.jpg,data/wildfake/real/89a9c6b1c5e15489.jpg,0,real,coco,train,a7b68c17364193862c9a29639fd1a1b9eb0b7afccfade38d5b03d275a6e5bd2d
wildfake,Images/Real/coco.zip,coco/coco2017/train2017/img109110.jpg,data/wildfake/real/97021649b01967b2.jpg,0,real,coco,train,e961e68afa3bb6a405ecbb64c57eaba8658331156021100dfade65a7029580eb
wildfake,Images/Real/coco.zip,coco/coco2017/train2017/img079626.jpg,data/wildfake/real/f4e3a0a1db12a9c5.jpg,0,real,coco,train,823694d5f1075015d635a725e7acc1a6ed82334157ebcf413e3e9bc4ac621ba4
wildfake,Images/Real/coco.zip,coco/coco2017/train2017/img100939.jpg,data/wildfake/real/308088081794f75c.jpg,0,real,coco,train,557c0444adeb984a94431c15b00cee041b409216d40e1e0b0ab4e2a2504f1f2c
wildfake,Images/Real/coco.zip,coco/coco2017/train2017/img095951.jpg,data/wildfake/real/036b9582ae351738.jpg,0,real,coco,train,bf466b5ce38c5f71d4cd407ba8a762cf68604cc218fe912b6e8f440147864d9a
wildfake,Images/Real/coco.zip,coco/coco2017/test2017/img034562.jpg,data/wildfake/real/80cd3e274a991058.jpg,0,real,coco,train,b86157ccc7947f4bcfce27c452fa444f7aedd59e2c9e356fc4355d0131c587ea
wildfake,Images/Real/coco.zip,coco/coco2017/train2017/img135519.jpg,data/wildfake/real/1288eb6fb139716d.jpg,0,real,coco,train,3c27d3be34c12308b93616f60ddea4c4f3223d76aa1c4cb1097d5aed6a4d0d96
wildfake,Images/Real/coco.zip,coco/coco2017/train2017/img141805.jpg,data/wildfake/real/153cf64098b10a18.jpg,0,real,coco,train,8ea1fbc47def2039d567b650c012ded41947c9a541ef5e40bdea7c3428f1fc80
wildfake,Images/Real/coco.zip,coco/coco2017/train2017/img043897.jpg,data/wildfake/real/a8d5fefc91f5cc6b.jpg,0,real,coco,train,c530116314e0e27c03adc30c228d2613f8a75c8584268dc5e6df13497d12f4ef
wildfake,Images/Real/coco.zip,coco/coco2017/test2017/img028004.jpg,data/wildfake/real/c65f725cde5371ea.jpg,0,real,coco,train,debd349d284d60ab30830a4e1ba8f147febe02ccd629a0d7f27590495479a9f2
wildfake,Images/Real/coco.zip,coco/coco2017/train2017/img122781.jpg,data/wildfake/real/40f7119dba7b031d.jpg,0,real,coco,train,0d1bbcea14785d0e11e85385cfb84b071a9b192291cdd4d4c0f00c048129513b
wildfake,Images/Real/coco.zip,coco/coco2017/test2017/img021649.jpg,data/wildfake/real/39d9e397cfc4258a.jpg,0,real,coco,train,2309ec0a7d035322167d6fc3384fa87717f3d1995fab7ba7cd8f2d68cba5e6cb
wildfake,Images/Real/coco.zip,coco/coco2017/train2017/img109259.jpg,data/wildfake/real/e8d1458fe23d1473.jpg,0,real,coco,train,8e03c150fce4aa7796820ab961b7180c8e0d4fb3d893b4a743e5ba01941ecf31
wildfake,Images/Real/coco.zip,coco/coco2017/train2017/img155789.jpg,data/wildfake/real/031a7888908739a0.jpg,0,real,coco,train,568bcee6be4cf22a182fd3f89d0b6e3401aa37f2564781d9cac17751295f1e17
wildfake,Images/Real/coco.zip,coco/coco2017/train2017/img113304.jpg,data/wildfake/real/9990dff627f08d51.jpg,0,real,coco,train,16c2592e1cd331f1e65fb7735c66c098f1a7dd2ef20647e8b5e79c7012cb4e26
wildfake,Images/Real/coco.zip,coco/coco2017/test2017/img035476.jpg,data/wildfake/real/eb1dd388f3302b65.jpg,0,real,coco,train,756ca041f1fcf3773160bf2e2051409495b792cfb8aa39e997d25b64cbac0d54
wildfake,Images/Real/coco.zip,coco/coco2017/train2017/img126708.jpg,data/wildfake/real/5e0b47a09d702395.jpg,0,real,coco,train,3440da287c15fb8f3052b55d3d57e53ad96d91eb01692531479ba87b3e9082d4
wildfake,Images/Real/coco.zip,coco/coco2017/test2017/img011477.jpg,data/wildfake/real/c6c8e9a3f51d7800.jpg,0,real,coco,train,b6c517cd340c5295a12d3cbbcd982633effbbe33851f8fadebfeda767e93a7f8
wildfake,Images/Real/coco.zip,coco/coco2017/train2017/img146642.jpg,data/wildfake/real/58ddf650a2cb9b14.jpg,0,real,coco,train,020f1166ac18948f79f634d4292310973b1298fce0fccd58d055ff98d5d2ff20
wildfake,Images/Real/coco.zip,coco/coco2017/train2017/img071310.jpg,data/wildfake/real/f62ddfa8452ed6e4.jpg,0,real,coco,train,c3f3098ed03c4c06143217fa17e4d1830fbced4c966b95445966f6d59f69929a
wildfake,Images/Real/coco.zip,coco/coco2017/train2017/img102073.jpg,data/wildfake/real/f3d3b450ce940dd2.jpg,0,real,coco,train,dc3468bf5b00db09272f4b90a9208ab4068fe02ef4161db3fc4d3058ca0e1d1d
wildfake,Images/Real/coco.zip,coco/coco2017/test2017/img040654.jpg,data/wildfake/real/ae79bb1ee01565ee.jpg,0,real,coco,train,d206966a6544b3215db972f876fa3aad492b5ba164f320af5e91f72b2325251b
wildfake,Images/Real/coco.zip,coco/coco2017/train2017/img112910.jpg,data/wildfake/real/795d972f6b0781b8.jpg,0,real,coco,train,527fa3742aa0cf262f9818bca0386476c6e6315c0bed790a6847c78cf08e5f2e
wildfake,Images/Real/coco.zip,coco/coco2017/train2017/img069724.jpg,data/wildfake/real/47ab6f16ea3a4604.jpg,0,real,coco,train,b3eeae4720d4665c83bf42773797fe3cd519a344984e64777c3b18e485db1f16
wildfake,Images/Real/coco.zip,coco/coco2017/train2017/img074264.jpg,data/wildfake/real/d46d63dbb5f8cda8.jpg,0,real,coco,train,5bedf3db26f1571f080dc1b8fc36769be7da1172a16f9217fd2136eec9247766
wildfake,Images/Real/coco.zip,coco/coco2017/train2017/img097424.jpg,data/wildfake/real/bb07c725b13273af.jpg,0,real,coco,train,538dd8391b20c62472351c5ce928e3a51daa71a446feaa434aad10f5db9e0f13
wildfake,Images/Real/coco.zip,coco/coco2017/train2017/img107178.jpg,data/wildfake/real/6d6597561cce14f7.jpg,0,real,coco,train,a8208967634c993eafa5b0546b957475471f7a7c2efb30e48f19c8e81fcc40ad
wildfake,Images/Real/coco.zip,coco/coco2017/train2017/img070784.jpg,data/wildfake/real/49107c62b2c3526c.jpg,0,real,coco,train,2b82385aa9589af0489150544a9505293170ffc5b8b616ddb36ac1f25c0333bb
wildfake,Images/Real/coco.zip,coco/coco2017/train2017/img047634.jpg,data/wildfake/real/e1870f1354fdd857.jpg,0,real,coco,train,697a84d0249dc6aa1c22e29b52a7bf81328af9bec3221a53aad7f8264bbb6acc
wildfake,Images/Real/ffhq.zip,ffhq/images/img018000.jpg,data/wildfake/real/d6f7baef0567cc7a.jpg,0,real,ffhq,val,44d43c8701d30888b14defd14c6102c91edbf075a4220836195d6911b7cb180c
wildfake,Images/Real/ffhq.zip,ffhq/images/img064124.jpg,data/wildfake/real/6ac8f503207c942e.jpg,0,real,ffhq,val,c4a444e3937857b350351c7e2418c648d1494fb553a6de30e145982f22f3214a
wildfake,Images/Real/ffhq.zip,ffhq/images/img059616.jpg,data/wildfake/real/ebff3635a7c60429.jpg,0,real,ffhq,val,05f617f1aa70d8589de18c3e493aef4890973e74f965dc2355f93f9cd8adf441
wildfake,Images/Real/ffhq.zip,ffhq/images/img024241.jpg,data/wildfake/real/015bf838d90c2ad2.jpg,0,real,ffhq,val,6f16245c7a10f8b3c36f02c2817a7fdbf267afd6b710b5f89deb1ec890da9a57
wildfake,Images/Real/ffhq.zip,ffhq/images/img031278.jpg,data/wildfake/real/7c68be31dc9d9004.jpg,0,real,ffhq,val,919e0819b624f131b66c98ef6a7e52adfde690f6e1d251be0e26236172d7fa2b
wildfake,Images/Real/ffhq.zip,ffhq/images/img019055.jpg,data/wildfake/real/f0f6f28c88933836.jpg,0,real,ffhq,val,3e0117b2d0879a16068b434f744853f07f462e0b8c03a269e7bcf8c752d4201f
wildfake,Images/Real/ffhq.zip,ffhq/images/img025578.jpg,data/wildfake/real/2e7934d9d2902d3a.jpg,0,real,ffhq,val,7ce5670f8abb78ac9dd90ede81ec37a82f904d4d18cf2cea407511db44081b6e
wildfake,Images/Real/ffhq.zip,ffhq/images/img010611.jpg,data/wildfake/real/62ac86077d579b1c.jpg,0,real,ffhq,val,1ab3cd4cc2b005638d7963eecf0c65d34f7e2ea56db2fba9b2927dd950c4c04a
wildfake,Images/Real/ffhq.zip,ffhq/images/img009188.jpg,data/wildfake/real/76f293bf470534d7.jpg,0,real,ffhq,val,7aa45ce3037ebf55e912af296c373e9d018a0e5b3027936837cfd6845b9cabdf
wildfake,Images/Real/ffhq.zip,ffhq/images/img044000.jpg,data/wildfake/real/2a189bca6b40bb99.jpg,0,real,ffhq,val,e6416434de80352799d9cbbbf1698c9bda75bfd0ce277a07058c590c048f3966
wildfake,Images/Real/ffhq.zip,ffhq/images/img025035.jpg,data/wildfake/real/9c17afcb8d354803.jpg,0,real,ffhq,val,9bfec0b4565896f5de94d5747d85aacd332913ea93a948d4973f0cbec7f4c884
wildfake,Images/Real/ffhq.zip,ffhq/images/img018558.jpg,data/wildfake/real/90017381c164563a.jpg,0,real,ffhq,val,2a66d6e6d6db9b008c682ec8db98a3b2565ff0e3c736431ccc4a80df8bc21ede
wildfake,Images/Real/ffhq.zip,ffhq/images/img035043.jpg,data/wildfake/real/4cad436563077b21.jpg,0,real,ffhq,val,86651efd5c38d03b67de7b8b39db1e0a475f6fb5b354e5f348c5728db855c958
wildfake,Images/Real/ffhq.zip,ffhq/images/img046844.jpg,data/wildfake/real/e5871552d2824422.jpg,0,real,ffhq,val,fc9a3333d69aaed848b3af0e8c8e77ca9eae2ed00ee81ae40cf53351be8998e8
wildfake,Images/Real/ffhq.zip,ffhq/images/img027498.jpg,data/wildfake/real/91a4cf68ccc8f280.jpg,0,real,ffhq,val,0d4c0660636fd0fe67251caff3b782cf10f99f0ab0d4f9835f3ce039d0fd4982
wildfake,Images/Real/ffhq.zip,ffhq/images/img007184.jpg,data/wildfake/real/d8a2c1f870f21ef5.jpg,0,real,ffhq,val,166b83362d1c74cf165dbec67f3fc3ec369ba3fa29b33655e72809a5e900b11a
wildfake,Images/Real/ffhq.zip,ffhq/images/img046052.jpg,data/wildfake/real/bd7aaa77d3aa7923.jpg,0,real,ffhq,val,3ef50b876f30f3d492a29ceb1c7098bebae3bd72b3884c6d3d994fa8c682fb5c
wildfake,Images/Real/ffhq.zip,ffhq/images/img031808.jpg,data/wildfake/real/0097ed679d374831.jpg,0,real,ffhq,val,986e89bb8a71ed384709e04e50c731b96eae27ee46d86e17bb03a4e4ada0acee
wildfake,Images/Real/ffhq.zip,ffhq/images/img062851.jpg,data/wildfake/real/5b9fe0097457d0ba.jpg,0,real,ffhq,val,9f774a598a1a4c0958b701d9dab6164a9338ee1e78695c0a0425a6e2f48d6947
wildfake,Images/Real/ffhq.zip,ffhq/images/img035513.jpg,data/wildfake/real/592b6dd85a8cd1fb.jpg,0,real,ffhq,val,945af5a70d4910ddd5dfdf0dc4dbed77534aae283bf291ef24a5c57d78bdf165
wildfake,Images/Real/ffhq.zip,ffhq/images/img052108.jpg,data/wildfake/real/4e813b92f7039545.jpg,0,real,ffhq,val,7a0c0ad28b4a38cac38bc07b9224dbb8f3ac0ed697f6066a1756e89b53e68d9d
wildfake,Images/Real/ffhq.zip,ffhq/images/img041901.jpg,data/wildfake/real/216ef51bb040e1e6.jpg,0,real,ffhq,val,fe46f1502b33f586f76c8c8b6d2f9e259a8df80a87b0f51eb2cd879103d96c1a
wildfake,Images/Real/ffhq.zip,ffhq/images/img001690.jpg,data/wildfake/real/d45ba5a684ddbc0c.jpg,0,real,ffhq,val,bd316ff24045843f248fedb0bc6813db695a969d493e3ded70d9d3f8648e408b
wildfake,Images/Real/ffhq.zip,ffhq/images/img041971.jpg,data/wildfake/real/280707013b9cd977.jpg,0,real,ffhq,val,4ea7c53fb618f6647fe7e798486a09fe3f7d13d7a0266fa99ec692459d764733
wildfake,Images/Real/ffhq.zip,ffhq/images/img050608.jpg,data/wildfake/real/cfd6ad997b745ed7.jpg,0,real,ffhq,val,8c50cb98b9df943b59d35384f4224fef5f468428e78e5864af525b274d6aa86e
wildfake,Images/Real/ffhq.zip,ffhq/images/img033847.jpg,data/wildfake/real/b1f43f9f26f51c85.jpg,0,real,ffhq,val,4b96bc154e6b70d20279817441d0d7784e233d7ca4e114c7cc156b3d14106fa4
wildfake,Images/Real/ffhq.zip,ffhq/images/img015963.jpg,data/wildfake/real/39aaf32c41e5d613.jpg,0,real,ffhq,val,54c3a91e51ba3c74961bd0edb82443cac0921f085dde5578c7554fe5b9820407
wildfake,Images/Real/ffhq.zip,ffhq/images/img047916.jpg,data/wildfake/real/242232823f77a99e.jpg,0,real,ffhq,val,95bc0805dd08a3673ab5eddb7309d37b761bd1b26dcaff12f588de0428338825
wildfake,Images/Real/ffhq.zip,ffhq/images/img001386.jpg,data/wildfake/real/4a2a0b5d05ef7ec0.jpg,0,real,ffhq,val,9ad30fb5cd6d8f5634d56d6d7c20dcb9fb2b901e514636a0a44bb44b40fcf429
wildfake,Images/Real/ffhq.zip,ffhq/images/img012121.jpg,data/wildfake/real/3741ea9ef6068e1b.jpg,0,real,ffhq,val,7785da0ea7c7787b24586834a2fca427d47be00447d1bd3c6c98a6aacf7ce943
wildfake,Images/Real/ffhq.zip,ffhq/images/img017394.jpg,data/wildfake/real/8b945304989ac086.jpg,0,real,ffhq,val,45c33e9623b4ed68278ec43820494d2503a2f64a2e299650c48e4e778f32e56e
wildfake,Images/Real/ffhq.zip,ffhq/images/img013937.jpg,data/wildfake/real/1557f4230f6c7370.jpg,0,real,ffhq,val,4516bf7bc0c88f0c5ae7ea2fcad995eb1db984b53bb6a71392a1b74321d45bf5
wildfake,Images/Real/ffhq.zip,ffhq/images/img062208.jpg,data/wildfake/real/f2e2444cb727cedf.jpg,0,real,ffhq,val,b720ec8175b56f1876dcc40b37a829f8391b765594f6791dd4e933e92b0c16b3
wildfake,Images/Real/ffhq.zip,ffhq/images/img060014.jpg,data/wildfake/real/7a82daf0dccdb581.jpg,0,real,ffhq,val,60804fe5607186e7c02d808730058eb0bde0616ddf2dad5a3cedb3d89a70c360
wildfake,Images/Real/ffhq.zip,ffhq/images/img002151.jpg,data/wildfake/real/44ac8dd34d7e6a20.jpg,0,real,ffhq,val,5dde89bf9df737d446bdcd4eb9645c6a636b980eccd298b3ccf62a2d2896caaa
wildfake,Images/Real/ffhq.zip,ffhq/images/img021468.jpg,data/wildfake/real/24e00414c4a1d511.jpg,0,real,ffhq,val,a6b3b81644a838d9efe35650a066270d9a7bcf9c0222dda138bf60f6b25925e4
wildfake,Images/Real/ffhq.zip,ffhq/images/img058224.jpg,data/wildfake/real/772b6de430323cb2.jpg,0,real,ffhq,val,86fdb60a172fd2b3df8e65be9d566cd29939e97cb05fd32062134cfccefd011c
wildfake,Images/Real/ffhq.zip,ffhq/images/img009229.jpg,data/wildfake/real/c039995045f3a223.jpg,0,real,ffhq,val,e9953c36f8ce8776733b5cf76c2d71c0ff7486c25fbef528e092c90cdb22e6ad
wildfake,Images/Real/ffhq.zip,ffhq/images/img035349.jpg,data/wildfake/real/606dee5f02e1dfb1.jpg,0,real,ffhq,val,31d028b8eb97580d4642aa3c9f28bfe9c47d5dcf38fc7eb32afcb18471806f2e
wildfake,Images/Real/ffhq.zip,ffhq/images/img048867.jpg,data/wildfake/real/b826240765415f7e.jpg,0,real,ffhq,val,66a236cf21341a430563f5696115e3373113d3a63b1aebc9d20bb88fa144481c
wildfake,Images/Real/ffhq.zip,ffhq/images/img003324.jpg,data/wildfake/real/515c5b426e1f9379.jpg,0,real,ffhq,val,73e615d7fb95c09a800383aceb0cec724467873cf8cbc2128810f573bf0fe258
wildfake,Images/Real/ffhq.zip,ffhq/images/img029724.jpg,data/wildfake/real/00a0d7a1b25dceed.jpg,0,real,ffhq,val,2e08f2ef5dca37db1f73ccbfd3a1e3eb2497d55be9f6900bff3fcfe753abd901
wildfake,Images/Real/ffhq.zip,ffhq/images/img062717.jpg,data/wildfake/real/69fc29f31f51405f.jpg,0,real,ffhq,val,ad6f62477ed2174d234b444091289d85442567b2e7530b0f9326719971cd5197
wildfake,Images/Real/ffhq.zip,ffhq/images/img049221.jpg,data/wildfake/real/875806a64d5a38f7.jpg,0,real,ffhq,val,69aebb63177faca509860ea004f5209454a8c5646ab33ab3abf384b17cf05a06
wildfake,Images/Real/ffhq.zip,ffhq/images/img037707.jpg,data/wildfake/real/93f88d772916f56b.jpg,0,real,ffhq,val,cb1ee2827b8e482bcb4393ab07752baf8dafbe7fe056425b4f0a98676568cd65
wildfake,Images/Real/ffhq.zip,ffhq/images/img029855.jpg,data/wildfake/real/e9832862ff376aaf.jpg,0,real,ffhq,val,06587604fccfa6ee741704974fa480c70a7be119395e6dd35d626c3ee32a94e5
wildfake,Images/Real/ffhq.zip,ffhq/images/img068247.jpg,data/wildfake/real/bf4d39eddfeb83cc.jpg,0,real,ffhq,val,28a924ed60e2351674ce79b684241ec1387268cd30f6765875565a78054dcf79
wildfake,Images/Real/ffhq.zip,ffhq/images/img066507.jpg,data/wildfake/real/113dcd67329479e8.jpg,0,real,ffhq,val,b49ca64d1916341f076ea38f3387860b6577969407fffd968df6b4223b07a352
wildfake,Images/Real/ffhq.zip,ffhq/images/img004679.jpg,data/wildfake/real/f5e19b9552b166d0.jpg,0,real,ffhq,val,63f5e913452ea091518bbdd301f33ef6b5b319f6292c5e99954d15eb390ca195
wildfake,Images/Real/ffhq.zip,ffhq/images/img015212.jpg,data/wildfake/real/2dca98e310a20002.jpg,0,real,ffhq,val,7c7c55ff6f07841a50026031ea0a1a2003da5e5e39e1f86dffff2cd9dfa07327
wildfake,Images/Real/ffhq.zip,ffhq/images/img025307.jpg,data/wildfake/real/93772df506eea852.jpg,0,real,ffhq,val,c716c2c577a4cfa0982820c4269db2b21473d6107401ab65271d91b6fc7e36fe
wildfake,Images/Real/ffhq.zip,ffhq/images/img054891.jpg,data/wildfake/real/508616b363abe363.jpg,0,real,ffhq,val,eda7c9b2bbc2fec00a31ffea8652bc2f00e4d9fb67c176116c073b3f595b28eb
wildfake,Images/Real/ffhq.zip,ffhq/images/img058776.jpg,data/wildfake/real/dbbb76bb618be203.jpg,0,real,ffhq,val,513b94daf6046b680e2a0671ebdfc6df0cbfa77a17f071760ecf79db68fa811e
wildfake,Images/Real/ffhq.zip,ffhq/images/img018827.jpg,data/wildfake/real/6dadf10f3003d69f.jpg,0,real,ffhq,val,4cd16a3858648b0bba7013b63155312e9ccdd1b448a4417987335dba8a661c81
wildfake,Images/Real/ffhq.zip,ffhq/images/img057878.jpg,data/wildfake/real/0615e8a95104397b.jpg,0,real,ffhq,val,4da369f19ef69f5e888dad6fc80c2146d4903a11d98dca3f5101262801366119
wildfake,Images/Real/ffhq.zip,ffhq/images/img038769.jpg,data/wildfake/real/85083fc6aac74dd5.jpg,0,real,ffhq,val,3f95df01da62ce5c51dc206f4aac1843a98e67aeec5bfcc5e79ed397918b3aa3
wildfake,Images/Real/ffhq.zip,ffhq/images/img031334.jpg,data/wildfake/real/41b7762ddaaf82b7.jpg,0,real,ffhq,val,7eae2dbdcd8891d392af183ea6231b485aa42c6eb4ba74cb897b94ec906a6e74
wildfake,Images/Real/ffhq.zip,ffhq/images/img062781.jpg,data/wildfake/real/430bea6f7b0bb62e.jpg,0,real,ffhq,val,97755608f2308b6ca64d25b348439d51a285c1ba4acf4d493b335b93d2808c72
wildfake,Images/Real/ffhq.zip,ffhq/images/img013424.jpg,data/wildfake/real/54e433fb3b0f38d9.jpg,0,real,ffhq,val,f4cd2445af311b39f42c001d561deb002a91deb758989711262861631012a548
wildfake,Images/Real/ffhq.zip,ffhq/images/img060036.jpg,data/wildfake/real/23bf24084efe1362.jpg,0,real,ffhq,val,e7c2712917e208f666958070b8177c7b1b06b5b15875081fb92e808d2b08ace7
wildfake,Images/Real/ffhq.zip,ffhq/images/img042746.jpg,data/wildfake/real/c942e36cbb0421da.jpg,0,real,ffhq,val,b25357d2e1016bbb7bea492cdb1abfb1554256ce227d309459ae45922b34e5ed
wildfake,Images/Real/ffhq.zip,ffhq/images/img018837.jpg,data/wildfake/real/3aa311154100da03.jpg,0,real,ffhq,val,12642fab9886d5aa2bea5c62f1a399c4a0467b277523705d6147b83f0465107d
wildfake,Images/Real/ffhq.zip,ffhq/images/img011334.jpg,data/wildfake/real/a24de99ddb2cfd1c.jpg,0,real,ffhq,val,fad5b46ca4497e50fbdd377cdba58131fd0bacd5eeea2c469b4560613e8323c7
wildfake,Images/Real/ffhq.zip,ffhq/images/img062886.jpg,data/wildfake/real/27741ca14c3c7960.jpg,0,real,ffhq,val,65dc41808fa1d9b717891f15d55c0678ba462dbf402f735b27f8bdbf246e91e0
wildfake,Images/Real/ffhq.zip,ffhq/images/img024696.jpg,data/wildfake/real/f3d60243cbd37607.jpg,0,real,ffhq,val,8a3e5280ff719fc2d658a04b9a150eed4d6098c6977094574145a5b535d42ef5
wildfake,Images/Real/ffhq.zip,ffhq/images/img030841.jpg,data/wildfake/real/72f8692e8e6611ee.jpg,0,real,ffhq,val,467dfaee0f13826ac451f6b5739ff59def7b1f8c4fb98c03072e2b6d4835bfe8
wildfake,Images/Real/ffhq.zip,ffhq/images/img054415.jpg,data/wildfake/real/51f2aefd33b06af4.jpg,0,real,ffhq,val,c45ac25959ff4d24dd5388935db22df15da2081173f7c185ca488aaa5d5c84c1
wildfake,Images/Real/ffhq.zip,ffhq/images/img048253.jpg,data/wildfake/real/4a7b6eafd10d2d76.jpg,0,real,ffhq,val,c0b1a37a3a7f258d5f945504a8783f5eb3e418a70a5ef7f7c3e51c09a4bc728e
wildfake,Images/Real/ffhq.zip,ffhq/images/img000433.jpg,data/wildfake/real/4718c26feb5e69fe.jpg,0,real,ffhq,val,5af5b61b005e77ce814595d331316e2f9a6bcd20d56baf00c4f27814458cdb84
wildfake,Images/Real/ffhq.zip,ffhq/images/img031079.jpg,data/wildfake/real/8a8e2e011f3b0f4e.jpg,0,real,ffhq,val,38bd010af8a92ce3c4ec940a0954acaa983ae9cdec3d6fa27e9e830f7e163623
wildfake,Images/Real/ffhq.zip,ffhq/images/img005253.jpg,data/wildfake/real/7829408c92b3b964.jpg,0,real,ffhq,test,af689cc0f9a4f4262e515f154ad4bd950174869abbff1a9d0101b6069fc1fe69
wildfake,Images/Real/ffhq.zip,ffhq/images/img044930.jpg,data/wildfake/real/252768bf6d5013f1.jpg,0,real,ffhq,test,babcf60c006207826d236dc255967b024e7e85afd0db03c83c3f825febc2b546
wildfake,Images/Real/ffhq.zip,ffhq/images/img017878.jpg,data/wildfake/real/2f6fdedd60f4adc8.jpg,0,real,ffhq,test,4d81313bc196945cbdd6e5c4ffe4745f805639eaed4a3ba9e710f563db60e611
wildfake,Images/Real/ffhq.zip,ffhq/images/img067917.jpg,data/wildfake/real/60e52413b3ece7b3.jpg,0,real,ffhq,test,8a5030a51bd917f9af472787adfa4e7f7d0e68b93ba2b7d0cb6bcef9ed27c272
wildfake,Images/Real/ffhq.zip,ffhq/images/img042777.jpg,data/wildfake/real/b760558cdaa47a4d.jpg,0,real,ffhq,test,4c01ad1fe6510c7e585cd3c112fa764a9d15501787eeb10e0b0b97fecee60ec9
wildfake,Images/Real/ffhq.zip,ffhq/images/img023053.jpg,data/wildfake/real/11beaaba3edf736e.jpg,0,real,ffhq,test,5129bb8158238060bb1a494a1fc7d9d05e9897b8f7ba5f751eb2ed16bb04a2c8
wildfake,Images/Real/ffhq.zip,ffhq/images/img025403.jpg,data/wildfake/real/c9c390e9414b22c8.jpg,0,real,ffhq,test,c94ed54aab0415f46b1bcc3c0369c9aebecc8cc520611feff6674d1217d87f95
wildfake,Images/Real/ffhq.zip,ffhq/images/img024217.jpg,data/wildfake/real/57c6658b990e0eaa.jpg,0,real,ffhq,test,e30d00ee83b02673218c935c9aad0df4dc308b1c0f4a9fd280dcee91a38a1d18
wildfake,Images/Real/ffhq.zip,ffhq/images/img008782.jpg,data/wildfake/real/6285bb6a146810ad.jpg,0,real,ffhq,test,0608022ed0fc396951d74b16c12f5e149fc4901e9a3833260e4df9ad9460570e
wildfake,Images/Real/ffhq.zip,ffhq/images/img056981.jpg,data/wildfake/real/4aa2dbc1728bb34d.jpg,0,real,ffhq,test,a44a9147b64fd7b0881e31ec14f0a2d018d3607e8272dfef9e062f1472c1b233
wildfake,Images/Real/ffhq.zip,ffhq/images/img069489.jpg,data/wildfake/real/7921a2e55b412bb9.jpg,0,real,ffhq,test,fb35433f9058612bffc490adaafdccf8ae206f7e65010d3131c5b013c4d7eb9c
wildfake,Images/Real/ffhq.zip,ffhq/images/img008305.jpg,data/wildfake/real/48c52cf10737a0b2.jpg,0,real,ffhq,test,6fc5ace3908050633f02483e41708a56fbf27520c3483c6563f848ee48275775
wildfake,Images/Real/ffhq.zip,ffhq/images/img063766.jpg,data/wildfake/real/d3eca1a5294583ef.jpg,0,real,ffhq,test,f8f3fcd79b7661a2673c4a6316cd63bcb8d4b221ed84194c71d41a57f720eda0
wildfake,Images/Real/ffhq.zip,ffhq/images/img031359.jpg,data/wildfake/real/973de86548f316f9.jpg,0,real,ffhq,test,9721d5b0657c48f76140c6acb030b401ea3cd79c27245f42f296ddd538fe2521
wildfake,Images/Real/ffhq.zip,ffhq/images/img062205.jpg,data/wildfake/real/ed852f434e0a9a55.jpg,0,real,ffhq,test,c8d8d56a8736cd248fe7cc41af1c775e7f30deb05ed165927ed519aedcd1f107
wildfake,Images/Real/ffhq.zip,ffhq/images/img002498.jpg,data/wildfake/real/457fa9bf1b38f559.jpg,0,real,ffhq,test,a8a404a262844d82fac3ade1161c2750c36937e166df1fd431d5326b618a8caf
wildfake,Images/Real/ffhq.zip,ffhq/images/img011883.jpg,data/wildfake/real/e7bb2dc1d07e2f9a.jpg,0,real,ffhq,test,445fc700e33da9f65bd2ca0630828678f71bbfafcaef7e5d75ec5ba093d1f7e6
wildfake,Images/Real/ffhq.zip,ffhq/images/img021906.jpg,data/wildfake/real/47ec3cd5ae47a93d.jpg,0,real,ffhq,test,44ed1c1f65bf72c3249bcd14ddcc8512ef1c74f3130e849818341982e34bec97
wildfake,Images/Real/ffhq.zip,ffhq/images/img013994.jpg,data/wildfake/real/829828229e32fc2d.jpg,0,real,ffhq,test,2fb789f2229e0031ca9ca100f4dc04e72a06705b86c01a72f38c50fa4c038b26
wildfake,Images/Real/ffhq.zip,ffhq/images/img042151.jpg,data/wildfake/real/580a15646d2c181b.jpg,0,real,ffhq,test,879c5f05f22d80dcc701c108329d990471a2e985e971eb268ed648bdae216e6d
wildfake,Images/Real/ffhq.zip,ffhq/images/img052642.jpg,data/wildfake/real/ba6a5bcc0508717e.jpg,0,real,ffhq,test,852caad259aebab8d6324bce121197273350c45f8b5af1071212f1828e580d54
wildfake,Images/Real/ffhq.zip,ffhq/images/img025652.jpg,data/wildfake/real/62c750541c0b37b9.jpg,0,real,ffhq,test,1d49b10c9414b000db3f4cc55bf7f50d25a4e4bbe86e459cf0e69c0cfc7ad90b
wildfake,Images/Real/ffhq.zip,ffhq/images/img065726.jpg,data/wildfake/real/4327b577071cac7c.jpg,0,real,ffhq,test,d33eb3e13c8cfba7dbdd878f1d2e9611b6ef7855f87c0c376c293390610012c5
wildfake,Images/Real/ffhq.zip,ffhq/images/img008665.jpg,data/wildfake/real/81c7288da41ee211.jpg,0,real,ffhq,test,1aa39e15729557964415ca29a65553fbd277d97869dadd60dd3a56771e290899
wildfake,Images/Real/ffhq.zip,ffhq/images/img000178.jpg,data/wildfake/real/60c01651b52eaefa.jpg,0,real,ffhq,test,82c7cc2edb84ad72f4222de7caffabcf0da847f8306b59ec559174c5109a7366
wildfake,Images/Real/ffhq.zip,ffhq/images/img001597.jpg,data/wildfake/real/f9eadd80b0532fda.jpg,0,real,ffhq,test,17adf2e6eb4eba88fa5c97143f086e6c1f25c3d20bdd50580816a1d88658db1a
wildfake,Images/Real/ffhq.zip,ffhq/images/img068566.jpg,data/wildfake/real/b103fac1a6988b1a.jpg,0,real,ffhq,test,7278d6d7388a20e09d8e4390d17e026e9878f31cf44d5100bd10f95b2c2ff30c
wildfake,Images/Real/ffhq.zip,ffhq/images/img021207.jpg,data/wildfake/real/5864210b04d4b9ca.jpg,0,real,ffhq,test,cb4ceda5483fa9aab17bc85b5d3f0f0ef6116575aa3b7a4b5faf37c1b5f76d76
wildfake,Images/Real/ffhq.zip,ffhq/images/img042498.jpg,data/wildfake/real/8a18c6ee8ae4ac3c.jpg,0,real,ffhq,test,f83628484c4a1b31cb85340c5430a4f004f59b65c4345e219627354ef7b53f96
wildfake,Images/Real/ffhq.zip,ffhq/images/img056595.jpg,data/wildfake/real/2939c68ef07bb0d7.jpg,0,real,ffhq,test,ecd28ebd24afe483360a89f409889a611bf9d758f408b97179ad75ded18d7ba7
wildfake,Images/Real/ffhq.zip,ffhq/images/img041649.jpg,data/wildfake/real/55c89b2b651d83c5.jpg,0,real,ffhq,test,c2f9cf416e7a541f7ad2a404f581577b827f9f003f1d721b5b27c5381f24bb3f
wildfake,Images/Real/ffhq.zip,ffhq/images/img042899.jpg,data/wildfake/real/730103ec0cf8f58b.jpg,0,real,ffhq,test,52bc66b4d7cbae54b672d3a9e20edff2f6111245df195a839f19337ac5afdf3b
wildfake,Images/Real/ffhq.zip,ffhq/images/img061936.jpg,data/wildfake/real/00837e96c8a6c285.jpg,0,real,ffhq,test,93cbed2928fac3b798ae291556f21457cc5a52608f4501c5876b6f19d2a5374b
wildfake,Images/Real/ffhq.zip,ffhq/images/img022972.jpg,data/wildfake/real/093fb58a48a0e5ec.jpg,0,real,ffhq,test,eed8cb57cdf652e49869393701cc39258344dd217e1d40065177db48d9e519d5
wildfake,Images/Real/ffhq.zip,ffhq/images/img045249.jpg,data/wildfake/real/30d232e81c661bcf.jpg,0,real,ffhq,test,3ce69ab5b5b69ca99fef4cc9f888b847ee6a39bdbbb5b4b843c16d255667bd6f
wildfake,Images/Real/ffhq.zip,ffhq/images/img014683.jpg,data/wildfake/real/0a67c3648f9b9111.jpg,0,real,ffhq,test,37f3618147f447485a088fef3dbbb7fbe5c06b6546165b05b86d292fb7bf1a1a
wildfake,Images/Real/ffhq.zip,ffhq/images/img000599.jpg,data/wildfake/real/897cc1df35f28571.jpg,0,real,ffhq,test,9441554aa54b176ecb9f1a080bb0870ae03595971bd880ea5557ac93d46c7c4b
wildfake,Images/Real/ffhq.zip,ffhq/images/img028740.jpg,data/wildfake/real/c0544bc897607eea.jpg,0,real,ffhq,test,13c2ab52b055698088387ba463f2946da177837447f597872acd859e9c938780
wildfake,Images/Real/ffhq.zip,ffhq/images/img008383.jpg,data/wildfake/real/7fe439f2e57516b6.jpg,0,real,ffhq,test,82aba5073161e76aa2bf219c92551d1c3000ccaa87936f4586daaa336817cb06
wildfake,Images/Real/ffhq.zip,ffhq/images/img026302.jpg,data/wildfake/real/6a24f3d3d8b60b62.jpg,0,real,ffhq,test,1a2b287f53ae641fee2a0692bbac90679a9d04145f2a4e815484246fa917a792
wildfake,Images/Real/ffhq.zip,ffhq/images/img065521.jpg,data/wildfake/real/1e13ea7124fc2d35.jpg,0,real,ffhq,test,85101f7418175f9a684b6195aed3ba62d7be087fee659b45d9179d425ac67754
wildfake,Images/Real/ffhq.zip,ffhq/images/img005651.jpg,data/wildfake/real/139caecc5e30fb5c.jpg,0,real,ffhq,test,dcd18e375603016c529a5f89fc4f99522c7879c57afc24fcd2636711813009b3
wildfake,Images/Real/ffhq.zip,ffhq/images/img039856.jpg,data/wildfake/real/d7a7f53a61db9358.jpg,0,real,ffhq,test,716686b7e281093497437a02cf5d944174ea6d9e92acd01a44c3ff590a87cabd
wildfake,Images/Real/ffhq.zip,ffhq/images/img064494.jpg,data/wildfake/real/991e1e718d68c195.jpg,0,real,ffhq,test,688338c8b049c71fff3a03d19385451bd7ed18e53b195831b65210f940e95ceb
wildfake,Images/Real/ffhq.zip,ffhq/images/img064450.jpg,data/wildfake/real/2e8e3a074ab880a0.jpg,0,real,ffhq,test,113c4f2d52abe30708859eca098dd1c24b0ab56e13c83cd28cd0096d27235c3c
wildfake,Images/Real/ffhq.zip,ffhq/images/img056917.jpg,data/wildfake/real/c4834cb1c6bd5df0.jpg,0,real,ffhq,test,b76949c80f8e6848ba8aef4aabd50f24d7655ad01dc4432dd7cdcd9dcd19b179
wildfake,Images/Real/ffhq.zip,ffhq/images/img028759.jpg,data/wildfake/real/0e7d902020926706.jpg,0,real,ffhq,test,404e7da4b9bc2e259f780c65851a65c1c3d2fea0801ec983cb22eed77d0175c5
wildfake,Images/Real/ffhq.zip,ffhq/images/img021229.jpg,data/wildfake/real/b5be5b3271db035f.jpg,0,real,ffhq,test,1e4cd410e70174757ba0a8bb51ec70a45a4be43ae874332569baba28a4a115f0
wildfake,Images/Real/ffhq.zip,ffhq/images/img011452.jpg,data/wildfake/real/831fd131d33ffc32.jpg,0,real,ffhq,test,9363d24b1ac917489686b604b60a8457aa9b3e2745e0722e9b05b3650b48c9ec
wildfake,Images/Real/ffhq.zip,ffhq/images/img046843.jpg,data/wildfake/real/899b8cda18a95729.jpg,0,real,ffhq,test,71ed153c158c0723587e43bbbc502b57a8db4fc4574cfa2d3aeecdab534b4dd7
wildfake,Images/Real/ffhq.zip,ffhq/images/img028816.jpg,data/wildfake/real/96e9f6e8ee89caf5.jpg,0,real,ffhq,test,017a765d3be1d2069e7ae8ceb51052e8911cd8669b67b0341f3aeeaaa6f43958
wildfake,Images/Real/ffhq.zip,ffhq/images/img007138.jpg,data/wildfake/real/f88291c05b4f71b6.jpg,0,real,ffhq,test,d037d278e1ad4e7ee972f7a0449ca49006818b02f7df9940565220194e1bb7ce
wildfake,Images/Real/ffhq.zip,ffhq/images/img068847.jpg,data/wildfake/real/a26241f906992a3a.jpg,0,real,ffhq,test,3ea8a8b4edfbe6c5f599f10a93f87cabdbc88875575ddbf6054e37a353dd6d37
wildfake,Images/Real/ffhq.zip,ffhq/images/img012561.jpg,data/wildfake/real/4d8c6bd70164bf21.jpg,0,real,ffhq,test,633eb91f90e3b0164c228581757c6211996fa2ee62222756c706c1463372da56
wildfake,Images/Real/ffhq.zip,ffhq/images/img038209.jpg,data/wildfake/real/36bd22cbb674f7f7.jpg,0,real,ffhq,test,631b6351b9206dcecf265397c4756c355c84af5df191d77d530a23fc7eae4d5e
wildfake,Images/Real/ffhq.zip,ffhq/images/img048745.jpg,data/wildfake/real/4a790743a1e0b43b.jpg,0,real,ffhq,test,0390393782368ee76fc04aecbd686e22147483f0ae44820abe11ca2e4059daeb
wildfake,Images/Real/ffhq.zip,ffhq/images/img049300.jpg,data/wildfake/real/6839361b74d0d87a.jpg,0,real,ffhq,test,611492f77f5afae5668b89c4af6ed73f40e5a196d0b41779f0562a83719d4f43
wildfake,Images/Real/ffhq.zip,ffhq/images/img023437.jpg,data/wildfake/real/438cd7667bb5abf6.jpg,0,real,ffhq,test,8226cb338820a20703fd1d685d395048aa470468770d603fb1e7ec1029bbb235
wildfake,Images/Real/ffhq.zip,ffhq/images/img024182.jpg,data/wildfake/real/987588bd7c882eb6.jpg,0,real,ffhq,test,fcbbc877cc65c62a27cf664aece4492eea2c640c5bf669cc4c7c9f3c046b87f9
wildfake,Images/Real/ffhq.zip,ffhq/images/img043975.jpg,data/wildfake/real/5df218cf3ad8fd59.jpg,0,real,ffhq,test,19cb9d41cfb6453a21096203cfdc9f3a77873f09333f69687ab99491e7c3ca33
wildfake,Images/Real/ffhq.zip,ffhq/images/img010069.jpg,data/wildfake/real/be5283e8576f2cdd.jpg,0,real,ffhq,test,c5f8ea3947f4575a7695f4b918b20f4e10799ff53bc95e7b6bf17758853de305
wildfake,Images/Real/ffhq.zip,ffhq/images/img014528.jpg,data/wildfake/real/c3adf636e4a50ae0.jpg,0,real,ffhq,test,2cc4611182e4acbb6d599a473ca26a2ca0e889471f992f49b861e62953c982bf
wildfake,Images/Real/ffhq.zip,ffhq/images/img039462.jpg,data/wildfake/real/ec4af0cc2aa09247.jpg,0,real,ffhq,test,51451c32b93ae1f691527d48a0a021eb53f8f81a5c4ba5e6a850f5ad4aaec041
wildfake,Images/Real/ffhq.zip,ffhq/images/img007122.jpg,data/wildfake/real/2039484fd81eaea3.jpg,0,real,ffhq,test,85ecc0c9aeff81537fe53c5b2bdfe48746cf97e2289d8719c598fe19fb2aa617
wildfake,Images/Real/ffhq.zip,ffhq/images/img046073.jpg,data/wildfake/real/1122437362d6facc.jpg,0,real,ffhq,test,c6660995ba5648062cea407abf2b30d306d6f99a447a57cef6ae3e63a53cf77f
wildfake,Images/Real/ffhq.zip,ffhq/images/img022984.jpg,data/wildfake/real/de1171057c715484.jpg,0,real,ffhq,test,fa3e39677025b6f68057f031ff507e4072bba6b3cc17c2b180002e10a1b60d3a
wildfake,Images/Real/ffhq.zip,ffhq/images/img015833.jpg,data/wildfake/real/7f4a467306bf9117.jpg,0,real,ffhq,test,834b4439570d6330428d494f886b649ef369b22d662f0fdbf5baf21db290aa26
wildfake,Images/Real/ffhq.zip,ffhq/images/img039834.jpg,data/wildfake/real/d69b6116dc4603de.jpg,0,real,ffhq,test,ac9761cb76eba5eea8a41d751a823d5370f3d4b98503ff6d37642f1d810a77c7
wildfake,Images/Real/ffhq.zip,ffhq/images/img039955.jpg,data/wildfake/real/fd482d5daa36050f.jpg,0,real,ffhq,test,603ac8da990dab86b8ce2079d79f96d88c23019d7fbde24ce528954883f97ca8
wildfake,Images/Real/ffhq.zip,ffhq/images/img069945.jpg,data/wildfake/real/75dfc11383bcdbdf.jpg,0,real,ffhq,test,8e30f505eea2a7be9182ea17c12497f9a2496a52baa61b372cef934618c8d389
wildfake,Images/Real/ffhq.zip,ffhq/images/img046088.jpg,data/wildfake/real/020c7225e88bbc33.jpg,0,real,ffhq,train,ad0a5c7ddaf8025cadaa6ca1b5986dcbc49cc8c2c2723ea2ac28fa21865c9366
wildfake,Images/Real/ffhq.zip,ffhq/images/img055864.jpg,data/wildfake/real/a215b9167f358dd5.jpg,0,real,ffhq,train,c9be61b82667ae555a8293ca7a91e8976db9e90ac3d56947e60fcdd7f0125e9a
wildfake,Images/Real/ffhq.zip,ffhq/images/img042688.jpg,data/wildfake/real/e6ab425f1a0dc4c8.jpg,0,real,ffhq,train,dcdd61e65227610895bf5b4d8dd3d4cb5ef68dabcbf52505c750a64a3f5d4b6c
wildfake,Images/Real/ffhq.zip,ffhq/images/img047887.jpg,data/wildfake/real/9b5dc95dcda0cbab.jpg,0,real,ffhq,train,4c48aa215dabc3d53a1c15736d8cf75f19b598b6a8dfc81ab8c771db51de65c4
wildfake,Images/Real/ffhq.zip,ffhq/images/img062182.jpg,data/wildfake/real/684394bb9e5c5063.jpg,0,real,ffhq,train,29b4ff3d2be6762d24f74276e50f58f69bbb6139374e28d347085d5d9a5dcd0d
wildfake,Images/Real/ffhq.zip,ffhq/images/img004287.jpg,data/wildfake/real/c63fa561b9e03c7d.jpg,0,real,ffhq,train,8ba7557a930bd8534523a94a585d63cc0cc7d7f41958189aededbffebe2bc639
wildfake,Images/Real/ffhq.zip,ffhq/images/img033205.jpg,data/wildfake/real/54049bc04e28fea4.jpg,0,real,ffhq,train,64dd762b922bd9d900c1419a776853bee69c82f488135052c7c0f171b008cea4
wildfake,Images/Real/ffhq.zip,ffhq/images/img056051.jpg,data/wildfake/real/f2c50dd82fa7ea8e.jpg,0,real,ffhq,train,95dfa84b6d593122a1e025d06d08500621860759a49ffe8b6e1695fa5b10e05e
wildfake,Images/Real/ffhq.zip,ffhq/images/img037309.jpg,data/wildfake/real/57639f0f35f94b92.jpg,0,real,ffhq,train,45cd0ea67fb4183435467b0d02b36b36a15dc6be9879c20bb85c0284d0c1741b
wildfake,Images/Real/ffhq.zip,ffhq/images/img047089.jpg,data/wildfake/real/6c413076cdf786bc.jpg,0,real,ffhq,train,5d3acc5bab3ecd509328cf9971c5d60b30ffdf5dbdc8a848ddf71b7e6caa316b
wildfake,Images/Real/ffhq.zip,ffhq/images/img020454.jpg,data/wildfake/real/d96f8ba35a4d381f.jpg,0,real,ffhq,train,fc26e94990e214e31bf6aa884b12248a2b69e02a2dfdb2268b185c0f6d9961bc
wildfake,Images/Real/ffhq.zip,ffhq/images/img039173.jpg,data/wildfake/real/b2dc865abbf62e42.jpg,0,real,ffhq,train,dfe4bf0c05ef0bf31f4ccf5049ffe52523ab65505eb8116aecb49e659aa9c210
wildfake,Images/Real/ffhq.zip,ffhq/images/img030885.jpg,data/wildfake/real/8a830960b8118cd6.jpg,0,real,ffhq,train,dde232beea4b8c8524a0f491c25db7594c3d3c09969a4969780f8423e374fec2
wildfake,Images/Real/ffhq.zip,ffhq/images/img000113.jpg,data/wildfake/real/8ae9cce7f53fe2b1.jpg,0,real,ffhq,train,7f45518461b16d2ef6eee6929e6b33ea5a745512a82f3bcf396abdb35d07e60f
wildfake,Images/Real/ffhq.zip,ffhq/images/img035825.jpg,data/wildfake/real/381a270c1f7ac528.jpg,0,real,ffhq,train,de4753fb9160218f8f83e857e4de6f476d6207abb77077e1f584c993f684b709
wildfake,Images/Real/ffhq.zip,ffhq/images/img058387.jpg,data/wildfake/real/fa62d3fa90a2ce34.jpg,0,real,ffhq,train,584919cb1abd7d6a75e275b98bf87030ddbe462c8a59aed6d2ce952e2030afb3
wildfake,Images/Real/ffhq.zip,ffhq/images/img060357.jpg,data/wildfake/real/6100d683032f9be8.jpg,0,real,ffhq,train,2165e16a50d13af28f42b9d2e21b21d8e02caf35327904ae975ccdb0527285f8
wildfake,Images/Real/ffhq.zip,ffhq/images/img019523.jpg,data/wildfake/real/18390f9892cc79b6.jpg,0,real,ffhq,train,b20d08a4443068445d376d8b784980a5c055daeb7cbb6fbaac555e07ad7cd9fc
wildfake,Images/Real/ffhq.zip,ffhq/images/img000665.jpg,data/wildfake/real/a9d7364ae4588a91.jpg,0,real,ffhq,train,9ef0b6c26fde1d0ba67c2d1d25cd69fa3d6c439bfd472829b15bb94fb0bd2a54
wildfake,Images/Real/ffhq.zip,ffhq/images/img011322.jpg,data/wildfake/real/aeb0f15b2ea91f90.jpg,0,real,ffhq,train,007d272ef0026f4230e68dfdb5457629ef0d7379b5ee60b19a1820e22dacc3d2
wildfake,Images/Real/ffhq.zip,ffhq/images/img008177.jpg,data/wildfake/real/f6586b2aee842dfb.jpg,0,real,ffhq,train,2c785cebb0672f1c48538c58968372bbeaaeaf5134d8d218cef18a7aee241c22
wildfake,Images/Real/ffhq.zip,ffhq/images/img013619.jpg,data/wildfake/real/9bd0f3ef5bba7d67.jpg,0,real,ffhq,train,deab1860b5bd6539b77cf1632c07d262e9518259392611a84b2f9846facd69d2
wildfake,Images/Real/ffhq.zip,ffhq/images/img038874.jpg,data/wildfake/real/026aaae46f9ba471.jpg,0,real,ffhq,train,c3258ff2be7566897b7c93d76a65906805d465bc78be552fb339cb3464524bb1
wildfake,Images/Real/ffhq.zip,ffhq/images/img035432.jpg,data/wildfake/real/3ccc0d74a6280ebd.jpg,0,real,ffhq,train,5b7979f1c3c2268fe4f70908cd2d1cca2426f4ada0a345dda8a851a2e6c36f1b
wildfake,Images/Real/ffhq.zip,ffhq/images/img034422.jpg,data/wildfake/real/822f75fc9ca0bf28.jpg,0,real,ffhq,train,f90c4fb98451f10d5761a586cc6e347794506979768e17b5635edbc9f7d12c6b
wildfake,Images/Real/ffhq.zip,ffhq/images/img067081.jpg,data/wildfake/real/b66eb46c90994608.jpg,0,real,ffhq,train,6a4a31cf6b5da4a1158dc12bcf2a7e55645b13a870b37752721aff7e8b41e554
wildfake,Images/Real/ffhq.zip,ffhq/images/img012541.jpg,data/wildfake/real/ee263a2d2ed57687.jpg,0,real,ffhq,train,cde6cd2339ff174b51e4e36c4c10b1ad8528e64ee54baf3c9c9f9f3186123bc5
wildfake,Images/Real/ffhq.zip,ffhq/images/img057496.jpg,data/wildfake/real/bc8510deca77db9c.jpg,0,real,ffhq,train,6a718b0b6c868f444f0a11e8f05ac901fa0f2fe0cc49cac35f9a3facbdceb100
wildfake,Images/Real/ffhq.zip,ffhq/images/img049277.jpg,data/wildfake/real/261b3fc3031ea9d2.jpg,0,real,ffhq,train,ba53542dbd62541bbbdb229f33aeddd9aac9910d673bee3e4e25f35bda72eb1d
wildfake,Images/Real/ffhq.zip,ffhq/images/img002459.jpg,data/wildfake/real/a70fa2da2c5403c2.jpg,0,real,ffhq,train,9cc9c990a53980f8a9eff99e5ed1c280925963992cf4dc633b7678d639c6d00a
wildfake,Images/Real/ffhq.zip,ffhq/images/img021405.jpg,data/wildfake/real/db19945fc7c528e5.jpg,0,real,ffhq,train,d7eb8a31a275e085b013ebdf90f1296fcc7dd986dc38baf480e288f4c98036e6
wildfake,Images/Real/ffhq.zip,ffhq/images/img065210.jpg,data/wildfake/real/a3ad106d958fa027.jpg,0,real,ffhq,train,c803f5aafd6de53c26804d08a8d7ae7a8e21b37fd0458eca99d4156c5ac4ed1e
wildfake,Images/Real/ffhq.zip,ffhq/images/img038739.jpg,data/wildfake/real/b7baa299cf8d84d7.jpg,0,real,ffhq,train,db77139ffbd6d8036f101030c85f34615ee2143fbcaaf83384283ad51d399deb
wildfake,Images/Real/ffhq.zip,ffhq/images/img024780.jpg,data/wildfake/real/7e71ec3110802519.jpg,0,real,ffhq,train,884799b352e5b121b64b0fa747b43f82e9af5ec86e5280dccdec6f96744fb861
wildfake,Images/Real/ffhq.zip,ffhq/images/img030107.jpg,data/wildfake/real/2c19245f2f4895fe.jpg,0,real,ffhq,train,82f72d984993c97bddca9fa7c1935f7dfcdacbf55bc3a6084720cc4d0570bda9
wildfake,Images/Real/ffhq.zip,ffhq/images/img002048.jpg,data/wildfake/real/834e81a5303fa087.jpg,0,real,ffhq,train,0134440376ea329fe7bbdf2d74912cd9d07d89e5d1dda970cd3546a845f50824
wildfake,Images/Real/ffhq.zip,ffhq/images/img064625.jpg,data/wildfake/real/1986610e7f01cf49.jpg,0,real,ffhq,train,4220192df95aecbe4a66d00d58eea4f5794a021ad8c0f7f18dd5e824f609079f
wildfake,Images/Real/ffhq.zip,ffhq/images/img019871.jpg,data/wildfake/real/c2a64cad1495aa44.jpg,0,real,ffhq,train,8118fd3d99d7425b1d054420a7055ab16723a4f4fe9232abf28bc34cf850e31c
wildfake,Images/Real/ffhq.zip,ffhq/images/img022734.jpg,data/wildfake/real/820ce16cf5d49ea9.jpg,0,real,ffhq,train,7c0132eb365f787b409199cc08f7f5f0619f7dd8bff6da8f8e7a556601194e17
wildfake,Images/Real/ffhq.zip,ffhq/images/img056525.jpg,data/wildfake/real/5a911b73dd6b860b.jpg,0,real,ffhq,train,f9fba15efdf4193bfb3f87aa091bbc96ac380f8c0a3023e10f3f5e4fd64676e3
wildfake,Images/Real/ffhq.zip,ffhq/images/img059433.jpg,data/wildfake/real/718c208085f73e5d.jpg,0,real,ffhq,train,c861e302af8e7a6032dc3a4dfb9defd0e1f048e2216aa5581519800c01f2d04d
wildfake,Images/Real/ffhq.zip,ffhq/images/img054079.jpg,data/wildfake/real/7febb99e11a889bf.jpg,0,real,ffhq,train,aea6e9bf9fb1b4b6b1b0c564e570569a0b84afc1a3ea70b3243dacaa3542cb80
wildfake,Images/Real/ffhq.zip,ffhq/images/img022878.jpg,data/wildfake/real/f43615b667c8cab6.jpg,0,real,ffhq,train,1e814139c3fbb3c569c3bbf5b5cd3cb66b778884f2e39c224614916edff67a1c
wildfake,Images/Real/ffhq.zip,ffhq/images/img060106.jpg,data/wildfake/real/5c731fd0f12a6ee9.jpg,0,real,ffhq,train,abf0d3712ebe806051804d82c04b82e07c34c399b8a1dc648217b9069eb7ea8f
wildfake,Images/Real/ffhq.zip,ffhq/images/img005334.jpg,data/wildfake/real/428c5b6b09d310f3.jpg,0,real,ffhq,train,6109f2ea3a2153cf81918bef3d1fc9daf72cee228a013ff872de03c778771fa1
wildfake,Images/Real/ffhq.zip,ffhq/images/img028369.jpg,data/wildfake/real/16ee5807ce4071c9.jpg,0,real,ffhq,train,d082b2622a97927b17aa574795f712f7beecb19872ed0c1d3dd5e475d343944c
wildfake,Images/Real/ffhq.zip,ffhq/images/img044024.jpg,data/wildfake/real/d6b5c6b7d846ef0c.jpg,0,real,ffhq,train,66c5de33d1bb5baa3dc0691ffe184e15b6b91937c1360bedd1fd8a9edb7d9404
wildfake,Images/Real/ffhq.zip,ffhq/images/img045209.jpg,data/wildfake/real/88b901446def247c.jpg,0,real,ffhq,train,80655ad3cac0a1e249f5b790f48d3a077669d4811c1c98e85f81d795c71004c4
wildfake,Images/Real/ffhq.zip,ffhq/images/img054927.jpg,data/wildfake/real/494b9a28f7092df2.jpg,0,real,ffhq,train,f652af1e21d3dae9445cd02bf1806c782d98791353bf9e16b6ca7e97c469025a
wildfake,Images/Real/ffhq.zip,ffhq/images/img055965.jpg,data/wildfake/real/99af99b10b8a88cb.jpg,0,real,ffhq,train,044e7071010bc4ba75e9939b57bd9fa4fa6f5ea879e0664dc99e541515db11f2
wildfake,Images/Real/ffhq.zip,ffhq/images/img009441.jpg,data/wildfake/real/45217575b34ef7de.jpg,0,real,ffhq,train,ccb2d6c48dba33279d3e765938c994eb1ec1808fedf6f43bc636ea3a0c37bdc0
wildfake,Images/Real/ffhq.zip,ffhq/images/img000320.jpg,data/wildfake/real/0bdc2114bfc9117a.jpg,0,real,ffhq,train,93d054795c3b71831270147953a1f9b18542a0a8343a617634011eb769001c08
wildfake,Images/Real/ffhq.zip,ffhq/images/img009287.jpg,data/wildfake/real/696e2fbf6e48c9d4.jpg,0,real,ffhq,train,6561976ea6aadf629fd81e36f4e37233d5a93d983cf25afa2d07d07c8cb98107
wildfake,Images/Real/ffhq.zip,ffhq/images/img010956.jpg,data/wildfake/real/c5394e5a78d94ea0.jpg,0,real,ffhq,train,2dee29bf1e5c509520c8ccae2e37e5354d46f65dfdbfe0cb30ea2d0300a85de0
wildfake,Images/Real/ffhq.zip,ffhq/images/img047918.jpg,data/wildfake/real/d9918faee1dd0d57.jpg,0,real,ffhq,train,43b75c813e2c8dbfdce85c46fc568f464fae8e786c49e1c8f543259070eca965
wildfake,Images/Real/ffhq.zip,ffhq/images/img041542.jpg,data/wildfake/real/d929fdee6c43e2df.jpg,0,real,ffhq,train,2be735f5784bb803eacb9eb40293baf86a5ce03d3b7c88e286c60ca7e458592a
wildfake,Images/Real/ffhq.zip,ffhq/images/img045593.jpg,data/wildfake/real/ffd7142a3a2cf012.jpg,0,real,ffhq,train,17b4185cbc5a936c84b041d16b175592fff61e0b8afd5d270224e7dc037ae92b
wildfake,Images/Real/ffhq.zip,ffhq/images/img062818.jpg,data/wildfake/real/2d1b7809c5d8151a.jpg,0,real,ffhq,train,705ba2e24835db32d60a32ad6e8e92f9155d96e4b7f210288eaf2c87eae0700c
wildfake,Images/Real/ffhq.zip,ffhq/images/img029428.jpg,data/wildfake/real/e3dff456395e8810.jpg,0,real,ffhq,train,3e7e44c3c8a74874d8594ccfac518a0dbb4ebc7d245b743b26c8ee4dc5deb322
wildfake,Images/Real/ffhq.zip,ffhq/images/img061018.jpg,data/wildfake/real/d98710c6f4b75794.jpg,0,real,ffhq,train,5d13d2cfdf74521e83855ce894ed726e9740975dcd6b7c3d1c156590b57ea1fd
wildfake,Images/Real/ffhq.zip,ffhq/images/img069526.jpg,data/wildfake/real/c847de3b7a62664b.jpg,0,real,ffhq,train,17fc67bf498ebe3bf97e6424e3c93a95f782114c18df1453435cb1358396ffd6
wildfake,Images/Real/ffhq.zip,ffhq/images/img068151.jpg,data/wildfake/real/c01eea990a69b3e5.jpg,0,real,ffhq,train,42673ffa74985f29c04215e4954d4edbf15ee14e6d06254fdc7444f9da78c2c0
wildfake,Images/Real/ffhq.zip,ffhq/images/img044392.jpg,data/wildfake/real/fdd2f0e45d53f886.jpg,0,real,ffhq,train,88768b760f9b4e6b71883f3b50dd1570f38bffb3d8326647dc9305ded3416378
wildfake,Images/Real/ffhq.zip,ffhq/images/img013686.jpg,data/wildfake/real/07f5e3b1c56e84d2.jpg,0,real,ffhq,train,1818ce56d40e4e982edf00d2bbb0a685b93eccbeb7d5d8f33cc83f5680a7607e
wildfake,Images/Real/ffhq.zip,ffhq/images/img006202.jpg,data/wildfake/real/b590d7d24ede8343.jpg,0,real,ffhq,train,69b2cf18ebad09cb5bd0460ab57a4bb0e8f6d643bfa4ba4e6147b9b9bc6fce8b
wildfake,Images/Real/ffhq.zip,ffhq/images/img038228.jpg,data/wildfake/real/1aedb0a7284f4850.jpg,0,real,ffhq,train,3acc95c218796c46c6b831e138e5ff035cac1b2c3358ab8796a4cde9839783b8
wildfake,Images/Real/ffhq.zip,ffhq/images/img016083.jpg,data/wildfake/real/11cfd55594914f85.jpg,0,real,ffhq,train,833995624404c947234acdc3c99abd5bd7a0d212b9d176f5036dbb2841e6e367
wildfake,Images/Real/ffhq.zip,ffhq/images/img067467.jpg,data/wildfake/real/d670c44a2107a579.jpg,0,real,ffhq,train,d77a2d48ca568f6bd823d6b2e5f2ec05d2f8205b37b79b384549a412f386c372
wildfake,Images/Real/ffhq.zip,ffhq/images/img067552.jpg,data/wildfake/real/3be93ace55b9edd4.jpg,0,real,ffhq,train,e153cb4440b4cef26beeae794d3ed76442e0aeece583b0b9814cf2c97f35646c
wildfake,Images/Real/ffhq.zip,ffhq/images/img058360.jpg,data/wildfake/real/b3b07a4400ca7b2d.jpg,0,real,ffhq,train,67ee2b929a92cd84a6628a94d9fe2757639d56c708663323022a43b4463f7c57
wildfake,Images/Real/ffhq.zip,ffhq/images/img064918.jpg,data/wildfake/real/61a058ae5de9a58e.jpg,0,real,ffhq,train,29ba95de1a9a32b9317629532c27df4bbd3254e161e965ac71c8c0089c3513f7
wildfake,Images/Real/ffhq.zip,ffhq/images/img015923.jpg,data/wildfake/real/a929fad8c8396828.jpg,0,real,ffhq,train,23163f92031c462841f774089262ad5ef60155f51ba112b9721250ef348503ab
wildfake,Images/Real/ffhq.zip,ffhq/images/img062116.jpg,data/wildfake/real/a8ba5a5cc8eafb57.jpg,0,real,ffhq,train,d6b8a2fb09ceb0c2463c4fa457701e89bac57d82717b4a2e86798e55635be577
wildfake,Images/Real/ffhq.zip,ffhq/images/img000832.jpg,data/wildfake/real/e73a3e10d8b636e2.jpg,0,real,ffhq,train,7f55d883cb8ea06a0d92dc49b24bb5e020cfee86ae826df6a38f34836857d0e1
wildfake,Images/Real/ffhq.zip,ffhq/images/img049253.jpg,data/wildfake/real/4c6ab8b5b0b51c34.jpg,0,real,ffhq,train,8e901492093cba983600efa1d69bb641f3037760d851da1b3679bfa5111aa61e
wildfake,Images/Real/ffhq.zip,ffhq/images/img039526.jpg,data/wildfake/real/ade5fe670b3a4534.jpg,0,real,ffhq,train,3e539dcf5a7d6e2df165769b8cf3af017d07da87783b42335103a3527fd6e7d3
wildfake,Images/Real/ffhq.zip,ffhq/images/img000562.jpg,data/wildfake/real/57db5781cb1bba97.jpg,0,real,ffhq,train,dd3c800fcac90475a0569c31f18ab7590460f2ddff6c943400a8bdfcffa79617
wildfake,Images/Real/ffhq.zip,ffhq/images/img061204.jpg,data/wildfake/real/2ebc97b9676c6f3f.jpg,0,real,ffhq,train,ab9a83adc22611f074dd40b0918a96c054b7cb6a679ead526963369317e28db9
wildfake,Images/Real/ffhq.zip,ffhq/images/img029151.jpg,data/wildfake/real/a978977e49407cef.jpg,0,real,ffhq,train,d7b69bf4b829944b5b176a91180d6b5d5e7a6df4abc29dba8a33dd540f9e65e5
wildfake,Images/Real/ffhq.zip,ffhq/images/img008906.jpg,data/wildfake/real/3e4a19568a1892c8.jpg,0,real,ffhq,train,3feae12bb45f15e62e7b797f49069c67fbae4d10a3590e5cbfcf57311bd77478
wildfake,Images/Real/ffhq.zip,ffhq/images/img060570.jpg,data/wildfake/real/1a5ab181ca173881.jpg,0,real,ffhq,train,cc5b50bb52d60b593ea0f02624b7dd7e61b10fe7692538fb4e4e587cc545907d
wildfake,Images/Real/ffhq.zip,ffhq/images/img021368.jpg,data/wildfake/real/cafd49eb788a74d9.jpg,0,real,ffhq,train,0b25122746856502893c815da7ffe55a9ff48bd7a2db9c9aec9970273843c5ab
wildfake,Images/Real/ffhq.zip,ffhq/images/img052509.jpg,data/wildfake/real/1e2101c9e630415f.jpg,0,real,ffhq,train,810d83c115449429f0cd212c0689b41f4136a0437d9d1cbc0d0eec124fd6e00c
wildfake,Images/Real/ffhq.zip,ffhq/images/img003728.jpg,data/wildfake/real/2980e527b6b58937.jpg,0,real,ffhq,train,02391a06968a170f28ac62e4ed71f9bfbeccf84e6686cbdb6d8c7bdd85e4719e
wildfake,Images/Real/ffhq.zip,ffhq/images/img046976.jpg,data/wildfake/real/c85163cb826e0b2c.jpg,0,real,ffhq,train,b17e1d70d9e520e34ce2aabf372be763a254ed792dbfcbe43102d367c9e72aeb
wildfake,Images/Real/ffhq.zip,ffhq/images/img059302.jpg,data/wildfake/real/43ff83c441a4ffff.jpg,0,real,ffhq,train,c3c49998989c068b5b9b7289195250228a8703cf3140ea881b2001306cf2b332
wildfake,Images/Real/ffhq.zip,ffhq/images/img006003.jpg,data/wildfake/real/62788c1a0e7eceae.jpg,0,real,ffhq,train,314b0a081baa2741d2ad0fef7919c6bc01c50b05d449e2a807d95ae3b39e3278
wildfake,Images/Real/ffhq.zip,ffhq/images/img044025.jpg,data/wildfake/real/5a711ccd0078bffa.jpg,0,real,ffhq,train,28ac1e702a6a1bc16897420a3df079e8bab9e83b9c8e1613b1cbe6a7e9e1284c
wildfake,Images/Real/ffhq.zip,ffhq/images/img047044.jpg,data/wildfake/real/c01a8ebbfc11a265.jpg,0,real,ffhq,train,e3d678d5516ea4791ee5cc55140b6ec359d028548bf1db233ca9b11fd10452df
wildfake,Images/Real/ffhq.zip,ffhq/images/img048487.jpg,data/wildfake/real/6d247dd789f081da.jpg,0,real,ffhq,train,5fc613928327762f9ff4688a4520efe9440c21199cbb67a6686a91bb9edbec01
wildfake,Images/Real/ffhq.zip,ffhq/images/img060199.jpg,data/wildfake/real/052b76687f302e7e.jpg,0,real,ffhq,train,0a55645c38f0822bc18fa2815c0e988b9eac92868becb9e008768d372e3629bc
wildfake,Images/Real/ffhq.zip,ffhq/images/img047338.jpg,data/wildfake/real/6b568d5260c9fd98.jpg,0,real,ffhq,train,f28abad5430325a81a1ccccdd5b371a44dc25ff54ba01ae4c05581ade5298b76
wildfake,Images/Real/ffhq.zip,ffhq/images/img034132.jpg,data/wildfake/real/92d41dcc907e59c1.jpg,0,real,ffhq,train,bf7096d6fcd0a723f986d6bc366c0255b96c9d6aee8c2d8da2d748f60c1380ad
wildfake,Images/Real/ffhq.zip,ffhq/images/img059241.jpg,data/wildfake/real/20c9c283b558c781.jpg,0,real,ffhq,train,9a2d93ebdce7fe115fb2edaf949d243a5d85c972f81655a43d359f744342ab10
wildfake,Images/Real/ffhq.zip,ffhq/images/img053903.jpg,data/wildfake/real/1e35c01c40b75fa1.jpg,0,real,ffhq,train,43b189f0d98fd5120fb96388da7a5db7d406b416ee70885efca0d0539cbe1867
wildfake,Images/Real/ffhq.zip,ffhq/images/img028883.jpg,data/wildfake/real/18515965961f571f.jpg,0,real,ffhq,train,b95b09c80e6d5b3c1a95757c55b477077abb82e1f2611ca3788ba3a7ba679d7b
wildfake,Images/Real/ffhq.zip,ffhq/images/img036335.jpg,data/wildfake/real/d0d338c72c1e14ab.jpg,0,real,ffhq,train,4f74a363355e4d5bcdecdbe249d964b640b005bcaa6dbb5108624055544d5ae4
wildfake,Images/Real/ffhq.zip,ffhq/images/img064314.jpg,data/wildfake/real/550ceae90448570c.jpg,0,real,ffhq,train,1efe39804ec8bfbc49d6f29b0d163a28d43481a5f163f1d657ec9e02aa5a32f3
wildfake,Images/Real/ffhq.zip,ffhq/images/img054986.jpg,data/wildfake/real/6099ecf204358b4b.jpg,0,real,ffhq,train,b94521917f5a659472312f28fe94d3eefb2e0f50298265ee3be78e610c06f92d
wildfake,Images/Real/ffhq.zip,ffhq/images/img048878.jpg,data/wildfake/real/c4ce27be66271065.jpg,0,real,ffhq,train,9767178dd4c2d8bf37c1b1b2b3c69f7e38d498d5df60e2a48c191bcc5c609763
wildfake,Images/Real/ffhq.zip,ffhq/images/img045068.jpg,data/wildfake/real/b6dd9adb16b7f9f1.jpg,0,real,ffhq,train,fc183ac3fdd609f0f369240c96aad3ea13804d066115363ffd27a1cee0053591
wildfake,Images/Real/ffhq.zip,ffhq/images/img028922.jpg,data/wildfake/real/bddbc1a103687dfb.jpg,0,real,ffhq,train,14b65913722d5e3b53db90a3a4a30e8ff08d1d53d6439a5dc4f54bf1f69274ec
wildfake,Images/Real/ffhq.zip,ffhq/images/img060655.jpg,data/wildfake/real/4bec4a87ba7a5d41.jpg,0,real,ffhq,train,03c1be8c6874dddf27f4f3852c113e2874f54ed88a039de89ee096ba13110a98
wildfake,Images/Real/ffhq.zip,ffhq/images/img006955.jpg,data/wildfake/real/0556aef253250829.jpg,0,real,ffhq,train,52d990ee972f21dc73307b69ae270da7cf90e5f0fc1583baf75eb0c060f622e7
wildfake,Images/Real/ffhq.zip,ffhq/images/img054331.jpg,data/wildfake/real/0f3351b1f0641412.jpg,0,real,ffhq,train,470748d3ad8aea91ebe9942e3dcfea5330b07481f39188c041aa55691807f82a
wildfake,Images/Real/ffhq.zip,ffhq/images/img065979.jpg,data/wildfake/real/2f85e9a23dbec06c.jpg,0,real,ffhq,train,326ac2c107fef81b988a274f96e3b2a13ac39e6cb8c37dfe9bfcae78b4016a7b
wildfake,Images/Real/ffhq.zip,ffhq/images/img054005.jpg,data/wildfake/real/295b867a35a84424.jpg,0,real,ffhq,train,77a8161a18c54216c248fa5b779966f7b4929e819a28a63275aa5b6e7b28a969
wildfake,Images/Real/ffhq.zip,ffhq/images/img003517.jpg,data/wildfake/real/b9d39e8858b5f1e8.jpg,0,real,ffhq,train,58d3bd556e557bbb0501887e1c2019b628ac5bee7fa5a4e12b05f57a7fbbfa26
wildfake,Images/Real/ffhq.zip,ffhq/images/img005376.jpg,data/wildfake/real/856d371009ca67ed.jpg,0,real,ffhq,train,f63211866f2faf704ed1df9ff4b5b7577c2a21cdc797935ffa143e7c39ad4ee7
wildfake,Images/Real/ffhq.zip,ffhq/images/img010508.jpg,data/wildfake/real/7a7215841430e62e.jpg,0,real,ffhq,train,876661bd023b18943733584063e1fa58a22813c7fc4bfe6fd9674ca5b8fd7b75
wildfake,Images/Real/ffhq.zip,ffhq/images/img031524.jpg,data/wildfake/real/7cc03d232ae30c19.jpg,0,real,ffhq,train,bc000d4ecbac6d7bb5e6b7d67d809e2df82b5bc1e9b041356e592b18527fb2da
wildfake,Images/Real/ffhq.zip,ffhq/images/img066524.jpg,data/wildfake/real/6ca3e86b26285684.jpg,0,real,ffhq,train,0c340281e494873eddb1d074a256182f52d258e1e3f98274ad3e121d0604a9ff
wildfake,Images/Real/ffhq.zip,ffhq/images/img018169.jpg,data/wildfake/real/c2b2f095cc0a8c10.jpg,0,real,ffhq,train,5e367fa818a1e44c6fc58ba8cc96aba522e7f51205b07df9bcf0e66c9c41356f
wildfake,Images/Real/ffhq.zip,ffhq/images/img018274.jpg,data/wildfake/real/62b7fc96e9692dd6.jpg,0,real,ffhq,train,397c8c688451e4c07758fc63e4ef96ba4818d8c54ace63b04fbbb556b3d68299
wildfake,Images/Real/ffhq.zip,ffhq/images/img055434.jpg,data/wildfake/real/08bfa6a4c627c091.jpg,0,real,ffhq,train,cc19b0eeb0df785d3f9f081c6472f5d0a0a9caf5bad269eedc4d11ce08cded99
wildfake,Images/Real/ffhq.zip,ffhq/images/img039582.jpg,data/wildfake/real/265b5831ab1183ac.jpg,0,real,ffhq,train,28a1421b686087080fd7520fef687e0bd4fdb5807e1205915970d4ef572e5022
wildfake,Images/Real/ffhq.zip,ffhq/images/img015886.jpg,data/wildfake/real/0363a508b18c1e87.jpg,0,real,ffhq,train,afa83f7fb35632d02ce6c45076ef080ecb85792aefcd0bcc29407e645dd9ad15
wildfake,Images/Real/ffhq.zip,ffhq/images/img062115.jpg,data/wildfake/real/0ad366beb82430a2.jpg,0,real,ffhq,train,45e451263b14122b70aa9f873efc6cfeb464fc62125890f9b3485a9bff6c80ca
wildfake,Images/Real/ffhq.zip,ffhq/images/img005975.jpg,data/wildfake/real/8ae5b91276e24e9f.jpg,0,real,ffhq,train,2aecfdf135ed62396c2cdba0ee069ff348baa1066773b287dd504355d31bc984
wildfake,Images/Real/ffhq.zip,ffhq/images/img051181.jpg,data/wildfake/real/30f4849e3888a13d.jpg,0,real,ffhq,train,47da24ed49688f73c49c26a4e95f7e25917ec870cd5c03ea52a8d0d54d5c6af6
wildfake,Images/Real/ffhq.zip,ffhq/images/img025153.jpg,data/wildfake/real/0ec0fdd19b84d10a.jpg,0,real,ffhq,train,dde433c0246a6455e77f3d3beee9dc6f7e66fceb713950702084140937c268aa
wildfake,Images/Real/ffhq.zip,ffhq/images/img037797.jpg,data/wildfake/real/8d2802029b4a8f39.jpg,0,real,ffhq,train,93f6676c6fd49dd8b4a4219448bcc96ca242df4299fe7b35786f99ff0023032a
wildfake,Images/Real/ffhq.zip,ffhq/images/img033804.jpg,data/wildfake/real/43d48e8084fbdb8a.jpg,0,real,ffhq,train,51189bcf82b205df149459489e42b484c09691cd19a7dde396eb215309c89885
wildfake,Images/Real/ffhq.zip,ffhq/images/img005796.jpg,data/wildfake/real/b7db0389eca40bb9.jpg,0,real,ffhq,train,ce67f0b89e9ab6df4f882d97b53fef60647d31ed77d07ee1b5b140a13e3e3ae9
wildfake,Images/Real/ffhq.zip,ffhq/images/img054758.jpg,data/wildfake/real/c9074b87d3e8c462.jpg,0,real,ffhq,train,8d18d4df9c9f5600e61d237c85ebdc6c21e3ddca2c2a7259656ccd3d9fe69801
wildfake,Images/Real/ffhq.zip,ffhq/images/img005535.jpg,data/wildfake/real/fa868ec95b33d5a2.jpg,0,real,ffhq,train,8da22ea5683734f12136de2076db0be7d44870020f4f666de5b2fe77dc6d56c4
wildfake,Images/Real/ffhq.zip,ffhq/images/img036226.jpg,data/wildfake/real/812b3a7c59f2fcd8.jpg,0,real,ffhq,train,9fbb60d57c1fdc4a3539741f89270b286cea3620846e964f46a4a6264d40c63e
wildfake,Images/Real/ffhq.zip,ffhq/images/img063720.jpg,data/wildfake/real/979269849c18fbe5.jpg,0,real,ffhq,train,276c2a82a636798087707caa6424e7d9c0f5c74080ad592d367cd6578dc675ac
wildfake,Images/Real/ffhq.zip,ffhq/images/img057156.jpg,data/wildfake/real/236cdd1655ed8fca.jpg,0,real,ffhq,train,905ae544d16356fc11db8d2c5e3488b371a4be8417733aad2f2cf6d7d8c9be47
wildfake,Images/Real/ffhq.zip,ffhq/images/img004833.jpg,data/wildfake/real/02325bb0eb41093d.jpg,0,real,ffhq,train,cc9b21c6ad66b48a45d4225659d97ad0ffd782b189e0d31d374a15819afafe04
wildfake,Images/Real/ffhq.zip,ffhq/images/img033729.jpg,data/wildfake/real/e694856f57dc3969.jpg,0,real,ffhq,train,9875fab9f96b782b8ffe752e0bc25c460847c49d07857c6a5ad70f3ed5148606
wildfake,Images/Real/ffhq.zip,ffhq/images/img019510.jpg,data/wildfake/real/333bd05ad84f40bc.jpg,0,real,ffhq,train,1d14519c3f6b9de3df877021289a09cf34f15abfefc4aa91e9a9d42f5e1eca25
wildfake,Images/Real/ffhq.zip,ffhq/images/img053296.jpg,data/wildfake/real/dbe673465f1c3be2.jpg,0,real,ffhq,train,40b28cb0fb64e0502f2041aacd47fc1b991b9944bd46ebc0cb7f7dbb6d9e88e7
wildfake,Images/Real/ffhq.zip,ffhq/images/img037132.jpg,data/wildfake/real/b8e33f68f7fb8055.jpg,0,real,ffhq,train,c21aa5e9c268b37ed8e70b718e98e5cfc8455a50603c1017335fd3f541da275f
wildfake,Images/Real/ffhq.zip,ffhq/images/img034079.jpg,data/wildfake/real/b811d28c7f535af0.jpg,0,real,ffhq,train,30010ad859fa8ebf1c94d43da0c459c4c9a85c7ca863083e2f475f02cb61bd90
wildfake,Images/Real/ffhq.zip,ffhq/images/img004461.jpg,data/wildfake/real/17667c4cd728c0c4.jpg,0,real,ffhq,train,a1253e39d61f40f56e2eb4ff171155a51d94f4b7fbdf04a74ccb99a63d8c0c15
wildfake,Images/Real/ffhq.zip,ffhq/images/img047325.jpg,data/wildfake/real/1bc0b2e4a0786138.jpg,0,real,ffhq,train,8e46bfa55064d7d8423c1866543a0fa0951b638e47922a6b3bbc3369e663a26f
wildfake,Images/Real/ffhq.zip,ffhq/images/img040334.jpg,data/wildfake/real/24c014a7722d2a0e.jpg,0,real,ffhq,train,f4f8a247c51ce728ac2cb5ac3c72219d68f9bf70909a5b40f158398c6f6d237a
wildfake,Images/Real/ffhq.zip,ffhq/images/img036885.jpg,data/wildfake/real/5c60885ebce13af9.jpg,0,real,ffhq,train,dbb20c71d967a332e7d6a12e111146d5272aec004c1df2b75d313182e69540bc
wildfake,Images/Real/ffhq.zip,ffhq/images/img002087.jpg,data/wildfake/real/e884acfbfaecc726.jpg,0,real,ffhq,train,7510e30139c7d0b402e38f5be2e7a1ef5e4e57485a297d3fc0e6f3b043dd3af0
wildfake,Images/Real/ffhq.zip,ffhq/images/img058442.jpg,data/wildfake/real/c28f86105412563b.jpg,0,real,ffhq,train,24344252c57d2fe1493778f60fff7b261f5f6043555970b10661b4f3e2b7b5c2
wildfake,Images/Real/ffhq.zip,ffhq/images/img026208.jpg,data/wildfake/real/61e2c80c83c955e4.jpg,0,real,ffhq,train,7f09387912250d37b2d6e4c34ad6ddc0b15f6bd3a453c8ef5bc3555e2ba8a183
wildfake,Images/Real/ffhq.zip,ffhq/images/img069842.jpg,data/wildfake/real/062c0c9b9c82a47a.jpg,0,real,ffhq,train,6ebb371519fb42bb9932766aac5b7ce150dca3f843af77b6f1ef01a6b54a2f8c
wildfake,Images/Real/ffhq.zip,ffhq/images/img012761.jpg,data/wildfake/real/bbff7aadec0ac213.jpg,0,real,ffhq,train,6e25bab7cd956b5f7ab0c215cbe1716d920e3de49f9e6029039f604c8390c7f5
wildfake,Images/Real/ffhq.zip,ffhq/images/img059298.jpg,data/wildfake/real/0d4ef20cb53cc9f3.jpg,0,real,ffhq,train,01c1dd684927ece55410896ab79394d9e5ebbb394a3b9ae401d30c88227fc944
wildfake,Images/Real/ffhq.zip,ffhq/images/img058303.jpg,data/wildfake/real/0eb5e98d021541ef.jpg,0,real,ffhq,train,9b615ddfd3aeafb2dfbba89008b1b8c0ec85d46262a0ca68868d44f6c865d934
wildfake,Images/Real/ffhq.zip,ffhq/images/img061763.jpg,data/wildfake/real/71241938304d1ae1.jpg,0,real,ffhq,train,630d76aa4da5379ebf328c587e3eae6053798e21d7d9767293c1c326daa5e090
wildfake,Images/Real/ffhq.zip,ffhq/images/img007818.jpg,data/wildfake/real/fbe2ec7d044d6692.jpg,0,real,ffhq,train,d3c49c0edbfe7c9af5699f6eb4263ec3ff0104676caf9993eaaf5212c15b1431
wildfake,Images/Real/ffhq.zip,ffhq/images/img037831.jpg,data/wildfake/real/41d5c01b535a7f68.jpg,0,real,ffhq,train,8a9875e71c357ec6350f2f8f88a034986dfe50fdb7aa171e3035c86c2941fca2
wildfake,Images/Real/ffhq.zip,ffhq/images/img060031.jpg,data/wildfake/real/3f74c5f7c8695ce0.jpg,0,real,ffhq,train,a5a391706b2b94d16f47a7d19b17b0466bff2d99f8377fa8df1008a50db315c2
wildfake,Images/Real/ffhq.zip,ffhq/images/img041446.jpg,data/wildfake/real/7294fe19d9a1d41e.jpg,0,real,ffhq,train,24587a7ef2b42943f41f76d28c15de25815dc26b8db66927ef35964056c4306f
wildfake,Images/Real/ffhq.zip,ffhq/images/img037852.jpg,data/wildfake/real/501db2f826db9e72.jpg,0,real,ffhq,train,d9a7b23f34de5a5914a948233bfdc4856776052b77a6d6a78c9538ce1a3def36
wildfake,Images/Real/ffhq.zip,ffhq/images/img026772.jpg,data/wildfake/real/7b9a16f981c32d45.jpg,0,real,ffhq,train,f44a4d9b2aa9461139a362a66cf71a303a77565e42b36245ee56cb4fa73e9f3a
wildfake,Images/Real/ffhq.zip,ffhq/images/img023149.jpg,data/wildfake/real/ed4a66cdb3ea3648.jpg,0,real,ffhq,train,477a8e121b14d3caab552dd2df98a6763ae118c41d48dd5e497038fd73bbf9aa
wildfake,Images/Real/ffhq.zip,ffhq/images/img022372.jpg,data/wildfake/real/7bd1a7a60630fe96.jpg,0,real,ffhq,train,087be00f2673c3c0b9d6e37b173cbb58289be44dcaedba41e23f943ea3f6c83c
wildfake,Images/Real/ffhq.zip,ffhq/images/img015278.jpg,data/wildfake/real/3aaf2e1376eba015.jpg,0,real,ffhq,train,e56d8da71a39fdc645aba50df5d57256bf43473bba05509648c0ce5a7fb69b07
wildfake,Images/Real/ffhq.zip,ffhq/images/img068389.jpg,data/wildfake/real/626bd73f11636eab.jpg,0,real,ffhq,train,67f3730c271f2340db89bf4349855a9bfb9a509a7110cc7796d7161a4c75ed28
wildfake,Images/Real/ffhq.zip,ffhq/images/img045442.jpg,data/wildfake/real/c36d109fefdc8e1d.jpg,0,real,ffhq,train,61fe731226e20bb0c6ffbcbdc7e508045b6471ab0a7c2600845adf527017fc7a
wildfake,Images/Real/ffhq.zip,ffhq/images/img053150.jpg,data/wildfake/real/9677f43287cbf1e7.jpg,0,real,ffhq,train,5dc1c3f5548e6af9cbd5b0eb393c6098fd5a02d15785dc8bc9d31f2261213c98
wildfake,Images/Real/ffhq.zip,ffhq/images/img007234.jpg,data/wildfake/real/3cce3a63bd2f11f5.jpg,0,real,ffhq,train,ae8df234dfc773c375c067ca26b538f0b01d355559dfd0310b8c7d36d127aa10
wildfake,Images/Real/ffhq.zip,ffhq/images/img042389.jpg,data/wildfake/real/e9c349d17a5ddea3.jpg,0,real,ffhq,train,85277b76191e441c0769d63f457ee532f7b59cff62181a8db8be23f4046ee5fc
wildfake,Images/Real/ffhq.zip,ffhq/images/img058177.jpg,data/wildfake/real/61cd38242117169f.jpg,0,real,ffhq,train,9b243a3452a38999b5e5933fba253979519d65d243a79935b48ee52f0adff081
wildfake,Images/Real/ffhq.zip,ffhq/images/img019443.jpg,data/wildfake/real/143e9e5e38d5f27d.jpg,0,real,ffhq,train,440cf45c1a3be7a8f541a462e9193b48c5b650e3a027e548f1225dbc93ca0815
wildfake,Images/Real/ffhq.zip,ffhq/images/img043231.jpg,data/wildfake/real/875133fd826b2150.jpg,0,real,ffhq,train,974ffda7ff438e217669228e4a245d90a0ebc1ce982a5ae96b008e8b2e0c9d32
wildfake,Images/Real/ffhq.zip,ffhq/images/img069417.jpg,data/wildfake/real/36aa23c9ee56ff88.jpg,0,real,ffhq,train,2a05f3c808e3a6a871e253a8ab01bed8e64a1d74610e4b5da62f53cd548f3310
wildfake,Images/Real/ffhq.zip,ffhq/images/img007872.jpg,data/wildfake/real/8aaee76758a11f16.jpg,0,real,ffhq,train,c3132b7fbfd4fc2408d513558146768028c0c2a56e5faafecc27794489eeee03
wildfake,Images/Real/ffhq.zip,ffhq/images/img057999.jpg,data/wildfake/real/298b2922ab81f22b.jpg,0,real,ffhq,train,8dd140119f64ff32845cd454fac70f76cc2c3ad79d7f8f1d398698fbb7918830
wildfake,Images/Real/ffhq.zip,ffhq/images/img040380.jpg,data/wildfake/real/1d32a25df540dbb0.jpg,0,real,ffhq,train,9707ef8e2755482336c488409a3ff057a18f5d65838f20964e14ce4320d70a39
wildfake,Images/Real/ffhq.zip,ffhq/images/img019558.jpg,data/wildfake/real/74ac69267c6687e1.jpg,0,real,ffhq,train,44fce5307e93fa622b085dc853d47644095e2aa0048f8a54aa866a44a26522a5
wildfake,Images/Real/ffhq.zip,ffhq/images/img057788.jpg,data/wildfake/real/14c829f07013fe59.jpg,0,real,ffhq,train,3bf78e01629d13013f399dff6889bd370f541a117dc671fee65e8f171019009d
wildfake,Images/Real/ffhq.zip,ffhq/images/img051269.jpg,data/wildfake/real/bf46768f692b2754.jpg,0,real,ffhq,train,e61ac4eed5dbad355218499eb4053d518e16eba6f290ceacf8b3cf4f788607b1
wildfake,Images/Real/ffhq.zip,ffhq/images/img015644.jpg,data/wildfake/real/61d8997f3c72c160.jpg,0,real,ffhq,train,0b29d47caa9aa58ffff205f75453ba0dd63bbd64531931f9004e0e649ff4e66e
wildfake,Images/Real/ffhq.zip,ffhq/images/img043899.jpg,data/wildfake/real/567531f81780ca16.jpg,0,real,ffhq,train,d4e9ab541d5b738078de4cd15fa4f276a47cf3d04be68ca2ffd342df473ff9b7
wildfake,Images/Real/ffhq.zip,ffhq/images/img037767.jpg,data/wildfake/real/026d07b3ed57b699.jpg,0,real,ffhq,train,590a4fd19281f5eb580169814541fadb8f56d96a3222dd75dd83d92d44eb3941
wildfake,Images/Real/ffhq.zip,ffhq/images/img063730.jpg,data/wildfake/real/e5eefdd68a9e7e7a.jpg,0,real,ffhq,train,5b18b6c0d5ff83d67eb6267e350d91f0ed469ca67d6364b631384e7338dabd01
wildfake,Images/Real/ffhq.zip,ffhq/images/img007346.jpg,data/wildfake/real/f56f9acf426a44d9.jpg,0,real,ffhq,train,acfcf9670a7e4170d36b50642dd8c84afb01f24f5a9b873c5ed3fe37a00825a8
wildfake,Images/Real/ffhq.zip,ffhq/images/img011683.jpg,data/wildfake/real/42050315f5b6bcfc.jpg,0,real,ffhq,train,2a080f32af4a717c870098e18b6a1f5a7a9ffd2c10094c3a179407beb7a2837f
wildfake,Images/Real/ffhq.zip,ffhq/images/img007213.jpg,data/wildfake/real/44fb966f172486b2.jpg,0,real,ffhq,train,5b8edbfbe58f5b154a9e7b239d5a668cc95c9f87b5f4c0955b562002fcadfac1
wildfake,Images/Real/ffhq.zip,ffhq/images/img054596.jpg,data/wildfake/real/d1c7dba606d470a6.jpg,0,real,ffhq,train,d606b524c3af35c0c77c8698ba780ee88f8e3bbab6d2ff13288d343740a8a290
wildfake,Images/Real/ffhq.zip,ffhq/images/img037940.jpg,data/wildfake/real/0b86d94ba61e84fd.jpg,0,real,ffhq,train,e99a9ef5fe3ad50f98e1806cb4e347236b2d85b00c6130174d729222badf0480
wildfake,Images/Real/ffhq.zip,ffhq/images/img046230.jpg,data/wildfake/real/3e473e876e42dc3c.jpg,0,real,ffhq,train,89613144cadc49036f4a2a042f58e4e638cfcaba41a46bafa207361b7a39d2b3
wildfake,Images/Real/ffhq.zip,ffhq/images/img051684.jpg,data/wildfake/real/1e5715a286addcf5.jpg,0,real,ffhq,train,a64aac6a64f9dba08b36373fb2a46fef797796a12b9d4711840c956055dca903
wildfake,Images/Real/ffhq.zip,ffhq/images/img054474.jpg,data/wildfake/real/913f7ec36164bb59.jpg,0,real,ffhq,train,6d2728b36b8849335898d9d81c6fbdab9d1ef1339a266e807c0bb004a7f68e67
wildfake,Images/Real/ffhq.zip,ffhq/images/img044216.jpg,data/wildfake/real/b6f8db374bf3db8d.jpg,0,real,ffhq,train,426c820381f984c9c04eecf8d3c23c82df56766b23e0ccb7f6d6e4ac85cc347f
wildfake,Images/Real/ffhq.zip,ffhq/images/img027021.jpg,data/wildfake/real/79d05d128d6dbf39.jpg,0,real,ffhq,train,675ee61bd0da36be20cd85a1d954b87f08de6dd29b5154acfb60b3c1c7908800
wildfake,Images/Real/ffhq.zip,ffhq/images/img062978.jpg,data/wildfake/real/3302a311539c7a3b.jpg,0,real,ffhq,train,b5cf18012662ddcc91283debc201e067742bab102c7adc149932f1c476cd5d1b
wildfake,Images/Real/ffhq.zip,ffhq/images/img037992.jpg,data/wildfake/real/f6136114f7078838.jpg,0,real,ffhq,train,6d3f71a88ec438cc0de3a29477e39418ee5002872f1d5b0f5a843b1a54de2852
wildfake,Images/Real/ffhq.zip,ffhq/images/img025391.jpg,data/wildfake/real/283751e726fbc153.jpg,0,real,ffhq,train,5a3c80777737253500e64c5c394c766deee15d65060d49df5d0feae98456961d
wildfake,Images/Real/ffhq.zip,ffhq/images/img031258.jpg,data/wildfake/real/5600bb44c153cc19.jpg,0,real,ffhq,train,57c229291b61d475fb2dd7f1f877856d7d1a6a042f16d15a34b65d86fd428f66
wildfake,Images/Real/ffhq.zip,ffhq/images/img054555.jpg,data/wildfake/real/69e0153a1e02fa1b.jpg,0,real,ffhq,train,063b66a490c0a227456d8a30af63063a60f3e4911b7ad3d25a550b27686758bd
wildfake,Images/Real/ffhq.zip,ffhq/images/img022509.jpg,data/wildfake/real/13e53f1fb3264680.jpg,0,real,ffhq,train,73066add2763daad94ecf9fee5a52fe2f803e169713098c69577ce4b1bab4970
wildfake,Images/Real/ffhq.zip,ffhq/images/img037363.jpg,data/wildfake/real/88ef75f2335907af.jpg,0,real,ffhq,train,c089a5acc45fd83668122b8b1a94af2c34205df6c0fab023949ec8327d994e0f
wildfake,Images/Real/ffhq.zip,ffhq/images/img023582.jpg,data/wildfake/real/a99a252e89f322d4.jpg,0,real,ffhq,train,051eceb30e750ebe66dcfd8492d4d1ec623358c304059eae46f8bad42a2be2b1
wildfake,Images/Real/ffhq.zip,ffhq/images/img065054.jpg,data/wildfake/real/c4424273d249850d.jpg,0,real,ffhq,train,cba9355b4b1e72f2028432b0d2b43efbaf5f9a64d6066688070e0b82d38bea61
wildfake,Images/Real/ffhq.zip,ffhq/images/img009096.jpg,data/wildfake/real/5f1f6e3932459520.jpg,0,real,ffhq,train,d8bff8bb398d50452ecb485c93661de24d916e65c6546f0dfe26cf25b51a8e01
wildfake,Images/Real/ffhq.zip,ffhq/images/img024687.jpg,data/wildfake/real/bcbb6d8ddeba4686.jpg,0,real,ffhq,train,bcbd1d9bda1a4a85ae9bf99c6dc2a08f8bc378d7c8646d551123f76bc532e1d5
wildfake,Images/Real/ffhq.zip,ffhq/images/img060845.jpg,data/wildfake/real/f9bd35db76a7e106.jpg,0,real,ffhq,train,abdf4a20bd31da17581baa89af9a35983ac401ab4708cfbebf3cf64572245079
wildfake,Images/Real/ffhq.zip,ffhq/images/img000867.jpg,data/wildfake/real/c5e8698672e4fcf0.jpg,0,real,ffhq,train,040c0118ede59916c89189e2a33da70116b5f10c4f39fbea8ce1274e82e56446
wildfake,Images/Real/ffhq.zip,ffhq/images/img064472.jpg,data/wildfake/real/fc603cf9b7245fcf.jpg,0,real,ffhq,train,3802a5693932f1a4ba4a917da30c2c36973ad17331571d8dd43e2aa18ce7bc07
wildfake,Images/Real/ffhq.zip,ffhq/images/img026117.jpg,data/wildfake/real/d4bb72427b80a504.jpg,0,real,ffhq,train,ea3446370b78ed942aa407cdb3173a46bc2457ced9ba3bea69cf18377f29477e
wildfake,Images/Real/ffhq.zip,ffhq/images/img069000.jpg,data/wildfake/real/50de4a7d834c516b.jpg,0,real,ffhq,train,70e4406af067272ebfaa46cc909e53770c64ea5985b95bd95337956a182d7d84
wildfake,Images/Real/ffhq.zip,ffhq/images/img044572.jpg,data/wildfake/real/9a348cd66e17fd88.jpg,0,real,ffhq,train,0dbe5213f6076aef316060eee43c61a9fded0149c6928c7a527b6f16077c3b17
wildfake,Images/Real/ffhq.zip,ffhq/images/img036428.jpg,data/wildfake/real/835a0c2b7953a311.jpg,0,real,ffhq,train,2fd369afa76113a2bd6c8d75b62ab3f90b8d7aeb4867a2670a3140cbb5bd52ec
wildfake,Images/Real/ffhq.zip,ffhq/images/img068852.jpg,data/wildfake/real/8c63074f2170125f.jpg,0,real,ffhq,train,a4d4c9598d447ff490c67f6de3cb18242b49e18defc4c95795a73d03d862e8d3
wildfake,Images/Real/ffhq.zip,ffhq/images/img057407.jpg,data/wildfake/real/81eac7c76a4366b9.jpg,0,real,ffhq,train,bdbb8c7e15da66e351c00982072164dd1d101495cf0a60d8d36c70e8f4993847
wildfake,Images/Real/ffhq.zip,ffhq/images/img019726.jpg,data/wildfake/real/698773b3c20a01ad.jpg,0,real,ffhq,train,b33a823088c9d9bd5c748b14eef50b74e84565839b1f99e307fe3f35be605eab
wildfake,Images/Real/ffhq.zip,ffhq/images/img009637.jpg,data/wildfake/real/c27f6a0db967c3b0.jpg,0,real,ffhq,train,10c560f7dc0af602e7eecc0c46e414c21bf82ffd341abebdd6539437fbbdc806
wildfake,Images/Real/ffhq.zip,ffhq/images/img015324.jpg,data/wildfake/real/660ff1a0087fe091.jpg,0,real,ffhq,train,09b1321bdff9858a67686f2e94fc345014feef9e8c3d146cf905f4b5d4afff29
wildfake,Images/Real/ffhq.zip,ffhq/images/img047708.jpg,data/wildfake/real/a7854327188a3038.jpg,0,real,ffhq,train,e6314571e249479f02fc59598465fc33f7d57470dd27839333a990dfdae4c6ed
wildfake,Images/Real/ffhq.zip,ffhq/images/img033016.jpg,data/wildfake/real/4cc8116ed8c255e9.jpg,0,real,ffhq,train,494bedea3554642bdbbfc381392d42674108fbc9ea31cdff18f687990dc55c16
wildfake,Images/Real/ffhq.zip,ffhq/images/img020940.jpg,data/wildfake/real/d239d2827468122d.jpg,0,real,ffhq,train,88a88d33f5c6f3019c9903a7a0d8d23aa5fb7f4b31978ae69d1ad386c756524b
wildfake,Images/Real/ffhq.zip,ffhq/images/img037988.jpg,data/wildfake/real/1a7fe98ea5fc80bb.jpg,0,real,ffhq,train,309d2a29c276244db39387359d0a693f6d9939b01790aa7cfae10676aede753e
wildfake,Images/Real/ffhq.zip,ffhq/images/img024018.jpg,data/wildfake/real/a62587a690da23fc.jpg,0,real,ffhq,train,585d858ec958335000586c08bdb340663206b23f8f61b985cf142277468df8b3
wildfake,Images/Real/ffhq.zip,ffhq/images/img014884.jpg,data/wildfake/real/5f763adf6bb13eeb.jpg,0,real,ffhq,train,450f2d9f0cfaa2d4b629898013b737849fa8f9eead5a51b77f5ac17adb8d09c8
wildfake,Images/Real/ffhq.zip,ffhq/images/img031934.jpg,data/wildfake/real/32428174060306c2.jpg,0,real,ffhq,train,272ffa371a82d5653ec42e26465cda0d5a971ab2b94023c2223a755e1f541e4d
wildfake,Images/Real/ffhq.zip,ffhq/images/img004206.jpg,data/wildfake/real/cbcdd44fc97f981b.jpg,0,real,ffhq,train,a0d22492007b858f2083a4ffe24320471479a969db7d0ffe92ec13915199ca1b
wildfake,Images/Real/ffhq.zip,ffhq/images/img017109.jpg,data/wildfake/real/934e2b4851514627.jpg,0,real,ffhq,train,1f7b493796e37ecf8271d5c92b91f60f4ec96d6d73aff7d9281907e66fc51ad7
wildfake,Images/Real/ffhq.zip,ffhq/images/img058402.jpg,data/wildfake/real/99562883ca84f582.jpg,0,real,ffhq,train,1b50b3693e338c4086aadf4547076ec2c268b286fe9e26998cb8eaf7bbd80a4c
wildfake,Images/Real/ffhq.zip,ffhq/images/img020550.jpg,data/wildfake/real/51d20d6d8bbbbbd4.jpg,0,real,ffhq,train,a5c5e0fe0431523abefb81792e0c06fe41e3eadd4a4a215cb5e470b5c5d2da57
wildfake,Images/Real/ffhq.zip,ffhq/images/img047416.jpg,data/wildfake/real/a3dfb7b9a1317b5a.jpg,0,real,ffhq,train,8232fb01fddca492fbe9b429a0b30e8e019a32f372d350a089d4d63e2c2cb555
wildfake,Images/Real/ffhq.zip,ffhq/images/img025309.jpg,data/wildfake/real/b4b3cf7a508effe4.jpg,0,real,ffhq,train,557f5b76297bfbe52551ca699c6c48b7aa3210565fc2e4d8cdb36f889c5c4ecc
wildfake,Images/Real/ffhq.zip,ffhq/images/img041377.jpg,data/wildfake/real/b41c95e6ab3a48dc.jpg,0,real,ffhq,train,241d7423b12b8065ce5e6336c8c84847533aea8c4b79ae86e85325775d74c73b
wildfake,Images/Real/ffhq.zip,ffhq/images/img003266.jpg,data/wildfake/real/872d60ec4aae5d52.jpg,0,real,ffhq,train,2d80445de087832beacf015a13011eab13cda91fe475b7fc1cd138ec4c9b3384
wildfake,Images/Real/ffhq.zip,ffhq/images/img060438.jpg,data/wildfake/real/ff4ab5cb73264128.jpg,0,real,ffhq,train,bfa96d1a64d9c7d277e1d5f6fbfc3958b3eb23d7889c46e719b6562f7fb04b16
wildfake,Images/Real/ffhq.zip,ffhq/images/img059996.jpg,data/wildfake/real/878d6109f9cd2b5c.jpg,0,real,ffhq,train,a1524a3bd5cc4c33c4c3ac13a0b8e1f98d387a568c8470c64a2f19ea61f7a68f
wildfake,Images/Real/ffhq.zip,ffhq/images/img042769.jpg,data/wildfake/real/24bbe63fd11c17af.jpg,0,real,ffhq,train,719a654aa46031ef1f0a443a9dd22125f2d7a278204bf7f033ec54cdff4c4ba2
wildfake,Images/Real/ffhq.zip,ffhq/images/img004931.jpg,data/wildfake/real/99b446c812bdbebf.jpg,0,real,ffhq,train,3b8ecfea0b66d41ae9f82e7e8657aa5ee3f3ac53cc3f8713ec9f131428590a70
wildfake,Images/Real/ffhq.zip,ffhq/images/img027948.jpg,data/wildfake/real/74a75fd5a91a8c99.jpg,0,real,ffhq,train,17dcb59aae8ef333ee95e9ba732c54366fdfad2bb867f2d089b778e35ac00931
wildfake,Images/Real/ffhq.zip,ffhq/images/img036325.jpg,data/wildfake/real/9f784e8441d49aa2.jpg,0,real,ffhq,train,d95314c277d365332d69c94b7f99b0f4ba6b3f8ec9bd79f8fcf0eeb6a33c24d7
wildfake,Images/Real/ffhq.zip,ffhq/images/img004855.jpg,data/wildfake/real/39f67c5ef86eae53.jpg,0,real,ffhq,train,dbda45111f83518239901115267204f70c8d0b5b7b10075db37e6e126007c6a5
wildfake,Images/Real/ffhq.zip,ffhq/images/img059636.jpg,data/wildfake/real/a1f6cccf4f23f7c0.jpg,0,real,ffhq,train,d72351daa6c5d5bd096cdda43d6cc939b91ee19d98c159dbc291cfdc13c06700
wildfake,Images/Real/ffhq.zip,ffhq/images/img060856.jpg,data/wildfake/real/1d00e24a2e9e61e1.jpg,0,real,ffhq,train,1df6960e011a043b60352f3611659184d1374ad97b8cccd9e0a0e82ade88f69e
wildfake,Images/Real/ffhq.zip,ffhq/images/img057129.jpg,data/wildfake/real/eb1b9a180fde7613.jpg,0,real,ffhq,train,3fbc981e667f8082671bda1751f9351d53e66c18c811ca7463238ba2c972f8d8
wildfake,Images/Real/ffhq.zip,ffhq/images/img039478.jpg,data/wildfake/real/9903625c3b608e53.jpg,0,real,ffhq,train,816074c1e1a0782c94f2f88186586b4cdb9c574e2972196c6d264b8b3a1255c9
wildfake,Images/Real/ffhq.zip,ffhq/images/img014721.jpg,data/wildfake/real/f287129e68ca8207.jpg,0,real,ffhq,train,9c647034bc339f6e461e60745ca6bfbd6346389c8df121c3d0cbf4fb5b070663
wildfake,Images/Real/ffhq.zip,ffhq/images/img002299.jpg,data/wildfake/real/d33f88f61dbe5da5.jpg,0,real,ffhq,train,d55921c3863a00fa44b48c7299170dcbb62f34c45631a745eb8c6d63f730c917
wildfake,Images/Real/ffhq.zip,ffhq/images/img012853.jpg,data/wildfake/real/e7424cff741661bc.jpg,0,real,ffhq,train,e2e221cd95ee5df0a74c4bec5000dc0a254032d4f76cca0aecd0754f52f63b12
wildfake,Images/Real/ffhq.zip,ffhq/images/img014435.jpg,data/wildfake/real/e454fc5f1ee0ebb5.jpg,0,real,ffhq,train,47a34f460e97c2b0d7d20b2ac7d4df5e290e35e5a1ce8dd46858c85dec0a4b8b
wildfake,Images/Real/ffhq.zip,ffhq/images/img062061.jpg,data/wildfake/real/d2e393586b4e94eb.jpg,0,real,ffhq,train,bea26cea0d3fad0076d9ca1e8b458ce6212ca082694bcd018cb815414de25dd5
wildfake,Images/Real/ffhq.zip,ffhq/images/img025448.jpg,data/wildfake/real/f3c18ab202fe085a.jpg,0,real,ffhq,train,b7fbc9c0604b20a6f3e4a3a5d7d200a6544a6908facc022bdab4b78235a1ced7
wildfake,Images/Real/ffhq.zip,ffhq/images/img003809.jpg,data/wildfake/real/e508a42ca924bca5.jpg,0,real,ffhq,train,8859c67e7a83901f6cf84bf91c12b36e16af0e1220cad23d877cb788ba136a05
wildfake,Images/Real/ffhq.zip,ffhq/images/img031182.jpg,data/wildfake/real/8ecf7e0dee1682de.jpg,0,real,ffhq,train,90c242e01acad442882f946040958d426861893c337c6a0544799ddd85036f26
wildfake,Images/Real/ffhq.zip,ffhq/images/img038609.jpg,data/wildfake/real/864fd1e9eb37d25f.jpg,0,real,ffhq,train,c38e62707b21674c49012fb2ce07a7a624a47628e9c336a7217099eb85efef69
wildfake,Images/Real/ffhq.zip,ffhq/images/img009698.jpg,data/wildfake/real/33ba7f9acaf3051f.jpg,0,real,ffhq,train,4791af176d37786f29bb9506e91b992e9356978eb8f1dd733e2490d745e4b745
wildfake,Images/Real/ffhq.zip,ffhq/images/img021135.jpg,data/wildfake/real/b5bf5c54a7c3acb8.jpg,0,real,ffhq,train,0e4097e7337fdb9602b01c32f43bbb76ad32b97d75d7a1b0f0311c63fdc97b5b
wildfake,Images/Real/ffhq.zip,ffhq/images/img017947.jpg,data/wildfake/real/493e3c9b58a0088d.jpg,0,real,ffhq,train,b82bb971ddf11ad65069ac90ccfdd0d7ca2a2c1faf960d4c4fa6cd96e8e91489
wildfake,Images/Real/ffhq.zip,ffhq/images/img014769.jpg,data/wildfake/real/b466583e1d7ff1aa.jpg,0,real,ffhq,train,671b72873a08f46d68e88f6473ccb23bc9966c4c475548e80745e444c54d1e6e
wildfake,Images/Real/ffhq.zip,ffhq/images/img068898.jpg,data/wildfake/real/48ab58c57323ee8b.jpg,0,real,ffhq,train,69af7cf6d941d6636f625e5eb77f84fcff1db1bcff48bcff4be9c6ef8dd9accb
wildfake,Images/Real/ffhq.zip,ffhq/images/img008256.jpg,data/wildfake/real/ba05e5257ccd072b.jpg,0,real,ffhq,train,72974c53d8128d44020837ab1cd1f774ca4975685a89c805a6faff99475553ad
wildfake,Images/Real/ffhq.zip,ffhq/images/img016577.jpg,data/wildfake/real/5ffbbf6cc85169f5.jpg,0,real,ffhq,train,72b39d5ecc5af360e388f429068e6a1f5c2630fa3f264f0a881681b3d37b9922
wildfake,Images/Real/ffhq.zip,ffhq/images/img033468.jpg,data/wildfake/real/7a132e37505bc584.jpg,0,real,ffhq,train,515070f85a9a268d393f2bd66d6d1413402ccb81cc92c3e313f72f5c96deec06
wildfake,Images/Real/ffhq.zip,ffhq/images/img044224.jpg,data/wildfake/real/34e102588c12c59d.jpg,0,real,ffhq,train,e18e56c6059cc1f82be70cf696206d8816cebc42919918c9f935ee70b8cb5ec6
wildfake,Images/Real/ffhq.zip,ffhq/images/img023891.jpg,data/wildfake/real/15fd934cf04500de.jpg,0,real,ffhq,train,28ae38310c72c27b34cf638b619a99c227387751c8f402dbd6cccd4346a28a5a
wildfake,Images/Real/ffhq.zip,ffhq/images/img023516.jpg,data/wildfake/real/b8fcc9472eee139c.jpg,0,real,ffhq,train,92f3b79b2ffaecfa37f841152b8f4425211ea2efa164c8c147f8c690b0a626c3
wildfake,Images/Real/ffhq.zip,ffhq/images/img042284.jpg,data/wildfake/real/2dcf229c2dff8993.jpg,0,real,ffhq,train,4cb0929da4a522edf1f77cf908dfb3bd686e20f9cf5f4c61f2a6c85b83b66f65
wildfake,Images/Real/ffhq.zip,ffhq/images/img010013.jpg,data/wildfake/real/3e84422ce4958b2e.jpg,0,real,ffhq,train,2190b0e1731de14d9cb93942b884a2cf1d8c72d03f439578af75c72637a19ac0
wildfake,Images/Real/ffhq.zip,ffhq/images/img048029.jpg,data/wildfake/real/acce55e232c5fda9.jpg,0,real,ffhq,train,ba11648147e6f12021999b29265912ea2670df53abd9fc10af50c10938ff3fea
wildfake,Images/Real/ffhq.zip,ffhq/images/img035007.jpg,data/wildfake/real/88228c89bfc2163a.jpg,0,real,ffhq,train,5cf7a25928cf282d216bc5a925533ca5bf63a6213b8381c1109d3a4dda557828
wildfake,Images/Real/ffhq.zip,ffhq/images/img005250.jpg,data/wildfake/real/7cad6cca9808f538.jpg,0,real,ffhq,train,fb72cb6757725bd8d1f4056f7ba616593a38308473451673b65f0600b1352a37
wildfake,Images/Real/ffhq.zip,ffhq/images/img023338.jpg,data/wildfake/real/9150d544c34a91fc.jpg,0,real,ffhq,train,d97b588904147fe161119763336c659bd86fe72356fa5a3351d0cb09e89613b4
wildfake,Images/Real/ffhq.zip,ffhq/images/img005155.jpg,data/wildfake/real/017442f95525770e.jpg,0,real,ffhq,train,962da39a7ffaa27a34c9cece0111ec7f8249b0e23c08dd7f5bafcd5380991f79
wildfake,Images/Real/ffhq.zip,ffhq/images/img027471.jpg,data/wildfake/real/b5702f2e98ee37e4.jpg,0,real,ffhq,train,48fae1d6acf6bd968b6e27f0c509685ece287389512f977e50e90d95560588c4
wildfake,Images/Real/ffhq.zip,ffhq/images/img015725.jpg,data/wildfake/real/f5c32d59bb0673b2.jpg,0,real,ffhq,train,010120c6c3491b4e6a065ff06fedf7c6bb557d583f6f2e9ccab8a254364387dc
wildfake,Images/Real/ffhq.zip,ffhq/images/img048551.jpg,data/wildfake/real/5489ecf24138a6f0.jpg,0,real,ffhq,train,bf48933eb2e990f8fbe1e657aee70685f65144f457d52b1e0e79187054bef589
wildfake,Images/Real/ffhq.zip,ffhq/images/img047516.jpg,data/wildfake/real/3641e85f11203614.jpg,0,real,ffhq,train,1580a7e02d2bfbbc7a1a76acba239e79aacfface22b541baabcbe4c76b7ab71c
wildfake,Images/Real/ffhq.zip,ffhq/images/img046376.jpg,data/wildfake/real/26d7c24989048520.jpg,0,real,ffhq,train,10ccf14eac73e85fcba403a8549406e986dd6195850847ceea521701c1b3c9ca
wildfake,Images/Real/ffhq.zip,ffhq/images/img015491.jpg,data/wildfake/real/0c405b642f2f25ff.jpg,0,real,ffhq,train,960d9c1966d5c4869cf5704588e3346cf463191480ca2e389abc97c6e4f8444a
wildfake,Images/Real/ffhq.zip,ffhq/images/img001110.jpg,data/wildfake/real/532af8f262c56f72.jpg,0,real,ffhq,train,af4fa0c0f5b990eac24184bc9f85993310b7322e2f47378b37cda59adeb11c5f
wildfake,Images/Real/ffhq.zip,ffhq/images/img028557.jpg,data/wildfake/real/2a7aa859636e32c1.jpg,0,real,ffhq,train,d48ba83ae8298fb4b83bc30dc002eebf4b086db6eeeee33b04ab4dce79167086
wildfake,Images/Real/ffhq.zip,ffhq/images/img052941.jpg,data/wildfake/real/31d98b86b272ecb3.jpg,0,real,ffhq,train,15510db9b07e689a9d0253d8710ea93c2384d5b192ef1fef5ae6cfc6849f47cc
wildfake,Images/Real/ffhq.zip,ffhq/images/img064286.jpg,data/wildfake/real/49cd2916adb58376.jpg,0,real,ffhq,train,c6241a913d464d6f8752e5583c852ab1592c3936814cd15f8101d679a2e5349b
wildfake,Images/Real/ffhq.zip,ffhq/images/img042003.jpg,data/wildfake/real/f58ef980af42e311.jpg,0,real,ffhq,train,8095eb410b74618518ad4901a4b3ea91d1b9aca5a5beb595f4096a2bfd1c8811
wildfake,Images/Real/ffhq.zip,ffhq/images/img012881.jpg,data/wildfake/real/9a9f391e56371624.jpg,0,real,ffhq,train,cbc41a8a064f6a5fce2f8173d80e15014c5b89187eb36a53e227ba06b9215e0c
wildfake,Images/Real/ffhq.zip,ffhq/images/img020188.jpg,data/wildfake/real/0aa1408dcf332f4f.jpg,0,real,ffhq,train,36834439d18a54a31a859c782a2a8005d5b11dfd014bda79aa96da300f6edcae
wildfake,Images/Real/ffhq.zip,ffhq/images/img024380.jpg,data/wildfake/real/6fc1c7febf0cea4d.jpg,0,real,ffhq,train,81b1d909308d05f0b8883bda5fd2f5ccd164cf05fca17745ba5faeeb0e6f75d4
wildfake,Images/Real/ffhq.zip,ffhq/images/img064302.jpg,data/wildfake/real/a17e3ca663f34f8a.jpg,0,real,ffhq,train,82684d995bd87e500f4ec6290056ba4b039fd7a21e0ed96db9869e8045322283
wildfake,Images/Real/ffhq.zip,ffhq/images/img020257.jpg,data/wildfake/real/cb27391c07fd2307.jpg,0,real,ffhq,train,eee087c3ae5e9c871e0df704892694171477a12b12c67e1c5be492a034b578c5
wildfake,Images/Real/ffhq.zip,ffhq/images/img032483.jpg,data/wildfake/real/247c1e5ef3d60263.jpg,0,real,ffhq,train,38611f9023cbfffabcf12f67335f26cfdaabb08dba244f89d60a6d9547d33e4c
wildfake,Images/Real/ffhq.zip,ffhq/images/img050387.jpg,data/wildfake/real/17147b01215d365b.jpg,0,real,ffhq,train,94880f67c32cd26441a0ded0d9309b097394e74fcc743ba45716a314838ce466
wildfake,Images/Real/ffhq.zip,ffhq/images/img068107.jpg,data/wildfake/real/8d68c5098b5252d9.jpg,0,real,ffhq,train,45a83ac525e31c88536c53330efeaa55308b55f8d64a9a400db8918e87174720
wildfake,Images/Real/ffhq.zip,ffhq/images/img015826.jpg,data/wildfake/real/e3958341b0b92798.jpg,0,real,ffhq,train,03c2f67379b02d047526b248a77aae1ab0c1f65808e81aa65770128ff5f86778
wildfake,Images/Real/ffhq.zip,ffhq/images/img025486.jpg,data/wildfake/real/143a70af832d39bf.jpg,0,real,ffhq,train,707826bb4ff6b505bbe595583968f049560fc407d1a9dbc7aed44bf7ac88fb98
wildfake,Images/Real/ffhq.zip,ffhq/images/img065494.jpg,data/wildfake/real/97625d0fce445fe5.jpg,0,real,ffhq,train,a3979a4bd31747e9fe41602350e6d73fb768069db171cb88564b6995587b139c
wildfake,Images/Real/ffhq.zip,ffhq/images/img008271.jpg,data/wildfake/real/6599a74ce149df17.jpg,0,real,ffhq,train,5e74dd7e97c42e18d6a0e559cb23ed61257616898df7cceab192553116d00401
wildfake,Images/Real/ffhq.zip,ffhq/images/img059394.jpg,data/wildfake/real/5163671c140a83d5.jpg,0,real,ffhq,train,b06244331dda14711ff802c9be3702e1a422a1842878a57fd818a88b256caa88
wildfake,Images/Real/ffhq.zip,ffhq/images/img005611.jpg,data/wildfake/real/9ad34907d1f176e3.jpg,0,real,ffhq,train,8018a2760038e351732fe91491854d8e759fed426f0463c39917d32fa8811095
wildfake,Images/Real/ffhq.zip,ffhq/images/img053668.jpg,data/wildfake/real/3088ee02bd2ee5a1.jpg,0,real,ffhq,train,9fa880f19c5cce455da8a49c94a13d5c743d413998ddb787c1ec0fc84b712cea
wildfake,Images/Real/ffhq.zip,ffhq/images/img067177.jpg,data/wildfake/real/bee7d50323922efb.jpg,0,real,ffhq,train,a63ff4b50fd594338cb42275f7bdcffba6f50b5f4fce601cdde72956de853f61
wildfake,Images/Real/ffhq.zip,ffhq/images/img034922.jpg,data/wildfake/real/4ceb1635e46a3332.jpg,0,real,ffhq,train,3ae33e7d4d6740b044507d5e8d092eced0a01e3c68d4b1ee8690571487727152
wildfake,Images/Real/ffhq.zip,ffhq/images/img067489.jpg,data/wildfake/real/a9b4f030a36728dc.jpg,0,real,ffhq,train,fc17372d5b9cf9065830d90d114a1369f32448b233c81170306d2b1304a9646a
wildfake,Images/Real/ffhq.zip,ffhq/images/img028624.jpg,data/wildfake/real/825c5c2d3bbb874e.jpg,0,real,ffhq,train,85bb5cd2094071bfb6ca4189f55c5db9603a49cb49355b6df119e62cf13d41e0
wildfake,Images/Real/ffhq.zip,ffhq/images/img048865.jpg,data/wildfake/real/9db49c500c3b34ce.jpg,0,real,ffhq,train,81ea4d57b9c1a330c9fe3dd6ef6b60af65cfe0bfebb32d9f367309c37a7899f6
wildfake,Images/Real/ffhq.zip,ffhq/images/img031692.jpg,data/wildfake/real/c5e097f011f071a7.jpg,0,real,ffhq,train,33dbad197f1e33c312c5d005cff19486cd651746888b929be99099d704114f10
wildfake,Images/Real/ffhq.zip,ffhq/images/img011481.jpg,data/wildfake/real/5d1b3e46b89eaac2.jpg,0,real,ffhq,train,da2c530b082c7c39694ec061b2fa1d89c9b4c7b3a5bf302721c80e03e5d75ed3
wildfake,Images/Real/ffhq.zip,ffhq/images/img060786.jpg,data/wildfake/real/b4979af70ec0ecd5.jpg,0,real,ffhq,train,9525580b9fc603f39b954d83bb1a5ae0cf400912520c7e25d73528d7b51d8e3e
wildfake,Images/Real/ffhq.zip,ffhq/images/img054817.jpg,data/wildfake/real/a7e7517f666fc4eb.jpg,0,real,ffhq,train,f342cbd05633f7a38a06a38cb4eb4a7510ee73c94c73d20c42d96104bf732eac
wildfake,Images/Real/ffhq.zip,ffhq/images/img032949.jpg,data/wildfake/real/654c5e3ab10c601c.jpg,0,real,ffhq,train,dba59231a495c7edc9d79e62d330c7660abd61313403d7bf7c379da3e3433530
wildfake,Images/Real/ffhq.zip,ffhq/images/img047001.jpg,data/wildfake/real/b5fb07f7ae540ead.jpg,0,real,ffhq,train,46a6bea7099c3b5044c299fbca6edb87004d6f533531a4b80486ef9cf1a15001
wildfake,Images/Real/ffhq.zip,ffhq/images/img017295.jpg,data/wildfake/real/b3c60805a9f1beec.jpg,0,real,ffhq,train,a2caccdaf3364cdc87f2f8ad698e858cf53846608c3c6b7b235b0fb0dec1b2b0
wildfake,Images/Real/ffhq.zip,ffhq/images/img065161.jpg,data/wildfake/real/d66d88c27b6b9a99.jpg,0,real,ffhq,train,3d3c6076920d95a7329c34da4a8dc840d554b40e4829394c35af79dfa31c24eb
wildfake,Images/Real/ffhq.zip,ffhq/images/img017481.jpg,data/wildfake/real/3045f5e32259e8dd.jpg,0,real,ffhq,train,8f46129475c886898db58ee54f59c94ed95d9bf30a9a4bec720e78189eef4ac4
wildfake,Images/Real/ffhq.zip,ffhq/images/img069588.jpg,data/wildfake/real/4fc000f9866a9dfd.jpg,0,real,ffhq,train,20474a19295e6f7d6d3c4e0cf0bdcea9f9a0e22e1c714ba6704bc4c6efa45ba6
wildfake,Images/Real/ffhq.zip,ffhq/images/img061625.jpg,data/wildfake/real/8316db8825ad6ddb.jpg,0,real,ffhq,train,09ff5b3febea1550e7e8b9bf254caaa35bc215cc6e7e5316253afe3e9271759c
wildfake,Images/Real/ffhq.zip,ffhq/images/img004959.jpg,data/wildfake/real/9876b21179ae685f.jpg,0,real,ffhq,train,d99e5a27b18b61392ef050bb15939560c0eee81e234db30a4939386dd819e941
wildfake,Images/Real/ffhq.zip,ffhq/images/img018512.jpg,data/wildfake/real/8a6d935f6b7c4ce6.jpg,0,real,ffhq,train,a3d8c60f5475d72aa162f3985b2cf7049fabcffc8f1bb516271b13effe5fc905
wildfake,Images/Real/ffhq.zip,ffhq/images/img016632.jpg,data/wildfake/real/04943c363f65e2cb.jpg,0,real,ffhq,train,fe91c82343628bd6e63b42f7ec6b41f80499dfeb4b605a347e14034846568783
wildfake,Images/Real/ffhq.zip,ffhq/images/img030451.jpg,data/wildfake/real/07051463eebe5e5a.jpg,0,real,ffhq,train,babb9b8b14c38f4f42aa440bf005d8e49032b03ad3719c38b18ebbfd978d6189
wildfake,Images/Real/ffhq.zip,ffhq/images/img055823.jpg,data/wildfake/real/d963a01c858dd32d.jpg,0,real,ffhq,train,b725f3058ba2dabd9b55178fc4c32f96d2bf5c703fb8b79284ee189c829dfb5b
wildfake,Images/Real/ffhq.zip,ffhq/images/img058450.jpg,data/wildfake/real/9d2e2d04254c6787.jpg,0,real,ffhq,train,bef542e5cf801c7463ed24187e4e75967ec9d8791ef330a4b579f2a49f020f12
wildfake,Images/Real/ffhq.zip,ffhq/images/img028333.jpg,data/wildfake/real/6055bfc86195da94.jpg,0,real,ffhq,train,f636d51e5ae480747011b359849779004533d510cae47b321dfbd41686eacabf
wildfake,Images/Real/ffhq.zip,ffhq/images/img037387.jpg,data/wildfake/real/f0e610dbfcd53b90.jpg,0,real,ffhq,train,f537930176417ab4814cf9f6043a9c92abde87f1177927619cb2ef0d8846cc3f
wildfake,Images/Real/ffhq.zip,ffhq/images/img055797.jpg,data/wildfake/real/393769721c288cb6.jpg,0,real,ffhq,train,5380199902c9fa8a422b2153e33ba3806dd798754d08df7b83d78ab752aba575
wildfake,Images/Real/ffhq.zip,ffhq/images/img017200.jpg,data/wildfake/real/48f209c0523e4d18.jpg,0,real,ffhq,train,14a3c0b5bdc67d3db8707ff71811d18465cf6336b193599c38716b79df84dabc
wildfake,Images/Real/ffhq.zip,ffhq/images/img017950.jpg,data/wildfake/real/3672c2d14c3a6074.jpg,0,real,ffhq,train,d8393c734d165db5bc8469a69f39def7a2a14d13f8909ece9bfb32154acd0a32
wildfake,Images/Real/ffhq.zip,ffhq/images/img042725.jpg,data/wildfake/real/e02de81f8471eb25.jpg,0,real,ffhq,train,1a18d24a5944282cbb7127a39547fdb442a8792313fe2c7c51851ff996b1d6cf
wildfake,Images/Real/ffhq.zip,ffhq/images/img006385.jpg,data/wildfake/real/094ef81c5791cbad.jpg,0,real,ffhq,train,317f9bfb9ef57fdad68d5d82eafcedcd56b0ff538e47fda688eeaabdab1f1155
wildfake,Images/Real/ffhq.zip,ffhq/images/img002277.jpg,data/wildfake/real/fa1a5ff133d89115.jpg,0,real,ffhq,train,38e50fdbfbe0454d3baee0ebba1339898ee9129a6047501920a5618a36d7c76a
wildfake,Images/Real/ffhq.zip,ffhq/images/img063492.jpg,data/wildfake/real/727917913783e0e8.jpg,0,real,ffhq,train,221e2a0541e5f1c2f3e72bdf0e5a8d3e780f10f5ca8ba485466ff5b0a3f3e7a5
wildfake,Images/Real/ffhq.zip,ffhq/images/img063470.jpg,data/wildfake/real/34227199f1041f95.jpg,0,real,ffhq,train,54ec649f7ba31a8c012962daec6b5741cc5c8a1f868647c048f1b243c022e14b
wildfake,Images/Real/ffhq.zip,ffhq/images/img003106.jpg,data/wildfake/real/6f106bf96d5a4cd1.jpg,0,real,ffhq,train,7a482a71d7128c6af6146a00ba96fcdb2e76c04da04b9c45a3786f5ab89729ef
wildfake,Images/Real/ffhq.zip,ffhq/images/img064122.jpg,data/wildfake/real/a574900158febf77.jpg,0,real,ffhq,train,0ef4cfbd3118c8e78e86f2a32ccdae60983f20b08fe958bafc66cdf077d3e82c
wildfake,Images/Real/ffhq.zip,ffhq/images/img069033.jpg,data/wildfake/real/c6c2c1c86e00aba0.jpg,0,real,ffhq,train,eecc032f1105ed7b0804747ac0eca66796d2b09ec4916c391ab76b1586e6ee78
wildfake,Images/Real/ffhq.zip,ffhq/images/img064080.jpg,data/wildfake/real/c0cc5b20b254618b.jpg,0,real,ffhq,train,516b898909fafb33ee9e289ea6be7d96fa39f5fa8eec09d73966a857729a4652
wildfake,Images/Real/ffhq.zip,ffhq/images/img017305.jpg,data/wildfake/real/65eea09ef6b03dde.jpg,0,real,ffhq,train,76ecb99eee411ed9189adea83a9c598d669e65b4d26622ab8517600a1325286e
wildfake,Images/Real/ffhq.zip,ffhq/images/img057154.jpg,data/wildfake/real/6791f9d10bdaea9b.jpg,0,real,ffhq,train,0439b03193d7e025fdf526a718a383dc996928cecf6b73ff0a630bbd43a47631
wildfake,Images/Real/ffhq.zip,ffhq/images/img029602.jpg,data/wildfake/real/0743ddddceabc940.jpg,0,real,ffhq,train,9a844293ca53a3c92271847828e9f9e923e7211b27a82469a17d9984a32aa745
wildfake,Images/Real/ffhq.zip,ffhq/images/img059037.jpg,data/wildfake/real/97a355badac34273.jpg,0,real,ffhq,train,471c19cd7e15abcd521348e02ab192e65e4121e916bedfec91f196347003f6ac
wildfake,Images/Real/ffhq.zip,ffhq/images/img028574.jpg,data/wildfake/real/2e665f6ea1f9067a.jpg,0,real,ffhq,train,c38d68fae471648da3db9e7358654ebf0c9169516071fde51d3aa81d4529922b
wildfake,Images/Real/ffhq.zip,ffhq/images/img023510.jpg,data/wildfake/real/619b3c9f92b11c4f.jpg,0,real,ffhq,train,fed7e802f2066863343f4f510aa2f45d9fbda80330e05d323a220cc830953a89
wildfake,Images/Real/ffhq.zip,ffhq/images/img012844.jpg,data/wildfake/real/9411be4fbcc2057d.jpg,0,real,ffhq,train,768fb65436b28c0223d31eae78424b8fc2589224e766ea39d1a016f44ac84311
wildfake,Images/Real/ffhq.zip,ffhq/images/img018997.jpg,data/wildfake/real/f5c069dea344853c.jpg,0,real,ffhq,train,c42e1c1cc3a2003683da0f89bf6e9c4f7fb4218c74b096695c9b8d990a874ff2
wildfake,Images/Real/ffhq.zip,ffhq/images/img002888.jpg,data/wildfake/real/2a204c17a4da47a4.jpg,0,real,ffhq,train,a8f883de5659d51ac3d9ec8a30c17a635e22c5b5ab1fe43c2972f4b0ae5baa45
wildfake,Images/Real/ffhq.zip,ffhq/images/img066003.jpg,data/wildfake/real/4eb314ecbd47d8cf.jpg,0,real,ffhq,train,72524c29eb894ddde519b41014211212c30c8495b792a82a534f8cec9b00097e
wildfake,Images/Real/ffhq.zip,ffhq/images/img068562.jpg,data/wildfake/real/e520817557275937.jpg,0,real,ffhq,train,60ebfe98a7955b66aeaac3f4b9fb2d1a034e5237ebde6d76b164df69b84a15a7
wildfake,Images/Real/ffhq.zip,ffhq/images/img043704.jpg,data/wildfake/real/274673a9a0d79b02.jpg,0,real,ffhq,train,d6eb6c6bcb29a821bcd4061e60f4f139b900e0a031f5f615fab0ed212b2d2c61
wildfake,Images/Real/ffhq.zip,ffhq/images/img026832.jpg,data/wildfake/real/45edf8ea10182693.jpg,0,real,ffhq,train,f5377b07bc6a1151e1fe4e9bef49a28a360bb69c70beb3b588f689c0fe6b2983
wildfake,Images/Real/ffhq.zip,ffhq/images/img022923.jpg,data/wildfake/real/7a9bf7bd34a20410.jpg,0,real,ffhq,train,df4a639b3001120bfb3e01d5469a236994f0d2cc38f96c0fdf53fc2eba2c088a
wildfake,Images/Real/ffhq.zip,ffhq/images/img022577.jpg,data/wildfake/real/2f5ebb62e919c8df.jpg,0,real,ffhq,train,0b43369837aea85af452cec85657c4f4b5a16a967fe3e06a4669d75ce0f704e9
wildfake,Images/Real/ffhq.zip,ffhq/images/img027277.jpg,data/wildfake/real/3afcc3fb5bdf8704.jpg,0,real,ffhq,train,2bf3e4c9da2564d857df56e81804fb800add2bfb98767218c1891a14fa4a3b9e
wildfake,Images/Real/ffhq.zip,ffhq/images/img025549.jpg,data/wildfake/real/6cda6bf2412e7b2f.jpg,0,real,ffhq,train,6a2df3905061096cc0ec0bc48a47bc09a81efb32cf4aa8486603e835ea532195
wildfake,Images/Real/ffhq.zip,ffhq/images/img069615.jpg,data/wildfake/real/5fdb37c12965d2e7.jpg,0,real,ffhq,train,2c08c935c4176b63aa4b31e5e5e54d09346373c0e2c6edb639b8bc9f3808f037
wildfake,Images/Real/ffhq.zip,ffhq/images/img026504.jpg,data/wildfake/real/998bd7e5e786e8a1.jpg,0,real,ffhq,train,8d802f985da6391c7ff31a394346607f098e287ea262e57de75dc04439449736
wildfake,Images/Real/ffhq.zip,ffhq/images/img054702.jpg,data/wildfake/real/4f634716124799a6.jpg,0,real,ffhq,train,d7ffd55bb8f6e4da3e10659cbdecd18a727c0d654a57e41063366a4a313d33af
wildfake,Images/Real/ffhq.zip,ffhq/images/img048891.jpg,data/wildfake/real/2cb2ec6dd9daa01b.jpg,0,real,ffhq,train,03756d8141858b1c7dd58025c9a4a51c301546709aace5b5615fa3cc1566c730
wildfake,Images/Real/ffhq.zip,ffhq/images/img033947.jpg,data/wildfake/real/56f8f16fd4fd58c1.jpg,0,real,ffhq,train,42ef4841a34298a733323ac35701d0a09efdfe93d10fb2214e9d0b3fe5af426b
wildfake,Images/Real/ffhq.zip,ffhq/images/img027234.jpg,data/wildfake/real/ad2b13a9a5cbdba7.jpg,0,real,ffhq,train,533d23ebea4fcb4056dc776ef7366077d565e68d9a69a229560508cbd983fe64
wildfake,Images/Real/ffhq.zip,ffhq/images/img005393.jpg,data/wildfake/real/264c05bc467a3a31.jpg,0,real,ffhq,train,1b6e693133b3ac6d2a3d446411a94cc4f612f4e0a0834bd89754402e1c1913aa
wildfake,Images/Real/ffhq.zip,ffhq/images/img053961.jpg,data/wildfake/real/fc1feb22b17ef3c8.jpg,0,real,ffhq,train,738890fb430e126eb9262f169c39be1cdfebfaec64872508fd8e3e6a9c3e72e7
wildfake,Images/Real/ffhq.zip,ffhq/images/img023321.jpg,data/wildfake/real/eef572b089a78e54.jpg,0,real,ffhq,train,ca8fe6e1116dd0665f24149622fc8782af331607ed575025b3c5454c092f69dd
wildfake,Images/Real/ffhq.zip,ffhq/images/img018857.jpg,data/wildfake/real/480642c7da725c0f.jpg,0,real,ffhq,train,18674fde2ff61ae7d0123737844c7d6bb0635412b56e0ef044de95ce95b2739a
wildfake,Images/Real/ffhq.zip,ffhq/images/img036231.jpg,data/wildfake/real/b61c7c821b28c079.jpg,0,real,ffhq,train,6306639b4bec4bd8355e19045040d9bc0de9d5e2b0ae26b05469f5dfd33a4cf3
wildfake,Images/Real/ffhq.zip,ffhq/images/img015319.jpg,data/wildfake/real/82b01b40acf3ae7a.jpg,0,real,ffhq,train,74b3fdd63f9a0d26a4b03dc371e57fa7d8c62b8b99ec94e230395da974176ca3
wildfake,Images/Real/ffhq.zip,ffhq/images/img006875.jpg,data/wildfake/real/e3ed8e9715589742.jpg,0,real,ffhq,train,cf826612fe5f42ee032526b4761d6c7557863ae829bc961563f87f2002dddda6
wildfake,Images/Real/ffhq.zip,ffhq/images/img020715.jpg,data/wildfake/real/feb6b0bbed536545.jpg,0,real,ffhq,train,6cd999ae9de947f1d1c55fe98bffbd1d5457296f044007edd94075f73e2ca204
wildfake,Images/Real/ffhq.zip,ffhq/images/img023388.jpg,data/wildfake/real/2984c9d0fc069ad7.jpg,0,real,ffhq,train,c21f52503fb572c29e805c3b27b70b74a5149ba93de254840b185038834e088f
wildfake,Images/Real/ffhq.zip,ffhq/images/img060079.jpg,data/wildfake/real/d61ad8da9a7de308.jpg,0,real,ffhq,train,1d99b29e39a2f6b4625f27e26f990094f2faa5078c6f8458779d731bbc923b6c
wildfake,Images/Real/ffhq.zip,ffhq/images/img035739.jpg,data/wildfake/real/9d2178c5b5209f63.jpg,0,real,ffhq,train,7d3c24606e906cb92f575031f0b10b89f799a54955443e917e91121087e633be
wildfake,Images/Real/ffhq.zip,ffhq/images/img069742.jpg,data/wildfake/real/9815451f2ca51274.jpg,0,real,ffhq,train,569a979117bbcc34acbe73a116df1be4c7b7b0d2eed391445edd215698e2717a
wildfake,Images/Real/ffhq.zip,ffhq/images/img014937.jpg,data/wildfake/real/324a1c9b4c58d62d.jpg,0,real,ffhq,train,b333f691a8ada9aa10a0b922473f4b0b53209578f30c2d9687371102c9db3fbc
wildfake,Images/Real/ffhq.zip,ffhq/images/img039343.jpg,data/wildfake/real/edf252bd814c7abb.jpg,0,real,ffhq,train,f58011acdbeae02ce37e66d2ff25e30551a41a07791ff34fc56c4d2498826158
wildfake,Images/Real/ffhq.zip,ffhq/images/img051207.jpg,data/wildfake/real/15f65c6a31ea9e27.jpg,0,real,ffhq,train,a610d91c0d593dc5fa7fd6d28b62c975b78ef695fee37e4661cb36a964bd91cb
wildfake,Images/Real/ffhq.zip,ffhq/images/img032846.jpg,data/wildfake/real/28d9cd4b0e311e5c.jpg,0,real,ffhq,train,333d4ca9d00a6b10ff8b0a37bbc61f3cc18130a9db11f4a381f0179888bb251b
wildfake,Images/Real/ffhq.zip,ffhq/images/img055067.jpg,data/wildfake/real/a66404454f00ecdf.jpg,0,real,ffhq,train,955c21cff225326c5d1087ff16d6cbbe062df4efa818a7ea46cbaf60318b1a03
wildfake,Images/Real/ffhq.zip,ffhq/images/img008601.jpg,data/wildfake/real/391d20cac8a31380.jpg,0,real,ffhq,train,f88d79ce0dea38158b52cb731c9b99626460782b5383211122288759b8855b79
wildfake,Images/Real/ffhq.zip,ffhq/images/img001628.jpg,data/wildfake/real/76c12692a70e7421.jpg,0,real,ffhq,train,20898d4d748d23d9dde031b17d2b94312e943135c42dd6199cecbba6216e9b5d
wildfake,Images/Real/ffhq.zip,ffhq/images/img051697.jpg,data/wildfake/real/5149eb2e5a9672c5.jpg,0,real,ffhq,train,3df67515f432ebbf9b12d5157740f64d44572782bdd3b352ee28ca511411a367
wildfake,Images/Real/ffhq.zip,ffhq/images/img022026.jpg,data/wildfake/real/9b8aff1483d653ea.jpg,0,real,ffhq,train,b93b0297aab6a2e1abf8d5b0fb014eb9b79cbd0e8c22cd998bfeefa5480462bd
wildfake,Images/Real/ffhq.zip,ffhq/images/img021311.jpg,data/wildfake/real/b26c06184b26ccdc.jpg,0,real,ffhq,train,2e83e99caff11f65c44d7476643155adb6f4854dac0bad7bdfb7a6cef3783879
wildfake,Images/Real/ffhq.zip,ffhq/images/img018293.jpg,data/wildfake/real/7ae49c49415db6d1.jpg,0,real,ffhq,train,4e59376f43ffeb79a8393fb50b46c05035abee5c57a1fd04ace4cb5546c4aa91
wildfake,Images/Real/ffhq.zip,ffhq/images/img043634.jpg,data/wildfake/real/dc7494b38bbfc2a9.jpg,0,real,ffhq,train,18ef1cc7e69fb4c30a42afb2b449c8870a124a349a8392fdbb4badbf6e4a6a24
wildfake,Images/Real/ffhq.zip,ffhq/images/img015401.jpg,data/wildfake/real/4fbd83ce70b89c40.jpg,0,real,ffhq,train,d0129ea870f17ddb42ae64e0d0ab742b5456cf0e1c1c4c589f6f7ec3f1b48d67
wildfake,Images/Real/ffhq.zip,ffhq/images/img045640.jpg,data/wildfake/real/9c9843b457b602bf.jpg,0,real,ffhq,train,1eebc602cfecff568900c5daaa9ac12843e414a49ce95beefecf51d2ec88dcd7
wildfake,Images/Real/ffhq.zip,ffhq/images/img038426.jpg,data/wildfake/real/100a99b819a79098.jpg,0,real,ffhq,train,1297b83347c5a7469d8e3ce0a9487a68a62108f933b981e5a550a80cbf9a2e90
wildfake,Images/Real/ffhq.zip,ffhq/images/img066088.jpg,data/wildfake/real/2322b2e6029de9e3.jpg,0,real,ffhq,train,709243e2142e12dcfe0ba0acfc1bfc33999d081131c36735cb9591f64659b038
wildfake,Images/Real/ffhq.zip,ffhq/images/img043904.jpg,data/wildfake/real/18a6137892fc1723.jpg,0,real,ffhq,train,dd59c3aa2ecaf06b16c4b0ff7d4e814e738c96785bda4a205563f9cf67e8bfc2
wildfake,Images/Real/ffhq.zip,ffhq/images/img003199.jpg,data/wildfake/real/eb08962faf732da2.jpg,0,real,ffhq,train,12318e076c54f31a0b9435520b4c9d3312e64f74e20fe00d83de94f9633c04bc
wildfake,Images/Real/ffhq.zip,ffhq/images/img001882.jpg,data/wildfake/real/83f1d3b6bd886b5c.jpg,0,real,ffhq,train,0bab733fbd837361a8d20f25e16892e0cb562db9c46250322ced6b166dfd7572
wildfake,Images/Real/ffhq.zip,ffhq/images/img034690.jpg,data/wildfake/real/b6350edcfb7583ed.jpg,0,real,ffhq,train,c0a27fad41b7cb1effa037472860053bcb599f18b58685b7b0a9a728d928c28a
wildfake,Images/Real/ffhq.zip,ffhq/images/img024833.jpg,data/wildfake/real/6ad4af1b2d30a301.jpg,0,real,ffhq,train,8224ef0ab08469301631f82613631d170ff93538e8a25d3281cca8a51053dcfa
wildfake,Images/Real/ffhq.zip,ffhq/images/img062391.jpg,data/wildfake/real/c8b4acbff1d57ff4.jpg,0,real,ffhq,train,3d76dd92865b33fd32690383031a97c2f11591f513374622b3072089514bdc9f
wildfake,Images/Real/ffhq.zip,ffhq/images/img050070.jpg,data/wildfake/real/7153fffd87573515.jpg,0,real,ffhq,train,06443a97d202976f58a550b34438011c41f439d640ddf9e1011cc905b5437495
wildfake,Images/Real/ffhq.zip,ffhq/images/img063185.jpg,data/wildfake/real/bbd2f5247dc50003.jpg,0,real,ffhq,train,89d82dd0716bc507994ea86fe6abe2737a058e67837964b4f4d0da1a50174ea7
wildfake,Images/Real/ffhq.zip,ffhq/images/img028419.jpg,data/wildfake/real/e4e1a06ebd599fe2.jpg,0,real,ffhq,train,284cdf0d60379d6870134f747778f8ab3bab0eb153c9ddb049b671492436ee10
wildfake,Images/Real/ffhq.zip,ffhq/images/img019392.jpg,data/wildfake/real/abcab202b600db51.jpg,0,real,ffhq,train,4625dbedee381a50358769b43b6ab26cb2b04aba00d56e75e398c4a904436c88
wildfake,Images/Real/ffhq.zip,ffhq/images/img067050.jpg,data/wildfake/real/aae907d92e724c36.jpg,0,real,ffhq,train,3cbae7f0694ba3521cbc3be35ab81968f43212606c7f2864874abdf444fd9767
wildfake,Images/Real/ffhq.zip,ffhq/images/img050194.jpg,data/wildfake/real/4ac6de1ee09f28bb.jpg,0,real,ffhq,train,74fde8df03571fb8618f45a5e3d8decdc069a3934665de2515db9e68a41cb832
wildfake,Images/Real/ffhq.zip,ffhq/images/img007347.jpg,data/wildfake/real/cdd14b3d76a39ce5.jpg,0,real,ffhq,train,d862b94941519382f7fe73129d7c67b24448302218130dd4405edc76dde59f0d
wildfake,Images/Real/ffhq.zip,ffhq/images/img065459.jpg,data/wildfake/real/bf88be46a294a407.jpg,0,real,ffhq,train,0fb5d87138228ae1f44d412151c66b7505f269bf2bf6010a66612ae9408b590f
wildfake,Images/Real/ffhq.zip,ffhq/images/img028981.jpg,data/wildfake/real/1284bb7632db4b7c.jpg,0,real,ffhq,train,d5d55f2f67dc7bedf86261aa5fb669e671c6fe1eac092dff77541c24d2f3fcce
wildfake,Images/Real/ffhq.zip,ffhq/images/img014965.jpg,data/wildfake/real/c09a09834fde9d0e.jpg,0,real,ffhq,train,86ca774e486edfb620cae66bec66cfe4622d73dd3f52e0e9afc061f346919220
wildfake,Images/Real/ffhq.zip,ffhq/images/img032079.jpg,data/wildfake/real/46a7d3985914c2c4.jpg,0,real,ffhq,train,bf4fe6fb8a959f0d88036715d4c186ebed2c5975bb6c29f9642dec7bf7fbb9ba
wildfake,Images/Real/ffhq.zip,ffhq/images/img038307.jpg,data/wildfake/real/092704ee8c0ccda9.jpg,0,real,ffhq,train,7b4910de02c865c4d02a82c7dcbf9de32990524c5b01db4f17eaa2469b6a01c7
wildfake,Images/Real/ffhq.zip,ffhq/images/img058454.jpg,data/wildfake/real/5917d36e0a5d1af0.jpg,0,real,ffhq,train,f2ff0edc820d4ea3de20bcbb1e0d75acac7dd7559b80de76dde1c901ca238038
wildfake,Images/Real/ffhq.zip,ffhq/images/img002815.jpg,data/wildfake/real/649635786b6a3c4b.jpg,0,real,ffhq,train,032fc84c3f44a01860e519843a1c2c7d991bac3db416a696d057caf0240ec977
wildfake,Images/Real/ffhq.zip,ffhq/images/img050933.jpg,data/wildfake/real/50588f1a6e1fa3f6.jpg,0,real,ffhq,train,c7b220d4f0f60d89d45867d71038e542c725fa8d4434cdddbcf0a301d59ba87e
wildfake,Images/Real/ffhq.zip,ffhq/images/img063577.jpg,data/wildfake/real/1de6d2fc505d9fe4.jpg,0,real,ffhq,train,a988bb3622c73beb4fc6651589dbdbb9a69c79052964ee8a71542ba6e95de790
wildfake,Images/Real/ffhq.zip,ffhq/images/img005357.jpg,data/wildfake/real/a61124d2f26310c7.jpg,0,real,ffhq,train,3a978763ed4a1e21bccb2302a825f78afdb7bbc74a46b83503580319dcd6dc8f
wildfake,Images/Real/ffhq.zip,ffhq/images/img063827.jpg,data/wildfake/real/82c1d671166d76d4.jpg,0,real,ffhq,train,9882747f5e9ceb0da0c39f1b11b03bf664ff01232fe0f3d4d9bb2e0e39b9292c
wildfake,Images/Real/ffhq.zip,ffhq/images/img002974.jpg,data/wildfake/real/a0781ae33b1b0bfa.jpg,0,real,ffhq,train,8364472b4392cac6d62895e1c83bbc3f3dd84c93baf8f8c2c13574a4a31b617c
wildfake,Images/Real/ffhq.zip,ffhq/images/img013102.jpg,data/wildfake/real/3730082d132d154b.jpg,0,real,ffhq,train,ceb17469b50a35d8888a2d525b397d8d39871dd1ced8ca72b87cf26d55d5a4fe
wildfake,Images/Real/ffhq.zip,ffhq/images/img022273.jpg,data/wildfake/real/ab6e6cadd2a58071.jpg,0,real,ffhq,train,1c9057f1e318997680d113260a3ddad62e8f05fec86f64b462c5423e7e39d1b3
wildfake,Images/Real/ffhq.zip,ffhq/images/img050768.jpg,data/wildfake/real/1f865ca3842498e9.jpg,0,real,ffhq,train,3d6d14610d10da4f083081ed1cd6a434fabdd758830f7c5edb60ea359f775193
wildfake,Images/Real/ffhq.zip,ffhq/images/img050039.jpg,data/wildfake/real/1c2eb3a7fe8ee570.jpg,0,real,ffhq,train,4189fbb58ff45d93b038f3dda7c9416c82495ca72dc8cf8d9e902bda0724a7cc
wildfake,Images/Real/ffhq.zip,ffhq/images/img023593.jpg,data/wildfake/real/3e91d0881ce458f5.jpg,0,real,ffhq,train,ad5d6bb9480962fb9e1aa0afd6459bf8bd92ce82040177cf6975db2380610007
wildfake,Images/Real/ffhq.zip,ffhq/images/img056973.jpg,data/wildfake/real/f5042414d4d3a552.jpg,0,real,ffhq,train,180a7fc054e26d30faa80a135eecf760f6b7e44f02fa9ffabdbc5e943e0f8a7b
wildfake,Images/Real/ffhq.zip,ffhq/images/img067353.jpg,data/wildfake/real/bcf06aa29f46e9ef.jpg,0,real,ffhq,train,806fe4d8cb29efcdfa6520c77cf31a02ada928c848e7e3dd03667ac5daf4c3ae
wildfake,Images/Real/ffhq.zip,ffhq/images/img046284.jpg,data/wildfake/real/0ca1eee4180feb8e.jpg,0,real,ffhq,train,55bb2e645495741db3ba4faefc0dc01d57666208542f87db52e9ac907b1c4b35
wildfake,Images/Real/ffhq.zip,ffhq/images/img014563.jpg,data/wildfake/real/ba1e3fac9f2cc41e.jpg,0,real,ffhq,train,284fb2280d2667a5eac44f0c1fc5fcbc09ed7bd17d583f70cdc9ad9267199f18
wildfake,Images/Real/ffhq.zip,ffhq/images/img056113.jpg,data/wildfake/real/33dff0ec7ef9f32b.jpg,0,real,ffhq,train,c8f9d585bf53ccbb62c8c0e7b562e58aaf172a334d60ef331cb7eca6736d5bf1
wildfake,Images/Real/ffhq.zip,ffhq/images/img052692.jpg,data/wildfake/real/75f262f0ef7a45b4.jpg,0,real,ffhq,train,eae77ec9bca6003863b31792996602a658985b5e20c775d60764a2ee88571b26
wildfake,Images/Real/ffhq.zip,ffhq/images/img048953.jpg,data/wildfake/real/e37cd44f87c885dc.jpg,0,real,ffhq,train,e351768f5b56b17a933734328b743fed82d0aae8300f5ab90b49756bd05d2504
wildfake,Images/Real/ffhq.zip,ffhq/images/img041060.jpg,data/wildfake/real/78072fed9126a593.jpg,0,real,ffhq,train,a957b15e7f6263cf0998c2aca3f96451bebc1dca761e70be5fb984605c0e0080
wildfake,Images/Real/ffhq.zip,ffhq/images/img058827.jpg,data/wildfake/real/2cf121d3717b3cd3.jpg,0,real,ffhq,train,f6f737364ff3c33a1cd803f280b028c9e3a6fce8595a6d5684aacce215327461
wildfake,Images/Real/ffhq.zip,ffhq/images/img036168.jpg,data/wildfake/real/c7993cbb5417a320.jpg,0,real,ffhq,train,c44b26bc1f441eb47d4de1b5c23c579f5233e6a2a08594fddacee9f47751d432
wildfake,Images/Real/ffhq.zip,ffhq/images/img040172.jpg,data/wildfake/real/c751060338847b7e.jpg,0,real,ffhq,train,4c56367efcd3344708faa1cee0f0c88661f6dcc5c1f5a056785d634254e0262d
wildfake,Images/Real/ffhq.zip,ffhq/images/img026050.jpg,data/wildfake/real/0fbbb5b4a8dd05e8.jpg,0,real,ffhq,train,d86c271af17f8ad1e3fd4e09fb8a130306fccaf30e08c59712de18593e4ee8cf
wildfake,Images/Real/ffhq.zip,ffhq/images/img026623.jpg,data/wildfake/real/cebf45564f42a097.jpg,0,real,ffhq,train,01b57416db987d941bc73665b779034114c27b60b4ae1066c4dcea8d345eac28
wildfake,Images/Real/ffhq.zip,ffhq/images/img050956.jpg,data/wildfake/real/3f47f3cb1261ea2f.jpg,0,real,ffhq,train,f05f3f7a6780e7f8c0ede64f46cedce70aab67675da68473815ea915ea35eef1
wildfake,Images/Real/ffhq.zip,ffhq/images/img061689.jpg,data/wildfake/real/98938e93e6195b44.jpg,0,real,ffhq,train,ff616f1f9a1412a615b462d1c42dbd83ba298b6c9390a7c9edbd8b17d312e6ad
wildfake,Images/Real/ffhq.zip,ffhq/images/img022439.jpg,data/wildfake/real/683753147257b251.jpg,0,real,ffhq,train,2c31c26b335c7b940d60b4682b2db6442a9ca158ecdb69fcbe9049b52f1062a1
wildfake,Images/Real/ffhq.zip,ffhq/images/img011892.jpg,data/wildfake/real/ab66a7cfdfd8b54f.jpg,0,real,ffhq,train,452c8bc6e640686041e0db9241dba0e868bf51a3b9c767ad9eb05815ff6e1c97
wildfake,Images/Real/ffhq.zip,ffhq/images/img040381.jpg,data/wildfake/real/48c385fd9c63238d.jpg,0,real,ffhq,train,8ea702b915877235388656147228381c40476853a77f95061ca79793bfcc70e1
wildfake,Images/Real/ffhq.zip,ffhq/images/img019391.jpg,data/wildfake/real/b4d5965958050aa7.jpg,0,real,ffhq,train,8343d443e7ca8614d211a942f36988b16c828d90026e47e6fd58478e54e1d59d
wildfake,Images/Real/ffhq.zip,ffhq/images/img034018.jpg,data/wildfake/real/a5f07403e665664f.jpg,0,real,ffhq,train,f0a165316db1231c68420f963378422cb312de00d7ee98c6d4d56f572fb6f6c5
wildfake,Images/Real/ffhq.zip,ffhq/images/img019154.jpg,data/wildfake/real/af54fa2369299e88.jpg,0,real,ffhq,train,2ab88661c5a6432c6d59ba730639fb494a515f0177d2a563428ee95750c3b197
wildfake,Images/Real/ffhq.zip,ffhq/images/img036779.jpg,data/wildfake/real/954d16b80d5bb61b.jpg,0,real,ffhq,train,9c9a1ef7758111047171fb3b2ba26500d1ca7b8356de79612233d53747e49c25
wildfake,Images/Real/ffhq.zip,ffhq/images/img006548.jpg,data/wildfake/real/901ba22df3f6b452.jpg,0,real,ffhq,train,0978ca5982d5fe8773f56ff31a3f74d57da249c0da3b555483e07badbb1d8085
wildfake,Images/Real/ffhq.zip,ffhq/images/img016276.jpg,data/wildfake/real/05aae7950602bc36.jpg,0,real,ffhq,train,87523aafa9084edcacb0f2c5ced87d3ad57bf879b7b93a398d7971917f52734e
wildfake,Images/Real/ffhq.zip,ffhq/images/img009924.jpg,data/wildfake/real/6aeb06ab74f1a6fc.jpg,0,real,ffhq,train,1825e246e9bba2f027f582178d875c7da98972494debed5d5f27722eedf8839a
wildfake,Images/Real/ffhq.zip,ffhq/images/img040283.jpg,data/wildfake/real/de33972bd7e0e5fb.jpg,0,real,ffhq,train,1cf195a214f6f4eb279978e01cc7278111194cdc3347c9134d3e1dbb640cf5ea
wildfake,Images/Real/ffhq.zip,ffhq/images/img039692.jpg,data/wildfake/real/b6642c15e21adf03.jpg,0,real,ffhq,train,f1dc33f8b4c2bca28eec1571430086704d05451f32586944ed59a4a499ebeae9
wildfake,Images/Real/ffhq.zip,ffhq/images/img014334.jpg,data/wildfake/real/7c987d2f07e11323.jpg,0,real,ffhq,train,8ac2d4effa56f3c86338f9322a133b88c4f866b663f137a1558527b08d449f70
wildfake,Images/Real/ffhq.zip,ffhq/images/img011593.jpg,data/wildfake/real/8e3ef18d93362f92.jpg,0,real,ffhq,train,a57f19f94368522d489d1be8a197334d8371ce5691f8c1d1b7d7fbe985ebb0da
wildfake,Images/Real/ffhq.zip,ffhq/images/img008286.jpg,data/wildfake/real/d8f9eb3b4a66ba7b.jpg,0,real,ffhq,train,e24ad257bc6ff936502b366f6d3e71e2763a44949e99892a29e1ebc3f61c2aa0
wildfake,Images/Real/ffhq.zip,ffhq/images/img069637.jpg,data/wildfake/real/4d36e0949d8a94f6.jpg,0,real,ffhq,train,94e91c711b3929d4663472da2d8df6f975890d0240f4355bc9b611bda2d94d9a
wildfake,Images/Real/ffhq.zip,ffhq/images/img044265.jpg,data/wildfake/real/84107d471f71999c.jpg,0,real,ffhq,train,13f9e8dfbbe2455832f23cedb7d07a234fa1dc0761f535ffe2b6237b968fbd76
wildfake,Images/Real/ffhq.zip,ffhq/images/img039745.jpg,data/wildfake/real/e55c4b965c3e8bfc.jpg,0,real,ffhq,train,c660eb42072f4d79ab8d76dacdb25418cf79ad458536113db3e64142fcbda01f
wildfake,Images/Real/ffhq.zip,ffhq/images/img010085.jpg,data/wildfake/real/30df890d0e928d47.jpg,0,real,ffhq,train,03794b4ffdea23d62394af065797f1693061530419b0e5a6f08499b0417eb3ed
wildfake,Images/Real/ffhq.zip,ffhq/images/img050174.jpg,data/wildfake/real/a611f8cd0478cdc5.jpg,0,real,ffhq,train,26ab6e674e64886feb452ad2ebe50c2ce8e9ba5875838545d33f3ce33f8516d1
wildfake,Images/Real/ffhq.zip,ffhq/images/img001554.jpg,data/wildfake/real/4aacffadba50d932.jpg,0,real,ffhq,train,054a46935d42676fac9a1522bcb863221a531f75537ac0cdfb06509c8f41a824
wildfake,Images/Real/ffhq.zip,ffhq/images/img017759.jpg,data/wildfake/real/df4f0cbc0fb8aed3.jpg,0,real,ffhq,train,71ae1625f259624ada29be174ffbcd67a2c1128655ed1d6e46f1d39e48d97b6a
wildfake,Images/Real/ffhq.zip,ffhq/images/img037274.jpg,data/wildfake/real/375a5b4d90008530.jpg,0,real,ffhq,train,959432d55e88e421dac1dc03e0529270f30a08e0773b753294e266e7914ccce9
wildfake,Images/Real/ffhq.zip,ffhq/images/img048453.jpg,data/wildfake/real/8b990dd01684e6ad.jpg,0,real,ffhq,train,0bf6704fa32112daea9554d29c9cf782b16bdbab91965d97eae1ca16d756324f
wildfake,Images/Real/ffhq.zip,ffhq/images/img007081.jpg,data/wildfake/real/21244ca81ac1e1dd.jpg,0,real,ffhq,train,7b7144faeb47636a706ad3317134155f21ad46ec2814617321e7d1bee28fdf96
wildfake,Images/Real/ffhq.zip,ffhq/images/img018342.jpg,data/wildfake/real/3f5702969e0867ad.jpg,0,real,ffhq,train,87fd3481089fa70602419384792b902916be1b53888faf7b282083344e668aa8
wildfake,Images/Real/ffhq.zip,ffhq/images/img043816.jpg,data/wildfake/real/b9ae7a0a17790044.jpg,0,real,ffhq,train,eb2eb3c4da0d1c245c8e7a4d08fb0f64f47054ea4067abb1cfb443496655a8e1
wildfake,Images/Real/ffhq.zip,ffhq/images/img028271.jpg,data/wildfake/real/f5877b9da19f2b8b.jpg,0,real,ffhq,train,66088fdb07007272d21016a1f28a49a996cfe30a58cfb13922c014040fbfd769
wildfake,Images/Real/ffhq.zip,ffhq/images/img069717.jpg,data/wildfake/real/6e5b619e66f56f62.jpg,0,real,ffhq,train,cb6b070ae0768721e10a2c13b5d7a1e1eef346b94007a8ebe6b08af8435e5257
wildfake,Images/Real/ffhq.zip,ffhq/images/img057747.jpg,data/wildfake/real/3770c904b96a008c.jpg,0,real,ffhq,train,f9d61e61a798f2102a811b1b6aa66cd75cfedfc4ae1bb3a53761aaac05589ceb
wildfake,Images/Real/ffhq.zip,ffhq/images/img021596.jpg,data/wildfake/real/72d4de2f9f0695d5.jpg,0,real,ffhq,train,c517119e29b0456a90c227a585e08a497fc8250bedba597367294bc932ea5184
wildfake,Images/Real/ffhq.zip,ffhq/images/img045033.jpg,data/wildfake/real/3d88ec2de52760ce.jpg,0,real,ffhq,train,edd52922f71bf8224d58e11524c962c4888d805ffffdfa765c69970ed2b0d1c3
wildfake,Images/Real/ffhq.zip,ffhq/images/img069984.jpg,data/wildfake/real/4dbc6c7da6ed3c0c.jpg,0,real,ffhq,train,f3e40975a43226ed7f0b80e9c10f8b46013c7826c4bc24617f65b8df23ca9308
wildfake,Images/Real/ffhq.zip,ffhq/images/img046659.jpg,data/wildfake/real/324822d2c49bd259.jpg,0,real,ffhq,train,8c39e3d24d982956a1be542b6b9a083a100baac0f2468946836cac99f8d4ebe9
wildfake,Images/Real/ffhq.zip,ffhq/images/img027151.jpg,data/wildfake/real/c9933b6f8f77db14.jpg,0,real,ffhq,train,ef076124d218cd679e202b6fd5d7057219975b304311fe4beda8435412f1588e
wildfake,Images/Real/ffhq.zip,ffhq/images/img038687.jpg,data/wildfake/real/27d1d8c57c463aed.jpg,0,real,ffhq,train,74ad2dc14e88a90588916673057b795bf88ac52a75cc9f960e5d7dd79b3eeae5
wildfake,Images/Real/ffhq.zip,ffhq/images/img011443.jpg,data/wildfake/real/22185b680b653897.jpg,0,real,ffhq,train,f0cb801370385a783d11875734c7191af160365ca991d0124c078ec553701aa0
wildfake,Images/Real/ffhq.zip,ffhq/images/img050353.jpg,data/wildfake/real/03d576ca209ba34e.jpg,0,real,ffhq,train,9751a3c5a567d360286b23c75b4c76c7b9b020bbebc4df0da50cc95de47f5972
wildfake,Images/Real/ffhq.zip,ffhq/images/img032329.jpg,data/wildfake/real/64bcc0c3a32bfcf6.jpg,0,real,ffhq,train,c78f93d6fa01739b5c80864e8a6ce2eebd192298c93269b17243b2444c35bac8
wildfake,Images/Real/ffhq.zip,ffhq/images/img008250.jpg,data/wildfake/real/7559f563408344d2.jpg,0,real,ffhq,train,d4e167929aded38670a72a41a28602106ea63be84c39e85ec7375ca61dfab29a
wildfake,Images/Real/ffhq.zip,ffhq/images/img004406.jpg,data/wildfake/real/0a861f1ffd428993.jpg,0,real,ffhq,train,9b6f23dce025202a6fcf5089dad24b7259067ea023fda9384486c82e26f49dec
wildfake,Images/Real/ffhq.zip,ffhq/images/img057947.jpg,data/wildfake/real/669edceacb446d21.jpg,0,real,ffhq,train,2164a9e7680b7745d0e43c6acf41053c08657dbc586584bdcbd5e419ba677973
wildfake,Images/Real/ffhq.zip,ffhq/images/img027745.jpg,data/wildfake/real/2128d7980f336563.jpg,0,real,ffhq,train,eb195885f445e105b1d97df9f9355e3e52772962a28b45224ddcdbfb6a885e0e
wildfake,Images/Real/ffhq.zip,ffhq/images/img036344.jpg,data/wildfake/real/9299ab5463ee7462.jpg,0,real,ffhq,train,b9cc38033e24000b6886cc39630693720ce6c56f27f122ba18029610bb2899c0
wildfake,Images/Real/ffhq.zip,ffhq/images/img050446.jpg,data/wildfake/real/b5f5f63b25cc1e7e.jpg,0,real,ffhq,train,bf6f9238dc475ef53d470eb431b4c6a4ce44d3927c53568c3a62b71bbdaa723a
wildfake,Images/Real/ffhq.zip,ffhq/images/img013538.jpg,data/wildfake/real/c3f77ac5be5bf9cb.jpg,0,real,ffhq,train,30d1533ff7415db07f3d31030ceec9a1ea7f99a58ba8a41e5679d154e115ce1f
wildfake,Images/Real/ffhq.zip,ffhq/images/img054000.jpg,data/wildfake/real/ca9fa14e82050fe3.jpg,0,real,ffhq,train,7994a3c0080f357af9e589f4fae3d8c63f3f03b6079e2297332e269216b53cad
wildfake,Images/Real/ffhq.zip,ffhq/images/img010890.jpg,data/wildfake/real/d542c169cf6a3b27.jpg,0,real,ffhq,train,8157fcb93075c25228e728f3da271e1187c415404a2ec484883a80e4fd9966f8
wildfake,Images/Real/ffhq.zip,ffhq/images/img047435.jpg,data/wildfake/real/76fbecfe622cae7e.jpg,0,real,ffhq,train,1fafb719c3cd862a4390ca32b4762c225fca126e49fec512bb6339eba1496ae7
wildfake,Images/Real/ffhq.zip,ffhq/images/img065234.jpg,data/wildfake/real/0f7ebffc8afff043.jpg,0,real,ffhq,train,616153490545389a59a30909eb1c237d13c58f0a8b3e49de69cc5994516e43f2
wildfake,Images/Real/ffhq.zip,ffhq/images/img030537.jpg,data/wildfake/real/09a04cb95f304504.jpg,0,real,ffhq,train,8f4fce45b9d7445cf558f37a53f21acf694ced5744f299da59fcd4bd19e5ec95
wildfake,Images/Real/ffhq.zip,ffhq/images/img011282.jpg,data/wildfake/real/168c715313776f19.jpg,0,real,ffhq,train,0a0b25b272db702dbb4689bc188a78f00e487d58807cd09f32001e2316c7f46e
wildfake,Images/Real/ffhq.zip,ffhq/images/img041500.jpg,data/wildfake/real/7b46089d61b5372d.jpg,0,real,ffhq,train,d5dccc0e2a16f5cf31dfe8c0092685b939ee1aab534824da1756b607f8ec2b74
wildfake,Images/Real/ffhq.zip,ffhq/images/img021805.jpg,data/wildfake/real/8d9f8192aef30b33.jpg,0,real,ffhq,train,d98496605eebe418bc53bb7b5300e105ad79a3af0ebbec940dc6145c73ee308c
wildfake,Images/Real/ffhq.zip,ffhq/images/img053131.jpg,data/wildfake/real/a136af87d90a65c6.jpg,0,real,ffhq,train,9feb79fe0eb464ca34347fae65e4c12e00dde4d6dbcfec727e865e8b88fe5fdd
wildfake,Images/Real/ffhq.zip,ffhq/images/img062395.jpg,data/wildfake/real/ae6cdda150469815.jpg,0,real,ffhq,train,f9fec293ebea6aa1d309ee8526ece116747de7b0c4c12bdd246bdb8d98b4e2f8
wildfake,Images/Real/ffhq.zip,ffhq/images/img043421.jpg,data/wildfake/real/256d68f25e07fbae.jpg,0,real,ffhq,train,fd04f943fd254204eede20b5501995f966650ebd73ec129d4bccda0469bf4727
wildfake,Images/Real/ffhq.zip,ffhq/images/img038005.jpg,data/wildfake/real/ab9135e225d9bf25.jpg,0,real,ffhq,train,bdb436426ce359d34274319ca2bc315e3dbc267e3f755299eef95b770cf424ba
wildfake,Images/Real/ffhq.zip,ffhq/images/img035899.jpg,data/wildfake/real/3336646c829796a7.jpg,0,real,ffhq,train,cddba5c05d8fb5027391245dc3311300d1a85c88c140490052e273fd8bde7796
wildfake,Images/Real/ffhq.zip,ffhq/images/img017891.jpg,data/wildfake/real/bda9d9efeca546c4.jpg,0,real,ffhq,train,c88125f364d1e19a482a93688232cb078f3bc06e6ce9a7d13137c50883cc6407
wildfake,Images/Real/ffhq.zip,ffhq/images/img010545.jpg,data/wildfake/real/f9f3a925d56945d7.jpg,0,real,ffhq,train,47f7ed8e19cae72623f38e23cc9198818275c2c627bc193fefd2e855a8fab446
wildfake,Images/Real/ffhq.zip,ffhq/images/img044470.jpg,data/wildfake/real/7487b4d6cffd7401.jpg,0,real,ffhq,train,cc0656a14d36b518eab972a156526bb86211d4400713bae0011a7459191db5b7
wildfake,Images/Real/ffhq.zip,ffhq/images/img064762.jpg,data/wildfake/real/ada25d33a1309ac5.jpg,0,real,ffhq,train,59a8212d15e5aad19e1bb3a59fff8f339ed2b450918c40180e16e63c8696add7
wildfake,Images/Real/ffhq.zip,ffhq/images/img060429.jpg,data/wildfake/real/d9923613dc2e2a4a.jpg,0,real,ffhq,train,8703cd34cf1449cf6ea002131c13ffe8833e2213cc441c892ddfe8dd606bafa8
wildfake,Images/Real/ffhq.zip,ffhq/images/img037189.jpg,data/wildfake/real/e7a79926d3844aad.jpg,0,real,ffhq,train,445471f6777d796abda5a4e18891231e595bf51c237568e877979565c815104a
wildfake,Images/Real/ffhq.zip,ffhq/images/img048448.jpg,data/wildfake/real/6146d11d418f1819.jpg,0,real,ffhq,train,d41db6c13be314eddaa42043881aa565040f37547731c05f38cf38eb30341fbb
wildfake,Images/Real/ffhq.zip,ffhq/images/img051292.jpg,data/wildfake/real/17dbf6b4b9bf05fa.jpg,0,real,ffhq,train,7c3a9d48c7e615a0671b130bda9998c9c537f7fcd397ba443c7c758168819bb3
wildfake,Images/Real/ffhq.zip,ffhq/images/img020677.jpg,data/wildfake/real/a99012f20b6b07df.jpg,0,real,ffhq,train,6a54abd758d8f174ab86f388700eca497bd4be6917c2740f8a33a28f8a03ee01
wildfake,Images/Real/ffhq.zip,ffhq/images/img063556.jpg,data/wildfake/real/952071ef1c0b945f.jpg,0,real,ffhq,train,663fcbe02d2c78a20ff39b2bfe2766d8f6624e63c65e47a835d28aa42f180802
wildfake,Images/Real/ffhq.zip,ffhq/images/img000485.jpg,data/wildfake/real/efdae5974675c503.jpg,0,real,ffhq,train,bc7b898b4b68094d41dcf0adf1f6c75b9ab859a778dd4755d7b0068bf579ee23
wildfake,Images/Real/ffhq.zip,ffhq/images/img055552.jpg,data/wildfake/real/2288938f6b0b0c89.jpg,0,real,ffhq,train,96cc31e72599d89a3c9bf44a9f62a28f1d3dfe02ad6808a4fb60089b4978c0dc
wildfake,Images/Real/ffhq.zip,ffhq/images/img016673.jpg,data/wildfake/real/a43aa9998c24fcea.jpg,0,real,ffhq,train,729ddda31508574f90a20e5408443531298b210134134b445e7e11580be817f8
wildfake,Images/Real/ffhq.zip,ffhq/images/img026890.jpg,data/wildfake/real/a69f1917cfdd1fe1.jpg,0,real,ffhq,train,6a0efa186895cdd13c76664d1a8e0d086b959de15b454fb87d0e96b085629ef5
wildfake,Images/Real/ffhq.zip,ffhq/images/img018754.jpg,data/wildfake/real/8b6ea64e7dc27770.jpg,0,real,ffhq,train,2f92d17c58d3df72a0945ae075d4f8f144784b73e3b6cd8e76f3a3030c22b554
wildfake,Images/Real/ffhq.zip,ffhq/images/img021075.jpg,data/wildfake/real/367cd6666cabf17b.jpg,0,real,ffhq,train,212acb0fea89ed0ae119fb0571a43509a4fdb90c7b3f48a4599e360c87dd56ed
wildfake,Images/Real/ffhq.zip,ffhq/images/img054677.jpg,data/wildfake/real/fbcf9f2aeffc19da.jpg,0,real,ffhq,train,716aa0e13e0fdd40aa05dc137677f70d9e2409d7c6703a1992ee957cfe603403
wildfake,Images/Real/ffhq.zip,ffhq/images/img001567.jpg,data/wildfake/real/40f4ca6c3c48dc21.jpg,0,real,ffhq,train,1c7a893d26feafb2ac04b2d5233f0cbf032538e6a24bbdf8e349a952a5c4d8f9
wildfake,Images/Real/ffhq.zip,ffhq/images/img059759.jpg,data/wildfake/real/ff8dbc6d1dbd7020.jpg,0,real,ffhq,train,622e45fe6d8a55e6da78ab3d3e45ca90e4722041e29377427c8a6abab0c39d59
wildfake,Images/Real/ffhq.zip,ffhq/images/img009557.jpg,data/wildfake/real/8531bd3adfbdeb02.jpg,0,real,ffhq,train,0e4d36828bf3f0acf5d4f219f7782761e7ab3db47288ba61b8ce32c5a614c878
wildfake,Images/Real/ffhq.zip,ffhq/images/img006932.jpg,data/wildfake/real/8c0afcfaee389c4c.jpg,0,real,ffhq,train,e3c1ade2460f9a088c6039d5a2e8f7a23b6689d676810be7614e0bfc21457e02
wildfake,Images/Real/ffhq.zip,ffhq/images/img058891.jpg,data/wildfake/real/89c676abad115579.jpg,0,real,ffhq,train,992d8187255092ca3f069bed79e1782be1bac29ede85bdc73a6594c13dc5d46b
wildfake,Images/Real/ffhq.zip,ffhq/images/img051463.jpg,data/wildfake/real/8ad903df8f36b8bd.jpg,0,real,ffhq,train,51970731027a098271294b3fb8ba060f985844794f1a9c01b1a67a108944098b
wildfake,Images/Real/ffhq.zip,ffhq/images/img023111.jpg,data/wildfake/real/8c8a1cdfc5b10f35.jpg,0,real,ffhq,train,1665cf96e23f2ad03e479f777f6b3a000009cb437d68002eb7165050df118205
wildfake,Images/Real/ffhq.zip,ffhq/images/img062670.jpg,data/wildfake/real/a81a74e26f8f103e.jpg,0,real,ffhq,train,0171a60bfa82bf66aacdc551c4551fb7e9688dd546323e55dc168a44de5a5295
wildfake,Images/Real/ffhq.zip,ffhq/images/img051131.jpg,data/wildfake/real/44ad0c8cc19789e1.jpg,0,real,ffhq,train,e010c9f5234e799304ca2ef10f6ea816ca659064bb702e880b91cf97dad73b75
wildfake,Images/Real/ffhq.zip,ffhq/images/img015674.jpg,data/wildfake/real/1bbd9a328431732c.jpg,0,real,ffhq,train,b15a14718128fef8c9926ad95ce809ff03a33ab98fc120f670f26f7c6261f377
wildfake,Images/Real/ffhq.zip,ffhq/images/img035728.jpg,data/wildfake/real/8d90b85fa15b5e10.jpg,0,real,ffhq,train,b020119fb158819f7718ad42fda55659f6e22012df4b7180c5a0257fe1a23a92
wildfake,Images/Real/ffhq.zip,ffhq/images/img035361.jpg,data/wildfake/real/a15e11d26d6e7a00.jpg,0,real,ffhq,train,302877947c008cfe8702f6070fbcfff55690cff47109291069f6418453b70d51
wildfake,Images/Real/ffhq.zip,ffhq/images/img059793.jpg,data/wildfake/real/58027db00ec15bd1.jpg,0,real,ffhq,train,373f37420a405b74657fbf81055e54b267b28599ba325a7815461c29e7dc38bc
wildfake,Images/Real/ffhq.zip,ffhq/images/img026560.jpg,data/wildfake/real/cee15505ef9e02a4.jpg,0,real,ffhq,train,acf802c2f7edfdd55a9ec6a90ec2afc6df89bbfa1bf144f2f1aa1bbed76467f7
wildfake,Images/Real/ffhq.zip,ffhq/images/img014544.jpg,data/wildfake/real/d6bf1207e065faa2.jpg,0,real,ffhq,train,2b0c1ecabec44035758480778c8c98db90a19f3691f7b26ea18463664d85d084
wildfake,Images/Real/ffhq.zip,ffhq/images/img008745.jpg,data/wildfake/real/4a0eb218a986a232.jpg,0,real,ffhq,train,d532b5fb10699c4d2d713b3573c2fdc4b1aa8873d8cc475e5df2159656197bbc
wildfake,Images/Real/ffhq.zip,ffhq/images/img069501.jpg,data/wildfake/real/207b6ca8a05e0108.jpg,0,real,ffhq,train,0806136ace344a8dbac4f191d3540b943c048c2264c8c6aae6e8e4ec2f756c10
wildfake,Images/Real/ffhq.zip,ffhq/images/img035580.jpg,data/wildfake/real/f4d2f28ced57ea4c.jpg,0,real,ffhq,train,148d713f474a7ce50b03cb80613cecf5cb5a6027e7928e61e212cc1439df63f6
wildfake,Images/Real/ffhq.zip,ffhq/images/img018141.jpg,data/wildfake/real/dd9b39f802d2e619.jpg,0,real,ffhq,train,2b6c1a6ce79fde4c606ed71f6e196e6ed4f8c851c252915faf07e9f37f6c52f2
wildfake,Images/Real/ffhq.zip,ffhq/images/img019278.jpg,data/wildfake/real/f12fd54e7d77cbd2.jpg,0,real,ffhq,train,5759b32da3d67005e9b8795cc8021cc4c9d5cbe339b0d29efd8afc4e3e13e3f7
wildfake,Images/Real/ffhq.zip,ffhq/images/img060245.jpg,data/wildfake/real/3deba153b64d9560.jpg,0,real,ffhq,train,659da3e904bd9a02513893a829ac3b6b91b9b97c968b5af6a1879e9232ffa8ee
wildfake,Images/Real/ffhq.zip,ffhq/images/img019525.jpg,data/wildfake/real/2fa108f442986ce7.jpg,0,real,ffhq,train,8cfb58096818231bad5e1beddf6aec72185077eea25475a9a92a7cd0618180d8
wildfake,Images/Real/ffhq.zip,ffhq/images/img061733.jpg,data/wildfake/real/cc70d3a5dd7fbeac.jpg,0,real,ffhq,train,0dc5dfeb3c348300eec1abec333bf61477b29bfb677b3d78ca27aabe8c6dd03e
wildfake,Images/Real/ffhq.zip,ffhq/images/img012050.jpg,data/wildfake/real/f6f4a61fd091e10a.jpg,0,real,ffhq,train,751a43aa205115bf8b234bc078f1dc67b0b15b934162097cf24979a0cc03128e
wildfake,Images/Real/ffhq.zip,ffhq/images/img009266.jpg,data/wildfake/real/b7156ef1d25689ed.jpg,0,real,ffhq,train,950f6b22fc9d57b51ae79ca34c8bbfeaab07343db1689638925c891fc872d24e
wildfake,Images/Real/ffhq.zip,ffhq/images/img000946.jpg,data/wildfake/real/0b89a81487d2c8fa.jpg,0,real,ffhq,train,671e28cc41d3c7669b09aeec1239dd78cc5529deb753d5e713095878b7d31b17
wildfake,Images/Real/ffhq.zip,ffhq/images/img028910.jpg,data/wildfake/real/ec7b524c81894605.jpg,0,real,ffhq,train,33de73e8124eb394529b8a70218c4977756d594f6f724d178ecf4666ab537dd9
wildfake,Images/Real/ffhq.zip,ffhq/images/img006758.jpg,data/wildfake/real/91de7f5f20de602f.jpg,0,real,ffhq,train,ef6a763fe922b044f2725075293d99b54c16fc6c74765c1da5c174d0e89feb37
wildfake,Images/Real/ffhq.zip,ffhq/images/img004569.jpg,data/wildfake/real/aab5f7a3f83276dc.jpg,0,real,ffhq,train,79acc8956d9f0259b3428aad1ac242c14236c1c1703998ad37b046706f3420ae
wildfake,Images/Real/ffhq.zip,ffhq/images/img024151.jpg,data/wildfake/real/5f166d057e18b6b2.jpg,0,real,ffhq,train,51088951276b04abc817f6c7aae1cfe03391ce528e7f500cabfd8ecafe715f33
wildfake,Images/Real/ffhq.zip,ffhq/images/img069494.jpg,data/wildfake/real/210cd8767073656f.jpg,0,real,ffhq,train,58dab5e3b88428458f0f557cd6f6dde4022b18573164b2bb702e653f563f76a5
wildfake,Images/Real/ffhq.zip,ffhq/images/img047735.jpg,data/wildfake/real/50153185c302b96b.jpg,0,real,ffhq,train,24294a15aea773cc4193cc04cebe3d081bb2402ed7ebd173b53be52daca034c7
wildfake,Images/Real/ffhq.zip,ffhq/images/img005677.jpg,data/wildfake/real/43f2f6b557743390.jpg,0,real,ffhq,train,0146ab215d477c1a37c73f570648b0a67ea06a9efef9eea660ff9a33efca38b9
wildfake,Images/Real/ffhq.zip,ffhq/images/img060745.jpg,data/wildfake/real/32d4a5a8dc440f7a.jpg,0,real,ffhq,train,8dc76d2e2b8ea5fe3109bae54625d087f0a8cb772b7cd8a95cda1fdebcdae770
wildfake,Images/Real/ffhq.zip,ffhq/images/img053026.jpg,data/wildfake/real/3905d9887dc72a25.jpg,0,real,ffhq,train,8806478445980efa497f8ea9aaca10009ad89ba4985b44680f5f9ce06c0b09f0
wildfake,Images/Real/ffhq.zip,ffhq/images/img003250.jpg,data/wildfake/real/5cc55c831e7b71ea.jpg,0,real,ffhq,train,92d21164154a61d6debf85d8cd977de18e35b90cc25673a088ea5a1f5f61dca7
wildfake,Images/Real/ffhq.zip,ffhq/images/img010580.jpg,data/wildfake/real/8ea381801b16bdf0.jpg,0,real,ffhq,train,f4694b58dbe7a6092537ee3382304a185ee34ea0e90e3a49c79051a2e46d3a1c
wildfake,Images/Real/ffhq.zip,ffhq/images/img019025.jpg,data/wildfake/real/d234f675248b25d5.jpg,0,real,ffhq,train,fd2ee1a887de0b31b5438b04b4bcb79dfe11d5454d19621dbb962b89c6be7a71
wildfake,Images/Real/ffhq.zip,ffhq/images/img004546.jpg,data/wildfake/real/3574af3adf6eb295.jpg,0,real,ffhq,train,aa7cd4017df07b9d42a5cc00948646b8e8ad1b3482d9bd7380e0c9270834c5b4
wildfake,Images/Real/ffhq.zip,ffhq/images/img043963.jpg,data/wildfake/real/0997e836c6d2df26.jpg,0,real,ffhq,train,c5d1d8521d3c8a71fbdd3d25f86cfb187fceb08c7793a98c9924a7295797e141
wildfake,Images/Real/ffhq.zip,ffhq/images/img048916.jpg,data/wildfake/real/7df0a8d450cab41e.jpg,0,real,ffhq,train,f0033210f906008351a06bf94a347dcd2795f5f96f100bda9908719081803ed9
wildfake,Images/Real/ffhq.zip,ffhq/images/img001901.jpg,data/wildfake/real/17016a0f85ed7708.jpg,0,real,ffhq,train,be1e007e77bfe7315ffae0ee5d111c34d76c660e2855f683367fd3652231eb85
wildfake,Images/Real/ffhq.zip,ffhq/images/img007455.jpg,data/wildfake/real/199368a8c54aeacb.jpg,0,real,ffhq,train,86d616d2f67b61758c38ec5533c584160a3c7cd3f3d37ca378a2d87fa95da625
wildfake,Images/Real/ffhq.zip,ffhq/images/img011123.jpg,data/wildfake/real/a9bb83d73ca235ce.jpg,0,real,ffhq,train,151d4a9f778db62eaa8fd54d9411dd1f8c14665b335503893647995f73603061
wildfake,Images/Real/ffhq.zip,ffhq/images/img043601.jpg,data/wildfake/real/cbb998e93aa8bf19.jpg,0,real,ffhq,train,8a3a6de464be3f92d82c03ca173387ff463eaf59818edd46dba9d2b6223d0b2e
wildfake,Images/Real/ffhq.zip,ffhq/images/img007669.jpg,data/wildfake/real/8370d1bc950e699f.jpg,0,real,ffhq,train,b2b9770ebb04b1a5647f70ffeec8646cb2cc201791d89e7d311bd9a71355f3d5
wildfake,Images/Real/ffhq.zip,ffhq/images/img012805.jpg,data/wildfake/real/344121660e619fcd.jpg,0,real,ffhq,train,5283dcd96d642993175f195c439b96e0f7e3fca5620b98853edd0db74ec14747
wildfake,Images/Real/ffhq.zip,ffhq/images/img020117.jpg,data/wildfake/real/8eba633b1f363d2c.jpg,0,real,ffhq,train,64d7d8ac72c1aa5aa20b6eda06918467486faa5d00fe1b4b8a6d28c2c576c0a0
wildfake,Images/Real/ffhq.zip,ffhq/images/img012387.jpg,data/wildfake/real/9f7f0eefd7e85f4f.jpg,0,real,ffhq,train,05626948d8a9754baf130c22de8c254fc79be88d9b349d4fc64f6be01bb49de8
wildfake,Images/Real/ffhq.zip,ffhq/images/img029548.jpg,data/wildfake/real/c8be4fed0760e732.jpg,0,real,ffhq,train,3d17553de8340055a98f99e0f6836ddd6d7c0aa847d32560a4e28c662a77ea35
wildfake,Images/Real/ffhq.zip,ffhq/images/img021627.jpg,data/wildfake/real/31504ffa4097d1ce.jpg,0,real,ffhq,train,0d1e6933e61a868132c1d660d40b82189064e96cae14ed4f8d5939e6046c9df1
wildfake,Images/Real/ffhq.zip,ffhq/images/img014212.jpg,data/wildfake/real/4af708b271dbd11a.jpg,0,real,ffhq,train,c4d8f1e73ad587c6fd13aa6e009cb1a8f6ee2cd6045320bd0b09a99dfa124b71
wildfake,Images/Real/ffhq.zip,ffhq/images/img012752.jpg,data/wildfake/real/62f63642663fb37b.jpg,0,real,ffhq,train,2c971d96b198fd8ae857f58918368e28b64d41728abc5c2b214d3ab566287853
wildfake,Images/Real/ffhq.zip,ffhq/images/img021344.jpg,data/wildfake/real/335c033324a766c3.jpg,0,real,ffhq,train,1922efc17f991d2a464a78dfa497f626a28b6b00ac3af781a6813e111d87afd8
wildfake,Images/Real/ffhq.zip,ffhq/images/img011537.jpg,data/wildfake/real/4a1ddd8e1bd0d9f8.jpg,0,real,ffhq,train,03e2f12adee1359abd3c5354cda2aa1409c2bc7a96529a68ec671d68e1d1f154
wildfake,Images/Real/ffhq.zip,ffhq/images/img002955.jpg,data/wildfake/real/93b3276a91dc606d.jpg,0,real,ffhq,train,3418b81a85a629bb419fd61006107f670946308436c8b10c2d4f91347c597e07
wildfake,Images/Real/ffhq.zip,ffhq/images/img029116.jpg,data/wildfake/real/52d547518d54435f.jpg,0,real,ffhq,train,766578a8f6bea62ec9b11ed2a53b535b4d8082320772a46f7994873f96b953c0
wildfake,Images/Real/ffhq.zip,ffhq/images/img017027.jpg,data/wildfake/real/290cd7d44d719a33.jpg,0,real,ffhq,train,bb803f9fb27d4f0f6e8799999439ee2a3afdb3be7c54ea58f33ff371a3282a0f
wildfake,Images/Real/ffhq.zip,ffhq/images/img034429.jpg,data/wildfake/real/ed1e48f06953d9a8.jpg,0,real,ffhq,train,8beecf104160336b249475574e7b7529e6a3db98079728b6bc18a8d2d92bf23b
wildfake,Images/Real/ffhq.zip,ffhq/images/img054289.jpg,data/wildfake/real/6a2b56613c768c18.jpg,0,real,ffhq,train,c7464f21a668ba0edde5f88b81ae8e865fb258280be6f695ca223a41362f43b9
wildfake,Images/Real/ffhq.zip,ffhq/images/img060994.jpg,data/wildfake/real/c55a0901ced8e619.jpg,0,real,ffhq,train,abd251b4e16cf0f43471453b2806d55296f64118c97d373a3179b8a769685ef6
wildfake,Images/Real/ffhq.zip,ffhq/images/img044605.jpg,data/wildfake/real/c6a4f010fa2a4b31.jpg,0,real,ffhq,train,a9560bfd44dd148d0d66b8fbce3d623ac5e0fc480274876ef6b86b0844b6d9f9
wildfake,Images/Real/ffhq.zip,ffhq/images/img013926.jpg,data/wildfake/real/c81413625072791a.jpg,0,real,ffhq,train,29dda25ae93e34aefbe2a0cf2a8ac495a55cc9a1611151ab1233e746a398a03b
wildfake,Images/Real/ffhq.zip,ffhq/images/img036591.jpg,data/wildfake/real/c9b397511303b645.jpg,0,real,ffhq,train,d548cbd3716a2b8639e1673ff45c596d728b45d8075a5cb11d9ee5930a48be7c
wildfake,Images/Real/ffhq.zip,ffhq/images/img030154.jpg,data/wildfake/real/63303616b63bd3d3.jpg,0,real,ffhq,train,c5d4694e0d724bd3be04d5ed2879776a091c77c0cea36a28e54c7ce1b1d07e80
