path,label,generator,domain,split
data/wildfake/adm/c863ccaa056eb1f8.jpg,1,adm,imagenet,val
data/wildfake/adm/01e2c71173f5c5c3.jpg,1,adm,imagenet,val
data/wildfake/adm/e89546dd6a49dd1c.jpg,1,adm,imagenet,val
data/wildfake/adm/434b2063a609d47c.jpg,1,adm,imagenet,val
data/wildfake/adm/631c2172bfa0c068.jpg,1,adm,imagenet,val
data/wildfake/adm/6b7b9d86b2e7d421.jpg,1,adm,imagenet,val
data/wildfake/adm/faac77dac6e0e670.jpg,1,adm,imagenet,val
data/wildfake/adm/a3aed8a5b8d97367.jpg,1,adm,imagenet,val
data/wildfake/adm/316b0e7bc00e3841.jpg,1,adm,imagenet,val
data/wildfake/adm/b5afb459ad42edd1.jpg,1,adm,imagenet,val
data/wildfake/adm/049141877135fa07.jpg,1,adm,imagenet,val
data/wildfake/adm/b67d2d98e1844ebb.jpg,1,adm,imagenet,val
data/wildfake/adm/b4605326ff5425bb.jpg,1,adm,imagenet,val
data/wildfake/adm/06e20072f885cf36.jpg,1,adm,imagenet,val
data/wildfake/adm/f9a4bcb54031c4a1.jpg,1,adm,imagenet,val
data/wildfake/adm/ede94e07dca5f117.jpg,1,adm,imagenet,val
data/wildfake/adm/fa08fe270d4513a6.jpg,1,adm,imagenet,val
data/wildfake/adm/b690ee55c5350e04.jpg,1,adm,imagenet,val
data/wildfake/adm/722b7dc81e237ac8.jpg,1,adm,imagenet,val
data/wildfake/adm/7b5cb43cfc038199.jpg,1,adm,imagenet,val
data/wildfake/adm/5b1f7408ac2d2a67.jpg,1,adm,imagenet,val
data/wildfake/adm/1799ff9726235f52.jpg,1,adm,imagenet,val
data/wildfake/adm/eed5f39293997e1c.jpg,1,adm,imagenet,val
data/wildfake/adm/95bb4e4bca98b4ce.jpg,1,adm,imagenet,val
data/wildfake/adm/60968def243f38dd.jpg,1,adm,imagenet,val
data/wildfake/adm/ebd60601b3eabd56.jpg,1,adm,imagenet,val
data/wildfake/adm/0bd20579682519e4.jpg,1,adm,imagenet,val
data/wildfake/adm/b1207d8225404263.jpg,1,adm,imagenet,val
data/wildfake/adm/46784b4f70de6deb.jpg,1,adm,imagenet,val
data/wildfake/adm/66cbacc6a10756ef.jpg,1,adm,imagenet,val
data/wildfake/adm/e361bf08769719b5.jpg,1,adm,imagenet,val
data/wildfake/adm/0c8691501cda3f26.jpg,1,adm,imagenet,val
data/wildfake/adm/be90b6c7da588239.jpg,1,adm,imagenet,val
data/wildfake/adm/224fbefbbfe0f9d7.jpg,1,adm,imagenet,val
data/wildfake/adm/c16b0c11196e63a1.jpg,1,adm,imagenet,val
data/wildfake/adm/b91ad2b2fe099412.jpg,1,adm,imagenet,val
data/wildfake/adm/10daa3935c15d5a4.jpg,1,adm,imagenet,val
data/wildfake/adm/1b2ffc63ab31bcaf.jpg,1,adm,imagenet,val
data/wildfake/adm/c731552e49dd565b.jpg,1,adm,imagenet,val
data/wildfake/adm/2ed7891593301c22.jpg,1,adm,imagenet,val
data/wildfake/adm/148a70aa4b34d8d5.jpg,1,adm,imagenet,val
data/wildfake/adm/54a64433dd1f9caa.jpg,1,adm,imagenet,val
data/wildfake/adm/3ff588c45a39e7de.jpg,1,adm,imagenet,val
data/wildfake/adm/cfb5dc48200f89e5.jpg,1,adm,imagenet,val
data/wildfake/adm/73d154b180ebfc7d.jpg,1,adm,imagenet,val
data/wildfake/adm/b6f2182c5cb1f1e0.jpg,1,adm,imagenet,val
data/wildfake/adm/4cdebd480e9b4dbb.jpg,1,adm,imagenet,val
data/wildfake/adm/ea5189b5f050bcb7.jpg,1,adm,imagenet,val
data/wildfake/adm/2ae35cfc01aea292.jpg,1,adm,imagenet,val
data/wildfake/adm/121042568d20729a.jpg,1,adm,imagenet,val
data/wildfake/adm/31e988922251c601.jpg,1,adm,imagenet,val
data/wildfake/adm/de115e9a58090b01.jpg,1,adm,imagenet,val
data/wildfake/adm/b56c032c276e2e17.jpg,1,adm,imagenet,val
data/wildfake/adm/c93305e3fbb5467c.jpg,1,adm,imagenet,val
data/wildfake/adm/e636c0a610a2b69f.jpg,1,adm,imagenet,val
data/wildfake/adm/e2b307f93d93ab30.jpg,1,adm,imagenet,val
data/wildfake/adm/db74bb018809c79d.jpg,1,adm,imagenet,val
data/wildfake/adm/e04dba603340ecfc.jpg,1,adm,imagenet,val
data/wildfake/adm/4d0f804de62ca378.jpg,1,adm,imagenet,val
data/wildfake/adm/ed2b63cb6790c137.jpg,1,adm,imagenet,val
data/wildfake/adm/86e8f00fa463511d.jpg,1,adm,imagenet,val
data/wildfake/adm/307dc998a55d2c23.jpg,1,adm,imagenet,val
data/wildfake/adm/9cd715896e78e570.jpg,1,adm,imagenet,val
data/wildfake/adm/832a1f6cff7124dd.jpg,1,adm,imagenet,val
data/wildfake/adm/d5ab51b077d320d2.jpg,1,adm,imagenet,val
data/wildfake/adm/dc215f57f4e8786c.jpg,1,adm,imagenet,val
data/wildfake/adm/299e40d3fdcc87cb.jpg,1,adm,imagenet,val
data/wildfake/adm/662caeee1f3bf7b0.jpg,1,adm,imagenet,val
data/wildfake/adm/691a8669a87bf77c.jpg,1,adm,imagenet,val
data/wildfake/adm/adb3a0513e2e40d4.jpg,1,adm,imagenet,val
data/wildfake/adm/b96dcf8f5b44f400.jpg,1,adm,imagenet,test
data/wildfake/adm/19b19dd6d71eff7e.jpg,1,adm,imagenet,test
data/wildfake/adm/3bf73f2040d93643.jpg,1,adm,imagenet,test
data/wildfake/adm/37f75140c8c49e3d.jpg,1,adm,imagenet,test
data/wildfake/adm/2b4a92a72bf7c4d6.jpg,1,adm,imagenet,test
data/wildfake/adm/46000fd74408fefa.jpg,1,adm,imagenet,test
data/wildfake/adm/5963f6b9c58aa7b6.jpg,1,adm,imagenet,test
data/wildfake/adm/794ae165ea34fbb7.jpg,1,adm,imagenet,test
data/wildfake/adm/9137a226dc30569d.jpg,1,adm,imagenet,test
data/wildfake/adm/2394b4b5c157cb20.jpg,1,adm,imagenet,test
data/wildfake/adm/6dbc36ac925a7e23.jpg,1,adm,imagenet,test
data/wildfake/adm/360e7355a6bed6b5.jpg,1,adm,imagenet,test
data/wildfake/adm/98664353c7c8717e.jpg,1,adm,imagenet,test
data/wildfake/adm/c9f92fe325811773.jpg,1,adm,imagenet,test
data/wildfake/adm/c5080e8fc910be89.jpg,1,adm,imagenet,test
data/wildfake/adm/c0d9b63ed18778c5.jpg,1,adm,imagenet,test
data/wildfake/adm/5a3bb02fd1b3b302.jpg,1,adm,imagenet,test
data/wildfake/adm/c5266e86caaa9177.jpg,1,adm,imagenet,test
data/wildfake/adm/1e174cf6861708ae.jpg,1,adm,imagenet,test
data/wildfake/adm/3cd88db6ec4d31a7.jpg,1,adm,imagenet,test
data/wildfake/adm/d93d22ff74adf233.jpg,1,adm,imagenet,test
data/wildfake/adm/4f4e2c50caf8e469.jpg,1,adm,imagenet,test
data/wildfake/adm/20bc2987e8edaf9d.jpg,1,adm,imagenet,test
data/wildfake/adm/d0a8a34183e320a5.jpg,1,adm,imagenet,test
data/wildfake/adm/3f494c7869659c41.jpg,1,adm,imagenet,test
data/wildfake/adm/3218729781290417.jpg,1,adm,imagenet,test
data/wildfake/adm/e9b9a7e8b61e9c93.jpg,1,adm,imagenet,test
data/wildfake/adm/7b8de59b14e56556.jpg,1,adm,imagenet,test
data/wildfake/adm/b728ad8434ab231f.jpg,1,adm,imagenet,test
data/wildfake/adm/c8224f11f74dcd58.jpg,1,adm,imagenet,test
data/wildfake/adm/f9aef00024a0765f.jpg,1,adm,imagenet,test
data/wildfake/adm/2c378abb9f0dbecc.jpg,1,adm,imagenet,test
data/wildfake/adm/7eb70d8f9048448b.jpg,1,adm,imagenet,test
data/wildfake/adm/3aa4d78f45ea8717.jpg,1,adm,imagenet,test
data/wildfake/adm/bba3c56cb36b0899.jpg,1,adm,imagenet,test
data/wildfake/adm/de6332c9369e6479.jpg,1,adm,imagenet,test
data/wildfake/adm/2e258ef5421d50eb.jpg,1,adm,imagenet,test
data/wildfake/adm/610157106ce649a8.jpg,1,adm,imagenet,test
data/wildfake/adm/252b2dec54579df4.jpg,1,adm,imagenet,test
data/wildfake/adm/3b1c189b2c03ff91.jpg,1,adm,imagenet,test
data/wildfake/adm/04754cc15111d9ce.jpg,1,adm,imagenet,test
data/wildfake/adm/384ec0ca78afa455.jpg,1,adm,imagenet,test
data/wildfake/adm/5499e9a9d667c6a1.jpg,1,adm,imagenet,test
data/wildfake/adm/9e9b1da40b5d9559.jpg,1,adm,imagenet,test
data/wildfake/adm/a917f52c228e79b2.jpg,1,adm,imagenet,test
data/wildfake/adm/bf82c8740afcc775.jpg,1,adm,imagenet,test
data/wildfake/adm/c6667b875af9ce93.jpg,1,adm,imagenet,test
data/wildfake/adm/059f0737e421376e.jpg,1,adm,imagenet,test
data/wildfake/adm/ef331e281c9dd1bd.jpg,1,adm,imagenet,test
data/wildfake/adm/583acd4d010eaa65.jpg,1,adm,imagenet,test
data/wildfake/adm/eb67a21d4fb421a2.jpg,1,adm,imagenet,test
data/wildfake/adm/eb3cbd8760064cdb.jpg,1,adm,imagenet,test
data/wildfake/adm/3bf566c6e3019c2d.jpg,1,adm,imagenet,test
data/wildfake/adm/e0e1d1d757c58236.jpg,1,adm,imagenet,test
data/wildfake/adm/b442bea361e72744.jpg,1,adm,imagenet,test
data/wildfake/adm/e2cb3281334ae4c1.jpg,1,adm,imagenet,test
data/wildfake/adm/fad22b4d1f3614f5.jpg,1,adm,imagenet,test
data/wildfake/adm/619e2eb39c4bf23d.jpg,1,adm,imagenet,test
data/wildfake/adm/c3a0d3d1b3d6ae6b.jpg,1,adm,imagenet,test
data/wildfake/adm/b7127bc26a151c88.jpg,1,adm,imagenet,test
data/wildfake/adm/01d5a5d850656184.jpg,1,adm,imagenet,test
data/wildfake/adm/d137ffd4b1fcb406.jpg,1,adm,imagenet,test
data/wildfake/adm/b3e76249804f2f0c.jpg,1,adm,imagenet,test
data/wildfake/adm/7e7a583cf8c3d6de.jpg,1,adm,imagenet,test
data/wildfake/adm/4ff49412b198aa32.jpg,1,adm,imagenet,test
data/wildfake/adm/3bf8a135e9c0c659.jpg,1,adm,imagenet,test
data/wildfake/adm/69dc08597c4dd0e7.jpg,1,adm,imagenet,test
data/wildfake/adm/23154ebd3797050e.jpg,1,adm,imagenet,test
data/wildfake/adm/32e998e2f49ef165.jpg,1,adm,imagenet,test
data/wildfake/adm/d93e1049e5623959.jpg,1,adm,imagenet,test
data/wildfake/adm/255f8497d30932c2.jpg,1,adm,imagenet,train
data/wildfake/adm/7f827ea8ddd4157a.jpg,1,adm,imagenet,train
data/wildfake/adm/59b5109ece003cff.jpg,1,adm,imagenet,train
data/wildfake/adm/c47cc1f31ab1e9d4.jpg,1,adm,imagenet,train
data/wildfake/adm/9a72aabc0c0a0770.jpg,1,adm,imagenet,train
data/wildfake/adm/1c040942a92bcbc8.jpg,1,adm,imagenet,train
data/wildfake/adm/4eeed566918753e1.jpg,1,adm,imagenet,train
data/wildfake/adm/5f0850044effc94f.jpg,1,adm,imagenet,train
data/wildfake/adm/b668008db217cc62.jpg,1,adm,imagenet,train
data/wildfake/adm/07f3467bde3ce68d.jpg,1,adm,imagenet,train
data/wildfake/adm/dcb9f702bd50a05c.jpg,1,adm,imagenet,train
data/wildfake/adm/6cbdab5171775b1b.jpg,1,adm,imagenet,train
data/wildfake/adm/925938efb32d7516.jpg,1,adm,imagenet,train
data/wildfake/adm/581311d3fc6928fd.jpg,1,adm,imagenet,train
data/wildfake/adm/1fff5659e1e09f05.jpg,1,adm,imagenet,train
data/wildfake/adm/a12f4b4436a84358.jpg,1,adm,imagenet,train
data/wildfake/adm/d94e71bed77f9c93.jpg,1,adm,imagenet,train
data/wildfake/adm/1a97194e4c77f194.jpg,1,adm,imagenet,train
data/wildfake/adm/99a41a9434eb0a7c.jpg,1,adm,imagenet,train
data/wildfake/adm/fb86942c451be7e3.jpg,1,adm,imagenet,train
data/wildfake/adm/79897e0b17924892.jpg,1,adm,imagenet,train
data/wildfake/adm/87d27411849d73a1.jpg,1,adm,imagenet,train
data/wildfake/adm/ab8ccfa12038901d.jpg,1,adm,imagenet,train
data/wildfake/adm/f9fd0f3e7a173da9.jpg,1,adm,imagenet,train
data/wildfake/adm/ddabb29fece96925.jpg,1,adm,imagenet,train
data/wildfake/adm/5eda9cdfbe852b84.jpg,1,adm,imagenet,train
data/wildfake/adm/f96f155feab12887.jpg,1,adm,imagenet,train
data/wildfake/adm/d7f615309c018478.jpg,1,adm,imagenet,train
data/wildfake/adm/e6566448f27b81e7.jpg,1,adm,imagenet,train
data/wildfake/adm/8477d49c5ef0bf40.jpg,1,adm,imagenet,train
data/wildfake/adm/12fca602bf99d56d.jpg,1,adm,imagenet,train
data/wildfake/adm/a556b87ad6a40f10.jpg,1,adm,imagenet,train
data/wildfake/adm/783dcda73d85a4a5.jpg,1,adm,imagenet,train
data/wildfake/adm/112dae979edee48e.jpg,1,adm,imagenet,train
data/wildfake/adm/bea6076730a4c831.jpg,1,adm,imagenet,train
data/wildfake/adm/5026d0b9203bfd4e.jpg,1,adm,imagenet,train
data/wildfake/adm/5c17c94ccf0402a9.jpg,1,adm,imagenet,train
data/wildfake/adm/113933f902aaf457.jpg,1,adm,imagenet,train
data/wildfake/adm/7c71acea4c033500.jpg,1,adm,imagenet,train
data/wildfake/adm/45104bf3dacb92c2.jpg,1,adm,imagenet,train
data/wildfake/adm/96057f0f9ec297dc.jpg,1,adm,imagenet,train
data/wildfake/adm/9f32c8bc8bcb36e8.jpg,1,adm,imagenet,train
data/wildfake/adm/98baae335bf6aace.jpg,1,adm,imagenet,train
data/wildfake/adm/0add55b8e0578e63.jpg,1,adm,imagenet,train
data/wildfake/adm/f1f47309dfbcd8c1.jpg,1,adm,imagenet,train
data/wildfake/adm/da6696a147e0b434.jpg,1,adm,imagenet,train
data/wildfake/adm/449ef761b5fdfd22.jpg,1,adm,imagenet,train
data/wildfake/adm/2880064a6d2afb19.jpg,1,adm,imagenet,train
data/wildfake/adm/0c9d9888f113d07f.jpg,1,adm,imagenet,train
data/wildfake/adm/29fda0306dfe7944.jpg,1,adm,imagenet,train
data/wildfake/adm/cb4263191dcd6ca2.jpg,1,adm,imagenet,train
data/wildfake/adm/ce532c0ccca78990.jpg,1,adm,imagenet,train
data/wildfake/adm/3ad5e2c51ce6e3c7.jpg,1,adm,imagenet,train
data/wildfake/adm/b7f3e9239d0a5d56.jpg,1,adm,imagenet,train
data/wildfake/adm/3213c1a77a1cef40.jpg,1,adm,imagenet,train
data/wildfake/adm/a40ffd170f74a94a.jpg,1,adm,imagenet,train
data/wildfake/adm/271657f0f4e9fb3b.jpg,1,adm,imagenet,train
data/wildfake/adm/7e5492c65b451962.jpg,1,adm,imagenet,train
data/wildfake/adm/04af09683f3c2dfa.jpg,1,adm,imagenet,train
data/wildfake/adm/a830b1f9c730dbeb.jpg,1,adm,imagenet,train
data/wildfake/adm/fa630b9655a0a337.jpg,1,adm,imagenet,train
data/wildfake/adm/0efa0cacc2bd933e.jpg,1,adm,imagenet,train
data/wildfake/adm/22e27e29df1d25f3.jpg,1,adm,imagenet,train
data/wildfake/adm/ff673e562b10f545.jpg,1,adm,imagenet,train
data/wildfake/adm/fdfb46528b57971b.jpg,1,adm,imagenet,train
data/wildfake/adm/a98900d2d3b1c018.jpg,1,adm,imagenet,train
data/wildfake/adm/73129fb7e791ad8e.jpg,1,adm,imagenet,train
data/wildfake/adm/43201f8917cb1ee9.jpg,1,adm,imagenet,train
data/wildfake/adm/1d5fab5c5f199e29.jpg,1,adm,imagenet,train
data/wildfake/adm/ca9a448ff91ee261.jpg,1,adm,imagenet,train
data/wildfake/adm/e2a1bd2d9d2aee38.jpg,1,adm,imagenet,train
data/wildfake/adm/c6ace134dbc3baff.jpg,1,adm,imagenet,train
data/wildfake/adm/ac35ae6bdfaec2fa.jpg,1,adm,imagenet,train
data/wildfake/adm/fb6ac9176ef48a2f.jpg,1,adm,imagenet,train
data/wildfake/adm/2fa76f009f4cddca.jpg,1,adm,imagenet,train
data/wildfake/adm/76977a3f19dc337a.jpg,1,adm,imagenet,train
data/wildfake/adm/e475e6c51700a39d.jpg,1,adm,imagenet,train
data/wildfake/adm/ada04438e1ba5287.jpg,1,adm,imagenet,train
data/wildfake/adm/2294b74d93c594b1.jpg,1,adm,imagenet,train
data/wildfake/adm/23551728efadf4a2.jpg,1,adm,imagenet,train
data/wildfake/adm/93db3a6b72ab5426.jpg,1,adm,imagenet,train
data/wildfake/adm/18a5bea7e2d97cc8.jpg,1,adm,imagenet,train
data/wildfake/adm/bbb191632a2f39ad.jpg,1,adm,imagenet,train
data/wildfake/adm/7a9a49ea3aa6b9dd.jpg,1,adm,imagenet,train
data/wildfake/adm/59f1e7749c31b5e9.jpg,1,adm,imagenet,train
data/wildfake/adm/2c25284655dac976.jpg,1,adm,imagenet,train
data/wildfake/adm/4326596db5b0be79.jpg,1,adm,imagenet,train
data/wildfake/adm/fe83b9e943583783.jpg,1,adm,imagenet,train
data/wildfake/adm/0e394aec83158f79.jpg,1,adm,imagenet,train
data/wildfake/adm/b2bdaa307e476ac9.jpg,1,adm,imagenet,train
data/wildfake/adm/bba3facfed8dcfa1.jpg,1,adm,imagenet,train
data/wildfake/adm/af4962e064aa6f52.jpg,1,adm,imagenet,train
data/wildfake/adm/13b22bbd1a92d658.jpg,1,adm,imagenet,train
data/wildfake/adm/b2a212723f37de0c.jpg,1,adm,imagenet,train
data/wildfake/adm/ed756aa5b59d13c9.jpg,1,adm,imagenet,train
data/wildfake/adm/367dcd246a6987a1.jpg,1,adm,imagenet,train
data/wildfake/adm/a12615acdbd54252.jpg,1,adm,imagenet,train
data/wildfake/adm/417069f1984955f6.jpg,1,adm,imagenet,train
data/wildfake/adm/25f827c7e2bbef34.jpg,1,adm,imagenet,train
data/wildfake/adm/90c98e7f4df1dd2e.jpg,1,adm,imagenet,train
data/wildfake/adm/1ddf4c7f31a29091.jpg,1,adm,imagenet,train
data/wildfake/adm/ee09b862f5f3740a.jpg,1,adm,imagenet,train
data/wildfake/adm/296ebb2263978fb6.jpg,1,adm,imagenet,train
data/wildfake/adm/7285abcf142a094f.jpg,1,adm,imagenet,train
data/wildfake/adm/dd27c40962c3ed2e.jpg,1,adm,imagenet,train
data/wildfake/adm/cf8713d913e1fca6.jpg,1,adm,imagenet,train
data/wildfake/adm/803849e0f3259a31.jpg,1,adm,imagenet,train
data/wildfake/adm/6848f81c59419f00.jpg,1,adm,imagenet,train
data/wildfake/adm/6ccbf34282f46fd5.jpg,1,adm,imagenet,train
data/wildfake/adm/1da5c54850023aec.jpg,1,adm,imagenet,train
data/wildfake/adm/0c7b01e6da21c2d0.jpg,1,adm,imagenet,train
data/wildfake/adm/35fcd4a179da2afe.jpg,1,adm,imagenet,train
data/wildfake/adm/70a76733bef64f27.jpg,1,adm,imagenet,train
data/wildfake/adm/b9b33cdd75a7a86d.jpg,1,adm,imagenet,train
data/wildfake/adm/49ad60d06fc0351b.jpg,1,adm,imagenet,train
data/wildfake/adm/656815cb9bf74a64.jpg,1,adm,imagenet,train
data/wildfake/adm/0cfde642fd8f5421.jpg,1,adm,imagenet,train
data/wildfake/adm/a30d46a6a6011c6c.jpg,1,adm,imagenet,train
data/wildfake/adm/b49e1e8076b6f96f.jpg,1,adm,imagenet,train
data/wildfake/adm/7aa89c133cb2d00d.jpg,1,adm,imagenet,train
data/wildfake/adm/f18b0b680a85551c.jpg,1,adm,imagenet,train
data/wildfake/adm/945fae1209074390.jpg,1,adm,imagenet,train
data/wildfake/adm/2dfeff77951c2cd1.jpg,1,adm,imagenet,train
data/wildfake/adm/cfed22eb66aa0314.jpg,1,adm,imagenet,train
data/wildfake/adm/7be211f6d69a978c.jpg,1,adm,imagenet,train
data/wildfake/adm/6064f597097f4429.jpg,1,adm,imagenet,train
data/wildfake/adm/a87af067183507d7.jpg,1,adm,imagenet,train
data/wildfake/adm/56807c156f24ca1a.jpg,1,adm,imagenet,train
data/wildfake/adm/3b930ee3b0c70c52.jpg,1,adm,imagenet,train
data/wildfake/adm/67cff60ecb7a72e5.jpg,1,adm,imagenet,train
data/wildfake/adm/3846ac4b7da4e14c.jpg,1,adm,imagenet,train
data/wildfake/adm/614c17e7b08024fc.jpg,1,adm,imagenet,train
data/wildfake/adm/824f88ee130400ac.jpg,1,adm,imagenet,train
data/wildfake/adm/3617d680e2d204f9.jpg,1,adm,imagenet,train
data/wildfake/adm/228eeb80de2939fc.jpg,1,adm,imagenet,train
data/wildfake/adm/5d3546b39b7b572d.jpg,1,adm,imagenet,train
data/wildfake/adm/4c28e2328c1de871.jpg,1,adm,imagenet,train
data/wildfake/adm/a9fb657f3a32f17b.jpg,1,adm,imagenet,train
data/wildfake/adm/d0ef071564a76ad5.jpg,1,adm,imagenet,train
data/wildfake/adm/d317d7d91cfac16e.jpg,1,adm,imagenet,train
data/wildfake/adm/0307db8c1732faee.jpg,1,adm,imagenet,train
data/wildfake/adm/74097b4413ad7dbb.jpg,1,adm,imagenet,train
data/wildfake/adm/86b79fb094eb2ddd.jpg,1,adm,imagenet,train
data/wildfake/adm/81e4c0df0514c8c1.jpg,1,adm,imagenet,train
data/wildfake/adm/67c0f06f936e5b5e.jpg,1,adm,imagenet,train
data/wildfake/adm/1ad6d38b17482798.jpg,1,adm,imagenet,train
data/wildfake/adm/b06e84201df71692.jpg,1,adm,imagenet,train
data/wildfake/adm/ba5f160a5e424765.jpg,1,adm,imagenet,train
data/wildfake/adm/b5e1525a59d43f43.jpg,1,adm,imagenet,train
data/wildfake/adm/b83f9eb7963ffa4f.jpg,1,adm,imagenet,train
data/wildfake/adm/5adfc599cf68ed7d.jpg,1,adm,imagenet,train
data/wildfake/adm/9f2701c11bc7b821.jpg,1,adm,imagenet,train
data/wildfake/adm/87a2cd241420d1c6.jpg,1,adm,imagenet,train
data/wildfake/adm/337370f24b71c924.jpg,1,adm,imagenet,train
data/wildfake/adm/b34c2fbc2ffaa032.jpg,1,adm,imagenet,train
data/wildfake/adm/387ebb1f897b4cd2.jpg,1,adm,imagenet,train
data/wildfake/adm/bf22a49bb59dbdd5.jpg,1,adm,imagenet,train
data/wildfake/adm/ec7c1f26bca7e637.jpg,1,adm,imagenet,train
data/wildfake/adm/455f9f59f2c7fd22.jpg,1,adm,imagenet,train
data/wildfake/adm/8ad4065ec94c5eac.jpg,1,adm,imagenet,train
data/wildfake/adm/cce2601e125645ce.jpg,1,adm,imagenet,train
data/wildfake/adm/3f97a08a09b01b52.jpg,1,adm,imagenet,train
data/wildfake/adm/65b47af8f1f4122b.jpg,1,adm,imagenet,train
data/wildfake/adm/541f4a12477b063b.jpg,1,adm,imagenet,train
data/wildfake/adm/30264defbbf158bc.jpg,1,adm,imagenet,train
data/wildfake/adm/70d16a8e3ec3e637.jpg,1,adm,imagenet,train
data/wildfake/adm/2de918c93676a9d5.jpg,1,adm,imagenet,train
data/wildfake/adm/de379afede238ae1.jpg,1,adm,imagenet,train
data/wildfake/adm/47c4a4516b249a4f.jpg,1,adm,imagenet,train
data/wildfake/adm/43d6ea3629f397d4.jpg,1,adm,imagenet,train
data/wildfake/adm/de61057715d9b224.jpg,1,adm,imagenet,train
data/wildfake/adm/c79eefd47256abbc.jpg,1,adm,imagenet,train
data/wildfake/adm/c8eb2d326ca2b619.jpg,1,adm,imagenet,train
data/wildfake/adm/99725018564fc553.jpg,1,adm,imagenet,train
data/wildfake/adm/d24a303112636b9d.jpg,1,adm,imagenet,train
data/wildfake/adm/c92a70523b62ef7b.jpg,1,adm,imagenet,train
data/wildfake/adm/3647e3209a766f2c.jpg,1,adm,imagenet,train
data/wildfake/adm/195ec6e91ab3987f.jpg,1,adm,imagenet,train
data/wildfake/adm/22f3a6f3b83ac965.jpg,1,adm,imagenet,train
data/wildfake/adm/e5489bfb658698a4.jpg,1,adm,imagenet,train
data/wildfake/adm/529c268ba14a4124.jpg,1,adm,imagenet,train
data/wildfake/adm/7ae37f2289dbb707.jpg,1,adm,imagenet,train
data/wildfake/adm/98a219b8e742d7ef.jpg,1,adm,imagenet,train
data/wildfake/adm/4e25c893695d98ae.jpg,1,adm,imagenet,train
data/wildfake/adm/df94a9b3407e7c32.jpg,1,adm,imagenet,train
data/wildfake/adm/dc45c0c8b23502fc.jpg,1,adm,imagenet,train
data/wildfake/adm/bb61bd28531970b2.jpg,1,adm,imagenet,train
data/wildfake/adm/8accec9e604d17a8.jpg,1,adm,imagenet,train
data/wildfake/adm/f5a595dfc3b7fbc0.jpg,1,adm,imagenet,train
data/wildfake/adm/6b3c43b9260626a5.jpg,1,adm,imagenet,train
data/wildfake/adm/89b879a9cbbc3bf5.jpg,1,adm,imagenet,train
data/wildfake/adm/5525477f98ec8e07.jpg,1,adm,imagenet,train
data/wildfake/adm/aa60ef0e466d706c.jpg,1,adm,imagenet,train
data/wildfake/adm/864ddd751c8ac975.jpg,1,adm,imagenet,train
data/wildfake/adm/62e979be0279c828.jpg,1,adm,imagenet,train
data/wildfake/adm/65f7f1fde45da7ea.jpg,1,adm,imagenet,train
data/wildfake/adm/79ee7f3bac63ab20.jpg,1,adm,imagenet,train
data/wildfake/adm/6f5364e850ace225.jpg,1,adm,imagenet,train
data/wildfake/adm/2810f0bef1bd9270.jpg,1,adm,imagenet,train
data/wildfake/adm/a64b4fca97486007.jpg,1,adm,imagenet,train
data/wildfake/adm/91897d911b77f5c3.jpg,1,adm,imagenet,train
data/wildfake/adm/53aaf063e3afd7f8.jpg,1,adm,imagenet,train
data/wildfake/adm/5b3e035bbdee1644.jpg,1,adm,imagenet,train
data/wildfake/adm/f224378724cbfcee.jpg,1,adm,imagenet,train
data/wildfake/adm/1feeaaec1aa2125b.jpg,1,adm,imagenet,train
data/wildfake/adm/4df5daea99e6dc18.jpg,1,adm,imagenet,train
data/wildfake/adm/7c47b1e684bd949c.jpg,1,adm,imagenet,train
data/wildfake/adm/cb5bf184c90dcaf9.jpg,1,adm,imagenet,train
data/wildfake/adm/d9633748b1d7f50d.jpg,1,adm,imagenet,train
data/wildfake/adm/2158750159dfb165.jpg,1,adm,imagenet,train
data/wildfake/adm/fbc9be4f7ddd2a2e.jpg,1,adm,imagenet,train
data/wildfake/adm/6729387f98568625.jpg,1,adm,imagenet,train
data/wildfake/adm/a4dee96d0e76378a.jpg,1,adm,imagenet,train
data/wildfake/adm/f05d406a997d1ebf.jpg,1,adm,imagenet,train
data/wildfake/adm/3deaf1817fd56c14.jpg,1,adm,imagenet,train
data/wildfake/adm/b211cc8ef0e267f7.jpg,1,adm,imagenet,train
data/wildfake/adm/45ab885889ababfd.jpg,1,adm,imagenet,train
data/wildfake/adm/cc1f57051a8e7602.jpg,1,adm,imagenet,train
data/wildfake/adm/25da12baad4e70f2.jpg,1,adm,imagenet,train
data/wildfake/adm/328ec42a3ba7f054.jpg,1,adm,imagenet,train
data/wildfake/adm/2e746e16ba81442e.jpg,1,adm,imagenet,train
data/wildfake/adm/7ed19998c5d0c39d.jpg,1,adm,imagenet,train
data/wildfake/adm/d81c12536423fbc8.jpg,1,adm,imagenet,train
data/wildfake/adm/c6ec88fdf87374b3.jpg,1,adm,imagenet,train
data/wildfake/adm/1e856c948003653d.jpg,1,adm,imagenet,train
data/wildfake/adm/381b65af7181f1db.jpg,1,adm,imagenet,train
data/wildfake/adm/956eba927d3a62e2.jpg,1,adm,imagenet,train
data/wildfake/adm/ba417b6839f3a343.jpg,1,adm,imagenet,train
data/wildfake/adm/16dda9e79ea35a0a.jpg,1,adm,imagenet,train
data/wildfake/adm/4edf84163cfaaa6d.jpg,1,adm,imagenet,train
data/wildfake/adm/fbfd372eabf6f5bc.jpg,1,adm,imagenet,train
data/wildfake/adm/10297902887adff6.jpg,1,adm,imagenet,train
data/wildfake/adm/4ab1300da3932351.jpg,1,adm,imagenet,train
data/wildfake/adm/2a782728b84ab91e.jpg,1,adm,imagenet,train
data/wildfake/adm/94a9e7b2d2425f61.jpg,1,adm,imagenet,train
data/wildfake/adm/58bbeb489917a900.jpg,1,adm,imagenet,train
data/wildfake/adm/72e8227bb066ceec.jpg,1,adm,imagenet,train
data/wildfake/adm/37688a215ba57e71.jpg,1,adm,imagenet,train
data/wildfake/adm/0cf1940a95fff086.jpg,1,adm,imagenet,train
data/wildfake/adm/d77d4d7abf48b13e.jpg,1,adm,imagenet,train
data/wildfake/adm/f08e601861f6dcc2.jpg,1,adm,imagenet,train
data/wildfake/adm/e56a850bab57d1ff.jpg,1,adm,imagenet,train
data/wildfake/adm/9e23a2c099db9b79.jpg,1,adm,imagenet,train
data/wildfake/adm/b70da7ec7ce0f972.jpg,1,adm,imagenet,train
data/wildfake/adm/73b39d3196298cfd.jpg,1,adm,imagenet,train
data/wildfake/adm/8c4aba779d1c93ea.jpg,1,adm,imagenet,train
data/wildfake/adm/1f83baa09474910d.jpg,1,adm,imagenet,train
data/wildfake/adm/c51fc8736e76561a.jpg,1,adm,imagenet,train
data/wildfake/adm/a923b2b4c1616355.jpg,1,adm,imagenet,train
data/wildfake/adm/00461aa88486e08b.jpg,1,adm,imagenet,train
data/wildfake/adm/c94c7e88de3d1012.jpg,1,adm,imagenet,train
data/wildfake/adm/edebf81e0b335233.jpg,1,adm,imagenet,train
data/wildfake/adm/0e934dfaa61f5702.jpg,1,adm,imagenet,train
data/wildfake/adm/60e26fbfe82221c4.jpg,1,adm,imagenet,train
data/wildfake/adm/f4101d29d92624da.jpg,1,adm,imagenet,train
data/wildfake/adm/d9ad2883175b93aa.jpg,1,adm,imagenet,train
data/wildfake/adm/f64bb427dc102b0e.jpg,1,adm,imagenet,train
data/wildfake/adm/bb1564711247e03c.jpg,1,adm,imagenet,train
data/wildfake/adm/94158455105faeea.jpg,1,adm,imagenet,train
data/wildfake/adm/a19e9d634d596ff4.jpg,1,adm,imagenet,train
data/wildfake/adm/3f21a6a59aa86ad4.jpg,1,adm,imagenet,train
data/wildfake/adm/e2a7d27c27fbc1ca.jpg,1,adm,imagenet,train
data/wildfake/adm/4820cf446981573c.jpg,1,adm,imagenet,train
data/wildfake/adm/dd40f932f40c76fc.jpg,1,adm,imagenet,train
data/wildfake/adm/246ccc3dda95fada.jpg,1,adm,imagenet,train
data/wildfake/adm/f75f79c2e576c5fa.jpg,1,adm,imagenet,train
data/wildfake/adm/1c0561673e46f9f3.jpg,1,adm,imagenet,train
data/wildfake/adm/a595d8948e74eabe.jpg,1,adm,imagenet,train
data/wildfake/adm/c2b2dbd825b15fe1.jpg,1,adm,imagenet,train
data/wildfake/adm/06cdf6ad35dacbf2.jpg,1,adm,imagenet,train
data/wildfake/adm/950609b506593d9d.jpg,1,adm,imagenet,train
data/wildfake/adm/20ab242bf112618b.jpg,1,adm,imagenet,train
data/wildfake/adm/40a39336716119df.jpg,1,adm,imagenet,train
data/wildfake/adm/4527cf4c74b1e7e9.jpg,1,adm,imagenet,train
data/wildfake/adm/568355165142ff6a.jpg,1,adm,imagenet,train
data/wildfake/adm/8f4425177ef211af.jpg,1,adm,imagenet,train
data/wildfake/adm/3dfa98e7885c8521.jpg,1,adm,imagenet,train
data/wildfake/adm/82e710c3cd44ee70.jpg,1,adm,imagenet,train
data/wildfake/adm/3e074ddb8de9c3fb.jpg,1,adm,imagenet,train
data/wildfake/adm/0823229479803813.jpg,1,adm,imagenet,train
data/wildfake/adm/b7b19e5deab1a5b8.jpg,1,adm,imagenet,train
data/wildfake/adm/c86f5dd3603938fd.jpg,1,adm,imagenet,train
data/wildfake/adm/a97f8c29c23e0721.jpg,1,adm,imagenet,train
data/wildfake/adm/4a5d0ebf655f10d6.jpg,1,adm,imagenet,train
data/wildfake/adm/3c3c3d94ee6954bb.jpg,1,adm,imagenet,train
data/wildfake/adm/f4e04942ca15d0fd.jpg,1,adm,imagenet,train
data/wildfake/adm/7eced16e92033f98.jpg,1,adm,imagenet,train
data/wildfake/adm/058e8835360b61f2.jpg,1,adm,imagenet,train
data/wildfake/adm/b983f0aafd2d4c20.jpg,1,adm,imagenet,train
data/wildfake/adm/5f33064525c61cc5.jpg,1,adm,imagenet,train
data/wildfake/adm/ceab9b799c812ed6.jpg,1,adm,imagenet,train
data/wildfake/adm/404800e942c9eb2f.jpg,1,adm,imagenet,train
data/wildfake/adm/348ebdb469699f6a.jpg,1,adm,imagenet,train
data/wildfake/adm/ae49634eac81ff44.jpg,1,adm,imagenet,train
data/wildfake/adm/5067d33310855f60.jpg,1,adm,imagenet,train
data/wildfake/adm/cd8081363af687fc.jpg,1,adm,imagenet,train
data/wildfake/adm/e7230de4461a0f5a.jpg,1,adm,imagenet,train
data/wildfake/adm/03b9ab69a2c35a3a.jpg,1,adm,imagenet,train
data/wildfake/adm/fccac04d24fc71df.jpg,1,adm,imagenet,train
data/wildfake/adm/acd0c7b0a3a5b66f.jpg,1,adm,imagenet,train
data/wildfake/adm/d88aef05d19fc756.jpg,1,adm,imagenet,train
data/wildfake/adm/51e6541fc42c0780.jpg,1,adm,imagenet,train
data/wildfake/adm/6159df12c552024d.jpg,1,adm,imagenet,train
data/wildfake/adm/1242d14acbdd8594.jpg,1,adm,imagenet,train
data/wildfake/adm/61a8b83b83f7fa51.jpg,1,adm,imagenet,train
data/wildfake/adm/819a23a63fdb8714.jpg,1,adm,imagenet,train
data/wildfake/adm/df7e649485a0d5e9.jpg,1,adm,imagenet,train
data/wildfake/adm/88df016fca6debb4.jpg,1,adm,imagenet,train
data/wildfake/adm/7484fb70b0c0ec14.jpg,1,adm,imagenet,train
data/wildfake/adm/f8fea0af658fde2c.jpg,1,adm,imagenet,train
data/wildfake/adm/0499c6bae1354f06.jpg,1,adm,imagenet,train
data/wildfake/adm/6f17cc30fcb8932a.jpg,1,adm,imagenet,train
data/wildfake/adm/6f224a8874cfc5fc.jpg,1,adm,imagenet,train
data/wildfake/adm/e6b5adb9a0b79ce6.jpg,1,adm,imagenet,train
data/wildfake/adm/58ae004559aa66b2.jpg,1,adm,imagenet,train
data/wildfake/adm/4ba0eec34a792333.jpg,1,adm,imagenet,train
data/wildfake/adm/009c8ad3162e97c5.jpg,1,adm,imagenet,train
data/wildfake/adm/f3fd22dd9b141b20.jpg,1,adm,imagenet,train
data/wildfake/adm/ca2746af84edcd5c.jpg,1,adm,imagenet,train
data/wildfake/adm/161d9e0036e4d08e.jpg,1,adm,imagenet,train
data/wildfake/adm/e75163a4faa574bd.jpg,1,adm,imagenet,train
data/wildfake/adm/bd4b1a25e40659ec.jpg,1,adm,imagenet,train
data/wildfake/adm/9484e3b4f3f16f24.jpg,1,adm,imagenet,train
data/wildfake/adm/ac13cbd1c0c2e0bf.jpg,1,adm,imagenet,train
data/wildfake/adm/cdd6cb7d6cc4f037.jpg,1,adm,imagenet,train
data/wildfake/adm/bd31ecfe9de10076.jpg,1,adm,imagenet,train
data/wildfake/adm/d19dcbb13116d611.jpg,1,adm,imagenet,train
data/wildfake/adm/f0cab5fc634830d2.jpg,1,adm,imagenet,train
data/wildfake/adm/87919dd79730b286.jpg,1,adm,imagenet,train
data/wildfake/adm/560663e720448bb9.jpg,1,adm,imagenet,train
data/wildfake/adm/258c4f3f62894f72.jpg,1,adm,imagenet,train
data/wildfake/adm/39e596408d0c7201.jpg,1,adm,imagenet,train
data/wildfake/adm/fc16ee7428824146.jpg,1,adm,imagenet,train
data/wildfake/adm/3afeb6fd9c10e2bc.jpg,1,adm,imagenet,train
data/wildfake/adm/2779811df1d87597.jpg,1,adm,imagenet,train
data/wildfake/adm/d339f6ed5e0a6135.jpg,1,adm,imagenet,train
data/wildfake/adm/7bc4254880ce0a13.jpg,1,adm,imagenet,train
data/wildfake/adm/9e215a90d6b267c2.jpg,1,adm,imagenet,train
data/wildfake/adm/b8d8355f08400d49.jpg,1,adm,imagenet,train
data/wildfake/adm/310fcaf3a719f795.jpg,1,adm,imagenet,train
data/wildfake/adm/48861e60da1ca2f3.jpg,1,adm,imagenet,train
data/wildfake/adm/3bc82b054ba71e35.jpg,1,adm,imagenet,train
data/wildfake/adm/69e129db1188b2fc.jpg,1,adm,imagenet,train
data/wildfake/adm/6d463aed7a3a92ff.jpg,1,adm,imagenet,train
data/wildfake/adm/974cbcb76cbb4d78.jpg,1,adm,imagenet,train
data/wildfake/adm/3ee91e26ce25a0f4.jpg,1,adm,imagenet,train
data/wildfake/adm/afd39ed5ddc2bf2f.jpg,1,adm,imagenet,train
data/wildfake/adm/139bda091f283810.jpg,1,adm,imagenet,train
data/wildfake/adm/0a8438f758601a8b.jpg,1,adm,imagenet,train
data/wildfake/adm/6b2bf4a0ae786dd7.jpg,1,adm,imagenet,train
data/wildfake/adm/fe66495714cb1621.jpg,1,adm,imagenet,train
data/wildfake/adm/272d72b6b5fcc652.jpg,1,adm,imagenet,train
data/wildfake/adm/ac8c7767aa5e524d.jpg,1,adm,imagenet,train
data/wildfake/adm/a3a7e65c0dced90f.jpg,1,adm,imagenet,train
data/wildfake/adm/6b6c27d228664274.jpg,1,adm,imagenet,train
data/wildfake/adm/a43bdda4f1585e7f.jpg,1,adm,imagenet,train
data/wildfake/adm/86a68066d0c85bd7.jpg,1,adm,imagenet,train
data/wildfake/adm/626408aece08478d.jpg,1,adm,imagenet,train
data/wildfake/adm/08dcfbd23e3422df.jpg,1,adm,imagenet,train
data/wildfake/adm/1d0550494e0793d5.jpg,1,adm,imagenet,train
data/wildfake/adm/ff5758213f8f9191.jpg,1,adm,imagenet,train
data/wildfake/adm/a35ba9f8d91fcd0b.jpg,1,adm,imagenet,train
data/wildfake/adm/c084dba6a90eeca0.jpg,1,adm,imagenet,train
data/wildfake/adm/5d936654dbb334a0.jpg,1,adm,imagenet,train
data/wildfake/adm/a1c76526c52a6f87.jpg,1,adm,imagenet,train
data/wildfake/adm/96734ed0108f15b6.jpg,1,adm,imagenet,train
data/wildfake/adm/e41c815d61130e05.jpg,1,adm,imagenet,train
data/wildfake/adm/d3c921215ab4baab.jpg,1,adm,imagenet,train
data/wildfake/adm/31d2ebc94218850b.jpg,1,adm,imagenet,train
data/wildfake/adm/7a472385407081da.jpg,1,adm,imagenet,train
data/wildfake/adm/b6902ba777c1c309.jpg,1,adm,imagenet,train
data/wildfake/adm/ba9802293119839b.jpg,1,adm,imagenet,train
data/wildfake/adm/7f22278d37303a5a.jpg,1,adm,imagenet,train
data/wildfake/adm/447f7d0ba239811d.jpg,1,adm,imagenet,train
data/wildfake/adm/9eef573d7272849e.jpg,1,adm,imagenet,train
data/wildfake/adm/7a0c48d8f083bfb3.jpg,1,adm,imagenet,train
data/wildfake/adm/33f97b00196a02d7.jpg,1,adm,imagenet,train
data/wildfake/adm/5f445244ee2ecd1d.jpg,1,adm,imagenet,train
data/wildfake/adm/af21111f2eac0c5c.jpg,1,adm,imagenet,train
data/wildfake/adm/a93e6e47821c33ca.jpg,1,adm,imagenet,train
data/wildfake/adm/cb7973373b6e4b05.jpg,1,adm,imagenet,train
data/wildfake/adm/ebf972e498732bab.jpg,1,adm,imagenet,train
data/wildfake/adm/f757128eb193a8ac.jpg,1,adm,imagenet,train
data/wildfake/adm/187e8daba551694b.jpg,1,adm,imagenet,train
data/wildfake/adm/b2b6d7110caaa42b.jpg,1,adm,imagenet,train
data/wildfake/adm/c25f18fcf4ccd116.jpg,1,adm,imagenet,train
data/wildfake/adm/708775aae8a71572.jpg,1,adm,imagenet,train
data/wildfake/adm/866da2574e33bf59.jpg,1,adm,imagenet,train
data/wildfake/adm/5ac80dd1ad4cb1a0.jpg,1,adm,imagenet,train
data/wildfake/adm/be00d17ccce01f6d.jpg,1,adm,imagenet,train
data/wildfake/adm/8e966b8cffa62d8f.jpg,1,adm,imagenet,train
data/wildfake/adm/778ff673464d0794.jpg,1,adm,imagenet,train
data/wildfake/adm/df450accd2813e59.jpg,1,adm,imagenet,train
data/wildfake/adm/2a54083872a5a792.jpg,1,adm,imagenet,train
data/wildfake/adm/08274b689f4c7699.jpg,1,adm,imagenet,train
data/wildfake/adm/bf729a2398cb81dc.jpg,1,adm,imagenet,train
data/wildfake/adm/ca16fac4276792b9.jpg,1,adm,imagenet,train
data/wildfake/adm/5cf12797f3ff6394.jpg,1,adm,imagenet,train
data/wildfake/adm/d14b392d0f544148.jpg,1,adm,imagenet,train
data/wildfake/adm/e1fe8471d545864e.jpg,1,adm,imagenet,train
data/wildfake/adm/893f39d02f2e8f71.jpg,1,adm,imagenet,train
data/wildfake/adm/4a9a9c4146e847f3.jpg,1,adm,imagenet,train
data/wildfake/adm/55f401023ddb56cf.jpg,1,adm,imagenet,train
data/wildfake/adm/1c7cee26f671b236.jpg,1,adm,imagenet,train
data/wildfake/adm/c888584b6377c1b3.jpg,1,adm,imagenet,train
data/wildfake/adm/45a12973c70b1800.jpg,1,adm,imagenet,train
data/wildfake/adm/597fed7607a78005.jpg,1,adm,imagenet,train
data/wildfake/adm/12cece28d59eb635.jpg,1,adm,imagenet,train
data/wildfake/adm/02326d487a073c8e.jpg,1,adm,imagenet,train
data/wildfake/adm/8ddc345b4fd77131.jpg,1,adm,imagenet,train
data/wildfake/adm/47c4c9373f74ee84.jpg,1,adm,imagenet,train
data/wildfake/adm/80ccd069602449b1.jpg,1,adm,imagenet,train
data/wildfake/adm/b63e37d8c72c42ca.jpg,1,adm,imagenet,train
data/wildfake/adm/4831e5367e6715a7.jpg,1,adm,imagenet,train
data/wildfake/adm/6c98471ff6f0175a.jpg,1,adm,imagenet,train
data/wildfake/adm/4358532cf532bb3a.jpg,1,adm,imagenet,train
data/wildfake/adm/b51b1410281e5a7e.jpg,1,adm,imagenet,train
data/wildfake/adm/77dbf69736de0a15.jpg,1,adm,imagenet,train
data/wildfake/adm/b971701314931882.jpg,1,adm,imagenet,train
data/wildfake/adm/c39c6bbf261eb21b.jpg,1,adm,imagenet,train
data/wildfake/adm/9fc3bffb2d42a784.jpg,1,adm,imagenet,train
data/wildfake/adm/fde94b114a8959fe.jpg,1,adm,imagenet,train
data/wildfake/adm/5dabc004a124fabd.jpg,1,adm,imagenet,train
data/wildfake/adm/f8282d6e4ec9051c.jpg,1,adm,imagenet,train
data/wildfake/adm/cb46de83b77c33d1.jpg,1,adm,imagenet,train
data/wildfake/adm/e873bee57c0487d8.jpg,1,adm,imagenet,train
data/wildfake/adm/a3dbbc4a32ce4f8a.jpg,1,adm,imagenet,train
data/wildfake/adm/2ac747d8334d5f80.jpg,1,adm,imagenet,train
data/wildfake/adm/c8c4f4c4b8ed69de.jpg,1,adm,imagenet,train
data/wildfake/adm/6519f97dd72db3a1.jpg,1,adm,imagenet,train
data/wildfake/adm/0b581184285daf8e.jpg,1,adm,imagenet,train
data/wildfake/adm/717d161e5f71a13e.jpg,1,adm,imagenet,train
data/wildfake/adm/6e93b71959c1bfb0.jpg,1,adm,imagenet,train
data/wildfake/adm/01f5ef7ef6a998e0.jpg,1,adm,imagenet,train
data/wildfake/adm/283e722c54d007f1.jpg,1,adm,imagenet,train
data/wildfake/adm/120190211f58065a.jpg,1,adm,imagenet,train
data/wildfake/adm/2f0d6621bacbd423.jpg,1,adm,imagenet,train
data/wildfake/adm/d91327cc20bd4812.jpg,1,adm,imagenet,train
data/wildfake/adm/0672cd438702739b.jpg,1,adm,imagenet,train
data/wildfake/adm/d2bd88879e4cae2d.jpg,1,adm,imagenet,train
data/wildfake/adm/220f9c7afdb9ef23.jpg,1,adm,imagenet,train
data/wildfake/adm/4ee8023e32e52a59.jpg,1,adm,imagenet,train
data/wildfake/adm/931898e47a2390ee.jpg,1,adm,imagenet,train
data/wildfake/adm/4521a76023b66de7.jpg,1,adm,imagenet,train
data/wildfake/adm/7125d1269fc8abcd.jpg,1,adm,imagenet,train
data/wildfake/adm/77944a7fd898d1fa.jpg,1,adm,imagenet,train
data/wildfake/adm/44dcfd2f472099a4.jpg,1,adm,imagenet,train
data/wildfake/adm/ab3ea4c2da96bae6.jpg,1,adm,imagenet,train
data/wildfake/adm/c91929e65a49460f.jpg,1,adm,imagenet,train
data/wildfake/adm/00b97963d9c0226a.jpg,1,adm,imagenet,train
data/wildfake/adm/2d7f3ef023f85f11.jpg,1,adm,imagenet,train
data/wildfake/adm/9d7e2c1f0f016f4d.jpg,1,adm,imagenet,train
data/wildfake/adm/46c4b7c3fbf9c49e.jpg,1,adm,imagenet,train
data/wildfake/adm/af07ed32055214ec.jpg,1,adm,imagenet,train
data/wildfake/adm/f7b679c2cbdb2778.jpg,1,adm,imagenet,train
data/wildfake/adm/f5ec9737fd5d4e3b.jpg,1,adm,imagenet,train
data/wildfake/adm/87552fc3a990a27d.jpg,1,adm,imagenet,train
data/wildfake/adm/125afbfd7e503c30.jpg,1,adm,imagenet,train
data/wildfake/adm/21cfe7fc8515eb89.jpg,1,adm,imagenet,train
data/wildfake/adm/1019fe4799a52df3.jpg,1,adm,imagenet,train
data/wildfake/adm/15ac1d0b92aedd5b.jpg,1,adm,imagenet,train
data/wildfake/adm/37aaa33f5800ba68.jpg,1,adm,imagenet,train
data/wildfake/adm/874256abd06e8e0e.jpg,1,adm,imagenet,train
data/wildfake/adm/a392e1ef58e4591a.jpg,1,adm,imagenet,train
data/wildfake/adm/c065f7b7b7d5e94c.jpg,1,adm,imagenet,train
data/wildfake/adm/bab7b351e5784b63.jpg,1,adm,imagenet,train
data/wildfake/adm/6d7ab9fbf6299ae8.jpg,1,adm,imagenet,train
data/wildfake/adm/0567c106bb4db531.jpg,1,adm,imagenet,train
data/wildfake/adm/500a0a8110be1310.jpg,1,adm,imagenet,train
data/wildfake/adm/4744d724d40f01d5.jpg,1,adm,imagenet,train
data/wildfake/adm/cae9766eef1ab4d2.jpg,1,adm,imagenet,train
data/wildfake/adm/4358bbbaaad0d73d.jpg,1,adm,imagenet,train
data/wildfake/adm/441d6d6c6b643e86.jpg,1,adm,imagenet,train
data/wildfake/adm/0740730787229eb7.jpg,1,adm,imagenet,train
data/wildfake/adm/b7b256f1a739e459.jpg,1,adm,imagenet,train
data/wildfake/adm/0e3172258e7b977d.jpg,1,adm,imagenet,train
data/wildfake/adm/d7966f931bf64ab8.jpg,1,adm,imagenet,train
data/wildfake/adm/ed66a7d28ff95f9c.jpg,1,adm,imagenet,train
data/wildfake/adm/0778b9981bfda155.jpg,1,adm,imagenet,train
data/wildfake/adm/fc32f6edd7fc64f2.jpg,1,adm,imagenet,train
data/wildfake/adm/8ae507d070335b6c.jpg,1,adm,imagenet,train
data/wildfake/adm/ab437cde2a2be89c.jpg,1,adm,imagenet,train
data/wildfake/adm/efb323991ef7f276.jpg,1,adm,imagenet,train
data/wildfake/adm/ce671622cff3e6a7.jpg,1,adm,imagenet,train
data/wildfake/adm/c119100e11900ddc.jpg,1,adm,imagenet,train
data/wildfake/adm/e81147ed5a6d99e7.jpg,1,adm,imagenet,train
data/wildfake/adm/122776f696fed053.jpg,1,adm,imagenet,train
data/wildfake/adm/fa4af864edcf2858.jpg,1,adm,imagenet,train
data/wildfake/adm/dbeb6b585d7bd60d.jpg,1,adm,imagenet,train
data/wildfake/adm/3c5fd2945797d125.jpg,1,adm,imagenet,train
data/wildfake/adm/964f8ed2f63ffa48.jpg,1,adm,imagenet,train
data/wildfake/adm/970aa7b2c5f074fd.jpg,1,adm,imagenet,train
data/wildfake/adm/f95cf74a44d6ccf9.jpg,1,adm,imagenet,train
data/wildfake/adm/6c66c04ee8e7adf4.jpg,1,adm,imagenet,train
data/wildfake/adm/a433b0dbfc8d752d.jpg,1,adm,imagenet,train
data/wildfake/adm/d4438df4c6288b6f.jpg,1,adm,imagenet,train
data/wildfake/adm/54a5e10980bf69f0.jpg,1,adm,imagenet,train
data/wildfake/adm/4b9a8a986f9edb82.jpg,1,adm,imagenet,train
data/wildfake/adm/b5002c6d54d51291.jpg,1,adm,imagenet,train
data/wildfake/adm/0ac4e8142eba618f.jpg,1,adm,imagenet,train
data/wildfake/adm/46d12c28ff4cd414.jpg,1,adm,imagenet,train
data/wildfake/adm/cc308f01ee956998.jpg,1,adm,imagenet,train
data/wildfake/adm/b0199e6ac4567f83.jpg,1,adm,imagenet,train
data/wildfake/adm/9c4e60e1ed537008.jpg,1,adm,imagenet,train
data/wildfake/adm/3fb50d5ec621a36b.jpg,1,adm,imagenet,train
data/wildfake/adm/6d5f8f7a09a03111.jpg,1,adm,imagenet,train
data/wildfake/adm/5268621e32488085.jpg,1,adm,imagenet,train
data/wildfake/adm/16428da791b056fe.jpg,1,adm,imagenet,train
data/wildfake/adm/8036cd1bddc089b1.jpg,1,adm,imagenet,train
data/wildfake/adm/f4d6c7ef48c71d3b.jpg,1,adm,imagenet,train
data/wildfake/adm/7df58164807c8eff.jpg,1,adm,imagenet,train
data/wildfake/adm/7f88ccb49aeac4ca.jpg,1,adm,imagenet,train
data/wildfake/adm/27895ea94f401b5a.jpg,1,adm,imagenet,train
data/wildfake/adm/f154cd0f2713152d.jpg,1,adm,imagenet,train
data/wildfake/adm/3c0970723b71af7d.jpg,1,adm,imagenet,train
data/wildfake/adm/dca99e9804dc5f02.jpg,1,adm,imagenet,train
data/wildfake/adm/748a937481ad9dd9.jpg,1,adm,imagenet,train
data/wildfake/adm/005c620e5a6a4b2d.jpg,1,adm,imagenet,train
data/wildfake/adm/60e08b1a23b05f99.jpg,1,adm,imagenet,train
data/wildfake/adm/1a913989edd25728.jpg,1,adm,imagenet,train
data/wildfake/adm/986fb5a912e71830.jpg,1,adm,imagenet,train
data/wildfake/adm/f000292e95c975aa.jpg,1,adm,imagenet,train
data/wildfake/adm/fff976af7b527434.jpg,1,adm,imagenet,train
data/wildfake/adm/7bcb61301e7d23d8.jpg,1,adm,imagenet,train
data/wildfake/adm/af9e5a31ac799c46.jpg,1,adm,imagenet,train
data/wildfake/adm/6617d59be95dd036.jpg,1,adm,imagenet,train
data/wildfake/adm/19349d0444f1ff69.jpg,1,adm,imagenet,train
data/wildfake/adm/042b129b3919b2ca.jpg,1,adm,imagenet,train
data/wildfake/adm/83a91f8a95b594e8.jpg,1,adm,imagenet,train
data/wildfake/adm/28e327ff31861772.jpg,1,adm,imagenet,train
data/wildfake/adm/9efa7a3e5479b823.jpg,1,adm,imagenet,train
data/wildfake/adm/29609679246779e9.jpg,1,adm,imagenet,train
data/wildfake/adm/2b810b8d670d8c35.jpg,1,adm,imagenet,train
data/wildfake/adm/dd2e675af05e539b.jpg,1,adm,imagenet,train
data/wildfake/adm/5bd7ce68bcd7779a.jpg,1,adm,imagenet,train
data/wildfake/adm/0ffc95b32d30d346.jpg,1,adm,imagenet,train
data/wildfake/adm/ddf0378a542b1ded.jpg,1,adm,imagenet,train
data/wildfake/adm/2ea75bce6311a1de.jpg,1,adm,imagenet,train
data/wildfake/adm/91f2403876487702.jpg,1,adm,imagenet,train
data/wildfake/adm/b48871e3d9d77156.jpg,1,adm,imagenet,train
data/wildfake/adm/c82e857f1cc844f5.jpg,1,adm,imagenet,train
data/wildfake/adm/7914b52a79cf103d.jpg,1,adm,imagenet,train
data/wildfake/adm/102e335cb8fcc3b7.jpg,1,adm,imagenet,train
data/wildfake/adm/77a8e423335d387a.jpg,1,adm,imagenet,train
data/wildfake/adm/df116a186f07fe2a.jpg,1,adm,imagenet,train
data/wildfake/adm/b7b95e18b0082d6e.jpg,1,adm,imagenet,train
data/wildfake/adm/a44a31e4a0f2d878.jpg,1,adm,imagenet,train
data/wildfake/adm/fb1843fb1040c0ff.jpg,1,adm,imagenet,train
data/wildfake/adm/98dd79732c76cf83.jpg,1,adm,imagenet,train
data/wildfake/adm/507d7170bdb8ea93.jpg,1,adm,imagenet,train
data/wildfake/adm/df43d41f5e8455f0.jpg,1,adm,imagenet,train
data/wildfake/adm/df59889af70279ba.jpg,1,adm,imagenet,train
data/wildfake/adm/5f60f552b103adba.jpg,1,adm,imagenet,train
data/wildfake/adm/3f8495dfc019a912.jpg,1,adm,imagenet,train
data/wildfake/adm/7084d4b6c9b0efb8.jpg,1,adm,imagenet,train
data/wildfake/adm/91cfdd8b10b0456d.jpg,1,adm,imagenet,train
data/wildfake/adm/31bc4cc3eeabec88.jpg,1,adm,imagenet,train
data/wildfake/adm/5eb6851cc43ed06d.jpg,1,adm,imagenet,train
data/wildfake/adm/02cd31dc66325c42.jpg,1,adm,imagenet,train
data/wildfake/adm/06e1c97e922f37e1.jpg,1,adm,imagenet,train
data/wildfake/vqvae/785e5e9dcebdda10.jpg,1,vqvae,coco,val
data/wildfake/vqvae/f0edd66d39ee8796.jpg,1,vqvae,coco,val
data/wildfake/vqvae/86f131b531a56399.jpg,1,vqvae,coco,val
data/wildfake/vqvae/d00d254422e77efd.jpg,1,vqvae,coco,val
data/wildfake/vqvae/40290586dbe898e1.jpg,1,vqvae,coco,val
data/wildfake/vqvae/f970dfdc184c9b40.jpg,1,vqvae,coco,val
data/wildfake/vqvae/87cae5ba500a8c30.jpg,1,vqvae,coco,val
data/wildfake/vqvae/3406fd9af4349091.jpg,1,vqvae,coco,val
data/wildfake/vqvae/e33256ae76a2be30.jpg,1,vqvae,coco,val
data/wildfake/vqvae/68f25363fa38b71b.jpg,1,vqvae,coco,val
data/wildfake/vqvae/ce516dd5de9f841f.jpg,1,vqvae,coco,val
data/wildfake/vqvae/264f6f3dd418b8ad.jpg,1,vqvae,coco,val
data/wildfake/vqvae/553b1398fe70d88e.jpg,1,vqvae,coco,val
data/wildfake/vqvae/c245f8b803fe1e64.jpg,1,vqvae,coco,val
data/wildfake/vqvae/56127f64bacd80e7.jpg,1,vqvae,coco,val
data/wildfake/vqvae/0aaebda7e36eb482.jpg,1,vqvae,coco,val
data/wildfake/vqvae/dfd0d70be8bd4d93.jpg,1,vqvae,coco,val
data/wildfake/vqvae/0269ac915dd550af.jpg,1,vqvae,coco,val
data/wildfake/vqvae/b5674be9329eaf3a.jpg,1,vqvae,coco,val
data/wildfake/vqvae/c1a3255efc898c8d.jpg,1,vqvae,coco,val
data/wildfake/vqvae/420a2965fbcdda0f.jpg,1,vqvae,coco,val
data/wildfake/vqvae/0d7eaf269e216a16.jpg,1,vqvae,coco,val
data/wildfake/vqvae/c902cd99dd17b662.jpg,1,vqvae,coco,val
data/wildfake/vqvae/a51a47ef1f609d17.jpg,1,vqvae,coco,val
data/wildfake/vqvae/969a9bdd84ab1786.jpg,1,vqvae,coco,val
data/wildfake/vqvae/310728a320c2700d.jpg,1,vqvae,coco,val
data/wildfake/vqvae/e74d8cdc8f8d2a31.jpg,1,vqvae,coco,val
data/wildfake/vqvae/2243f023ba0ba8cf.jpg,1,vqvae,coco,val
data/wildfake/vqvae/7ad0c8731a444e83.jpg,1,vqvae,coco,val
data/wildfake/vqvae/d0d087bad895b86a.jpg,1,vqvae,coco,val
data/wildfake/vqvae/5498ee84fbe10f5c.jpg,1,vqvae,coco,val
data/wildfake/vqvae/aae9b69a98fca2ff.jpg,1,vqvae,coco,val
data/wildfake/vqvae/f175c095652bb77c.jpg,1,vqvae,coco,val
data/wildfake/vqvae/0a2e28bc608f0a5e.jpg,1,vqvae,coco,val
data/wildfake/vqvae/530b11dbddb73de4.jpg,1,vqvae,coco,val
data/wildfake/vqvae/76a1d9aa10db6483.jpg,1,vqvae,coco,val
data/wildfake/vqvae/c15edae627b761a1.jpg,1,vqvae,coco,val
data/wildfake/vqvae/4a45cd2ab553f288.jpg,1,vqvae,coco,val
data/wildfake/vqvae/3c8ca5740136e690.jpg,1,vqvae,coco,val
data/wildfake/vqvae/c96162660df496c9.jpg,1,vqvae,coco,val
data/wildfake/vqvae/00748b0976ac48fa.jpg,1,vqvae,coco,val
data/wildfake/vqvae/0eb8b1e4575d4fa6.jpg,1,vqvae,coco,val
data/wildfake/vqvae/d5428a7df76a6b76.jpg,1,vqvae,coco,val
data/wildfake/vqvae/56bbc3a9244c12d1.jpg,1,vqvae,coco,val
data/wildfake/vqvae/16a744c57190ffd8.jpg,1,vqvae,coco,val
data/wildfake/vqvae/929086cc7cabd705.jpg,1,vqvae,coco,val
data/wildfake/vqvae/5a14cc277b582598.jpg,1,vqvae,coco,val
data/wildfake/vqvae/e4516ab3776f19d7.jpg,1,vqvae,coco,val
data/wildfake/vqvae/eee2493b1c183c3c.jpg,1,vqvae,coco,val
data/wildfake/vqvae/154474a4b39aac96.jpg,1,vqvae,coco,val
data/wildfake/vqvae/8b13ccd8829ea74d.jpg,1,vqvae,coco,val
data/wildfake/vqvae/ffb78564c322ba67.jpg,1,vqvae,coco,val
data/wildfake/vqvae/8b21e15555109a65.jpg,1,vqvae,coco,val
data/wildfake/vqvae/1bbe099f9209c174.jpg,1,vqvae,coco,val
data/wildfake/vqvae/d82c7601a8ed5755.jpg,1,vqvae,coco,val
data/wildfake/vqvae/a95a8b0849657453.jpg,1,vqvae,coco,val
data/wildfake/vqvae/61f3f16b285fb9b9.jpg,1,vqvae,coco,val
data/wildfake/vqvae/fd46ffa106b9eeb6.jpg,1,vqvae,coco,val
data/wildfake/vqvae/58962dfb3ecebb2d.jpg,1,vqvae,coco,val
data/wildfake/vqvae/d6be6043ff281667.jpg,1,vqvae,coco,val
data/wildfake/vqvae/f724354f696e9e8c.jpg,1,vqvae,coco,val
data/wildfake/vqvae/65988572e8f8748a.jpg,1,vqvae,coco,val
data/wildfake/vqvae/96fa40b6ae229eb1.jpg,1,vqvae,coco,val
data/wildfake/vqvae/3e5afc580661048b.jpg,1,vqvae,coco,val
data/wildfake/vqvae/5beaff6c57057e0c.jpg,1,vqvae,coco,val
data/wildfake/vqvae/a6303feb7e8e83b9.jpg,1,vqvae,coco,val
data/wildfake/vqvae/0748ff5e944df623.jpg,1,vqvae,coco,val
data/wildfake/vqvae/02ddd7bdf6cd48cc.jpg,1,vqvae,coco,val
data/wildfake/vqvae/2c59eb46fa116316.jpg,1,vqvae,coco,val
data/wildfake/vqvae/71119ea109dbe67b.jpg,1,vqvae,coco,val
data/wildfake/vqvae/b34b59ccc6b479b4.jpg,1,vqvae,coco,test
data/wildfake/vqvae/bf9761125c4d0879.jpg,1,vqvae,coco,test
data/wildfake/vqvae/b14ef1f562d6b6be.jpg,1,vqvae,coco,test
data/wildfake/vqvae/9bab1bbf8f790c49.jpg,1,vqvae,coco,test
data/wildfake/vqvae/7e548f043c204de5.jpg,1,vqvae,coco,test
data/wildfake/vqvae/d413927b73399eab.jpg,1,vqvae,coco,test
data/wildfake/vqvae/b3fd212355aad5ed.jpg,1,vqvae,coco,test
data/wildfake/vqvae/b3dd118ef62f0dd1.jpg,1,vqvae,coco,test
data/wildfake/vqvae/236e8d806e9666f9.jpg,1,vqvae,coco,test
data/wildfake/vqvae/a2778ca30306fd5c.jpg,1,vqvae,coco,test
data/wildfake/vqvae/a927b6f2d1866001.jpg,1,vqvae,coco,test
data/wildfake/vqvae/fc546ea6fd831c8e.jpg,1,vqvae,coco,test
data/wildfake/vqvae/85779c70008c81d3.jpg,1,vqvae,coco,test
data/wildfake/vqvae/aef1a04fd45c0e25.jpg,1,vqvae,coco,test
data/wildfake/vqvae/07f44c926d88afd4.jpg,1,vqvae,coco,test
data/wildfake/vqvae/b74743cabb19a2f8.jpg,1,vqvae,coco,test
data/wildfake/vqvae/365e57fa83f62b03.jpg,1,vqvae,coco,test
data/wildfake/vqvae/218e7c40695b92d9.jpg,1,vqvae,coco,test
data/wildfake/vqvae/1b024a1b0e430a67.jpg,1,vqvae,coco,test
data/wildfake/vqvae/75b1f671e5bbb2c1.jpg,1,vqvae,coco,test
data/wildfake/vqvae/86915d2faba94dd9.jpg,1,vqvae,coco,test
data/wildfake/vqvae/c79a88763c4d6a8b.jpg,1,vqvae,coco,test
data/wildfake/vqvae/f47bfc7b1351fed6.jpg,1,vqvae,coco,test
data/wildfake/vqvae/d3a607374e7a4483.jpg,1,vqvae,coco,test
data/wildfake/vqvae/fb471259005fe2a8.jpg,1,vqvae,coco,test
data/wildfake/vqvae/6f8bcd87e15ea97f.jpg,1,vqvae,coco,test
data/wildfake/vqvae/d5999bddb0966c4a.jpg,1,vqvae,coco,test
data/wildfake/vqvae/f08c23c346c2e1aa.jpg,1,vqvae,coco,test
data/wildfake/vqvae/697fa505a0caa8c0.jpg,1,vqvae,coco,test
data/wildfake/vqvae/0760195148694040.jpg,1,vqvae,coco,test
data/wildfake/vqvae/634d6e2eebc6d4ba.jpg,1,vqvae,coco,test
data/wildfake/vqvae/ce00eabb283f9dc7.jpg,1,vqvae,coco,test
data/wildfake/vqvae/1e49643734bd4751.jpg,1,vqvae,coco,test
data/wildfake/vqvae/33c1e6a1b86b5609.jpg,1,vqvae,coco,test
data/wildfake/vqvae/bc2f4496ba1830d1.jpg,1,vqvae,coco,test
data/wildfake/vqvae/ad677d045f70a6ad.jpg,1,vqvae,coco,test
data/wildfake/vqvae/953018c6d1d1d7b9.jpg,1,vqvae,coco,test
data/wildfake/vqvae/24e982261c0724bd.jpg,1,vqvae,coco,test
data/wildfake/vqvae/f6a30adaee23cb84.jpg,1,vqvae,coco,test
data/wildfake/vqvae/3368cbc3599cb322.jpg,1,vqvae,coco,test
data/wildfake/vqvae/2219b8153d4005dc.jpg,1,vqvae,coco,test
data/wildfake/vqvae/f1317d0862745c40.jpg,1,vqvae,coco,test
data/wildfake/vqvae/e9d073c6f290c85b.jpg,1,vqvae,coco,test
data/wildfake/vqvae/7ef10f0624a62c85.jpg,1,vqvae,coco,test
data/wildfake/vqvae/697aee18cbbab775.jpg,1,vqvae,coco,test
data/wildfake/vqvae/3e4ecf69e59938c0.jpg,1,vqvae,coco,test
data/wildfake/vqvae/dfc04c346a30fda0.jpg,1,vqvae,coco,test
data/wildfake/vqvae/c8685a14093137b8.jpg,1,vqvae,coco,test
data/wildfake/vqvae/d15a145065ce1026.jpg,1,vqvae,coco,test
data/wildfake/vqvae/5393dcf863f85b13.jpg,1,vqvae,coco,test
data/wildfake/vqvae/e92ea13615be3bbf.jpg,1,vqvae,coco,test
data/wildfake/vqvae/1d0485212c2f7c76.jpg,1,vqvae,coco,test
data/wildfake/vqvae/a0ea2d917e296d6f.jpg,1,vqvae,coco,test
data/wildfake/vqvae/e0c0da55eab096e7.jpg,1,vqvae,coco,test
data/wildfake/vqvae/4c89f2ad0362a777.jpg,1,vqvae,coco,test
data/wildfake/vqvae/4315d2cbeabad9c0.jpg,1,vqvae,coco,test
data/wildfake/vqvae/a8adf20296f0b901.jpg,1,vqvae,coco,test
data/wildfake/vqvae/9a1a940307584f68.jpg,1,vqvae,coco,test
data/wildfake/vqvae/87fa8737caa99f57.jpg,1,vqvae,coco,test
data/wildfake/vqvae/006b80c52aee03a6.jpg,1,vqvae,coco,test
data/wildfake/vqvae/c4d000e26f28b487.jpg,1,vqvae,coco,test
data/wildfake/vqvae/4e7b89378698bc04.jpg,1,vqvae,coco,test
data/wildfake/vqvae/852f7e19e4c296ac.jpg,1,vqvae,coco,test
data/wildfake/vqvae/70c580a496d751cc.jpg,1,vqvae,coco,test
data/wildfake/vqvae/29a2f7d7daf030ee.jpg,1,vqvae,coco,test
data/wildfake/vqvae/6a37c66150e2b778.jpg,1,vqvae,coco,test
data/wildfake/vqvae/2a36983636f18bf1.jpg,1,vqvae,coco,test
data/wildfake/vqvae/8a0fecce12f8d100.jpg,1,vqvae,coco,test
data/wildfake/vqvae/f9319c1845a812f7.jpg,1,vqvae,coco,test
data/wildfake/vqvae/55f679ee9029bb3d.jpg,1,vqvae,coco,test
data/wildfake/vqvae/001aa5977a11a8e6.jpg,1,vqvae,coco,train
data/wildfake/vqvae/5b6d364e50d2c6bf.jpg,1,vqvae,coco,train
data/wildfake/vqvae/7f87b61a2007e589.jpg,1,vqvae,coco,train
data/wildfake/vqvae/f894f9c27a10a91d.jpg,1,vqvae,coco,train
data/wildfake/vqvae/ac7ba3d454604c37.jpg,1,vqvae,coco,train
data/wildfake/vqvae/2cc6dbcffbde9052.jpg,1,vqvae,coco,train
data/wildfake/vqvae/3c380210bbd94246.jpg,1,vqvae,coco,train
data/wildfake/vqvae/8ca066570974cfea.jpg,1,vqvae,coco,train
data/wildfake/vqvae/94d7ee50d10ee6f6.jpg,1,vqvae,coco,train
data/wildfake/vqvae/4eebfcbaf80ee00e.jpg,1,vqvae,coco,train
data/wildfake/vqvae/300a177300c0b576.jpg,1,vqvae,coco,train
data/wildfake/vqvae/e79e98701274f3cc.jpg,1,vqvae,coco,train
data/wildfake/vqvae/fb36ed5c54485d1a.jpg,1,vqvae,coco,train
data/wildfake/vqvae/1b82a7ddc6fce982.jpg,1,vqvae,coco,train
data/wildfake/vqvae/dcfac1dadf0478e4.jpg,1,vqvae,coco,train
data/wildfake/vqvae/fdc1a511cb49fa03.jpg,1,vqvae,coco,train
data/wildfake/vqvae/d43f25c4d38f5b78.jpg,1,vqvae,coco,train
data/wildfake/vqvae/412e52e5cc97bd01.jpg,1,vqvae,coco,train
data/wildfake/vqvae/96b885cfa37098d2.jpg,1,vqvae,coco,train
data/wildfake/vqvae/06d7ba596bd6bbd5.jpg,1,vqvae,coco,train
data/wildfake/vqvae/f431989b9e7b6270.jpg,1,vqvae,coco,train
data/wildfake/vqvae/b22fb9a58ecfa52e.jpg,1,vqvae,coco,train
data/wildfake/vqvae/c46225fe40fc03a3.jpg,1,vqvae,coco,train
data/wildfake/vqvae/af957566aadc2bc2.jpg,1,vqvae,coco,train
data/wildfake/vqvae/00de9a2d7820f215.jpg,1,vqvae,coco,train
data/wildfake/vqvae/060372e1fdefda25.jpg,1,vqvae,coco,train
data/wildfake/vqvae/e41c7de711753c4a.jpg,1,vqvae,coco,train
data/wildfake/vqvae/c1ab9baec84fa31b.jpg,1,vqvae,coco,train
data/wildfake/vqvae/3345de3450097ee3.jpg,1,vqvae,coco,train
data/wildfake/vqvae/05b3a22b3f474c6c.jpg,1,vqvae,coco,train
data/wildfake/vqvae/c09376540acba1c8.jpg,1,vqvae,coco,train
data/wildfake/vqvae/90f59569c97593a2.jpg,1,vqvae,coco,train
data/wildfake/vqvae/20e89149518f93c3.jpg,1,vqvae,coco,train
data/wildfake/vqvae/7d6ec13161e93f8e.jpg,1,vqvae,coco,train
data/wildfake/vqvae/456b49031f0ee6b0.jpg,1,vqvae,coco,train
data/wildfake/vqvae/b9fc30d3afba176a.jpg,1,vqvae,coco,train
data/wildfake/vqvae/d986490f33cc28fa.jpg,1,vqvae,coco,train
data/wildfake/vqvae/951587bfcf46bb54.jpg,1,vqvae,coco,train
data/wildfake/vqvae/0238ecce35d6adfb.jpg,1,vqvae,coco,train
data/wildfake/vqvae/3afca4334d89e628.jpg,1,vqvae,coco,train
data/wildfake/vqvae/0d7bdd33d27f45c7.jpg,1,vqvae,coco,train
data/wildfake/vqvae/ed73d40fab30a9f5.jpg,1,vqvae,coco,train
data/wildfake/vqvae/e2d95d7c9d68fe17.jpg,1,vqvae,coco,train
data/wildfake/vqvae/3a0af6d6a4556f2b.jpg,1,vqvae,coco,train
data/wildfake/vqvae/009652b8d678ccde.jpg,1,vqvae,coco,train
data/wildfake/vqvae/9ccae910f2c7f6be.jpg,1,vqvae,coco,train
data/wildfake/vqvae/84d0ed2556039faf.jpg,1,vqvae,coco,train
data/wildfake/vqvae/101595e9377f7309.jpg,1,vqvae,coco,train
data/wildfake/vqvae/919814c29ba771f3.jpg,1,vqvae,coco,train
data/wildfake/vqvae/8bc13e719d6c87ec.jpg,1,vqvae,coco,train
data/wildfake/vqvae/cd30ff679ad2eaf0.jpg,1,vqvae,coco,train
data/wildfake/vqvae/5e7a42f9f75a6bfb.jpg,1,vqvae,coco,train
data/wildfake/vqvae/c566454d0220e36a.jpg,1,vqvae,coco,train
data/wildfake/vqvae/85a47f99777292f3.jpg,1,vqvae,coco,train
data/wildfake/vqvae/055f914686f1ddb6.jpg,1,vqvae,coco,train
data/wildfake/vqvae/fa49ba967a921657.jpg,1,vqvae,coco,train
data/wildfake/vqvae/406ee812d9a00e9d.jpg,1,vqvae,coco,train
data/wildfake/vqvae/cfdb99c07231f9b7.jpg,1,vqvae,coco,train
data/wildfake/vqvae/e83c71c70360e615.jpg,1,vqvae,coco,train
data/wildfake/vqvae/f3c5e984377be76a.jpg,1,vqvae,coco,train
data/wildfake/vqvae/d042f73204def286.jpg,1,vqvae,coco,train
data/wildfake/vqvae/3c6c25b29a888782.jpg,1,vqvae,coco,train
data/wildfake/vqvae/b3bc771b74c9e0eb.jpg,1,vqvae,coco,train
data/wildfake/vqvae/d3e286f7efa28945.jpg,1,vqvae,coco,train
data/wildfake/vqvae/bfd4783ce20ead2c.jpg,1,vqvae,coco,train
data/wildfake/vqvae/f02b8193dbaa1d56.jpg,1,vqvae,coco,train
data/wildfake/vqvae/773bfd4ea62fed5b.jpg,1,vqvae,coco,train
data/wildfake/vqvae/19613b85561b3018.jpg,1,vqvae,coco,train
data/wildfake/vqvae/9915ff93c4db3baf.jpg,1,vqvae,coco,train
data/wildfake/vqvae/4b876b7b628e1b28.jpg,1,vqvae,coco,train
data/wildfake/vqvae/60fe5d773895f1e8.jpg,1,vqvae,coco,train
data/wildfake/vqvae/d7966d84fdff0200.jpg,1,vqvae,coco,train
data/wildfake/vqvae/1ff2b24e6eabed75.jpg,1,vqvae,coco,train
data/wildfake/vqvae/270a312be55d0e6f.jpg,1,vqvae,coco,train
data/wildfake/vqvae/6e83ce37d89e9ede.jpg,1,vqvae,coco,train
data/wildfake/vqvae/bebdfa63cc139cb8.jpg,1,vqvae,coco,train
data/wildfake/vqvae/753a4408c4e99637.jpg,1,vqvae,coco,train
data/wildfake/vqvae/b8b9f5572afbde2d.jpg,1,vqvae,coco,train
data/wildfake/vqvae/76dd2e36f0a23c8c.jpg,1,vqvae,coco,train
data/wildfake/vqvae/f376aa478b37c745.jpg,1,vqvae,coco,train
data/wildfake/vqvae/c602ce5fe3b68513.jpg,1,vqvae,coco,train
data/wildfake/vqvae/f9fda95fa0bcd17a.jpg,1,vqvae,coco,train
data/wildfake/vqvae/e8fe4343de69d9da.jpg,1,vqvae,coco,train
data/wildfake/vqvae/5f08762c339b755a.jpg,1,vqvae,coco,train
data/wildfake/vqvae/db43c5e8ea7b415f.jpg,1,vqvae,coco,train
data/wildfake/vqvae/6d0aa4388d4fb899.jpg,1,vqvae,coco,train
data/wildfake/vqvae/ff4c87d4812e7dbe.jpg,1,vqvae,coco,train
data/wildfake/vqvae/23ee4bd10e22415d.jpg,1,vqvae,coco,train
data/wildfake/vqvae/7b9e185c87a91f2a.jpg,1,vqvae,coco,train
data/wildfake/vqvae/06043c169f7d9366.jpg,1,vqvae,coco,train
data/wildfake/vqvae/fda7d581c08ab642.jpg,1,vqvae,coco,train
data/wildfake/vqvae/357b927edd99ff46.jpg,1,vqvae,coco,train
data/wildfake/vqvae/438d9364245ef8f8.jpg,1,vqvae,coco,train
data/wildfake/vqvae/1251dfb586405e64.jpg,1,vqvae,coco,train
data/wildfake/vqvae/b6c2e1de48f30bec.jpg,1,vqvae,coco,train
data/wildfake/vqvae/b88792c80bb6d768.jpg,1,vqvae,coco,train
data/wildfake/vqvae/85a36eddaf37b9ae.jpg,1,vqvae,coco,train
data/wildfake/vqvae/c43f284a9cb80bf5.jpg,1,vqvae,coco,train
data/wildfake/vqvae/445dfd909c4ba01b.jpg,1,vqvae,coco,train
data/wildfake/vqvae/7c869c93bcdffbe8.jpg,1,vqvae,coco,train
data/wildfake/vqvae/092d26d9a3381bb8.jpg,1,vqvae,coco,train
data/wildfake/vqvae/be444dcb597f63d7.jpg,1,vqvae,coco,train
data/wildfake/vqvae/2740a1128da7a44f.jpg,1,vqvae,coco,train
data/wildfake/vqvae/f50a901f3d233348.jpg,1,vqvae,coco,train
data/wildfake/vqvae/952a8aa02c8e4212.jpg,1,vqvae,coco,train
data/wildfake/vqvae/0fdf08d502b772c2.jpg,1,vqvae,coco,train
data/wildfake/vqvae/aeaaffe8fba40aef.jpg,1,vqvae,coco,train
data/wildfake/vqvae/709b56f4972707d5.jpg,1,vqvae,coco,train
data/wildfake/vqvae/263207e88d66fba6.jpg,1,vqvae,coco,train
data/wildfake/vqvae/94ddf0179fac60d6.jpg,1,vqvae,coco,train
data/wildfake/vqvae/c392091c7a42541e.jpg,1,vqvae,coco,train
data/wildfake/vqvae/d47edbff10fcfd81.jpg,1,vqvae,coco,train
data/wildfake/vqvae/4816049c02328c7d.jpg,1,vqvae,coco,train
data/wildfake/vqvae/b086c9730756b7c8.jpg,1,vqvae,coco,train
data/wildfake/vqvae/c90c0ca11628ed33.jpg,1,vqvae,coco,train
data/wildfake/vqvae/ee66050dd72262a2.jpg,1,vqvae,coco,train
data/wildfake/vqvae/da52b568ecad02a5.jpg,1,vqvae,coco,train
data/wildfake/vqvae/d95a478041798d0b.jpg,1,vqvae,coco,train
data/wildfake/vqvae/6d43377c42667d30.jpg,1,vqvae,coco,train
data/wildfake/vqvae/34b2a8f6d67917ea.jpg,1,vqvae,coco,train
data/wildfake/vqvae/9b4d647df1237e59.jpg,1,vqvae,coco,train
data/wildfake/vqvae/e4d27c3bcaa1e376.jpg,1,vqvae,coco,train
data/wildfake/vqvae/341533adae916f20.jpg,1,vqvae,coco,train
data/wildfake/vqvae/3ad6c3aaee0a37a3.jpg,1,vqvae,coco,train
data/wildfake/vqvae/e63c47ef1aae7577.jpg,1,vqvae,coco,train
data/wildfake/vqvae/cce8a711611b5cad.jpg,1,vqvae,coco,train
data/wildfake/vqvae/ad631ad82de3f3e2.jpg,1,vqvae,coco,train
data/wildfake/vqvae/61b2e05cbc42462c.jpg,1,vqvae,coco,train
data/wildfake/vqvae/43a0cb066213023f.jpg,1,vqvae,coco,train
data/wildfake/vqvae/b8a1143226c431e6.jpg,1,vqvae,coco,train
data/wildfake/vqvae/4bdae23f0888b2a1.jpg,1,vqvae,coco,train
data/wildfake/vqvae/8229ccb06960c647.jpg,1,vqvae,coco,train
data/wildfake/vqvae/4375299712c26f53.jpg,1,vqvae,coco,train
data/wildfake/vqvae/dac8068fe6cb942c.jpg,1,vqvae,coco,train
data/wildfake/vqvae/124f26df1643c7d4.jpg,1,vqvae,coco,train
data/wildfake/vqvae/f2a61071c2c6591c.jpg,1,vqvae,coco,train
data/wildfake/vqvae/d6bfd3f78a9ca347.jpg,1,vqvae,coco,train
data/wildfake/vqvae/c54b854094f4aacb.jpg,1,vqvae,coco,train
data/wildfake/vqvae/0e8778d5bda35ac7.jpg,1,vqvae,coco,train
data/wildfake/vqvae/267f8fc1c6c691fa.jpg,1,vqvae,coco,train
data/wildfake/vqvae/0fcaad8045c9575e.jpg,1,vqvae,coco,train
data/wildfake/vqvae/f470b537fc1bea36.jpg,1,vqvae,coco,train
data/wildfake/vqvae/58aff867496a74c2.jpg,1,vqvae,coco,train
data/wildfake/vqvae/ac52cd5b282272ec.jpg,1,vqvae,coco,train
data/wildfake/vqvae/46a7e3b800dbf737.jpg,1,vqvae,coco,train
data/wildfake/vqvae/76229f58126c53e3.jpg,1,vqvae,coco,train
data/wildfake/vqvae/cd0a8dcad4edc02b.jpg,1,vqvae,coco,train
data/wildfake/vqvae/2b7bf1fec35110fb.jpg,1,vqvae,coco,train
data/wildfake/vqvae/5585274a1fe8100c.jpg,1,vqvae,coco,train
data/wildfake/vqvae/2ed9db9f15bad6f5.jpg,1,vqvae,coco,train
data/wildfake/vqvae/fd0269c95f2906c1.jpg,1,vqvae,coco,train
data/wildfake/vqvae/27ac0dfef615e2b4.jpg,1,vqvae,coco,train
data/wildfake/vqvae/fc25fc6f86d9d81c.jpg,1,vqvae,coco,train
data/wildfake/vqvae/f12b868a2507d58f.jpg,1,vqvae,coco,train
data/wildfake/vqvae/92eb78ca241ee7be.jpg,1,vqvae,coco,train
data/wildfake/vqvae/4351c9542f2f4433.jpg,1,vqvae,coco,train
data/wildfake/vqvae/d902ed200cd7671b.jpg,1,vqvae,coco,train
data/wildfake/vqvae/8b0378ee5afc1918.jpg,1,vqvae,coco,train
data/wildfake/vqvae/07c233d10acce441.jpg,1,vqvae,coco,train
data/wildfake/vqvae/f3c667c370a72ccc.jpg,1,vqvae,coco,train
data/wildfake/vqvae/9858a6eed1a357c0.jpg,1,vqvae,coco,train
data/wildfake/vqvae/5bff433a15fcbe8f.jpg,1,vqvae,coco,train
data/wildfake/vqvae/82c067c3205ccab9.jpg,1,vqvae,coco,train
data/wildfake/vqvae/dd27a17738a1ad26.jpg,1,vqvae,coco,train
data/wildfake/vqvae/45b38455df550eab.jpg,1,vqvae,coco,train
data/wildfake/vqvae/5988821e06ed293d.jpg,1,vqvae,coco,train
data/wildfake/vqvae/66d3861fbc490df1.jpg,1,vqvae,coco,train
data/wildfake/vqvae/6eb47cb69a83bf0c.jpg,1,vqvae,coco,train
data/wildfake/vqvae/e745c6a65bad6bfd.jpg,1,vqvae,coco,train
data/wildfake/vqvae/685141bba8f57025.jpg,1,vqvae,coco,train
data/wildfake/vqvae/7d5a702657d17c88.jpg,1,vqvae,coco,train
data/wildfake/vqvae/7b65b1b9c20c567d.jpg,1,vqvae,coco,train
data/wildfake/vqvae/a5725830cf9b4f29.jpg,1,vqvae,coco,train
data/wildfake/vqvae/f5ed2cc0feb44114.jpg,1,vqvae,coco,train
data/wildfake/vqvae/bcb8009a1e8cfb75.jpg,1,vqvae,coco,train
data/wildfake/vqvae/28d6d9e69d1e71a4.jpg,1,vqvae,coco,train
data/wildfake/vqvae/20eaf6c1577a483a.jpg,1,vqvae,coco,train
data/wildfake/vqvae/cf9a0c5b4f35dc0e.jpg,1,vqvae,coco,train
data/wildfake/vqvae/8cc162ac39e38017.jpg,1,vqvae,coco,train
data/wildfake/vqvae/b6d3267c7e8690ee.jpg,1,vqvae,coco,train
data/wildfake/vqvae/832496df90b10b74.jpg,1,vqvae,coco,train
data/wildfake/vqvae/d04b54250510fd56.jpg,1,vqvae,coco,train
data/wildfake/vqvae/5d5c35c665522188.jpg,1,vqvae,coco,train
data/wildfake/vqvae/249c1d7ef4dd958d.jpg,1,vqvae,coco,train
data/wildfake/vqvae/1e0fec32b0da67dc.jpg,1,vqvae,coco,train
data/wildfake/vqvae/af3c51a61cee5cd1.jpg,1,vqvae,coco,train
data/wildfake/vqvae/a4cc9bedfdf82ae2.jpg,1,vqvae,coco,train
data/wildfake/vqvae/bdc933b8b572ddff.jpg,1,vqvae,coco,train
data/wildfake/vqvae/650535f2293de915.jpg,1,vqvae,coco,train
data/wildfake/vqvae/8d7d0a3b6b7e12fd.jpg,1,vqvae,coco,train
data/wildfake/vqvae/4cfd097e17bf4668.jpg,1,vqvae,coco,train
data/wildfake/vqvae/c3199abfa1e5d448.jpg,1,vqvae,coco,train
data/wildfake/vqvae/bef64d74bc797520.jpg,1,vqvae,coco,train
data/wildfake/vqvae/2c4c215385824f98.jpg,1,vqvae,coco,train
data/wildfake/vqvae/b7e813a8d846dd36.jpg,1,vqvae,coco,train
data/wildfake/vqvae/be823ba939fe44e5.jpg,1,vqvae,coco,train
data/wildfake/vqvae/6ee5135103f5b359.jpg,1,vqvae,coco,train
data/wildfake/vqvae/1a30593e0aec2521.jpg,1,vqvae,coco,train
data/wildfake/vqvae/eb5ea4d12ff0ce8a.jpg,1,vqvae,coco,train
data/wildfake/vqvae/49cb23d753f5a059.jpg,1,vqvae,coco,train
data/wildfake/vqvae/d5ea06aeeb65a5a7.jpg,1,vqvae,coco,train
data/wildfake/vqvae/9e49e159fdd71a1a.jpg,1,vqvae,coco,train
data/wildfake/vqvae/943c446f586a7b5d.jpg,1,vqvae,coco,train
data/wildfake/vqvae/f5ff25f21a779ade.jpg,1,vqvae,coco,train
data/wildfake/vqvae/1e20782be3c0f5a4.jpg,1,vqvae,coco,train
data/wildfake/vqvae/fda0110a7856c331.jpg,1,vqvae,coco,train
data/wildfake/vqvae/7015e72510abbef4.jpg,1,vqvae,coco,train
data/wildfake/vqvae/fc21c47e2a466f02.jpg,1,vqvae,coco,train
data/wildfake/vqvae/c617f4bf1e500caf.jpg,1,vqvae,coco,train
data/wildfake/vqvae/12f33c9f4bbc398c.jpg,1,vqvae,coco,train
data/wildfake/vqvae/a2f7f8eea904212e.jpg,1,vqvae,coco,train
data/wildfake/vqvae/76af8011d579e2e5.jpg,1,vqvae,coco,train
data/wildfake/vqvae/449825c3652049f2.jpg,1,vqvae,coco,train
data/wildfake/vqvae/c0e8ab0321d788f6.jpg,1,vqvae,coco,train
data/wildfake/vqvae/a269d79f711eff76.jpg,1,vqvae,coco,train
data/wildfake/vqvae/5e171c23bb21649b.jpg,1,vqvae,coco,train
data/wildfake/vqvae/f66cc20a143e956a.jpg,1,vqvae,coco,train
data/wildfake/vqvae/c11251edda9aaef2.jpg,1,vqvae,coco,train
data/wildfake/vqvae/43768e6037f22208.jpg,1,vqvae,coco,train
data/wildfake/vqvae/bd7912518ef6d54b.jpg,1,vqvae,coco,train
data/wildfake/vqvae/b9a80437e8fe20ff.jpg,1,vqvae,coco,train
data/wildfake/vqvae/23cb70541a6483d3.jpg,1,vqvae,coco,train
data/wildfake/vqvae/d0813b8a953c70bc.jpg,1,vqvae,coco,train
data/wildfake/vqvae/a1ddbae523f2c963.jpg,1,vqvae,coco,train
data/wildfake/vqvae/6cf56c496e89db66.jpg,1,vqvae,coco,train
data/wildfake/vqvae/4a140947d1ed2278.jpg,1,vqvae,coco,train
data/wildfake/vqvae/a47c8a8b55c64a18.jpg,1,vqvae,coco,train
data/wildfake/vqvae/72d6653608752c98.jpg,1,vqvae,coco,train
data/wildfake/vqvae/b62fd41690f074b3.jpg,1,vqvae,coco,train
data/wildfake/vqvae/cc99bfc8d9254469.jpg,1,vqvae,coco,train
data/wildfake/vqvae/58c6470dc2eca4a6.jpg,1,vqvae,coco,train
data/wildfake/vqvae/01a4332bcc0e368d.jpg,1,vqvae,coco,train
data/wildfake/vqvae/20776621cd952325.jpg,1,vqvae,coco,train
data/wildfake/vqvae/7a4c0d76d4324993.jpg,1,vqvae,coco,train
data/wildfake/vqvae/40d0fed430cd8aee.jpg,1,vqvae,coco,train
data/wildfake/vqvae/97d554e373d4d05b.jpg,1,vqvae,coco,train
data/wildfake/vqvae/0aaacf51936a4377.jpg,1,vqvae,coco,train
data/wildfake/vqvae/3c262a482c392640.jpg,1,vqvae,coco,train
data/wildfake/vqvae/a26f72fc1206e393.jpg,1,vqvae,coco,train
data/wildfake/vqvae/6e65901ca9c1bb9b.jpg,1,vqvae,coco,train
data/wildfake/vqvae/cc2b3b5106f3a799.jpg,1,vqvae,coco,train
data/wildfake/vqvae/f988a07b5ee579ba.jpg,1,vqvae,coco,train
data/wildfake/vqvae/1894b942df41965d.jpg,1,vqvae,coco,train
data/wildfake/vqvae/48f1ed6e563d7a06.jpg,1,vqvae,coco,train
data/wildfake/vqvae/8221f67d061a4b86.jpg,1,vqvae,coco,train
data/wildfake/vqvae/70fd3fc86324270f.jpg,1,vqvae,coco,train
data/wildfake/vqvae/e37fd65d24a016e0.jpg,1,vqvae,coco,train
data/wildfake/vqvae/a48cac6592d757a0.jpg,1,vqvae,coco,train
data/wildfake/vqvae/074183dcc06ab65f.jpg,1,vqvae,coco,train
data/wildfake/vqvae/9d00602663ae4065.jpg,1,vqvae,coco,train
data/wildfake/vqvae/39bcee28ed1a9a79.jpg,1,vqvae,coco,train
data/wildfake/vqvae/45e244c0f194fab4.jpg,1,vqvae,coco,train
data/wildfake/vqvae/66d6ea35703e8696.jpg,1,vqvae,coco,train
data/wildfake/vqvae/1d44c8e744550aaf.jpg,1,vqvae,coco,train
data/wildfake/vqvae/2cf8a40014661ae1.jpg,1,vqvae,coco,train
data/wildfake/vqvae/cd163db0dbcdf4de.jpg,1,vqvae,coco,train
data/wildfake/vqvae/a44eb5b53c4028b3.jpg,1,vqvae,coco,train
data/wildfake/vqvae/9138d98dd4e5afd6.jpg,1,vqvae,coco,train
data/wildfake/vqvae/d859e39ee5045e49.jpg,1,vqvae,coco,train
data/wildfake/vqvae/4735fa2bd1252bb5.jpg,1,vqvae,coco,train
data/wildfake/vqvae/20af12f3154e7d61.jpg,1,vqvae,coco,train
data/wildfake/vqvae/3b66615fab022274.jpg,1,vqvae,coco,train
data/wildfake/vqvae/067f2ffbccccd95a.jpg,1,vqvae,coco,train
data/wildfake/vqvae/4d5587c1ad3757dc.jpg,1,vqvae,coco,train
data/wildfake/vqvae/9cbdbf8434ac5700.jpg,1,vqvae,coco,train
data/wildfake/vqvae/bfd8719293328a06.jpg,1,vqvae,coco,train
data/wildfake/vqvae/e3766fd2015ed067.jpg,1,vqvae,coco,train
data/wildfake/vqvae/8d9f4bcd05018c3c.jpg,1,vqvae,coco,train
data/wildfake/vqvae/b26b59a1a7bea0a4.jpg,1,vqvae,coco,train
data/wildfake/vqvae/cbbcfcf2bb903062.jpg,1,vqvae,coco,train
data/wildfake/vqvae/5be7204ce01a5f63.jpg,1,vqvae,coco,train
data/wildfake/vqvae/9a0929dd75054322.jpg,1,vqvae,coco,train
data/wildfake/vqvae/1ca4aaead2cccffb.jpg,1,vqvae,coco,train
data/wildfake/vqvae/ee9defac0b386c9a.jpg,1,vqvae,coco,train
data/wildfake/vqvae/d73161e6ffec7176.jpg,1,vqvae,coco,train
data/wildfake/vqvae/e88abdc7d6748ebb.jpg,1,vqvae,coco,train
data/wildfake/vqvae/099de74fd19f1bcb.jpg,1,vqvae,coco,train
data/wildfake/vqvae/a1c24c8f9b47adf2.jpg,1,vqvae,coco,train
data/wildfake/vqvae/71dfcf8350e4e792.jpg,1,vqvae,coco,train
data/wildfake/vqvae/083447e865356bd6.jpg,1,vqvae,coco,train
data/wildfake/vqvae/cacc7a29791a81b7.jpg,1,vqvae,coco,train
data/wildfake/vqvae/1ed85680ecfee1ea.jpg,1,vqvae,coco,train
data/wildfake/vqvae/49c3ce1a037f86ec.jpg,1,vqvae,coco,train
data/wildfake/vqvae/530cd55bb01a0fde.jpg,1,vqvae,coco,train
data/wildfake/vqvae/f6486d13934c3196.jpg,1,vqvae,coco,train
data/wildfake/vqvae/6d4000938d7b96a2.jpg,1,vqvae,coco,train
data/wildfake/vqvae/844977125b0247e7.jpg,1,vqvae,coco,train
data/wildfake/vqvae/ae4df0552d988339.jpg,1,vqvae,coco,train
data/wildfake/vqvae/5db1eb1498c252ef.jpg,1,vqvae,coco,train
data/wildfake/vqvae/26a3a944ed8d95b6.jpg,1,vqvae,coco,train
data/wildfake/vqvae/30856710f705c8e9.jpg,1,vqvae,coco,train
data/wildfake/vqvae/d37a29504fd22172.jpg,1,vqvae,coco,train
data/wildfake/vqvae/57e29b23a34f6d8b.jpg,1,vqvae,coco,train
data/wildfake/vqvae/c9942b674622938d.jpg,1,vqvae,coco,train
data/wildfake/vqvae/889381a955308896.jpg,1,vqvae,coco,train
data/wildfake/vqvae/e25ee1eaa39fbbd0.jpg,1,vqvae,coco,train
data/wildfake/vqvae/8755f70d1a555e95.jpg,1,vqvae,coco,train
data/wildfake/vqvae/1733e1d6480a447c.jpg,1,vqvae,coco,train
data/wildfake/vqvae/9713dbf99cc4be7a.jpg,1,vqvae,coco,train
data/wildfake/vqvae/c5bd910afe058049.jpg,1,vqvae,coco,train
data/wildfake/vqvae/2b49ed31469f9351.jpg,1,vqvae,coco,train
data/wildfake/vqvae/aa6c4423444c2381.jpg,1,vqvae,coco,train
data/wildfake/vqvae/c479d29e78d89f6f.jpg,1,vqvae,coco,train
data/wildfake/vqvae/74708d45012d575b.jpg,1,vqvae,coco,train
data/wildfake/vqvae/4df3394a01cbb38d.jpg,1,vqvae,coco,train
data/wildfake/vqvae/1730cbf1349cc16c.jpg,1,vqvae,coco,train
data/wildfake/vqvae/823c3c394f398789.jpg,1,vqvae,coco,train
data/wildfake/vqvae/8db7c0b66995fdcc.jpg,1,vqvae,coco,train
data/wildfake/vqvae/82db11969cdb5cae.jpg,1,vqvae,coco,train
data/wildfake/vqvae/fcfe8bb218f31eb0.jpg,1,vqvae,coco,train
data/wildfake/vqvae/03da37a762724918.jpg,1,vqvae,coco,train
data/wildfake/vqvae/31a995cd43df1923.jpg,1,vqvae,coco,train
data/wildfake/vqvae/896354e3ad009a4a.jpg,1,vqvae,coco,train
data/wildfake/vqvae/8b7ace0ec519a804.jpg,1,vqvae,coco,train
data/wildfake/vqvae/6167c0d639207b9a.jpg,1,vqvae,coco,train
data/wildfake/vqvae/fcf9404e6461cbc3.jpg,1,vqvae,coco,train
data/wildfake/vqvae/c12ecc4485776469.jpg,1,vqvae,coco,train
data/wildfake/vqvae/729fc4aa5cd40e7a.jpg,1,vqvae,coco,train
data/wildfake/vqvae/601bdd00c28e8698.jpg,1,vqvae,coco,train
data/wildfake/vqvae/785491d80bee7f96.jpg,1,vqvae,coco,train
data/wildfake/vqvae/86bc95d3f05d451c.jpg,1,vqvae,coco,train
data/wildfake/vqvae/a887bee90342d2ae.jpg,1,vqvae,coco,train
data/wildfake/vqvae/e6739c858dc17192.jpg,1,vqvae,coco,train
data/wildfake/vqvae/9991a7eff43a3665.jpg,1,vqvae,coco,train
data/wildfake/vqvae/d54782fe1dacc434.jpg,1,vqvae,coco,train
data/wildfake/vqvae/c2e0092ab48825ca.jpg,1,vqvae,coco,train
data/wildfake/vqvae/514b0703f08e7ae8.jpg,1,vqvae,coco,train
data/wildfake/vqvae/c9a06ac2c748f152.jpg,1,vqvae,coco,train
data/wildfake/vqvae/0189adcd73c653ed.jpg,1,vqvae,coco,train
data/wildfake/vqvae/a7c60e7df86eab53.jpg,1,vqvae,coco,train
data/wildfake/vqvae/13be1e476d3cc002.jpg,1,vqvae,coco,train
data/wildfake/vqvae/e143f7727208cc5b.jpg,1,vqvae,coco,train
data/wildfake/vqvae/dedfecb646ad4e91.jpg,1,vqvae,coco,train
data/wildfake/vqvae/78c64b4f85bb60ce.jpg,1,vqvae,coco,train
data/wildfake/vqvae/ab24cef54840d254.jpg,1,vqvae,coco,train
data/wildfake/vqvae/94509a6d99817f14.jpg,1,vqvae,coco,train
data/wildfake/vqvae/b2fd0f8099b5b2f2.jpg,1,vqvae,coco,train
data/wildfake/vqvae/0418a4bb17632bbb.jpg,1,vqvae,coco,train
data/wildfake/vqvae/a2192c3624f5643f.jpg,1,vqvae,coco,train
data/wildfake/vqvae/25da5a1b17165a0f.jpg,1,vqvae,coco,train
data/wildfake/vqvae/c2e4b61cc7814f22.jpg,1,vqvae,coco,train
data/wildfake/vqvae/7d223570ff33e54e.jpg,1,vqvae,coco,train
data/wildfake/vqvae/b8d7c5250d97b325.jpg,1,vqvae,coco,train
data/wildfake/vqvae/a6d9baa65d77640d.jpg,1,vqvae,coco,train
data/wildfake/vqvae/00ddc2cdf7404427.jpg,1,vqvae,coco,train
data/wildfake/vqvae/a16962f0b8008b68.jpg,1,vqvae,coco,train
data/wildfake/vqvae/e6e2ed54d7154614.jpg,1,vqvae,coco,train
data/wildfake/vqvae/c0f9d0fb32988de8.jpg,1,vqvae,coco,train
data/wildfake/vqvae/6c6ed93a5b5f00ee.jpg,1,vqvae,coco,train
data/wildfake/vqvae/95d35969b9cb879a.jpg,1,vqvae,coco,train
data/wildfake/vqvae/8f627b3f332f122c.jpg,1,vqvae,coco,train
data/wildfake/vqvae/cfbbca95f9f00cdc.jpg,1,vqvae,coco,train
data/wildfake/vqvae/01cfba22112b2183.jpg,1,vqvae,coco,train
data/wildfake/vqvae/aa7b9eb5e415e151.jpg,1,vqvae,coco,train
data/wildfake/vqvae/4800017e6ea9f5b1.jpg,1,vqvae,coco,train
data/wildfake/vqvae/43099f58a5ab373b.jpg,1,vqvae,coco,train
data/wildfake/vqvae/def3f9043dd4862c.jpg,1,vqvae,coco,train
data/wildfake/vqvae/d10c6ec29bd608dc.jpg,1,vqvae,coco,train
data/wildfake/vqvae/8147dc0a293dda6f.jpg,1,vqvae,coco,train
data/wildfake/vqvae/43bdb6c77471771e.jpg,1,vqvae,coco,train
data/wildfake/vqvae/0de9e45d6d52ad6f.jpg,1,vqvae,coco,train
data/wildfake/vqvae/d7d500e52e7455ae.jpg,1,vqvae,coco,train
data/wildfake/vqvae/504cf53d7cea63fc.jpg,1,vqvae,coco,train
data/wildfake/vqvae/1c713a7bcad1108f.jpg,1,vqvae,coco,train
data/wildfake/vqvae/8e0f65186a3f991b.jpg,1,vqvae,coco,train
data/wildfake/vqvae/f9b626347cabcea9.jpg,1,vqvae,coco,train
data/wildfake/vqvae/79b7515fc16b3f9b.jpg,1,vqvae,coco,train
data/wildfake/vqvae/bdd6a5e583ea9633.jpg,1,vqvae,coco,train
data/wildfake/vqvae/1856f7b9d58de953.jpg,1,vqvae,coco,train
data/wildfake/vqvae/51d42bdb001935e7.jpg,1,vqvae,coco,train
data/wildfake/vqvae/423ccd3146275c1c.jpg,1,vqvae,coco,train
data/wildfake/vqvae/772e7ba5c2cc34aa.jpg,1,vqvae,coco,train
data/wildfake/vqvae/aa8cde604075ae6e.jpg,1,vqvae,coco,train
data/wildfake/vqvae/8a9f0487279d1e54.jpg,1,vqvae,coco,train
data/wildfake/vqvae/d886f84f69b6bff7.jpg,1,vqvae,coco,train
data/wildfake/vqvae/67582946365f545e.jpg,1,vqvae,coco,train
data/wildfake/vqvae/5af3de5798d75bb8.jpg,1,vqvae,coco,train
data/wildfake/vqvae/1eb19729cfcd9635.jpg,1,vqvae,coco,train
data/wildfake/vqvae/7e683fd450db03de.jpg,1,vqvae,coco,train
data/wildfake/vqvae/fedb919120bb764a.jpg,1,vqvae,coco,train
data/wildfake/vqvae/2a32324f759f0c55.jpg,1,vqvae,coco,train
data/wildfake/vqvae/065ac4cb4821f65b.jpg,1,vqvae,coco,train
data/wildfake/vqvae/762b96432018fe8d.jpg,1,vqvae,coco,train
data/wildfake/vqvae/4025d02797919a32.jpg,1,vqvae,coco,train
data/wildfake/vqvae/7719bb223bc20d5d.jpg,1,vqvae,coco,train
data/wildfake/vqvae/3f75d486339da42a.jpg,1,vqvae,coco,train
data/wildfake/vqvae/d5f1688ebd398e9a.jpg,1,vqvae,coco,train
data/wildfake/vqvae/2ead9e09bd24a3de.jpg,1,vqvae,coco,train
data/wildfake/vqvae/f898e591d91b062a.jpg,1,vqvae,coco,train
data/wildfake/vqvae/912c605a42382cfc.jpg,1,vqvae,coco,train
data/wildfake/vqvae/e843ba60a64a837b.jpg,1,vqvae,coco,train
data/wildfake/vqvae/3c4c7bc811aa70f1.jpg,1,vqvae,coco,train
data/wildfake/vqvae/2f2b06f95d94051e.jpg,1,vqvae,coco,train
data/wildfake/vqvae/96826908d0129439.jpg,1,vqvae,coco,train
data/wildfake/vqvae/bf54ca80f27c441b.jpg,1,vqvae,coco,train
data/wildfake/vqvae/a9d6604befb5d77f.jpg,1,vqvae,coco,train
data/wildfake/vqvae/06f5e818ab9979f0.jpg,1,vqvae,coco,train
data/wildfake/vqvae/a435f49bd376dc5b.jpg,1,vqvae,coco,train
data/wildfake/vqvae/6761057e800fc5ec.jpg,1,vqvae,coco,train
data/wildfake/vqvae/25afa9b04abb3735.jpg,1,vqvae,coco,train
data/wildfake/vqvae/457c5bbf42fd66da.jpg,1,vqvae,coco,train
data/wildfake/vqvae/5f1668c0f73de6e1.jpg,1,vqvae,coco,train
data/wildfake/vqvae/6dca29850d58a164.jpg,1,vqvae,coco,train
data/wildfake/vqvae/71035a28df54bc5c.jpg,1,vqvae,coco,train
data/wildfake/vqvae/fe7a91af96398f34.jpg,1,vqvae,coco,train
data/wildfake/vqvae/e3bfa9181b487c99.jpg,1,vqvae,coco,train
data/wildfake/vqvae/6ad83a1a26f7617b.jpg,1,vqvae,coco,train
data/wildfake/vqvae/0ef9f19a32c1ad7d.jpg,1,vqvae,coco,train
data/wildfake/vqvae/ca49fad937eec311.jpg,1,vqvae,coco,train
data/wildfake/vqvae/9e6eead967d4e25b.jpg,1,vqvae,coco,train
data/wildfake/vqvae/5ffe99c081505bfd.jpg,1,vqvae,coco,train
data/wildfake/vqvae/5299940a0a4561fd.jpg,1,vqvae,coco,train
data/wildfake/vqvae/359da5f687e61414.jpg,1,vqvae,coco,train
data/wildfake/vqvae/b3f4e0320670fd02.jpg,1,vqvae,coco,train
data/wildfake/vqvae/eb252d27669a8831.jpg,1,vqvae,coco,train
data/wildfake/vqvae/1518e862cb6e9f3c.jpg,1,vqvae,coco,train
data/wildfake/vqvae/ebaab811df777d52.jpg,1,vqvae,coco,train
data/wildfake/vqvae/4a8b1bf3e61c1b3a.jpg,1,vqvae,coco,train
data/wildfake/vqvae/d00b31445efbc741.jpg,1,vqvae,coco,train
data/wildfake/vqvae/03942348c33bcec7.jpg,1,vqvae,coco,train
data/wildfake/vqvae/59dfd85bd5c8ab46.jpg,1,vqvae,coco,train
data/wildfake/vqvae/6d626d7478127ebb.jpg,1,vqvae,coco,train
data/wildfake/vqvae/8983f28a2b2f8aa5.jpg,1,vqvae,coco,train
data/wildfake/vqvae/2d9f96e2a4bb5fd7.jpg,1,vqvae,coco,train
data/wildfake/vqvae/249dbf7a4857e9b2.jpg,1,vqvae,coco,train
data/wildfake/vqvae/d72d9e5d22f098bd.jpg,1,vqvae,coco,train
data/wildfake/vqvae/981c0f0fe47f2eb7.jpg,1,vqvae,coco,train
data/wildfake/vqvae/e488e6dacb666688.jpg,1,vqvae,coco,train
data/wildfake/vqvae/1cc2627eba88245d.jpg,1,vqvae,coco,train
data/wildfake/vqvae/ae700c12a3b5189d.jpg,1,vqvae,coco,train
data/wildfake/vqvae/e1b03c3f7e66a535.jpg,1,vqvae,coco,train
data/wildfake/vqvae/37c2424486161c70.jpg,1,vqvae,coco,train
data/wildfake/vqvae/2c1f47c66317da34.jpg,1,vqvae,coco,train
data/wildfake/vqvae/6573bfb3f9b70e84.jpg,1,vqvae,coco,train
data/wildfake/vqvae/d03703b52733614e.jpg,1,vqvae,coco,train
data/wildfake/vqvae/2dd3100f298528f5.jpg,1,vqvae,coco,train
data/wildfake/vqvae/f7218fa8a19c0b4d.jpg,1,vqvae,coco,train
data/wildfake/vqvae/9a07cfc884e779b6.jpg,1,vqvae,coco,train
data/wildfake/vqvae/e070cb3d0303f1e1.jpg,1,vqvae,coco,train
data/wildfake/vqvae/34db986ab17d1987.jpg,1,vqvae,coco,train
data/wildfake/vqvae/dd89b515b3f2efd3.jpg,1,vqvae,coco,train
data/wildfake/vqvae/a2d897fe7132f5b9.jpg,1,vqvae,coco,train
data/wildfake/vqvae/036aca1eca9cb8a2.jpg,1,vqvae,coco,train
data/wildfake/vqvae/c4f07ff29726503c.jpg,1,vqvae,coco,train
data/wildfake/vqvae/3376d22428bc031c.jpg,1,vqvae,coco,train
data/wildfake/vqvae/0cc082618db560ec.jpg,1,vqvae,coco,train
data/wildfake/vqvae/5ca6f95d1bed5e6e.jpg,1,vqvae,coco,train
data/wildfake/vqvae/a81fa691881aa36c.jpg,1,vqvae,coco,train
data/wildfake/vqvae/29515c08008da7ba.jpg,1,vqvae,coco,train
data/wildfake/vqvae/0cb8b03b2088c213.jpg,1,vqvae,coco,train
data/wildfake/vqvae/0cef5829ca1dc921.jpg,1,vqvae,coco,train
data/wildfake/vqvae/f5a35e64a7fbca60.jpg,1,vqvae,coco,train
data/wildfake/vqvae/c1b20bafa07d69c8.jpg,1,vqvae,coco,train
data/wildfake/vqvae/6655b349d1259659.jpg,1,vqvae,coco,train
data/wildfake/vqvae/f40762168039d1d8.jpg,1,vqvae,coco,train
data/wildfake/vqvae/4eb59c5ace1b2dd4.jpg,1,vqvae,coco,train
data/wildfake/vqvae/79ccd85f4915b7f0.jpg,1,vqvae,coco,train
data/wildfake/vqvae/369f32c9595a8a05.jpg,1,vqvae,coco,train
data/wildfake/vqvae/727ffb89fd5b3d76.jpg,1,vqvae,coco,train
data/wildfake/vqvae/04aeb1d6b77c8efc.jpg,1,vqvae,coco,train
data/wildfake/vqvae/f262be24bd8e5720.jpg,1,vqvae,coco,train
data/wildfake/vqvae/5d69067bb4c32255.jpg,1,vqvae,coco,train
data/wildfake/vqvae/1ebce11d4634223a.jpg,1,vqvae,coco,train
data/wildfake/vqvae/efc6b16d2338a7c8.jpg,1,vqvae,coco,train
data/wildfake/vqvae/48f38edfd8901d1c.jpg,1,vqvae,coco,train
data/wildfake/vqvae/d4cdc32f8ef7c6f2.jpg,1,vqvae,coco,train
data/wildfake/vqvae/6f584f6ec8bc6b7a.jpg,1,vqvae,coco,train
data/wildfake/vqvae/1c5c7591a1033594.jpg,1,vqvae,coco,train
data/wildfake/vqvae/9f5ddec29c27d194.jpg,1,vqvae,coco,train
data/wildfake/vqvae/79cf0d5070051691.jpg,1,vqvae,coco,train
data/wildfake/vqvae/8c9da8097c47b7c2.jpg,1,vqvae,coco,train
data/wildfake/vqvae/ba59080b802e6cea.jpg,1,vqvae,coco,train
data/wildfake/vqvae/abb50a5b522feace.jpg,1,vqvae,coco,train
data/wildfake/vqvae/c4fd1071a65031d4.jpg,1,vqvae,coco,train
data/wildfake/vqvae/f59275b1d65248d2.jpg,1,vqvae,coco,train
data/wildfake/vqvae/290b66b5bb13b721.jpg,1,vqvae,coco,train
data/wildfake/vqvae/0410452a193e6ff9.jpg,1,vqvae,coco,train
data/wildfake/vqvae/9a5f01f973f80d7b.jpg,1,vqvae,coco,train
data/wildfake/vqvae/a5164062da483d14.jpg,1,vqvae,coco,train
data/wildfake/vqvae/48d8877c56e3cd42.jpg,1,vqvae,coco,train
data/wildfake/vqvae/b20b510b8acf5cd1.jpg,1,vqvae,coco,train
data/wildfake/vqvae/23e2a36aa779cd13.jpg,1,vqvae,coco,train
data/wildfake/vqvae/acfcc8aedc970928.jpg,1,vqvae,coco,train
data/wildfake/vqvae/3bcc3275b6b40ac8.jpg,1,vqvae,coco,train
data/wildfake/vqvae/e4fe710c6961df05.jpg,1,vqvae,coco,train
data/wildfake/vqvae/ca63a4c3fc395dac.jpg,1,vqvae,coco,train
data/wildfake/vqvae/6dd91d8dfba4badf.jpg,1,vqvae,coco,train
data/wildfake/vqvae/d1ce699c24fdfc25.jpg,1,vqvae,coco,train
data/wildfake/vqvae/2bd1265d6506ef3c.jpg,1,vqvae,coco,train
data/wildfake/vqvae/a32bd9975bcbb307.jpg,1,vqvae,coco,train
data/wildfake/vqvae/445b19283b0989c8.jpg,1,vqvae,coco,train
data/wildfake/vqvae/ccf0674d70dc9107.jpg,1,vqvae,coco,train
data/wildfake/vqvae/2a34ea1793b26168.jpg,1,vqvae,coco,train
data/wildfake/vqvae/0762d5bf11dab910.jpg,1,vqvae,coco,train
data/wildfake/vqvae/0d71fddb59d9a7e0.jpg,1,vqvae,coco,train
data/wildfake/vqvae/39d310aa00147fcb.jpg,1,vqvae,coco,train
data/wildfake/vqvae/2614b9b5dda3b6c4.jpg,1,vqvae,coco,train
data/wildfake/vqvae/fa0964a9f49962c9.jpg,1,vqvae,coco,train
data/wildfake/vqvae/52d296099e1366f6.jpg,1,vqvae,coco,train
data/wildfake/vqvae/906bd4256699117b.jpg,1,vqvae,coco,train
data/wildfake/vqvae/57b4c846133de797.jpg,1,vqvae,coco,train
data/wildfake/vqvae/97f7ceacb6a40c6e.jpg,1,vqvae,coco,train
data/wildfake/vqvae/c9b34875aaccf7c8.jpg,1,vqvae,coco,train
data/wildfake/vqvae/e917eb53fa4204bf.jpg,1,vqvae,coco,train
data/wildfake/vqvae/eaf672303812c705.jpg,1,vqvae,coco,train
data/wildfake/vqvae/dc88b4641f452729.jpg,1,vqvae,coco,train
data/wildfake/vqvae/10e73fcb5fac66bf.jpg,1,vqvae,coco,train
data/wildfake/vqvae/4d684bc2ccd67cc5.jpg,1,vqvae,coco,train
data/wildfake/vqvae/9666bde6fa80d5ce.jpg,1,vqvae,coco,train
data/wildfake/vqvae/799ed1d0fde0a744.jpg,1,vqvae,coco,train
data/wildfake/vqvae/5f798ce84592d887.jpg,1,vqvae,coco,train
data/wildfake/vqvae/d6136e66308973ea.jpg,1,vqvae,coco,train
data/wildfake/vqvae/0ba4751d0c651f9b.jpg,1,vqvae,coco,train
data/wildfake/vqvae/a152c2a8e2302171.jpg,1,vqvae,coco,train
data/wildfake/vqvae/e62c050bff1ce5b1.jpg,1,vqvae,coco,train
data/wildfake/vqvae/ee1a57e42e85363a.jpg,1,vqvae,coco,train
data/wildfake/vqvae/d9c0a47b4d7a2119.jpg,1,vqvae,coco,train
data/wildfake/vqvae/2b54945810ac38b1.jpg,1,vqvae,coco,train
data/wildfake/vqvae/4dda07075779fca4.jpg,1,vqvae,coco,train
data/wildfake/vqvae/b39c0a16d904b35e.jpg,1,vqvae,coco,train
data/wildfake/vqvae/a7bbfd3b897f1400.jpg,1,vqvae,coco,train
data/wildfake/vqvae/d1efef96b7afc0fe.jpg,1,vqvae,coco,train
data/wildfake/vqvae/b5fa5d30277ce23f.jpg,1,vqvae,coco,train
data/wildfake/vqvae/6582e9cc5e6707b7.jpg,1,vqvae,coco,train
data/wildfake/vqvae/21062b7e5d98c744.jpg,1,vqvae,coco,train
data/wildfake/vqvae/7e7dc0868952f9d3.jpg,1,vqvae,coco,train
data/wildfake/vqvae/3432be3d8eb8e3a1.jpg,1,vqvae,coco,train
data/wildfake/vqvae/5faf344d99ac52c5.jpg,1,vqvae,coco,train
data/wildfake/vqvae/19f852de7be41924.jpg,1,vqvae,coco,train
data/wildfake/vqvae/b19682d6c118d899.jpg,1,vqvae,coco,train
data/wildfake/vqvae/261265ec36fd4181.jpg,1,vqvae,coco,train
data/wildfake/vqvae/3a1f33a86562083e.jpg,1,vqvae,coco,train
data/wildfake/vqvae/b2885a6bf806b173.jpg,1,vqvae,coco,train
data/wildfake/vqvae/f5e2f36912775daf.jpg,1,vqvae,coco,train
data/wildfake/vqvae/6ba79f016956a764.jpg,1,vqvae,coco,train
data/wildfake/vqvae/fd1001e069c697ce.jpg,1,vqvae,coco,train
data/wildfake/vqvae/380ae491eb1ab740.jpg,1,vqvae,coco,train
data/wildfake/vqvae/87157cb1dd375933.jpg,1,vqvae,coco,train
data/wildfake/vqvae/31c8802119fb5514.jpg,1,vqvae,coco,train
data/wildfake/vqvae/2ec9e3199705c14d.jpg,1,vqvae,coco,train
data/wildfake/vqvae/25b6519b9ee3e66d.jpg,1,vqvae,coco,train
data/wildfake/vqvae/9534c8ae32d80cbd.jpg,1,vqvae,coco,train
data/wildfake/vqvae/30bc2001ba704a73.jpg,1,vqvae,coco,train
data/wildfake/vqvae/8dc6be756c45d49f.jpg,1,vqvae,coco,train
data/wildfake/vqvae/e50ae91a496f4954.jpg,1,vqvae,coco,train
data/wildfake/vqvae/2c279313c0e001e1.jpg,1,vqvae,coco,train
data/wildfake/vqvae/61637807f395e4d7.jpg,1,vqvae,coco,train
data/wildfake/vqvae/4eabb2dbb5ba667c.jpg,1,vqvae,coco,train
data/wildfake/vqvae/d4f1132bea33a6fb.jpg,1,vqvae,coco,train
data/wildfake/vqvae/e5ad5fc5ec4bf1e1.jpg,1,vqvae,coco,train
data/wildfake/vqvae/7722282a8c24ecb6.jpg,1,vqvae,coco,train
data/wildfake/vqvae/a4004f6243cc994f.jpg,1,vqvae,coco,train
data/wildfake/vqvae/20d8462b39870efe.jpg,1,vqvae,coco,train
data/wildfake/vqvae/7fc69a65a7ada878.jpg,1,vqvae,coco,train
data/wildfake/vqvae/6b6ca20a224f0260.jpg,1,vqvae,coco,train
data/wildfake/vqvae/f2794ae3a534983a.jpg,1,vqvae,coco,train
data/wildfake/vqvae/a874b22d6e3fa798.jpg,1,vqvae,coco,train
data/wildfake/vqvae/1925f0e3dc01ff32.jpg,1,vqvae,coco,train
data/wildfake/vqvae/d98ceee410dd737a.jpg,1,vqvae,coco,train
data/wildfake/vqvae/2079ed095ed3fddb.jpg,1,vqvae,coco,train
data/wildfake/stylegan3/a811d53a837fa49e.jpg,1,stylegan3,ffhq,val
data/wildfake/stylegan3/53abbb5cf7d04a41.jpg,1,stylegan3,ffhq,val
data/wildfake/stylegan3/f7ba6d35e6feae84.jpg,1,stylegan3,ffhq,val
data/wildfake/stylegan3/a80e36880b3d98b1.jpg,1,stylegan3,ffhq,val
data/wildfake/stylegan3/fe72ec73e20eddbf.jpg,1,stylegan3,ffhq,val
data/wildfake/stylegan3/3d0f2132a5bb4a07.jpg,1,stylegan3,ffhq,val
data/wildfake/stylegan3/94b547865f230409.jpg,1,stylegan3,ffhq,val
data/wildfake/stylegan3/b51b9d0a3f1dc7a9.jpg,1,stylegan3,ffhq,val
data/wildfake/stylegan3/e1451c09d46dad5e.jpg,1,stylegan3,ffhq,val
data/wildfake/stylegan3/44874e893b95a0e3.jpg,1,stylegan3,ffhq,val
data/wildfake/stylegan3/baeea72741aee400.jpg,1,stylegan3,ffhq,val
data/wildfake/stylegan3/2c86482ac4c37b19.jpg,1,stylegan3,ffhq,val
data/wildfake/stylegan3/b3a4902df149db30.jpg,1,stylegan3,ffhq,val
data/wildfake/stylegan3/0d9f8979a3fcadf4.jpg,1,stylegan3,ffhq,val
data/wildfake/stylegan3/d44d1e4f2c98f3c4.jpg,1,stylegan3,ffhq,val
data/wildfake/stylegan3/f9d0df440092aa02.jpg,1,stylegan3,ffhq,val
data/wildfake/stylegan3/bc835c372ae5956c.jpg,1,stylegan3,ffhq,val
data/wildfake/stylegan3/da5b77c19958349e.jpg,1,stylegan3,ffhq,val
data/wildfake/stylegan3/d6a73ec605189542.jpg,1,stylegan3,ffhq,val
data/wildfake/stylegan3/407d07d091ee1e7b.jpg,1,stylegan3,ffhq,val
data/wildfake/stylegan3/501f82c2d39900fc.jpg,1,stylegan3,ffhq,val
data/wildfake/stylegan3/c2a7a6d0b62c91e8.jpg,1,stylegan3,ffhq,val
data/wildfake/stylegan3/236dfd7918b49c17.jpg,1,stylegan3,ffhq,val
data/wildfake/stylegan3/f44f611ecec9ef29.jpg,1,stylegan3,ffhq,val
data/wildfake/stylegan3/8d02056338e608a4.jpg,1,stylegan3,ffhq,val
data/wildfake/stylegan3/87d23e3ef478e3fa.jpg,1,stylegan3,ffhq,val
data/wildfake/stylegan3/3c892fc8957a89b0.jpg,1,stylegan3,ffhq,val
data/wildfake/stylegan3/faca88014e1bf005.jpg,1,stylegan3,ffhq,val
data/wildfake/stylegan3/cd5a670adb287283.jpg,1,stylegan3,ffhq,val
data/wildfake/stylegan3/8d88eec3ea0c1896.jpg,1,stylegan3,ffhq,val
data/wildfake/stylegan3/c8e1870d2b03426e.jpg,1,stylegan3,ffhq,val
data/wildfake/stylegan3/6709b91591ec9e29.jpg,1,stylegan3,ffhq,val
data/wildfake/stylegan3/443f7c439e4dd812.jpg,1,stylegan3,ffhq,val
data/wildfake/stylegan3/8ad3e077187a1cf7.jpg,1,stylegan3,ffhq,val
data/wildfake/stylegan3/40fcbf1cec4a8072.jpg,1,stylegan3,ffhq,val
data/wildfake/stylegan3/14f94c05316301df.jpg,1,stylegan3,ffhq,val
data/wildfake/stylegan3/f3fa9b7888e5c256.jpg,1,stylegan3,ffhq,val
data/wildfake/stylegan3/a930f8763a0581a3.jpg,1,stylegan3,ffhq,val
data/wildfake/stylegan3/cc799e489b042a05.jpg,1,stylegan3,ffhq,val
data/wildfake/stylegan3/9a07d8a48abd58a2.jpg,1,stylegan3,ffhq,val
data/wildfake/stylegan3/02a42838125aed46.jpg,1,stylegan3,ffhq,val
data/wildfake/stylegan3/296464856420c68c.jpg,1,stylegan3,ffhq,val
data/wildfake/stylegan3/c3e68a1eb44f4b85.jpg,1,stylegan3,ffhq,val
data/wildfake/stylegan3/fb7441fd4eeaa91e.jpg,1,stylegan3,ffhq,val
data/wildfake/stylegan3/95d04c8144ce5f80.jpg,1,stylegan3,ffhq,val
data/wildfake/stylegan3/3035b5795ca8bcd7.jpg,1,stylegan3,ffhq,val
data/wildfake/stylegan3/036f3836b8ff0762.jpg,1,stylegan3,ffhq,val
data/wildfake/stylegan3/3134c470cc3953fa.jpg,1,stylegan3,ffhq,val
data/wildfake/stylegan3/67000c8f08c5f5ec.jpg,1,stylegan3,ffhq,val
data/wildfake/stylegan3/a9ade4ef519b3968.jpg,1,stylegan3,ffhq,val
data/wildfake/stylegan3/5cc57b2327836903.jpg,1,stylegan3,ffhq,val
data/wildfake/stylegan3/2e141c20b68ed1bf.jpg,1,stylegan3,ffhq,val
data/wildfake/stylegan3/7177fdec9d318209.jpg,1,stylegan3,ffhq,val
data/wildfake/stylegan3/085ccdbb4ccc70a4.jpg,1,stylegan3,ffhq,val
data/wildfake/stylegan3/919e0c52c371d425.jpg,1,stylegan3,ffhq,val
data/wildfake/stylegan3/8e3a0964ddd75b29.jpg,1,stylegan3,ffhq,val
data/wildfake/stylegan3/5a00c6c1547e3095.jpg,1,stylegan3,ffhq,val
data/wildfake/stylegan3/452b460369a94692.jpg,1,stylegan3,ffhq,val
data/wildfake/stylegan3/6c73c12321fe6c68.jpg,1,stylegan3,ffhq,val
data/wildfake/stylegan3/0bd342128a7dea38.jpg,1,stylegan3,ffhq,val
data/wildfake/stylegan3/ddf1fc043a59132c.jpg,1,stylegan3,ffhq,val
data/wildfake/stylegan3/8a2575dbc9697a9b.jpg,1,stylegan3,ffhq,val
data/wildfake/stylegan3/1895a6eb688baf1b.jpg,1,stylegan3,ffhq,val
data/wildfake/stylegan3/d1f4f9090ffc80b6.jpg,1,stylegan3,ffhq,val
data/wildfake/stylegan3/451ad2225f11dfae.jpg,1,stylegan3,ffhq,val
data/wildfake/stylegan3/be550eadbf61268b.jpg,1,stylegan3,ffhq,val
data/wildfake/stylegan3/8561e732255a2fc0.jpg,1,stylegan3,ffhq,val
data/wildfake/stylegan3/5bc157473d17ed3c.jpg,1,stylegan3,ffhq,val
data/wildfake/stylegan3/6a60fdfb83e96dd3.jpg,1,stylegan3,ffhq,val
data/wildfake/stylegan3/a2962270dd143604.jpg,1,stylegan3,ffhq,val
data/wildfake/stylegan3/4e9754d866785a43.jpg,1,stylegan3,ffhq,test
data/wildfake/stylegan3/3323c93aeb931a25.jpg,1,stylegan3,ffhq,test
data/wildfake/stylegan3/d9834bf0830c50e7.jpg,1,stylegan3,ffhq,test
data/wildfake/stylegan3/011c0c40193dbee9.jpg,1,stylegan3,ffhq,test
data/wildfake/stylegan3/6b9ac67430a5de21.jpg,1,stylegan3,ffhq,test
data/wildfake/stylegan3/dfc3df1fe553ef96.jpg,1,stylegan3,ffhq,test
data/wildfake/stylegan3/f642ebc2caf4e331.jpg,1,stylegan3,ffhq,test
data/wildfake/stylegan3/f8120a12760f021b.jpg,1,stylegan3,ffhq,test
data/wildfake/stylegan3/338aa1fc542935c0.jpg,1,stylegan3,ffhq,test
data/wildfake/stylegan3/5b145dc35a1e688e.jpg,1,stylegan3,ffhq,test
data/wildfake/stylegan3/ddcae49263daa9d3.jpg,1,stylegan3,ffhq,test
data/wildfake/stylegan3/ed397d77b3a193c6.jpg,1,stylegan3,ffhq,test
data/wildfake/stylegan3/3e4ab07873d88722.jpg,1,stylegan3,ffhq,test
data/wildfake/stylegan3/ebd8200ed2f38390.jpg,1,stylegan3,ffhq,test
data/wildfake/stylegan3/0feac40317e038fb.jpg,1,stylegan3,ffhq,test
data/wildfake/stylegan3/9e178f6a04371f2e.jpg,1,stylegan3,ffhq,test
data/wildfake/stylegan3/8a8f460c801f8d69.jpg,1,stylegan3,ffhq,test
data/wildfake/stylegan3/3783b742cca5a3b7.jpg,1,stylegan3,ffhq,test
data/wildfake/stylegan3/f86a29a35902144d.jpg,1,stylegan3,ffhq,test
data/wildfake/stylegan3/1fa549b657397a4f.jpg,1,stylegan3,ffhq,test
data/wildfake/stylegan3/8e883c73929be559.jpg,1,stylegan3,ffhq,test
data/wildfake/stylegan3/4657a3596f869f9c.jpg,1,stylegan3,ffhq,test
data/wildfake/stylegan3/9676dd6499a57291.jpg,1,stylegan3,ffhq,test
data/wildfake/stylegan3/a0f6cf17c27be684.jpg,1,stylegan3,ffhq,test
data/wildfake/stylegan3/722d4eb3197ee19f.jpg,1,stylegan3,ffhq,test
data/wildfake/stylegan3/0b9cb09f24d02aa0.jpg,1,stylegan3,ffhq,test
data/wildfake/stylegan3/a61061a3b1362dad.jpg,1,stylegan3,ffhq,test
data/wildfake/stylegan3/0edbd0048d894267.jpg,1,stylegan3,ffhq,test
data/wildfake/stylegan3/5b43bd8093f59130.jpg,1,stylegan3,ffhq,test
data/wildfake/stylegan3/5050bb4b4a3ee7f4.jpg,1,stylegan3,ffhq,test
data/wildfake/stylegan3/60f105ee7991f8c8.jpg,1,stylegan3,ffhq,test
data/wildfake/stylegan3/160c64543fdb93dd.jpg,1,stylegan3,ffhq,test
data/wildfake/stylegan3/fe464f653689665d.jpg,1,stylegan3,ffhq,test
data/wildfake/stylegan3/2d5ba56925ad5399.jpg,1,stylegan3,ffhq,test
data/wildfake/stylegan3/7ec96dfee1e6ac83.jpg,1,stylegan3,ffhq,test
data/wildfake/stylegan3/3be5bd802abbecfc.jpg,1,stylegan3,ffhq,test
data/wildfake/stylegan3/b8c8ea29e9f25b72.jpg,1,stylegan3,ffhq,test
data/wildfake/stylegan3/030046c37b38c0a2.jpg,1,stylegan3,ffhq,test
data/wildfake/stylegan3/da51b7835c650875.jpg,1,stylegan3,ffhq,test
data/wildfake/stylegan3/272705cc8ee32105.jpg,1,stylegan3,ffhq,test
data/wildfake/stylegan3/d1b408489d2d526f.jpg,1,stylegan3,ffhq,test
data/wildfake/stylegan3/ec5a18c270b3dc46.jpg,1,stylegan3,ffhq,test
data/wildfake/stylegan3/c63d0634866548ce.jpg,1,stylegan3,ffhq,test
data/wildfake/stylegan3/def2d0a5bfcee324.jpg,1,stylegan3,ffhq,test
data/wildfake/stylegan3/92a2690cae094b39.jpg,1,stylegan3,ffhq,test
data/wildfake/stylegan3/653e037f392edbbf.jpg,1,stylegan3,ffhq,test
data/wildfake/stylegan3/5484d73fcdb68284.jpg,1,stylegan3,ffhq,test
data/wildfake/stylegan3/0c6abcdf0724e9e7.jpg,1,stylegan3,ffhq,test
data/wildfake/stylegan3/0ba44ac81b1fdb08.jpg,1,stylegan3,ffhq,test
data/wildfake/stylegan3/76e69130e09aa198.jpg,1,stylegan3,ffhq,test
data/wildfake/stylegan3/f51f9927a18a3bbc.jpg,1,stylegan3,ffhq,test
data/wildfake/stylegan3/e85c00cf7b952412.jpg,1,stylegan3,ffhq,test
data/wildfake/stylegan3/cb7722e46904ae17.jpg,1,stylegan3,ffhq,test
data/wildfake/stylegan3/93e7706cf358edef.jpg,1,stylegan3,ffhq,test
data/wildfake/stylegan3/4b264f4d46febc47.jpg,1,stylegan3,ffhq,test
data/wildfake/stylegan3/5fa02f1d94ea9c46.jpg,1,stylegan3,ffhq,test
data/wildfake/stylegan3/38c040e8d2e72ad6.jpg,1,stylegan3,ffhq,test
data/wildfake/stylegan3/baf6579a6b5dedb1.jpg,1,stylegan3,ffhq,test
data/wildfake/stylegan3/70059971aedfc970.jpg,1,stylegan3,ffhq,test
data/wildfake/stylegan3/59b06028ce125649.jpg,1,stylegan3,ffhq,test
data/wildfake/stylegan3/cca3b130457ec176.jpg,1,stylegan3,ffhq,test
data/wildfake/stylegan3/dc4ca8b3312cc7d9.jpg,1,stylegan3,ffhq,test
data/wildfake/stylegan3/38dd8ce70b558cbe.jpg,1,stylegan3,ffhq,test
data/wildfake/stylegan3/a95243ad10f93ee9.jpg,1,stylegan3,ffhq,test
data/wildfake/stylegan3/dce72aefbd330bc9.jpg,1,stylegan3,ffhq,test
data/wildfake/stylegan3/cfc8f3afb346f2ec.jpg,1,stylegan3,ffhq,test
data/wildfake/stylegan3/8e2fb1c36710678b.jpg,1,stylegan3,ffhq,test
data/wildfake/stylegan3/8d07b1645795867b.jpg,1,stylegan3,ffhq,test
data/wildfake/stylegan3/df4c5472b409ecbb.jpg,1,stylegan3,ffhq,test
data/wildfake/stylegan3/96acbe2b95067a79.jpg,1,stylegan3,ffhq,test
data/wildfake/stylegan3/e5e94400f994b952.jpg,1,stylegan3,ffhq,train
data/wildfake/stylegan3/6c0ee3024493af0e.jpg,1,stylegan3,ffhq,train
data/wildfake/stylegan3/e2d2eabeb8602507.jpg,1,stylegan3,ffhq,train
data/wildfake/stylegan3/237cd84b9eff2360.jpg,1,stylegan3,ffhq,train
data/wildfake/stylegan3/691dcc2ca3fbacf8.jpg,1,stylegan3,ffhq,train
data/wildfake/stylegan3/242fbd5b58556dc9.jpg,1,stylegan3,ffhq,train
data/wildfake/stylegan3/4a71253eb74c1dc5.jpg,1,stylegan3,ffhq,train
data/wildfake/stylegan3/ad5b485cdc7911a8.jpg,1,stylegan3,ffhq,train
data/wildfake/stylegan3/5c86e60778aceb44.jpg,1,stylegan3,ffhq,train
data/wildfake/stylegan3/ae3726fcfc1a1e2b.jpg,1,stylegan3,ffhq,train
data/wildfake/stylegan3/7efcaf1a206de09a.jpg,1,stylegan3,ffhq,train
data/wildfake/stylegan3/aaceabf96d1eba18.jpg,1,stylegan3,ffhq,train
data/wildfake/stylegan3/9212602a08dfc1a0.jpg,1,stylegan3,ffhq,train
data/wildfake/stylegan3/3021ae53113e015f.jpg,1,stylegan3,ffhq,train
data/wildfake/stylegan3/bcc1d77933d1b0bf.jpg,1,stylegan3,ffhq,train
data/wildfake/stylegan3/16a2df7ae5bf3a15.jpg,1,stylegan3,ffhq,train
data/wildfake/stylegan3/01f3b1bb54a9376a.jpg,1,stylegan3,ffhq,train
data/wildfake/stylegan3/4392e3449b3f825f.jpg,1,stylegan3,ffhq,train
data/wildfake/stylegan3/7f552e1826ad6681.jpg,1,stylegan3,ffhq,train
data/wildfake/stylegan3/2004ae7a19d66cff.jpg,1,stylegan3,ffhq,train
data/wildfake/stylegan3/c127d1c0b63dca3e.jpg,1,stylegan3,ffhq,train
data/wildfake/stylegan3/dd700998b0691a50.jpg,1,stylegan3,ffhq,train
data/wildfake/stylegan3/4f96889240112d2e.jpg,1,stylegan3,ffhq,train
data/wildfake/stylegan3/ff20c09d3eb579a3.jpg,1,stylegan3,ffhq,train
data/wildfake/stylegan3/539243a190e8ac81.jpg,1,stylegan3,ffhq,train
data/wildfake/stylegan3/2046994ca7565c6c.jpg,1,stylegan3,ffhq,train
data/wildfake/stylegan3/5624577727df88ce.jpg,1,stylegan3,ffhq,train
data/wildfake/stylegan3/a4425b6d60f915a9.jpg,1,stylegan3,ffhq,train
data/wildfake/stylegan3/44c10629d2118d86.jpg,1,stylegan3,ffhq,train
data/wildfake/stylegan3/66178190fbd21c4e.jpg,1,stylegan3,ffhq,train
data/wildfake/stylegan3/75877491df3e6bc6.jpg,1,stylegan3,ffhq,train
data/wildfake/stylegan3/92a651cd7b0da647.jpg,1,stylegan3,ffhq,train
data/wildfake/stylegan3/9f56df95f3b476b4.jpg,1,stylegan3,ffhq,train
data/wildfake/stylegan3/f12d8c90ce5cac67.jpg,1,stylegan3,ffhq,train
data/wildfake/stylegan3/bc6fdb24567a17e1.jpg,1,stylegan3,ffhq,train
data/wildfake/stylegan3/2ba671187abb39b1.jpg,1,stylegan3,ffhq,train
data/wildfake/stylegan3/e557f811e34113fc.jpg,1,stylegan3,ffhq,train
data/wildfake/stylegan3/825ef19574247137.jpg,1,stylegan3,ffhq,train
data/wildfake/stylegan3/b96658f5825dd57f.jpg,1,stylegan3,ffhq,train
data/wildfake/stylegan3/ac3d7a375e3eba6d.jpg,1,stylegan3,ffhq,train
data/wildfake/stylegan3/3ceb009ceef83dea.jpg,1,stylegan3,ffhq,train
data/wildfake/stylegan3/a9924fb319c82eeb.jpg,1,stylegan3,ffhq,train
data/wildfake/stylegan3/36a61927048eda40.jpg,1,stylegan3,ffhq,train
data/wildfake/stylegan3/a7e4ade0964b4be1.jpg,1,stylegan3,ffhq,train
data/wildfake/stylegan3/b20353ea3786bb52.jpg,1,stylegan3,ffhq,train
data/wildfake/stylegan3/76c228399716afc3.jpg,1,stylegan3,ffhq,train
data/wildfake/stylegan3/6a36c5538bbafe5c.jpg,1,stylegan3,ffhq,train
data/wildfake/stylegan3/e9fa5bf5aceacffe.jpg,1,stylegan3,ffhq,train
data/wildfake/stylegan3/e86b6bc8cb80abef.jpg,1,stylegan3,ffhq,train
data/wildfake/stylegan3/ecb8287bf2c62062.jpg,1,stylegan3,ffhq,train
data/wildfake/stylegan3/eb7feb923209fe4a.jpg,1,stylegan3,ffhq,train
data/wildfake/stylegan3/1211a5aa82df8383.jpg,1,stylegan3,ffhq,train
data/wildfake/stylegan3/02e5424188132be5.jpg,1,stylegan3,ffhq,train
data/wildfake/stylegan3/ea892c5dc90a3d59.jpg,1,stylegan3,ffhq,train
data/wildfake/stylegan3/a8c084f7cdbb9692.jpg,1,stylegan3,ffhq,train
data/wildfake/stylegan3/b37a6d1dab2b5ce5.jpg,1,stylegan3,ffhq,train
data/wildfake/stylegan3/ff1f71cbd14a47d4.jpg,1,stylegan3,ffhq,train
data/wildfake/stylegan3/532134c7c55cbd78.jpg,1,stylegan3,ffhq,train
data/wildfake/stylegan3/8838386d584e72b7.jpg,1,stylegan3,ffhq,train
data/wildfake/stylegan3/3ccea3e8d0935385.jpg,1,stylegan3,ffhq,train
data/wildfake/stylegan3/b2ad46efbe38d8a0.jpg,1,stylegan3,ffhq,train
data/wildfake/stylegan3/e6244dd410e73936.jpg,1,stylegan3,ffhq,train
data/wildfake/stylegan3/54684f200359283d.jpg,1,stylegan3,ffhq,train
data/wildfake/stylegan3/39c0705acf497583.jpg,1,stylegan3,ffhq,train
data/wildfake/stylegan3/a67e64cc71f2e780.jpg,1,stylegan3,ffhq,train
data/wildfake/stylegan3/87380622b5817d19.jpg,1,stylegan3,ffhq,train
data/wildfake/stylegan3/113bda0109c26a49.jpg,1,stylegan3,ffhq,train
data/wildfake/stylegan3/fc4990cf93189af2.jpg,1,stylegan3,ffhq,train
data/wildfake/stylegan3/82c6f282b2cbf4f3.jpg,1,stylegan3,ffhq,train
data/wildfake/stylegan3/8fdaaa3b55ca1390.jpg,1,stylegan3,ffhq,train
data/wildfake/stylegan3/e359f8520fa1d9b8.jpg,1,stylegan3,ffhq,train
data/wildfake/stylegan3/e2a7afb7249fb650.jpg,1,stylegan3,ffhq,train
data/wildfake/stylegan3/52e5ebe212ff3b64.jpg,1,stylegan3,ffhq,train
data/wildfake/stylegan3/eaee059dce9a6154.jpg,1,stylegan3,ffhq,train
data/wildfake/stylegan3/60c65204ce01ba6a.jpg,1,stylegan3,ffhq,train
data/wildfake/stylegan3/a9eaf65d86929ff8.jpg,1,stylegan3,ffhq,train
data/wildfake/stylegan3/47ce38ccf4a51877.jpg,1,stylegan3,ffhq,train
data/wildfake/stylegan3/b63bc667f4c61c52.jpg,1,stylegan3,ffhq,train
data/wildfake/stylegan3/fc5136c556a878a8.jpg,1,stylegan3,ffhq,train
data/wildfake/stylegan3/5fadac9580d3d6a6.jpg,1,stylegan3,ffhq,train
data/wildfake/stylegan3/53a76bf0b82a9174.jpg,1,stylegan3,ffhq,train
data/wildfake/stylegan3/1a12988a6ef6a6c4.jpg,1,stylegan3,ffhq,train
data/wildfake/stylegan3/5da388af8ec12a85.jpg,1,stylegan3,ffhq,train
data/wildfake/stylegan3/cdf0519693491e1b.jpg,1,stylegan3,ffhq,train
data/wildfake/stylegan3/9ff2c1a6d47b9b2d.jpg,1,stylegan3,ffhq,train
data/wildfake/stylegan3/87579e4bfb33f27e.jpg,1,stylegan3,ffhq,train
data/wildfake/stylegan3/32351389e4672e58.jpg,1,stylegan3,ffhq,train
data/wildfake/stylegan3/2ed22317456f3982.jpg,1,stylegan3,ffhq,train
data/wildfake/stylegan3/87173f9fd911c7d9.jpg,1,stylegan3,ffhq,train
data/wildfake/stylegan3/ff33dea57591c765.jpg,1,stylegan3,ffhq,train
data/wildfake/stylegan3/6da4e91ace03770a.jpg,1,stylegan3,ffhq,train
data/wildfake/stylegan3/b4aa4d472762d114.jpg,1,stylegan3,ffhq,train
data/wildfake/stylegan3/f570c7ed0be6d4b6.jpg,1,stylegan3,ffhq,train
data/wildfake/stylegan3/d8070194a36aa952.jpg,1,stylegan3,ffhq,train
data/wildfake/stylegan3/7cf7b8d88a52e7da.jpg,1,stylegan3,ffhq,train
data/wildfake/stylegan3/3f9405db35570be0.jpg,1,stylegan3,ffhq,train
data/wildfake/stylegan3/3dcbf4bf0ac767ed.jpg,1,stylegan3,ffhq,train
data/wildfake/stylegan3/288efcba109900ac.jpg,1,stylegan3,ffhq,train
data/wildfake/stylegan3/f6329e0f9a0467fe.jpg,1,stylegan3,ffhq,train
data/wildfake/stylegan3/d5d8224e915b3618.jpg,1,stylegan3,ffhq,train
data/wildfake/stylegan3/78cb3380831cc00e.jpg,1,stylegan3,ffhq,train
data/wildfake/stylegan3/8f588437d0f7584b.jpg,1,stylegan3,ffhq,train
data/wildfake/stylegan3/9d8e59c5ff5042f5.jpg,1,stylegan3,ffhq,train
data/wildfake/stylegan3/7a9ba026591649ed.jpg,1,stylegan3,ffhq,train
data/wildfake/stylegan3/96a19bdeeca72569.jpg,1,stylegan3,ffhq,train
data/wildfake/stylegan3/d9556f713df1ad27.jpg,1,stylegan3,ffhq,train
data/wildfake/stylegan3/6fbccf2b0d299351.jpg,1,stylegan3,ffhq,train
data/wildfake/stylegan3/d9e024156953636c.jpg,1,stylegan3,ffhq,train
data/wildfake/stylegan3/3fb8946b2f0ad31b.jpg,1,stylegan3,ffhq,train
data/wildfake/stylegan3/ab5771a815e7d30d.jpg,1,stylegan3,ffhq,train
data/wildfake/stylegan3/f04e65ca15a23f32.jpg,1,stylegan3,ffhq,train
data/wildfake/stylegan3/f75d4532616c58a3.jpg,1,stylegan3,ffhq,train
data/wildfake/stylegan3/4f46a93602cbf85e.jpg,1,stylegan3,ffhq,train
data/wildfake/stylegan3/af21fca36454a716.jpg,1,stylegan3,ffhq,train
data/wildfake/stylegan3/9b00969b5a3d4240.jpg,1,stylegan3,ffhq,train
data/wildfake/stylegan3/147823426064fb26.jpg,1,stylegan3,ffhq,train
data/wildfake/stylegan3/5bf356f6d88e2acd.jpg,1,stylegan3,ffhq,train
data/wildfake/stylegan3/712b17b8cdef3da7.jpg,1,stylegan3,ffhq,train
data/wildfake/stylegan3/e317ee0bd28197d2.jpg,1,stylegan3,ffhq,train
data/wildfake/stylegan3/2cb6b653015059c3.jpg,1,stylegan3,ffhq,train
data/wildfake/stylegan3/04e631c0bc089b81.jpg,1,stylegan3,ffhq,train
data/wildfake/stylegan3/d0c5fccc268c0098.jpg,1,stylegan3,ffhq,train
data/wildfake/stylegan3/755dea0cbaa784cd.jpg,1,stylegan3,ffhq,train
data/wildfake/stylegan3/2832fe1e69cb99ef.jpg,1,stylegan3,ffhq,train
data/wildfake/stylegan3/5bf96041ffd8a6fd.jpg,1,stylegan3,ffhq,train
data/wildfake/stylegan3/f2f0961c0f4c6521.jpg,1,stylegan3,ffhq,train
data/wildfake/stylegan3/44ae795ef18f80de.jpg,1,stylegan3,ffhq,train
data/wildfake/stylegan3/31b950d2e921c99e.jpg,1,stylegan3,ffhq,train
data/wildfake/stylegan3/d4357ede37a2ca38.jpg,1,stylegan3,ffhq,train
data/wildfake/stylegan3/5e16e6f88479cd55.jpg,1,stylegan3,ffhq,train
data/wildfake/stylegan3/1a0c9d04047e8266.jpg,1,stylegan3,ffhq,train
data/wildfake/stylegan3/168454a9cf1bb369.jpg,1,stylegan3,ffhq,train
data/wildfake/stylegan3/d808b08b46649e65.jpg,1,stylegan3,ffhq,train
data/wildfake/stylegan3/ae41c381ae14e087.jpg,1,stylegan3,ffhq,train
data/wildfake/stylegan3/17d4d6f64949b367.jpg,1,stylegan3,ffhq,train
data/wildfake/stylegan3/f8390f5ea194b301.jpg,1,stylegan3,ffhq,train
data/wildfake/stylegan3/5734fc3f7045efb8.jpg,1,stylegan3,ffhq,train
data/wildfake/stylegan3/32998cfbdc594ab4.jpg,1,stylegan3,ffhq,train
data/wildfake/stylegan3/7f5f6900df1e04b4.jpg,1,stylegan3,ffhq,train
data/wildfake/stylegan3/08cf196df078145e.jpg,1,stylegan3,ffhq,train
data/wildfake/stylegan3/5819fac088638e59.jpg,1,stylegan3,ffhq,train
data/wildfake/stylegan3/a4fe901bf29c12c4.jpg,1,stylegan3,ffhq,train
data/wildfake/stylegan3/58c5ee89435b6541.jpg,1,stylegan3,ffhq,train
data/wildfake/stylegan3/abf1ea3b88c24e8f.jpg,1,stylegan3,ffhq,train
data/wildfake/stylegan3/ddfe30f76e7a06b2.jpg,1,stylegan3,ffhq,train
data/wildfake/stylegan3/30220b1153cb4345.jpg,1,stylegan3,ffhq,train
data/wildfake/stylegan3/5ba088702f4ca9a7.jpg,1,stylegan3,ffhq,train
data/wildfake/stylegan3/b7bdb42906b434f3.jpg,1,stylegan3,ffhq,train
data/wildfake/stylegan3/aa2b667ae2bbb56b.jpg,1,stylegan3,ffhq,train
data/wildfake/stylegan3/afac5d45c73c007c.jpg,1,stylegan3,ffhq,train
data/wildfake/stylegan3/69fb6c9317676187.jpg,1,stylegan3,ffhq,train
data/wildfake/stylegan3/1a7fd0a8ec611fe1.jpg,1,stylegan3,ffhq,train
data/wildfake/stylegan3/2e7c6ce43970ff88.jpg,1,stylegan3,ffhq,train
data/wildfake/stylegan3/7227522a636e81fe.jpg,1,stylegan3,ffhq,train
data/wildfake/stylegan3/1c95edb3870a73d4.jpg,1,stylegan3,ffhq,train
data/wildfake/stylegan3/a5d528eeebe24cb2.jpg,1,stylegan3,ffhq,train
data/wildfake/stylegan3/2d0e9ec6b0c0a501.jpg,1,stylegan3,ffhq,train
data/wildfake/stylegan3/1945bf2af40e0de2.jpg,1,stylegan3,ffhq,train
data/wildfake/stylegan3/c1bb004a0fe5867a.jpg,1,stylegan3,ffhq,train
data/wildfake/stylegan3/d29af458708d7715.jpg,1,stylegan3,ffhq,train
data/wildfake/stylegan3/99120fa3b028c928.jpg,1,stylegan3,ffhq,train
data/wildfake/stylegan3/d9e062cfa43b5cef.jpg,1,stylegan3,ffhq,train
data/wildfake/stylegan3/9d0aa9a7a526ed5d.jpg,1,stylegan3,ffhq,train
data/wildfake/stylegan3/ef4a07267ae2cd02.jpg,1,stylegan3,ffhq,train
data/wildfake/stylegan3/6ccf6cd22e2891b4.jpg,1,stylegan3,ffhq,train
data/wildfake/stylegan3/a9589d2fb5676cdd.jpg,1,stylegan3,ffhq,train
data/wildfake/stylegan3/430da2019fbd0e36.jpg,1,stylegan3,ffhq,train
data/wildfake/stylegan3/3d36ce35785c8072.jpg,1,stylegan3,ffhq,train
data/wildfake/stylegan3/9dbcbc72078ca427.jpg,1,stylegan3,ffhq,train
data/wildfake/stylegan3/b566af0b2716ff43.jpg,1,stylegan3,ffhq,train
data/wildfake/stylegan3/d0e97d89858d2392.jpg,1,stylegan3,ffhq,train
data/wildfake/stylegan3/a336db05d1e9b3e8.jpg,1,stylegan3,ffhq,train
data/wildfake/stylegan3/a077f606049082ef.jpg,1,stylegan3,ffhq,train
data/wildfake/stylegan3/9d06b4915361a1d8.jpg,1,stylegan3,ffhq,train
data/wildfake/stylegan3/f004be9114fb3ed6.jpg,1,stylegan3,ffhq,train
data/wildfake/stylegan3/118c65f8e472bc3a.jpg,1,stylegan3,ffhq,train
data/wildfake/stylegan3/920f1edef77b5a4a.jpg,1,stylegan3,ffhq,train
data/wildfake/stylegan3/a31c7074d0f0a0b2.jpg,1,stylegan3,ffhq,train
data/wildfake/stylegan3/6e9059a183979d60.jpg,1,stylegan3,ffhq,train
data/wildfake/stylegan3/a73255f2af6e07e2.jpg,1,stylegan3,ffhq,train
data/wildfake/stylegan3/70b993cce4b891f5.jpg,1,stylegan3,ffhq,train
data/wildfake/stylegan3/0cd841c08468b070.jpg,1,stylegan3,ffhq,train
data/wildfake/stylegan3/cb97afcb87f4d1d7.jpg,1,stylegan3,ffhq,train
data/wildfake/stylegan3/d53631bf5d1da789.jpg,1,stylegan3,ffhq,train
data/wildfake/stylegan3/ec2b71de4d2f5876.jpg,1,stylegan3,ffhq,train
data/wildfake/stylegan3/388e3e793c036789.jpg,1,stylegan3,ffhq,train
data/wildfake/stylegan3/32bd4d27c137aa09.jpg,1,stylegan3,ffhq,train
data/wildfake/stylegan3/9e5f4ee549b61560.jpg,1,stylegan3,ffhq,train
data/wildfake/stylegan3/28aa8f736232adfb.jpg,1,stylegan3,ffhq,train
data/wildfake/stylegan3/138fac3403609176.jpg,1,stylegan3,ffhq,train
data/wildfake/stylegan3/8b547f016cbaff6e.jpg,1,stylegan3,ffhq,train
data/wildfake/stylegan3/88aee36a3e21bf17.jpg,1,stylegan3,ffhq,train
data/wildfake/stylegan3/fd4d8e09537b77a4.jpg,1,stylegan3,ffhq,train
data/wildfake/stylegan3/e965aca93e8980f9.jpg,1,stylegan3,ffhq,train
data/wildfake/stylegan3/08c7ae5a57a70e37.jpg,1,stylegan3,ffhq,train
data/wildfake/stylegan3/88cd6a62c198e434.jpg,1,stylegan3,ffhq,train
data/wildfake/stylegan3/4e4fcc4f277cde39.jpg,1,stylegan3,ffhq,train
data/wildfake/stylegan3/272ab9db1540c88d.jpg,1,stylegan3,ffhq,train
data/wildfake/stylegan3/da53e87bbe99798f.jpg,1,stylegan3,ffhq,train
data/wildfake/stylegan3/3c9a380214491e4a.jpg,1,stylegan3,ffhq,train
data/wildfake/stylegan3/2b61880f848b0188.jpg,1,stylegan3,ffhq,train
data/wildfake/stylegan3/cb14d4207db63058.jpg,1,stylegan3,ffhq,train
data/wildfake/stylegan3/5c9aa2cee66f5b48.jpg,1,stylegan3,ffhq,train
data/wildfake/stylegan3/9299a0c324f72b58.jpg,1,stylegan3,ffhq,train
data/wildfake/stylegan3/0f5bb63c62367b5f.jpg,1,stylegan3,ffhq,train
data/wildfake/stylegan3/df43fe6cbf0a6ddd.jpg,1,stylegan3,ffhq,train
data/wildfake/stylegan3/2d846c211d141e47.jpg,1,stylegan3,ffhq,train
data/wildfake/stylegan3/9fd297cb23b1c11c.jpg,1,stylegan3,ffhq,train
data/wildfake/stylegan3/24614abfb4fb99ab.jpg,1,stylegan3,ffhq,train
data/wildfake/stylegan3/f8bc69b1fdda15db.jpg,1,stylegan3,ffhq,train
data/wildfake/stylegan3/2c2aaf57f2f90872.jpg,1,stylegan3,ffhq,train
data/wildfake/stylegan3/a29da9f633b3f964.jpg,1,stylegan3,ffhq,train
data/wildfake/stylegan3/8dbd82767ab0df72.jpg,1,stylegan3,ffhq,train
data/wildfake/stylegan3/e3ac2e70fd3f6f44.jpg,1,stylegan3,ffhq,train
data/wildfake/stylegan3/c4d73c5f9a2f943a.jpg,1,stylegan3,ffhq,train
data/wildfake/stylegan3/f756c08e3192fd8b.jpg,1,stylegan3,ffhq,train
data/wildfake/stylegan3/6c37d3cb5956e792.jpg,1,stylegan3,ffhq,train
data/wildfake/stylegan3/8864277a01aafd9e.jpg,1,stylegan3,ffhq,train
data/wildfake/stylegan3/fee5009820fd6c4e.jpg,1,stylegan3,ffhq,train
data/wildfake/stylegan3/b57a2cd66b46e6d5.jpg,1,stylegan3,ffhq,train
data/wildfake/stylegan3/70835d1d349b05ed.jpg,1,stylegan3,ffhq,train
data/wildfake/stylegan3/d0f340fbb1d95ce9.jpg,1,stylegan3,ffhq,train
data/wildfake/stylegan3/1d13bc3c89b4e8b8.jpg,1,stylegan3,ffhq,train
data/wildfake/stylegan3/f35b2c515102094e.jpg,1,stylegan3,ffhq,train
data/wildfake/stylegan3/221734c46a83c4ca.jpg,1,stylegan3,ffhq,train
data/wildfake/stylegan3/c2d4b403f7bd0876.jpg,1,stylegan3,ffhq,train
data/wildfake/stylegan3/447352257751822a.jpg,1,stylegan3,ffhq,train
data/wildfake/stylegan3/416327489a705d9b.jpg,1,stylegan3,ffhq,train
data/wildfake/stylegan3/ea67cf2f32c62cd1.jpg,1,stylegan3,ffhq,train
data/wildfake/stylegan3/e56be409dcf816d3.jpg,1,stylegan3,ffhq,train
data/wildfake/stylegan3/78927a4d3ab1238f.jpg,1,stylegan3,ffhq,train
data/wildfake/stylegan3/5899496173844e30.jpg,1,stylegan3,ffhq,train
data/wildfake/stylegan3/2d2a3c9fb0a4fc3c.jpg,1,stylegan3,ffhq,train
data/wildfake/stylegan3/77eb846aa9c4e0d1.jpg,1,stylegan3,ffhq,train
data/wildfake/stylegan3/deb4b33b62b1b2b1.jpg,1,stylegan3,ffhq,train
data/wildfake/stylegan3/4f2ff707c0ebc8a3.jpg,1,stylegan3,ffhq,train
data/wildfake/stylegan3/4e5bfd378c1403d7.jpg,1,stylegan3,ffhq,train
data/wildfake/stylegan3/641f08f5db97226e.jpg,1,stylegan3,ffhq,train
data/wildfake/stylegan3/9bdc3e1f47c2dad7.jpg,1,stylegan3,ffhq,train
data/wildfake/stylegan3/f23f1591ac170179.jpg,1,stylegan3,ffhq,train
data/wildfake/stylegan3/8c6427c48b2eba31.jpg,1,stylegan3,ffhq,train
data/wildfake/stylegan3/ae1458c5f03001e1.jpg,1,stylegan3,ffhq,train
data/wildfake/stylegan3/505d2e3b280ecd45.jpg,1,stylegan3,ffhq,train
data/wildfake/stylegan3/ee3391910189c2cb.jpg,1,stylegan3,ffhq,train
data/wildfake/stylegan3/89725d77c13d7ee5.jpg,1,stylegan3,ffhq,train
data/wildfake/stylegan3/1b02aa65fd88819e.jpg,1,stylegan3,ffhq,train
data/wildfake/stylegan3/956c3c08f8b175a6.jpg,1,stylegan3,ffhq,train
data/wildfake/stylegan3/27784f6b3fe22c66.jpg,1,stylegan3,ffhq,train
data/wildfake/stylegan3/c696931d73edfc4a.jpg,1,stylegan3,ffhq,train
data/wildfake/stylegan3/2ae1ead78c358cb8.jpg,1,stylegan3,ffhq,train
data/wildfake/stylegan3/7473e19b81e55f9f.jpg,1,stylegan3,ffhq,train
data/wildfake/stylegan3/5ddf73f962bb92ba.jpg,1,stylegan3,ffhq,train
data/wildfake/stylegan3/984db7eb306fff00.jpg,1,stylegan3,ffhq,train
data/wildfake/stylegan3/8fe450ceab8feca9.jpg,1,stylegan3,ffhq,train
data/wildfake/stylegan3/df915676a7e1160f.jpg,1,stylegan3,ffhq,train
data/wildfake/stylegan3/c226c8a2f5c6d52b.jpg,1,stylegan3,ffhq,train
data/wildfake/stylegan3/3375bf73c5e99214.jpg,1,stylegan3,ffhq,train
data/wildfake/stylegan3/b5e96e59e0577f5d.jpg,1,stylegan3,ffhq,train
data/wildfake/stylegan3/6181ac5f87821a32.jpg,1,stylegan3,ffhq,train
data/wildfake/stylegan3/ed8deaf83c4b9664.jpg,1,stylegan3,ffhq,train
data/wildfake/stylegan3/3a29e878d5c39227.jpg,1,stylegan3,ffhq,train
data/wildfake/stylegan3/f9dbc79ea62dcf23.jpg,1,stylegan3,ffhq,train
data/wildfake/stylegan3/c77e79ee1fe0fc2a.jpg,1,stylegan3,ffhq,train
data/wildfake/stylegan3/2dad42ed7e24eab9.jpg,1,stylegan3,ffhq,train
data/wildfake/stylegan3/5cb7f93c80d1417d.jpg,1,stylegan3,ffhq,train
data/wildfake/stylegan3/71b3891180e42779.jpg,1,stylegan3,ffhq,train
data/wildfake/stylegan3/502a0db65f676cc7.jpg,1,stylegan3,ffhq,train
data/wildfake/stylegan3/a6c04b1f40902802.jpg,1,stylegan3,ffhq,train
data/wildfake/stylegan3/e6b3e74188b83788.jpg,1,stylegan3,ffhq,train
data/wildfake/stylegan3/412bc750d2a02efa.jpg,1,stylegan3,ffhq,train
data/wildfake/stylegan3/64f310431f50beee.jpg,1,stylegan3,ffhq,train
data/wildfake/stylegan3/7a62fdc481db2c59.jpg,1,stylegan3,ffhq,train
data/wildfake/stylegan3/96ab5b3996e93987.jpg,1,stylegan3,ffhq,train
data/wildfake/stylegan3/64c4cb463ec68cd9.jpg,1,stylegan3,ffhq,train
data/wildfake/stylegan3/69079d67aba713ed.jpg,1,stylegan3,ffhq,train
data/wildfake/stylegan3/961df4c5a2f47e1f.jpg,1,stylegan3,ffhq,train
data/wildfake/stylegan3/4addf84c1fa34016.jpg,1,stylegan3,ffhq,train
data/wildfake/stylegan3/7ce28a4d01d6d194.jpg,1,stylegan3,ffhq,train
data/wildfake/stylegan3/af037e17263ca5d7.jpg,1,stylegan3,ffhq,train
data/wildfake/stylegan3/e699eebf25e2b8d8.jpg,1,stylegan3,ffhq,train
data/wildfake/stylegan3/2ee1bd07d23d3101.jpg,1,stylegan3,ffhq,train
data/wildfake/stylegan3/41015638f0cead07.jpg,1,stylegan3,ffhq,train
data/wildfake/stylegan3/f943d0b878fd9874.jpg,1,stylegan3,ffhq,train
data/wildfake/stylegan3/6a9f2f0661ead34f.jpg,1,stylegan3,ffhq,train
data/wildfake/stylegan3/2cd0d01592e69e05.jpg,1,stylegan3,ffhq,train
data/wildfake/stylegan3/efbcc18104363654.jpg,1,stylegan3,ffhq,train
data/wildfake/stylegan3/6a37e3404a800dbf.jpg,1,stylegan3,ffhq,train
data/wildfake/stylegan3/75092f9feae7075a.jpg,1,stylegan3,ffhq,train
data/wildfake/stylegan3/c29f61c7367b16e9.jpg,1,stylegan3,ffhq,train
data/wildfake/stylegan3/3382e87b4e5d02c4.jpg,1,stylegan3,ffhq,train
data/wildfake/stylegan3/ba0ec6b99c1c1df5.jpg,1,stylegan3,ffhq,train
data/wildfake/stylegan3/8057de34da0b464d.jpg,1,stylegan3,ffhq,train
data/wildfake/stylegan3/16c4093fa0df466f.jpg,1,stylegan3,ffhq,train
data/wildfake/stylegan3/cb4d604db04f49a4.jpg,1,stylegan3,ffhq,train
data/wildfake/stylegan3/26d7e48e017282c5.jpg,1,stylegan3,ffhq,train
data/wildfake/stylegan3/08f15780f32b1a3c.jpg,1,stylegan3,ffhq,train
data/wildfake/stylegan3/072a8b1ac8e3e866.jpg,1,stylegan3,ffhq,train
data/wildfake/stylegan3/e4e104524c40804c.jpg,1,stylegan3,ffhq,train
data/wildfake/stylegan3/83e7136bffdf79c9.jpg,1,stylegan3,ffhq,train
data/wildfake/stylegan3/fba4bb3a8f5a8654.jpg,1,stylegan3,ffhq,train
data/wildfake/stylegan3/fa0203a315bbf022.jpg,1,stylegan3,ffhq,train
data/wildfake/stylegan3/81c8a1c1a779ffae.jpg,1,stylegan3,ffhq,train
data/wildfake/stylegan3/1f0e2070536b3086.jpg,1,stylegan3,ffhq,train
data/wildfake/stylegan3/d664e53a90105419.jpg,1,stylegan3,ffhq,train
data/wildfake/stylegan3/2c691fd5ee9e7659.jpg,1,stylegan3,ffhq,train
data/wildfake/stylegan3/b2d2ac28af9c34cc.jpg,1,stylegan3,ffhq,train
data/wildfake/stylegan3/d80b966fd53a20d2.jpg,1,stylegan3,ffhq,train
data/wildfake/stylegan3/6ce7b6f9ede6d1c8.jpg,1,stylegan3,ffhq,train
data/wildfake/stylegan3/d6d09137c36cca0b.jpg,1,stylegan3,ffhq,train
data/wildfake/stylegan3/81389daaadad48b4.jpg,1,stylegan3,ffhq,train
data/wildfake/stylegan3/88b9213ce11408ac.jpg,1,stylegan3,ffhq,train
data/wildfake/stylegan3/43201f0fdd2c12c8.jpg,1,stylegan3,ffhq,train
data/wildfake/stylegan3/ac6d66bf75d30fc3.jpg,1,stylegan3,ffhq,train
data/wildfake/stylegan3/3e5d045bcbd56266.jpg,1,stylegan3,ffhq,train
data/wildfake/stylegan3/79aaecf2350ac060.jpg,1,stylegan3,ffhq,train
data/wildfake/stylegan3/d6e697a22008c87e.jpg,1,stylegan3,ffhq,train
data/wildfake/stylegan3/0a1cd6962a78554f.jpg,1,stylegan3,ffhq,train
data/wildfake/stylegan3/29b07e3a74d8f323.jpg,1,stylegan3,ffhq,train
data/wildfake/stylegan3/92561316e59a18c3.jpg,1,stylegan3,ffhq,train
data/wildfake/stylegan3/a64668a35ea22368.jpg,1,stylegan3,ffhq,train
data/wildfake/stylegan3/3e1fb2c085fd55bd.jpg,1,stylegan3,ffhq,train
data/wildfake/stylegan3/729a37e05bb56afc.jpg,1,stylegan3,ffhq,train
data/wildfake/stylegan3/db2e871f64b10af5.jpg,1,stylegan3,ffhq,train
data/wildfake/stylegan3/d87be098d1a5745a.jpg,1,stylegan3,ffhq,train
data/wildfake/stylegan3/2e2004f5b18ec12b.jpg,1,stylegan3,ffhq,train
data/wildfake/stylegan3/153222d228448ae2.jpg,1,stylegan3,ffhq,train
data/wildfake/stylegan3/73d5147a8f836c58.jpg,1,stylegan3,ffhq,train
data/wildfake/stylegan3/26339f2e1bd38b45.jpg,1,stylegan3,ffhq,train
data/wildfake/stylegan3/5b931a55ea2250f6.jpg,1,stylegan3,ffhq,train
data/wildfake/stylegan3/9b569317b5dec2c3.jpg,1,stylegan3,ffhq,train
data/wildfake/stylegan3/2b2f1456a12f2b2f.jpg,1,stylegan3,ffhq,train
data/wildfake/stylegan3/67027f99e7d12b07.jpg,1,stylegan3,ffhq,train
data/wildfake/stylegan3/46c2a8c2323c9c56.jpg,1,stylegan3,ffhq,train
data/wildfake/stylegan3/393e25b122302057.jpg,1,stylegan3,ffhq,train
data/wildfake/stylegan3/40bc63df4069dfc6.jpg,1,stylegan3,ffhq,train
data/wildfake/stylegan3/03749547d9dc31b2.jpg,1,stylegan3,ffhq,train
data/wildfake/stylegan3/2858221079576f80.jpg,1,stylegan3,ffhq,train
data/wildfake/stylegan3/97a1c6be17179592.jpg,1,stylegan3,ffhq,train
data/wildfake/stylegan3/d9da565fec10408e.jpg,1,stylegan3,ffhq,train
data/wildfake/stylegan3/914398698080118b.jpg,1,stylegan3,ffhq,train
data/wildfake/stylegan3/2bf72687045c5840.jpg,1,stylegan3,ffhq,train
data/wildfake/stylegan3/e0b3d478fe8ce57f.jpg,1,stylegan3,ffhq,train
data/wildfake/stylegan3/2874ac0135d1b4e5.jpg,1,stylegan3,ffhq,train
data/wildfake/stylegan3/72b75262f7916c34.jpg,1,stylegan3,ffhq,train
data/wildfake/stylegan3/f27c5b895dc6aaf7.jpg,1,stylegan3,ffhq,train
data/wildfake/stylegan3/13d17d884ffe3cb5.jpg,1,stylegan3,ffhq,train
data/wildfake/stylegan3/46a842e4d0586df1.jpg,1,stylegan3,ffhq,train
data/wildfake/stylegan3/d093ae5270748dcd.jpg,1,stylegan3,ffhq,train
data/wildfake/stylegan3/7d771ab8bb12cdeb.jpg,1,stylegan3,ffhq,train
data/wildfake/stylegan3/85a82e6ef1a4644e.jpg,1,stylegan3,ffhq,train
data/wildfake/stylegan3/635533a2716f316a.jpg,1,stylegan3,ffhq,train
data/wildfake/stylegan3/f9e84b00c1fea9b4.jpg,1,stylegan3,ffhq,train
data/wildfake/stylegan3/a33d53f15263e8c0.jpg,1,stylegan3,ffhq,train
data/wildfake/stylegan3/aa2b0d923fa503cd.jpg,1,stylegan3,ffhq,train
data/wildfake/stylegan3/b5b0d53925bcc789.jpg,1,stylegan3,ffhq,train
data/wildfake/stylegan3/0a94c57577c76b8e.jpg,1,stylegan3,ffhq,train
data/wildfake/stylegan3/856c4dabbeb28ad8.jpg,1,stylegan3,ffhq,train
data/wildfake/stylegan3/bc7b01f839540f9f.jpg,1,stylegan3,ffhq,train
data/wildfake/stylegan3/f5bb03f057192842.jpg,1,stylegan3,ffhq,train
data/wildfake/stylegan3/0f56381194209f50.jpg,1,stylegan3,ffhq,train
data/wildfake/stylegan3/487b8b37038a8456.jpg,1,stylegan3,ffhq,train
data/wildfake/stylegan3/7af1f9d25326d714.jpg,1,stylegan3,ffhq,train
data/wildfake/stylegan3/9983c9dc6ac0ec00.jpg,1,stylegan3,ffhq,train
data/wildfake/stylegan3/2fb6d890cf3b45cf.jpg,1,stylegan3,ffhq,train
data/wildfake/stylegan3/6ede7514ad5a70b4.jpg,1,stylegan3,ffhq,train
data/wildfake/stylegan3/3290337eeea62259.jpg,1,stylegan3,ffhq,train
data/wildfake/stylegan3/bdd1e5980cbe06f5.jpg,1,stylegan3,ffhq,train
data/wildfake/stylegan3/bd9c0006f15f1d58.jpg,1,stylegan3,ffhq,train
data/wildfake/stylegan3/ead5747bf3f7ab17.jpg,1,stylegan3,ffhq,train
data/wildfake/stylegan3/3b99f6724e495d38.jpg,1,stylegan3,ffhq,train
data/wildfake/stylegan3/bfcf79f3cb61c545.jpg,1,stylegan3,ffhq,train
data/wildfake/stylegan3/db0c789e7bac8441.jpg,1,stylegan3,ffhq,train
data/wildfake/stylegan3/7dfe187049b533d1.jpg,1,stylegan3,ffhq,train
data/wildfake/stylegan3/5a6e2238d8cb7b2d.jpg,1,stylegan3,ffhq,train
data/wildfake/stylegan3/e0aec9be1ee3d960.jpg,1,stylegan3,ffhq,train
data/wildfake/stylegan3/b0132b773d126136.jpg,1,stylegan3,ffhq,train
data/wildfake/stylegan3/3b11cc56d611b0b4.jpg,1,stylegan3,ffhq,train
data/wildfake/stylegan3/9dc58704ba8cc295.jpg,1,stylegan3,ffhq,train
data/wildfake/stylegan3/1fef57883b8f50ab.jpg,1,stylegan3,ffhq,train
data/wildfake/stylegan3/a8e1be03fbc90ddc.jpg,1,stylegan3,ffhq,train
data/wildfake/stylegan3/8a379b60ea8aa7fd.jpg,1,stylegan3,ffhq,train
data/wildfake/stylegan3/537a150cc05d917a.jpg,1,stylegan3,ffhq,train
data/wildfake/stylegan3/45a944441114a434.jpg,1,stylegan3,ffhq,train
data/wildfake/stylegan3/009d7631ac826154.jpg,1,stylegan3,ffhq,train
data/wildfake/stylegan3/0047604fdb1acb81.jpg,1,stylegan3,ffhq,train
data/wildfake/stylegan3/221ba3e0495a79f1.jpg,1,stylegan3,ffhq,train
data/wildfake/stylegan3/6eb75367e14caea4.jpg,1,stylegan3,ffhq,train
data/wildfake/stylegan3/13f682c8c1e3211b.jpg,1,stylegan3,ffhq,train
data/wildfake/stylegan3/6708dabd82ed8362.jpg,1,stylegan3,ffhq,train
data/wildfake/stylegan3/c66a185b8999109b.jpg,1,stylegan3,ffhq,train
data/wildfake/stylegan3/9eb3381c16f2ecb5.jpg,1,stylegan3,ffhq,train
data/wildfake/stylegan3/a28905906b240cab.jpg,1,stylegan3,ffhq,train
data/wildfake/stylegan3/76b69b75c81c516f.jpg,1,stylegan3,ffhq,train
data/wildfake/stylegan3/5fb240535249ceaf.jpg,1,stylegan3,ffhq,train
data/wildfake/stylegan3/a28467bdfe0bfd8f.jpg,1,stylegan3,ffhq,train
data/wildfake/stylegan3/3afa66b80e1dbf74.jpg,1,stylegan3,ffhq,train
data/wildfake/stylegan3/ee1399f5541eb258.jpg,1,stylegan3,ffhq,train
data/wildfake/stylegan3/da63ab5c8cb5e167.jpg,1,stylegan3,ffhq,train
data/wildfake/stylegan3/27ea333c4432c73d.jpg,1,stylegan3,ffhq,train
data/wildfake/stylegan3/7869b7fd047b306a.jpg,1,stylegan3,ffhq,train
data/wildfake/stylegan3/c8aed65dfb406be0.jpg,1,stylegan3,ffhq,train
data/wildfake/stylegan3/60bd5d3c49c6dd9f.jpg,1,stylegan3,ffhq,train
data/wildfake/stylegan3/abd274721256b9cf.jpg,1,stylegan3,ffhq,train
data/wildfake/stylegan3/843a6859cf8ab6b5.jpg,1,stylegan3,ffhq,train
data/wildfake/stylegan3/dae2d8109c3a54a6.jpg,1,stylegan3,ffhq,train
data/wildfake/stylegan3/3c70ae97ff7f47ec.jpg,1,stylegan3,ffhq,train
data/wildfake/stylegan3/92e2c1114e48dcf7.jpg,1,stylegan3,ffhq,train
data/wildfake/stylegan3/aea29d976f8c545b.jpg,1,stylegan3,ffhq,train
data/wildfake/stylegan3/fb41ddf2fc2fe8c1.jpg,1,stylegan3,ffhq,train
data/wildfake/stylegan3/1e940455587a4640.jpg,1,stylegan3,ffhq,train
data/wildfake/stylegan3/33cefd4496020492.jpg,1,stylegan3,ffhq,train
data/wildfake/stylegan3/cb70cd1ab0594069.jpg,1,stylegan3,ffhq,train
data/wildfake/stylegan3/2b1ac94dc8ac9b5e.jpg,1,stylegan3,ffhq,train
data/wildfake/stylegan3/6ec693cece9325d6.jpg,1,stylegan3,ffhq,train
data/wildfake/stylegan3/411126dfc974af8d.jpg,1,stylegan3,ffhq,train
data/wildfake/stylegan3/4d115f2c3c437ab9.jpg,1,stylegan3,ffhq,train
data/wildfake/stylegan3/338afe3d1412f655.jpg,1,stylegan3,ffhq,train
data/wildfake/stylegan3/d2ccfcd372d85ce4.jpg,1,stylegan3,ffhq,train
data/wildfake/stylegan3/6edd8c8e469f56f2.jpg,1,stylegan3,ffhq,train
data/wildfake/stylegan3/cf3b28d474bd6e8e.jpg,1,stylegan3,ffhq,train
data/wildfake/stylegan3/705be0563791060b.jpg,1,stylegan3,ffhq,train
data/wildfake/stylegan3/139bf4d15627d161.jpg,1,stylegan3,ffhq,train
data/wildfake/stylegan3/ae51c37c268a67c5.jpg,1,stylegan3,ffhq,train
data/wildfake/stylegan3/f2de65d4090c9b36.jpg,1,stylegan3,ffhq,train
data/wildfake/stylegan3/84f8177b101461e5.jpg,1,stylegan3,ffhq,train
data/wildfake/stylegan3/87143ed2d6bdebea.jpg,1,stylegan3,ffhq,train
data/wildfake/stylegan3/8864e6b5cacc47cb.jpg,1,stylegan3,ffhq,train
data/wildfake/stylegan3/ab3be7e836eb6931.jpg,1,stylegan3,ffhq,train
data/wildfake/stylegan3/2b0c3337eddd5ce8.jpg,1,stylegan3,ffhq,train
data/wildfake/stylegan3/0d1edf96105508b8.jpg,1,stylegan3,ffhq,train
data/wildfake/stylegan3/1a6a60cebbb0fea8.jpg,1,stylegan3,ffhq,train
data/wildfake/stylegan3/15d57862ea4aa862.jpg,1,stylegan3,ffhq,train
data/wildfake/stylegan3/4f5f95af1e556e58.jpg,1,stylegan3,ffhq,train
data/wildfake/stylegan3/06ee43f242e156e3.jpg,1,stylegan3,ffhq,train
data/wildfake/stylegan3/c27c881e97ab8d29.jpg,1,stylegan3,ffhq,train
data/wildfake/stylegan3/7135a96707670046.jpg,1,stylegan3,ffhq,train
data/wildfake/stylegan3/633a1356cd7c321f.jpg,1,stylegan3,ffhq,train
data/wildfake/stylegan3/5c99d8b71de9a134.jpg,1,stylegan3,ffhq,train
data/wildfake/stylegan3/f84d63bb7123b419.jpg,1,stylegan3,ffhq,train
data/wildfake/stylegan3/a92967e68763188e.jpg,1,stylegan3,ffhq,train
data/wildfake/stylegan3/f47b521d327e7d50.jpg,1,stylegan3,ffhq,train
data/wildfake/stylegan3/1e5b408da2f5782e.jpg,1,stylegan3,ffhq,train
data/wildfake/stylegan3/b3a90ed33a757056.jpg,1,stylegan3,ffhq,train
data/wildfake/stylegan3/dee2cf197ad87d7c.jpg,1,stylegan3,ffhq,train
data/wildfake/stylegan3/d5ba12af8e6051be.jpg,1,stylegan3,ffhq,train
data/wildfake/stylegan3/8d270b9c82dec7b0.jpg,1,stylegan3,ffhq,train
data/wildfake/stylegan3/42b567015201275d.jpg,1,stylegan3,ffhq,train
data/wildfake/stylegan3/c2fc14daacbfa7af.jpg,1,stylegan3,ffhq,train
data/wildfake/stylegan3/c613c9a1a78ed1fe.jpg,1,stylegan3,ffhq,train
data/wildfake/stylegan3/5d72c3b62a2bef1a.jpg,1,stylegan3,ffhq,train
data/wildfake/stylegan3/601e1c03c8f23f17.jpg,1,stylegan3,ffhq,train
data/wildfake/stylegan3/7d0c84bbe212eb7f.jpg,1,stylegan3,ffhq,train
data/wildfake/stylegan3/2510068d03e2e063.jpg,1,stylegan3,ffhq,train
data/wildfake/stylegan3/6293c02c288b038c.jpg,1,stylegan3,ffhq,train
data/wildfake/stylegan3/2781ccf537c56180.jpg,1,stylegan3,ffhq,train
data/wildfake/stylegan3/452667d50aa9ec0f.jpg,1,stylegan3,ffhq,train
data/wildfake/stylegan3/a40632f1f7ff647e.jpg,1,stylegan3,ffhq,train
data/wildfake/stylegan3/71185217db3254fe.jpg,1,stylegan3,ffhq,train
data/wildfake/stylegan3/bd188bb0dad62b34.jpg,1,stylegan3,ffhq,train
data/wildfake/stylegan3/49cb47e8ff11e570.jpg,1,stylegan3,ffhq,train
data/wildfake/stylegan3/935dc58c1c9f985b.jpg,1,stylegan3,ffhq,train
data/wildfake/stylegan3/1278d3ac4320503f.jpg,1,stylegan3,ffhq,train
data/wildfake/stylegan3/de93ad6b59517cd3.jpg,1,stylegan3,ffhq,train
data/wildfake/stylegan3/df40bd7b828a298e.jpg,1,stylegan3,ffhq,train
data/wildfake/stylegan3/db5826f32b59f15f.jpg,1,stylegan3,ffhq,train
data/wildfake/stylegan3/76b6c5cf2f35a230.jpg,1,stylegan3,ffhq,train
data/wildfake/stylegan3/c9e98a807a95dc18.jpg,1,stylegan3,ffhq,train
data/wildfake/stylegan3/70ad15a74750cb62.jpg,1,stylegan3,ffhq,train
data/wildfake/stylegan3/96500e71c9120e46.jpg,1,stylegan3,ffhq,train
data/wildfake/stylegan3/a58102248db75cb2.jpg,1,stylegan3,ffhq,train
data/wildfake/stylegan3/ed2ac104ecbbf68f.jpg,1,stylegan3,ffhq,train
data/wildfake/stylegan3/342423f564907d2f.jpg,1,stylegan3,ffhq,train
data/wildfake/stylegan3/19105069425b508f.jpg,1,stylegan3,ffhq,train
data/wildfake/stylegan3/060cad7033357bff.jpg,1,stylegan3,ffhq,train
data/wildfake/stylegan3/56c89c820b7b7189.jpg,1,stylegan3,ffhq,train
data/wildfake/stylegan3/6db2482ee731d525.jpg,1,stylegan3,ffhq,train
data/wildfake/stylegan3/31922ef4d06c2043.jpg,1,stylegan3,ffhq,train
data/wildfake/stylegan3/695142d62d690b21.jpg,1,stylegan3,ffhq,train
data/wildfake/stylegan3/e14a45148464803f.jpg,1,stylegan3,ffhq,train
data/wildfake/stylegan3/f3ca75bc70c89163.jpg,1,stylegan3,ffhq,train
data/wildfake/stylegan3/fb7bbb84abaa80fc.jpg,1,stylegan3,ffhq,train
data/wildfake/stylegan3/1598ce3a772ab60a.jpg,1,stylegan3,ffhq,train
data/wildfake/stylegan3/c2507db0d4195878.jpg,1,stylegan3,ffhq,train
data/wildfake/stylegan3/30fcc46da35454f5.jpg,1,stylegan3,ffhq,train
data/wildfake/stylegan3/cd8369a5c79dc700.jpg,1,stylegan3,ffhq,train
data/wildfake/stylegan3/78e08c7d8d0a5890.jpg,1,stylegan3,ffhq,train
data/wildfake/stylegan3/b5fbf956380adbf6.jpg,1,stylegan3,ffhq,train
data/wildfake/stylegan3/8a4442d4776d70ba.jpg,1,stylegan3,ffhq,train
data/wildfake/stylegan3/a1b93eb24cf96d65.jpg,1,stylegan3,ffhq,train
data/wildfake/stylegan3/63a1fe45bcb6403a.jpg,1,stylegan3,ffhq,train
data/wildfake/stylegan3/ea5120cd8a4f3434.jpg,1,stylegan3,ffhq,train
data/wildfake/stylegan3/cbbde5ba2f144f70.jpg,1,stylegan3,ffhq,train
data/wildfake/stylegan3/520ffcc10fd84755.jpg,1,stylegan3,ffhq,train
data/wildfake/stylegan3/224378b4da9a2bf7.jpg,1,stylegan3,ffhq,train
data/wildfake/stylegan3/8af1325f57884431.jpg,1,stylegan3,ffhq,train
data/wildfake/stylegan3/7ef387fa1cd30535.jpg,1,stylegan3,ffhq,train
data/wildfake/stylegan3/7eb766560ce8565e.jpg,1,stylegan3,ffhq,train
data/wildfake/stylegan3/fb6856a0b82d039f.jpg,1,stylegan3,ffhq,train
data/wildfake/stylegan3/ce41f004333f0fda.jpg,1,stylegan3,ffhq,train
data/wildfake/stylegan3/a7febda3a5305eb8.jpg,1,stylegan3,ffhq,train
data/wildfake/stylegan3/98eefa66b96b218e.jpg,1,stylegan3,ffhq,train
data/wildfake/stylegan3/aed160de0498e48b.jpg,1,stylegan3,ffhq,train
data/wildfake/stylegan3/a1efb3606c993c87.jpg,1,stylegan3,ffhq,train
data/wildfake/stylegan3/2762d990825e5965.jpg,1,stylegan3,ffhq,train
data/wildfake/stylegan3/b91afdcd3583ca05.jpg,1,stylegan3,ffhq,train
data/wildfake/stylegan3/c32db4fb740818d7.jpg,1,stylegan3,ffhq,train
data/wildfake/stylegan3/c7eeb38d6604c518.jpg,1,stylegan3,ffhq,train
data/wildfake/stylegan3/249b8ac7db52a013.jpg,1,stylegan3,ffhq,train
data/wildfake/stylegan3/5a66b2655e1d24d5.jpg,1,stylegan3,ffhq,train
data/wildfake/stylegan3/891323bee05db2df.jpg,1,stylegan3,ffhq,train
data/wildfake/stylegan3/bf54eb8a2bb50bd5.jpg,1,stylegan3,ffhq,train
data/wildfake/stylegan3/3b882d5b810147ef.jpg,1,stylegan3,ffhq,train
data/wildfake/stylegan3/7a6b4cba7dea46fd.jpg,1,stylegan3,ffhq,train
data/wildfake/stylegan3/7c33d1d50586cf3a.jpg,1,stylegan3,ffhq,train
data/wildfake/stylegan3/79116b46ca3f84bb.jpg,1,stylegan3,ffhq,train
data/wildfake/stylegan3/074a6efaf569e816.jpg,1,stylegan3,ffhq,train
data/wildfake/stylegan3/f1c46640dd0af3f8.jpg,1,stylegan3,ffhq,train
data/wildfake/stylegan3/bcb7a61c08f8c20f.jpg,1,stylegan3,ffhq,train
data/wildfake/stylegan3/95cdc25c57f42fad.jpg,1,stylegan3,ffhq,train
data/wildfake/stylegan3/0fa5d6b6a9c2494f.jpg,1,stylegan3,ffhq,train
data/wildfake/stylegan3/798127635f85d8bb.jpg,1,stylegan3,ffhq,train
data/wildfake/stylegan3/c5903a18a2b0d0a5.jpg,1,stylegan3,ffhq,train
data/wildfake/stylegan3/f744023011e79e13.jpg,1,stylegan3,ffhq,train
data/wildfake/stylegan3/c760b6e9664bf10f.jpg,1,stylegan3,ffhq,train
data/wildfake/stylegan3/a8ddb952c887f5b6.jpg,1,stylegan3,ffhq,train
data/wildfake/stylegan3/f9859ae4525efdc2.jpg,1,stylegan3,ffhq,train
data/wildfake/stylegan3/6a67107106cf0e7f.jpg,1,stylegan3,ffhq,train
data/wildfake/stylegan3/ecf9365b69b3d0a8.jpg,1,stylegan3,ffhq,train
data/wildfake/stylegan3/fcbfc3140697e337.jpg,1,stylegan3,ffhq,train
data/wildfake/stylegan3/84e9b4429c56d150.jpg,1,stylegan3,ffhq,train
data/wildfake/stylegan3/8cdb5f764668028a.jpg,1,stylegan3,ffhq,train
data/wildfake/stylegan3/3eb40a469f995c60.jpg,1,stylegan3,ffhq,train
data/wildfake/stylegan3/9fe6ff8b87b3b42a.jpg,1,stylegan3,ffhq,train
data/wildfake/stylegan3/9e47dc6f4c752a75.jpg,1,stylegan3,ffhq,train
data/wildfake/stylegan3/6170c5a1fc61dbee.jpg,1,stylegan3,ffhq,train
data/wildfake/stylegan3/61d7c6df5b651ba7.jpg,1,stylegan3,ffhq,train
data/wildfake/stylegan3/1f45290d9261d7ef.jpg,1,stylegan3,ffhq,train
data/wildfake/stylegan3/093f32bed7904c7e.jpg,1,stylegan3,ffhq,train
data/wildfake/stylegan3/b9023f7a923e6ae6.jpg,1,stylegan3,ffhq,train
data/wildfake/stylegan3/e5cfb79d81afd1fa.jpg,1,stylegan3,ffhq,train
data/wildfake/stylegan3/1df6695462bc985b.jpg,1,stylegan3,ffhq,train
data/wildfake/stylegan3/ab4f4ecd1b945258.jpg,1,stylegan3,ffhq,train
data/wildfake/stylegan3/cdccf1759acd7f55.jpg,1,stylegan3,ffhq,train
data/wildfake/stylegan3/4855edd8356b6e64.jpg,1,stylegan3,ffhq,train
data/wildfake/stylegan3/af0f97b745595a4c.jpg,1,stylegan3,ffhq,train
data/wildfake/stylegan3/5885ccfc6af72712.jpg,1,stylegan3,ffhq,train
data/wildfake/stylegan3/cd53f639a1c47ecb.jpg,1,stylegan3,ffhq,train
data/wildfake/stylegan3/11648d00f11581d1.jpg,1,stylegan3,ffhq,train
data/wildfake/stylegan3/c81b939a648e9cf5.jpg,1,stylegan3,ffhq,train
data/wildfake/stylegan3/523e9554c64aafa4.jpg,1,stylegan3,ffhq,train
data/wildfake/stylegan3/fc772c688a330f0f.jpg,1,stylegan3,ffhq,train
data/wildfake/stylegan3/58db0465dc71c752.jpg,1,stylegan3,ffhq,train
data/wildfake/stylegan3/7dbe8ef69783edc9.jpg,1,stylegan3,ffhq,train
data/wildfake/stylegan3/33aa9a97ded3d9a8.jpg,1,stylegan3,ffhq,train
data/wildfake/stylegan3/c93011d6dc6e8e3d.jpg,1,stylegan3,ffhq,train
data/wildfake/stylegan3/af671fd8bb9dd20a.jpg,1,stylegan3,ffhq,train
data/wildfake/stylegan3/2e1fab51f9de1387.jpg,1,stylegan3,ffhq,train
data/wildfake/stylegan3/5165acea48ef3924.jpg,1,stylegan3,ffhq,train
data/wildfake/stylegan3/1e812b7e55845e75.jpg,1,stylegan3,ffhq,train
data/wildfake/stylegan3/129074e95565b13b.jpg,1,stylegan3,ffhq,train
data/wildfake/real/d44e65ae2068ce0c.jpg,0,real,imagenet,val
data/wildfake/real/e99c355fa2aad63a.jpg,0,real,imagenet,val
data/wildfake/real/e7d0f8e3dc42465f.jpg,0,real,imagenet,val
data/wildfake/real/af6ca2a761d99723.jpg,0,real,imagenet,val
data/wildfake/real/0ecb2ccb579cd05c.jpg,0,real,imagenet,val
data/wildfake/real/8ecafb988565205c.jpg,0,real,imagenet,val
data/wildfake/real/20cc14ef32eab28c.jpg,0,real,imagenet,val
data/wildfake/real/4818af632a45f401.jpg,0,real,imagenet,val
data/wildfake/real/b07f3c1ba3f29112.jpg,0,real,imagenet,val
data/wildfake/real/fb78cfbf8f961718.jpg,0,real,imagenet,val
data/wildfake/real/8f8cb0e4eab4fb58.jpg,0,real,imagenet,val
data/wildfake/real/60c9a785b152eb52.jpg,0,real,imagenet,val
data/wildfake/real/123ce778ec059045.jpg,0,real,imagenet,val
data/wildfake/real/1a07ac51da8875a7.jpg,0,real,imagenet,val
data/wildfake/real/84ed3648ef3cdb12.jpg,0,real,imagenet,val
data/wildfake/real/80c6d6b9c9d8b959.jpg,0,real,imagenet,val
data/wildfake/real/29940a53d84ab56a.jpg,0,real,imagenet,val
data/wildfake/real/23a1dddcf1f3e704.jpg,0,real,imagenet,val
data/wildfake/real/ed7630753e0c2eec.jpg,0,real,imagenet,val
data/wildfake/real/3318dc0353ec679b.jpg,0,real,imagenet,val
data/wildfake/real/f7c2a98b892a90e1.jpg,0,real,imagenet,val
data/wildfake/real/0e787faec5fbf7ed.jpg,0,real,imagenet,val
data/wildfake/real/344059602405f459.jpg,0,real,imagenet,val
data/wildfake/real/6f2ccbae583ec2f4.jpg,0,real,imagenet,val
data/wildfake/real/3acb6decdb44cdd0.jpg,0,real,imagenet,val
data/wildfake/real/f9ebc746205a2b4d.jpg,0,real,imagenet,val
data/wildfake/real/049f5770656fd3b3.jpg,0,real,imagenet,val
data/wildfake/real/a4420283a462051b.jpg,0,real,imagenet,val
data/wildfake/real/d19b322593f0528a.jpg,0,real,imagenet,val
data/wildfake/real/01fe516532c85271.jpg,0,real,imagenet,val
data/wildfake/real/00c19d64ee78d6e9.jpg,0,real,imagenet,val
data/wildfake/real/52eb13ad0a060ce7.jpg,0,real,imagenet,val
data/wildfake/real/f82fb34cf6ff5a15.jpg,0,real,imagenet,val
data/wildfake/real/8469eccf748aa161.jpg,0,real,imagenet,val
data/wildfake/real/40f714c3ac578d76.jpg,0,real,imagenet,val
data/wildfake/real/262a0bf3d3d73aa1.jpg,0,real,imagenet,val
data/wildfake/real/0c2edbc65a46b01a.jpg,0,real,imagenet,val
data/wildfake/real/05a0c7e7e38fc9f0.jpg,0,real,imagenet,val
data/wildfake/real/6bc5a3b34a816765.jpg,0,real,imagenet,val
data/wildfake/real/ed1d9d7b24ff3cf6.jpg,0,real,imagenet,val
data/wildfake/real/9853c540a9ab5bef.jpg,0,real,imagenet,val
data/wildfake/real/466b65f615f94599.jpg,0,real,imagenet,val
data/wildfake/real/09c12d2b295a1e51.jpg,0,real,imagenet,val
data/wildfake/real/5df7d30ea5a4b260.jpg,0,real,imagenet,val
data/wildfake/real/5cb4660cb5d6f3c1.jpg,0,real,imagenet,val
data/wildfake/real/6fe04c260ee6e12e.jpg,0,real,imagenet,val
data/wildfake/real/e493f95d94e48ba0.jpg,0,real,imagenet,val
data/wildfake/real/affb49967f443105.jpg,0,real,imagenet,val
data/wildfake/real/9180799fdf25cbd0.jpg,0,real,imagenet,val
data/wildfake/real/f882b2334666016d.jpg,0,real,imagenet,val
data/wildfake/real/62346a38a4f062b5.jpg,0,real,imagenet,val
data/wildfake/real/ecd541da55d47a14.jpg,0,real,imagenet,val
data/wildfake/real/892c9da0ad10c19f.jpg,0,real,imagenet,val
data/wildfake/real/c243935b99c946cb.jpg,0,real,imagenet,val
data/wildfake/real/fa3b633941842cd1.jpg,0,real,imagenet,val
data/wildfake/real/e08a138ecf15ead0.jpg,0,real,imagenet,val
data/wildfake/real/8c7b079591a2a280.jpg,0,real,imagenet,val
data/wildfake/real/9c1f1cf78bfafef4.jpg,0,real,imagenet,val
data/wildfake/real/cce18c3454b10344.jpg,0,real,imagenet,val
data/wildfake/real/0a25b02338e5d10e.jpg,0,real,imagenet,val
data/wildfake/real/e26263dbd6344e05.jpg,0,real,imagenet,val
data/wildfake/real/a627810c72705194.jpg,0,real,imagenet,val
data/wildfake/real/29d653e1d845bfa1.jpg,0,real,imagenet,val
data/wildfake/real/1d4de095194af866.jpg,0,real,imagenet,val
data/wildfake/real/4c9944f6160404a2.jpg,0,real,imagenet,val
data/wildfake/real/0760e54b99bb5ff1.jpg,0,real,imagenet,val
data/wildfake/real/3aa37d08788aa6e1.jpg,0,real,imagenet,val
data/wildfake/real/4787d41f11448ac0.jpg,0,real,imagenet,val
data/wildfake/real/5899678336f8ea41.jpg,0,real,imagenet,val
data/wildfake/real/b8846d7b2545b33a.jpg,0,real,imagenet,val
data/wildfake/real/b19fb655ae3cc27b.jpg,0,real,imagenet,test
data/wildfake/real/78d11e6ceae329a0.jpg,0,real,imagenet,test
data/wildfake/real/c0c50bb909450eae.jpg,0,real,imagenet,test
data/wildfake/real/5c1a40b35eadb5c8.jpg,0,real,imagenet,test
data/wildfake/real/c5c5e68b334be348.jpg,0,real,imagenet,test
data/wildfake/real/d706595c712d43af.jpg,0,real,imagenet,test
data/wildfake/real/34a214250917ca0b.jpg,0,real,imagenet,test
data/wildfake/real/baaf018af2afb10f.jpg,0,real,imagenet,test
data/wildfake/real/bfd490161a8a26ee.jpg,0,real,imagenet,test
data/wildfake/real/79b4e1ea39fe35ca.jpg,0,real,imagenet,test
data/wildfake/real/05b0297896bf5087.jpg,0,real,imagenet,test
data/wildfake/real/3896f61b0cc1cdce.jpg,0,real,imagenet,test
data/wildfake/real/b3601af19dba3286.jpg,0,real,imagenet,test
data/wildfake/real/e98464bb95f9cc17.jpg,0,real,imagenet,test
data/wildfake/real/3099829af688fb0b.jpg,0,real,imagenet,test
data/wildfake/real/768a599d7a28cbbd.jpg,0,real,imagenet,test
data/wildfake/real/7af12c8119a6aa4c.jpg,0,real,imagenet,test
data/wildfake/real/d05eb91aedcd1b74.jpg,0,real,imagenet,test
data/wildfake/real/55abd92fa15a20ab.jpg,0,real,imagenet,test
data/wildfake/real/2aafea660c0942ad.jpg,0,real,imagenet,test
data/wildfake/real/4a1226247fbfbaeb.jpg,0,real,imagenet,test
data/wildfake/real/a10b69c1a0c1b5de.jpg,0,real,imagenet,test
data/wildfake/real/9488260c8a6622c8.jpg,0,real,imagenet,test
data/wildfake/real/02e319464b589ec4.jpg,0,real,imagenet,test
data/wildfake/real/73d2a6c715f0462c.jpg,0,real,imagenet,test
data/wildfake/real/a32ad4a8fb48132a.jpg,0,real,imagenet,test
data/wildfake/real/ff2c15ad47189415.jpg,0,real,imagenet,test
data/wildfake/real/5dc041b7a31e723d.jpg,0,real,imagenet,test
data/wildfake/real/fe0b38961dabdb61.jpg,0,real,imagenet,test
data/wildfake/real/971ee35d3040d5cc.jpg,0,real,imagenet,test
data/wildfake/real/8974678d596a10f5.jpg,0,real,imagenet,test
data/wildfake/real/bf7b1fe13a812d20.jpg,0,real,imagenet,test
data/wildfake/real/4c3bbfda35bcdc46.jpg,0,real,imagenet,test
data/wildfake/real/cd127e4694d8ff46.jpg,0,real,imagenet,test
data/wildfake/real/1a609b93b51343ef.jpg,0,real,imagenet,test
data/wildfake/real/10b268795b103fca.jpg,0,real,imagenet,test
data/wildfake/real/8b715f988cadfcd9.jpg,0,real,imagenet,test
data/wildfake/real/4704252906996890.jpg,0,real,imagenet,test
data/wildfake/real/75a590690eb13ef8.jpg,0,real,imagenet,test
data/wildfake/real/71737f62d217ea60.jpg,0,real,imagenet,test
data/wildfake/real/f0e0e6f5cb77c99f.jpg,0,real,imagenet,test
data/wildfake/real/52a3541ede904e06.jpg,0,real,imagenet,test
data/wildfake/real/8b6eee1da01207a3.jpg,0,real,imagenet,test
data/wildfake/real/b106419eed93e5ed.jpg,0,real,imagenet,test
data/wildfake/real/ba7f7a3e57d9f33f.jpg,0,real,imagenet,test
data/wildfake/real/b93e8f44d70a5586.jpg,0,real,imagenet,test
data/wildfake/real/5996876ff3ed5af8.jpg,0,real,imagenet,test
data/wildfake/real/51c428fe1983ca37.jpg,0,real,imagenet,test
data/wildfake/real/394c3275afe2df23.jpg,0,real,imagenet,test
data/wildfake/real/a297d393a4eae237.jpg,0,real,imagenet,test
data/wildfake/real/d12d117ba267e6a8.jpg,0,real,imagenet,test
data/wildfake/real/6272e17ca8827bd4.jpg,0,real,imagenet,test
data/wildfake/real/4baaded3e58152e7.jpg,0,real,imagenet,test
data/wildfake/real/9cb9d45bee65c1b4.jpg,0,real,imagenet,test
data/wildfake/real/f0ad3c13df7f76c5.jpg,0,real,imagenet,test
data/wildfake/real/fc3a20e0172e9447.jpg,0,real,imagenet,test
data/wildfake/real/44f7933c5a2d4b6d.jpg,0,real,imagenet,test
data/wildfake/real/44226be799224461.jpg,0,real,imagenet,test
data/wildfake/real/d6733bb076009c8d.jpg,0,real,imagenet,test
data/wildfake/real/6dda4ef13797b49a.jpg,0,real,imagenet,test
data/wildfake/real/116ad71c4be5ffe9.jpg,0,real,imagenet,test
data/wildfake/real/423012b9cb2f47a7.jpg,0,real,imagenet,test
data/wildfake/real/cc003fc180969642.jpg,0,real,imagenet,test
data/wildfake/real/fc4cd8955a5acdc0.jpg,0,real,imagenet,test
data/wildfake/real/2b27904d814e757d.jpg,0,real,imagenet,test
data/wildfake/real/3e6525dc82f630a3.jpg,0,real,imagenet,test
data/wildfake/real/c9ad27b362fba71d.jpg,0,real,imagenet,test
data/wildfake/real/f11842816c99bab8.jpg,0,real,imagenet,test
data/wildfake/real/aa391f98cb4a6beb.jpg,0,real,imagenet,test
data/wildfake/real/2d6fdc990a6dad42.jpg,0,real,imagenet,test
data/wildfake/real/77752cf399fa8646.jpg,0,real,imagenet,train
data/wildfake/real/e4b5d2df2c92c2fd.jpg,0,real,imagenet,train
data/wildfake/real/b761898e46b3c61d.jpg,0,real,imagenet,train
data/wildfake/real/a124c85fc08937be.jpg,0,real,imagenet,train
data/wildfake/real/aa3ad66d599c572a.jpg,0,real,imagenet,train
data/wildfake/real/1bf336324f72665e.jpg,0,real,imagenet,train
data/wildfake/real/bc4f7698b09705a0.jpg,0,real,imagenet,train
data/wildfake/real/4c914600bda2fd36.jpg,0,real,imagenet,train
data/wildfake/real/d60d0f6f4be993b6.jpg,0,real,imagenet,train
data/wildfake/real/8612403985bb0b6a.jpg,0,real,imagenet,train
data/wildfake/real/820df3d0ce6407c7.jpg,0,real,imagenet,train
data/wildfake/real/9947c203d6badebf.jpg,0,real,imagenet,train
data/wildfake/real/f80328ad30bca7f9.jpg,0,real,imagenet,train
data/wildfake/real/5b3ea50e7029a103.jpg,0,real,imagenet,train
data/wildfake/real/bb2e9ba2452eaba3.jpg,0,real,imagenet,train
data/wildfake/real/658fa4ec4c93cfaa.jpg,0,real,imagenet,train
data/wildfake/real/659753af3322b543.jpg,0,real,imagenet,train
data/wildfake/real/6e4a8d62d594acec.jpg,0,real,imagenet,train
data/wildfake/real/197556281f914832.jpg,0,real,imagenet,train
data/wildfake/real/ef6b3406d34ca3c2.jpg,0,real,imagenet,train
data/wildfake/real/bd3a360e48e7a611.jpg,0,real,imagenet,train
data/wildfake/real/c2a430107fb6a34d.jpg,0,real,imagenet,train
data/wildfake/real/d1cf7a527a651d14.jpg,0,real,imagenet,train
data/wildfake/real/57952c4c47e882cf.jpg,0,real,imagenet,train
data/wildfake/real/daafd4e724059fb0.jpg,0,real,imagenet,train
data/wildfake/real/e22ff697e838d205.jpg,0,real,imagenet,train
data/wildfake/real/4b3e7cfe50e4250b.jpg,0,real,imagenet,train
data/wildfake/real/a68505f3a20f6812.jpg,0,real,imagenet,train
data/wildfake/real/d7f213e7135efcf3.jpg,0,real,imagenet,train
data/wildfake/real/b2bf9f779819160f.jpg,0,real,imagenet,train
data/wildfake/real/7c469e3665361169.jpg,0,real,imagenet,train
data/wildfake/real/6f5a69d416548b16.jpg,0,real,imagenet,train
data/wildfake/real/73980ca1410b3a9c.jpg,0,real,imagenet,train
data/wildfake/real/3804ac0e522b9a4d.jpg,0,real,imagenet,train
data/wildfake/real/02c6865af5be0040.jpg,0,real,imagenet,train
data/wildfake/real/a1be50427a000803.jpg,0,real,imagenet,train
data/wildfake/real/4abb745a58fcb2f0.jpg,0,real,imagenet,train
data/wildfake/real/8032f4720d6cfb48.jpg,0,real,imagenet,train
data/wildfake/real/7f8b2e9f1db4f70b.jpg,0,real,imagenet,train
data/wildfake/real/cd5b0bd7a3ed95ad.jpg,0,real,imagenet,train
data/wildfake/real/fec6d8aa94d407a1.jpg,0,real,imagenet,train
data/wildfake/real/a88a025b70606f27.jpg,0,real,imagenet,train
data/wildfake/real/405d2bfe1d72ee0a.jpg,0,real,imagenet,train
data/wildfake/real/b37632232276f352.jpg,0,real,imagenet,train
data/wildfake/real/c35492045d4e3acd.jpg,0,real,imagenet,train
data/wildfake/real/bf64131cd20269c1.jpg,0,real,imagenet,train
data/wildfake/real/90f07e752f46eb12.jpg,0,real,imagenet,train
data/wildfake/real/00abd5c4cd9a524f.jpg,0,real,imagenet,train
data/wildfake/real/b8b7b9910d25b006.jpg,0,real,imagenet,train
data/wildfake/real/6f6b46ed73dc9877.jpg,0,real,imagenet,train
data/wildfake/real/c0b5dacf01d2d118.jpg,0,real,imagenet,train
data/wildfake/real/f08e2b8fce8ddbed.jpg,0,real,imagenet,train
data/wildfake/real/3195c292d039d9af.jpg,0,real,imagenet,train
data/wildfake/real/7486548b3e931cc0.jpg,0,real,imagenet,train
data/wildfake/real/7d41f5f742ea6968.jpg,0,real,imagenet,train
data/wildfake/real/2c0770306953bf78.jpg,0,real,imagenet,train
data/wildfake/real/c93de73699f1cf4a.jpg,0,real,imagenet,train
data/wildfake/real/36e3d06f8d91d913.jpg,0,real,imagenet,train
data/wildfake/real/bd49ba8e610c260a.jpg,0,real,imagenet,train
data/wildfake/real/ebed2afca8654b59.jpg,0,real,imagenet,train
data/wildfake/real/4bbe395d69fe7652.jpg,0,real,imagenet,train
data/wildfake/real/d1e0766eb748152b.jpg,0,real,imagenet,train
data/wildfake/real/e3abd56fb37f3af1.jpg,0,real,imagenet,train
data/wildfake/real/7076eca54fcf1bb8.jpg,0,real,imagenet,train
data/wildfake/real/150bdbd69cdf663a.jpg,0,real,imagenet,train
data/wildfake/real/8bb002ec837979ec.jpg,0,real,imagenet,train
data/wildfake/real/7908f4e7a1e53552.jpg,0,real,imagenet,train
data/wildfake/real/3189aa9399f2052e.jpg,0,real,imagenet,train
data/wildfake/real/d45c3747d27a41de.jpg,0,real,imagenet,train
data/wildfake/real/b7710f8eaf9c183c.jpg,0,real,imagenet,train
data/wildfake/real/45c89595e5016335.jpg,0,real,imagenet,train
data/wildfake/real/584dd5ee048b2e54.jpg,0,real,imagenet,train
data/wildfake/real/97024ae33cbec124.jpg,0,real,imagenet,train
data/wildfake/real/3fa5a0664517086b.jpg,0,real,imagenet,train
data/wildfake/real/fedab5563110aad0.jpg,0,real,imagenet,train
data/wildfake/real/05c02edc54523b8f.jpg,0,real,imagenet,train
data/wildfake/real/01fd21fe0fd41194.jpg,0,real,imagenet,train
data/wildfake/real/b58195a9d0c14b39.jpg,0,real,imagenet,train
data/wildfake/real/b8b9aa2903f59a7b.jpg,0,real,imagenet,train
data/wildfake/real/804fc148884ebab2.jpg,0,real,imagenet,train
data/wildfake/real/46f47cb15edd627f.jpg,0,real,imagenet,train
data/wildfake/real/58f52c165ebdf0c5.jpg,0,real,imagenet,train
data/wildfake/real/da848edd09a7b178.jpg,0,real,imagenet,train
data/wildfake/real/c2591ffbef70d48e.jpg,0,real,imagenet,train
data/wildfake/real/970edd771564a288.jpg,0,real,imagenet,train
data/wildfake/real/99585b728aa5ed04.jpg,0,real,imagenet,train
data/wildfake/real/e02e84c78b3e0a11.jpg,0,real,imagenet,train
data/wildfake/real/65128604166d1cf7.jpg,0,real,imagenet,train
data/wildfake/real/045bb35dd61379e6.jpg,0,real,imagenet,train
data/wildfake/real/d48d8ca25c903226.jpg,0,real,imagenet,train
data/wildfake/real/5a5c85c98210e235.jpg,0,real,imagenet,train
data/wildfake/real/61319d4a6e65bf14.jpg,0,real,imagenet,train
data/wildfake/real/a02e7fab2b20be74.jpg,0,real,imagenet,train
data/wildfake/real/ec5f992d71376156.jpg,0,real,imagenet,train
data/wildfake/real/8e992f1959f86e9e.jpg,0,real,imagenet,train
data/wildfake/real/d4c11592688356bd.jpg,0,real,imagenet,train
data/wildfake/real/871e05882ed19b55.jpg,0,real,imagenet,train
data/wildfake/real/ca11dc50dcf525b7.jpg,0,real,imagenet,train
data/wildfake/real/230b1c2ac4683ff2.jpg,0,real,imagenet,train
data/wildfake/real/f6483fd751cc0d4d.jpg,0,real,imagenet,train
data/wildfake/real/14d7e3eebebfe754.jpg,0,real,imagenet,train
data/wildfake/real/af7a6cb33dc39854.jpg,0,real,imagenet,train
data/wildfake/real/d2f8f819e204a04c.jpg,0,real,imagenet,train
data/wildfake/real/544e9fc04b868f14.jpg,0,real,imagenet,train
data/wildfake/real/9241e43d686095a8.jpg,0,real,imagenet,train
data/wildfake/real/85b2815dc67d75e3.jpg,0,real,imagenet,train
data/wildfake/real/11557b8d4d25b63a.jpg,0,real,imagenet,train
data/wildfake/real/a80f140c499c0bb8.jpg,0,real,imagenet,train
data/wildfake/real/be8fd08034558bee.jpg,0,real,imagenet,train
data/wildfake/real/f228cc6e94276d65.jpg,0,real,imagenet,train
data/wildfake/real/cf69224cdbf8665a.jpg,0,real,imagenet,train
data/wildfake/real/06abd2d8659507ad.jpg,0,real,imagenet,train
data/wildfake/real/8a3c2262f929de01.jpg,0,real,imagenet,train
data/wildfake/real/53891d1309d1363b.jpg,0,real,imagenet,train
data/wildfake/real/51d1dc327cfb1c45.jpg,0,real,imagenet,train
data/wildfake/real/a97484861162aed4.jpg,0,real,imagenet,train
data/wildfake/real/4dd2e9733610f75f.jpg,0,real,imagenet,train
data/wildfake/real/55112b43f57f7004.jpg,0,real,imagenet,train
data/wildfake/real/119061cbabbd08c3.jpg,0,real,imagenet,train
data/wildfake/real/9d146f8b28f81dec.jpg,0,real,imagenet,train
data/wildfake/real/7ba5029b98d941d3.jpg,0,real,imagenet,train
data/wildfake/real/d9eba7418f36002b.jpg,0,real,imagenet,train
data/wildfake/real/070420a415b6e50d.jpg,0,real,imagenet,train
data/wildfake/real/981512f9f7736441.jpg,0,real,imagenet,train
data/wildfake/real/c83a15bbbc3907eb.jpg,0,real,imagenet,train
data/wildfake/real/f1a57d8a0fcb42cb.jpg,0,real,imagenet,train
data/wildfake/real/9b4968637669c951.jpg,0,real,imagenet,train
data/wildfake/real/628b83209d7779e4.jpg,0,real,imagenet,train
data/wildfake/real/fdf5169591d28686.jpg,0,real,imagenet,train
data/wildfake/real/8f70d49764c7bbf3.jpg,0,real,imagenet,train
data/wildfake/real/e9fbd5beb82b8f38.jpg,0,real,imagenet,train
data/wildfake/real/f25cac1033e82aca.jpg,0,real,imagenet,train
data/wildfake/real/1cd367d82469bb21.jpg,0,real,imagenet,train
data/wildfake/real/997d0320052c06f4.jpg,0,real,imagenet,train
data/wildfake/real/b2b292ef68c379c7.jpg,0,real,imagenet,train
data/wildfake/real/9d3bffac743fb8c7.jpg,0,real,imagenet,train
data/wildfake/real/c09a12f56e55fbd4.jpg,0,real,imagenet,train
data/wildfake/real/443a4c70fff03b85.jpg,0,real,imagenet,train
data/wildfake/real/37dfe3f523f5d543.jpg,0,real,imagenet,train
data/wildfake/real/3dd6510e71ba6df2.jpg,0,real,imagenet,train
data/wildfake/real/76b0f24db6861dd8.jpg,0,real,imagenet,train
data/wildfake/real/76fb65363367653c.jpg,0,real,imagenet,train
data/wildfake/real/931adae1c265589d.jpg,0,real,imagenet,train
data/wildfake/real/a60612ab3e67a720.jpg,0,real,imagenet,train
data/wildfake/real/30877c07db506200.jpg,0,real,imagenet,train
data/wildfake/real/950b71e2d4f59d3b.jpg,0,real,imagenet,train
data/wildfake/real/22957d74ed580966.jpg,0,real,imagenet,train
data/wildfake/real/22c57dce853ced00.jpg,0,real,imagenet,train
data/wildfake/real/e5a5ff0fda130eb8.jpg,0,real,imagenet,train
data/wildfake/real/c3bfe970d9cbe134.jpg,0,real,imagenet,train
data/wildfake/real/7a3af9bdb87dd54e.jpg,0,real,imagenet,train
data/wildfake/real/3d5669a8d92fb241.jpg,0,real,imagenet,train
data/wildfake/real/4991b16d38bfd710.jpg,0,real,imagenet,train
data/wildfake/real/675d1effad865916.jpg,0,real,imagenet,train
data/wildfake/real/2d672b793a3d0721.jpg,0,real,imagenet,train
data/wildfake/real/82b263b5a30f83bd.jpg,0,real,imagenet,train
data/wildfake/real/643927ceb7523edb.jpg,0,real,imagenet,train
data/wildfake/real/f26c1af5f1427b47.jpg,0,real,imagenet,train
data/wildfake/real/06aba3e9f86c6e9d.jpg,0,real,imagenet,train
data/wildfake/real/80f244e3378a87a2.jpg,0,real,imagenet,train
data/wildfake/real/e6f7669d8717025a.jpg,0,real,imagenet,train
data/wildfake/real/71cb7988cc3a5c25.jpg,0,real,imagenet,train
data/wildfake/real/85757423dea19ec1.jpg,0,real,imagenet,train
data/wildfake/real/ecb8b58c1d527997.jpg,0,real,imagenet,train
data/wildfake/real/72d787f9f9280025.jpg,0,real,imagenet,train
data/wildfake/real/a7d440ea53ab05f6.jpg,0,real,imagenet,train
data/wildfake/real/897f2ecb3344e2aa.jpg,0,real,imagenet,train
data/wildfake/real/0c45e1533f622aa0.jpg,0,real,imagenet,train
data/wildfake/real/a2583f6bc81801f4.jpg,0,real,imagenet,train
data/wildfake/real/11fac41a5ae91ebb.jpg,0,real,imagenet,train
data/wildfake/real/4bf6219b0e7e03e3.jpg,0,real,imagenet,train
data/wildfake/real/3404693fadf0c922.jpg,0,real,imagenet,train
data/wildfake/real/9cec1ba4624a0898.jpg,0,real,imagenet,train
data/wildfake/real/0854cd7c7b9b5cae.jpg,0,real,imagenet,train
data/wildfake/real/9c5ff146855fad4a.jpg,0,real,imagenet,train
data/wildfake/real/e7003fc9c31206ae.jpg,0,real,imagenet,train
data/wildfake/real/2fefcb0fda8acc7a.jpg,0,real,imagenet,train
data/wildfake/real/386b41a468ad6f45.jpg,0,real,imagenet,train
data/wildfake/real/1a8b7b2c35499f81.jpg,0,real,imagenet,train
data/wildfake/real/1da8745b2ad131fa.jpg,0,real,imagenet,train
data/wildfake/real/219acd6d18e42202.jpg,0,real,imagenet,train
data/wildfake/real/5f0657f38f9c30a2.jpg,0,real,imagenet,train
data/wildfake/real/59b95dd95653ed42.jpg,0,real,imagenet,train
data/wildfake/real/aeff4f63da197dc8.jpg,0,real,imagenet,train
data/wildfake/real/3475eea9562dfd7c.jpg,0,real,imagenet,train
data/wildfake/real/76326cdb0828e5cf.jpg,0,real,imagenet,train
data/wildfake/real/e0ec85251f665a38.jpg,0,real,imagenet,train
data/wildfake/real/ead11d19321340bb.jpg,0,real,imagenet,train
data/wildfake/real/c4fabd926983b889.jpg,0,real,imagenet,train
data/wildfake/real/ffc2e44927aa6d6d.jpg,0,real,imagenet,train
data/wildfake/real/4d60a2fc908c6be1.jpg,0,real,imagenet,train
data/wildfake/real/c4d1549b42efd190.jpg,0,real,imagenet,train
data/wildfake/real/f8c2c91ee504dd2e.jpg,0,real,imagenet,train
data/wildfake/real/66e562d20faa1089.jpg,0,real,imagenet,train
data/wildfake/real/9ed0a30d2a9b74b7.jpg,0,real,imagenet,train
data/wildfake/real/ff503e389491fa01.jpg,0,real,imagenet,train
data/wildfake/real/36186d7b5181e650.jpg,0,real,imagenet,train
data/wildfake/real/a39a61eae8290c2f.jpg,0,real,imagenet,train
data/wildfake/real/7fcc92d2ad500718.jpg,0,real,imagenet,train
data/wildfake/real/d186b155f38aa6db.jpg,0,real,imagenet,train
data/wildfake/real/8eceeb4f286f7941.jpg,0,real,imagenet,train
data/wildfake/real/0b7a2e83e9ba828f.jpg,0,real,imagenet,train
data/wildfake/real/4a9c09b3d73899c4.jpg,0,real,imagenet,train
data/wildfake/real/8a073699325093f0.jpg,0,real,imagenet,train
data/wildfake/real/78252c6af910a7a1.jpg,0,real,imagenet,train
data/wildfake/real/53df4a2d0ec197e8.jpg,0,real,imagenet,train
data/wildfake/real/977604f6fa13f441.jpg,0,real,imagenet,train
data/wildfake/real/f26ca33b96d60d64.jpg,0,real,imagenet,train
data/wildfake/real/4ba12ca3cc7e2735.jpg,0,real,imagenet,train
data/wildfake/real/f9e9dcb7915e3aec.jpg,0,real,imagenet,train
data/wildfake/real/3849aa8a67341a46.jpg,0,real,imagenet,train
data/wildfake/real/21740587927c5855.jpg,0,real,imagenet,train
data/wildfake/real/2683c369b31cdd0b.jpg,0,real,imagenet,train
data/wildfake/real/79f75474cf0789d0.jpg,0,real,imagenet,train
data/wildfake/real/dec490ef11618415.jpg,0,real,imagenet,train
data/wildfake/real/7ed2adabcde9a790.jpg,0,real,imagenet,train
data/wildfake/real/9175430c86a3efb8.jpg,0,real,imagenet,train
data/wildfake/real/418864cb6921bb45.jpg,0,real,imagenet,train
data/wildfake/real/1834eb5c1b8af87d.jpg,0,real,imagenet,train
data/wildfake/real/dd2129f4d024ae9e.jpg,0,real,imagenet,train
data/wildfake/real/787ba72e22164881.jpg,0,real,imagenet,train
data/wildfake/real/d5cd5d9c4e4767df.jpg,0,real,imagenet,train
data/wildfake/real/5a1d1fe5894b3c6f.jpg,0,real,imagenet,train
data/wildfake/real/6e1970268f307103.jpg,0,real,imagenet,train
data/wildfake/real/c04afdbbee5938e8.jpg,0,real,imagenet,train
data/wildfake/real/7086954148eaa1c6.jpg,0,real,imagenet,train
data/wildfake/real/1f5f26bede116d21.jpg,0,real,imagenet,train
data/wildfake/real/06a67628ff4d6936.jpg,0,real,imagenet,train
data/wildfake/real/072c2bfb1ecc32a9.jpg,0,real,imagenet,train
data/wildfake/real/b8104f6050279687.jpg,0,real,imagenet,train
data/wildfake/real/466448af6eac28ba.jpg,0,real,imagenet,train
data/wildfake/real/2c22c57986b21661.jpg,0,real,imagenet,train
data/wildfake/real/66983a0b396a640a.jpg,0,real,imagenet,train
data/wildfake/real/58614fa71f84982e.jpg,0,real,imagenet,train
data/wildfake/real/1b0dcf48ce0013b7.jpg,0,real,imagenet,train
data/wildfake/real/365629973d63b1dc.jpg,0,real,imagenet,train
data/wildfake/real/f4c8f8e76cf240c0.jpg,0,real,imagenet,train
data/wildfake/real/187fc9c78bcacd35.jpg,0,real,imagenet,train
data/wildfake/real/b3445e24b73f02cd.jpg,0,real,imagenet,train
data/wildfake/real/814d254832c3d602.jpg,0,real,imagenet,train
data/wildfake/real/634586ba41fef41e.jpg,0,real,imagenet,train
data/wildfake/real/ca751982a70a5a10.jpg,0,real,imagenet,train
data/wildfake/real/17b60b077e63d4d2.jpg,0,real,imagenet,train
data/wildfake/real/1f81c584747f497a.jpg,0,real,imagenet,train
data/wildfake/real/458bc0c2da5e4eb7.jpg,0,real,imagenet,train
data/wildfake/real/7d3481aa3db41e9d.jpg,0,real,imagenet,train
data/wildfake/real/044fa169594cc9b3.jpg,0,real,imagenet,train
data/wildfake/real/3fd6ab18556ee227.jpg,0,real,imagenet,train
data/wildfake/real/2b60329c98a35baf.jpg,0,real,imagenet,train
data/wildfake/real/c5cdbc2fc1ffdf7e.jpg,0,real,imagenet,train
data/wildfake/real/94ec63a5ec2955b9.jpg,0,real,imagenet,train
data/wildfake/real/b38a68d86de95c62.jpg,0,real,imagenet,train
data/wildfake/real/ba360c0b17f281db.jpg,0,real,imagenet,train
data/wildfake/real/eb884ede8c65e394.jpg,0,real,imagenet,train
data/wildfake/real/d72754bdda45154e.jpg,0,real,imagenet,train
data/wildfake/real/b440f4a4d2310366.jpg,0,real,imagenet,train
data/wildfake/real/44babbc6c6b60a73.jpg,0,real,imagenet,train
data/wildfake/real/06af58bfbd3d1054.jpg,0,real,imagenet,train
data/wildfake/real/867dccb52612913e.jpg,0,real,imagenet,train
data/wildfake/real/fb9af0c6b70f75fe.jpg,0,real,imagenet,train
data/wildfake/real/5a50ef9acf29d254.jpg,0,real,imagenet,train
data/wildfake/real/3ef20fab2007f813.jpg,0,real,imagenet,train
data/wildfake/real/b0e743b36328af44.jpg,0,real,imagenet,train
data/wildfake/real/84b3594b31abe6b8.jpg,0,real,imagenet,train
data/wildfake/real/7ebfb49385a91879.jpg,0,real,imagenet,train
data/wildfake/real/c9801bafd4470b12.jpg,0,real,imagenet,train
data/wildfake/real/2a030316c7bb3073.jpg,0,real,imagenet,train
data/wildfake/real/5d223b60910c14fd.jpg,0,real,imagenet,train
data/wildfake/real/5fb3c73574192d9c.jpg,0,real,imagenet,train
data/wildfake/real/0a7edd6aa00cee7f.jpg,0,real,imagenet,train
data/wildfake/real/eec86a032b357881.jpg,0,real,imagenet,train
data/wildfake/real/16b0f1dced3381fa.jpg,0,real,imagenet,train
data/wildfake/real/6bea41fd5d3ef118.jpg,0,real,imagenet,train
data/wildfake/real/2c4ec46fa3c61441.jpg,0,real,imagenet,train
data/wildfake/real/525dfdbbdd9cd7d7.jpg,0,real,imagenet,train
data/wildfake/real/805858084316802d.jpg,0,real,imagenet,train
data/wildfake/real/3717fc917ec1b030.jpg,0,real,imagenet,train
data/wildfake/real/9410a0280513111a.jpg,0,real,imagenet,train
data/wildfake/real/42dbbc2ac5247d25.jpg,0,real,imagenet,train
data/wildfake/real/e66156886ec54caa.jpg,0,real,imagenet,train
data/wildfake/real/3607274a451a1428.jpg,0,real,imagenet,train
data/wildfake/real/909922df7bf651b8.jpg,0,real,imagenet,train
data/wildfake/real/479ede5087e15ce6.jpg,0,real,imagenet,train
data/wildfake/real/d151b987c8a659c3.jpg,0,real,imagenet,train
data/wildfake/real/9e074fb705f56fef.jpg,0,real,imagenet,train
data/wildfake/real/88b74ccb08875de8.jpg,0,real,imagenet,train
data/wildfake/real/776a5c5b836a1a73.jpg,0,real,imagenet,train
data/wildfake/real/7e8079e1567486d5.jpg,0,real,imagenet,train
data/wildfake/real/1ec2d22f5c08b112.jpg,0,real,imagenet,train
data/wildfake/real/9b4c93b4a3df7f1a.jpg,0,real,imagenet,train
data/wildfake/real/436a844fa61ffda3.jpg,0,real,imagenet,train
data/wildfake/real/2b3d98aa80cc6882.jpg,0,real,imagenet,train
data/wildfake/real/08ed80538fd23bff.jpg,0,real,imagenet,train
data/wildfake/real/77a4aa7b188e914b.jpg,0,real,imagenet,train
data/wildfake/real/8c66191bb0bc6cbb.jpg,0,real,imagenet,train
data/wildfake/real/4e3c5b185c066430.jpg,0,real,imagenet,train
data/wildfake/real/24adcf7227d55264.jpg,0,real,imagenet,train
data/wildfake/real/d5e37c70aea624ae.jpg,0,real,imagenet,train
data/wildfake/real/135363ee9885c9ef.jpg,0,real,imagenet,train
data/wildfake/real/ad11c3c447b0f802.jpg,0,real,imagenet,train
data/wildfake/real/8946e2e7ca6b191b.jpg,0,real,imagenet,train
data/wildfake/real/7fe269490c2a4f16.jpg,0,real,imagenet,train
data/wildfake/real/983fafe5465978b9.jpg,0,real,imagenet,train
data/wildfake/real/56bd38222a7379da.jpg,0,real,imagenet,train
data/wildfake/real/8b413bab3bd86e26.jpg,0,real,imagenet,train
data/wildfake/real/d9390681d57bf43c.jpg,0,real,imagenet,train
data/wildfake/real/92c86687a4109313.jpg,0,real,imagenet,train
data/wildfake/real/966236b1df54ee44.jpg,0,real,imagenet,train
data/wildfake/real/cd331c2e4a66ce17.jpg,0,real,imagenet,train
data/wildfake/real/502c92be43d6b4ed.jpg,0,real,imagenet,train
data/wildfake/real/ae7eb96d7d38a390.jpg,0,real,imagenet,train
data/wildfake/real/8a3cce80519519b0.jpg,0,real,imagenet,train
data/wildfake/real/454a8ca8d275ecff.jpg,0,real,imagenet,train
data/wildfake/real/7b37981839d26d91.jpg,0,real,imagenet,train
data/wildfake/real/d367e032d4655f24.jpg,0,real,imagenet,train
data/wildfake/real/3cdca075b87167f5.jpg,0,real,imagenet,train
data/wildfake/real/57f7fb45378163a4.jpg,0,real,imagenet,train
data/wildfake/real/dc0faf2116e7e134.jpg,0,real,imagenet,train
data/wildfake/real/ce611255b1463579.jpg,0,real,imagenet,train
data/wildfake/real/74f5648f934aa73e.jpg,0,real,imagenet,train
data/wildfake/real/6767c2b31af3403c.jpg,0,real,imagenet,train
data/wildfake/real/c64aff6a3c8bd588.jpg,0,real,imagenet,train
data/wildfake/real/c4c9d58ff33d59a8.jpg,0,real,imagenet,train
data/wildfake/real/abd3d2d1649c441e.jpg,0,real,imagenet,train
data/wildfake/real/ef6c7d46f30be05e.jpg,0,real,imagenet,train
data/wildfake/real/eaa019088802bfd5.jpg,0,real,imagenet,train
data/wildfake/real/4a07032a0ff28530.jpg,0,real,imagenet,train
data/wildfake/real/44de2f0cf7576f40.jpg,0,real,imagenet,train
data/wildfake/real/775e0239b6c1814f.jpg,0,real,imagenet,train
data/wildfake/real/7f366aace64df025.jpg,0,real,imagenet,train
data/wildfake/real/de4f9e3d84718833.jpg,0,real,imagenet,train
data/wildfake/real/cf47dd40bca52295.jpg,0,real,imagenet,train
data/wildfake/real/58564c9a3cace317.jpg,0,real,imagenet,train
data/wildfake/real/457d66831ed19edc.jpg,0,real,imagenet,train
data/wildfake/real/775e86f1c43de44d.jpg,0,real,imagenet,train
data/wildfake/real/d26445ebf8c2021a.jpg,0,real,imagenet,train
data/wildfake/real/a367377d338b25e0.jpg,0,real,imagenet,train
data/wildfake/real/4eb4121a59bf7023.jpg,0,real,imagenet,train
data/wildfake/real/6eceea91cea96f3d.jpg,0,real,imagenet,train
data/wildfake/real/732439c29c9a9674.jpg,0,real,imagenet,train
data/wildfake/real/90f072f092ce4b5a.jpg,0,real,imagenet,train
data/wildfake/real/98a17934922f0945.jpg,0,real,imagenet,train
data/wildfake/real/4588553af8b67084.jpg,0,real,imagenet,train
data/wildfake/real/e1f24b3aea078981.jpg,0,real,imagenet,train
data/wildfake/real/228a9d40b52c1fe8.jpg,0,real,imagenet,train
data/wildfake/real/abfb80caef6dbf38.jpg,0,real,imagenet,train
data/wildfake/real/04a209f85755ca9d.jpg,0,real,imagenet,train
data/wildfake/real/fcc87c8b840df3b4.jpg,0,real,imagenet,train
data/wildfake/real/fd5231104ed833d0.jpg,0,real,imagenet,train
data/wildfake/real/6662cf4f2891e6e9.jpg,0,real,imagenet,train
data/wildfake/real/cb5ab3b452e71192.jpg,0,real,imagenet,train
data/wildfake/real/6c5b7d73c17706a2.jpg,0,real,imagenet,train
data/wildfake/real/13a3725b90c1c519.jpg,0,real,imagenet,train
data/wildfake/real/f281b375748033b9.jpg,0,real,imagenet,train
data/wildfake/real/d5caaa160dec4c6f.jpg,0,real,imagenet,train
data/wildfake/real/a83ce405e61ee09d.jpg,0,real,imagenet,train
data/wildfake/real/172017513f236b5b.jpg,0,real,imagenet,train
data/wildfake/real/433f036392b313f9.jpg,0,real,imagenet,train
data/wildfake/real/9a8ed3e30f6179b9.jpg,0,real,imagenet,train
data/wildfake/real/180288378800eef7.jpg,0,real,imagenet,train
data/wildfake/real/036ae94d97d975c6.jpg,0,real,imagenet,train
data/wildfake/real/72b0c975bf5bdfca.jpg,0,real,imagenet,train
data/wildfake/real/963ce491bdf6ae17.jpg,0,real,imagenet,train
data/wildfake/real/e059cf7cfc56374c.jpg,0,real,imagenet,train
data/wildfake/real/5f66b51ab0f0fe60.jpg,0,real,imagenet,train
data/wildfake/real/79b9c2f45ce97491.jpg,0,real,imagenet,train
data/wildfake/real/7616177ee8f59a10.jpg,0,real,imagenet,train
data/wildfake/real/5cdb04be29fe3593.jpg,0,real,imagenet,train
data/wildfake/real/d13a99800afcf7c0.jpg,0,real,imagenet,train
data/wildfake/real/d8045170d65e9e1f.jpg,0,real,imagenet,train
data/wildfake/real/fe2194cd08f355e9.jpg,0,real,imagenet,train
data/wildfake/real/a8eb2881f973dd95.jpg,0,real,imagenet,train
data/wildfake/real/526f0ab2771724c4.jpg,0,real,imagenet,train
data/wildfake/real/cbc63c23daffef78.jpg,0,real,imagenet,train
data/wildfake/real/7e21c717034f2bc8.jpg,0,real,imagenet,train
data/wildfake/real/203f36c3efaa5393.jpg,0,real,imagenet,train
data/wildfake/real/0f6c4327048eecda.jpg,0,real,imagenet,train
data/wildfake/real/7dd2f7409be2401c.jpg,0,real,imagenet,train
data/wildfake/real/d602c03ca684b6f9.jpg,0,real,imagenet,train
data/wildfake/real/1aa2fb9132cae2db.jpg,0,real,imagenet,train
data/wildfake/real/b490956a37988ea1.jpg,0,real,imagenet,train
data/wildfake/real/ff3244eb0311cbfe.jpg,0,real,imagenet,train
data/wildfake/real/ef6815ec302e54fe.jpg,0,real,imagenet,train
data/wildfake/real/7ff9023a54bdc483.jpg,0,real,imagenet,train
data/wildfake/real/eb76a3ca59095aed.jpg,0,real,imagenet,train
data/wildfake/real/403e370c9583a0dc.jpg,0,real,imagenet,train
data/wildfake/real/fc10db99f5a32737.jpg,0,real,imagenet,train
data/wildfake/real/f1589748edbd2065.jpg,0,real,imagenet,train
data/wildfake/real/1c6c5ae2b9d0630b.jpg,0,real,imagenet,train
data/wildfake/real/97915eee750f765c.jpg,0,real,imagenet,train
data/wildfake/real/20275d5ea6589a6f.jpg,0,real,imagenet,train
data/wildfake/real/3b99320e44893598.jpg,0,real,imagenet,train
data/wildfake/real/a4786d344bc32f63.jpg,0,real,imagenet,train
data/wildfake/real/83b2287e5b9a0e29.jpg,0,real,imagenet,train
data/wildfake/real/a0f993512cd455fb.jpg,0,real,imagenet,train
data/wildfake/real/7207e49aed8ad961.jpg,0,real,imagenet,train
data/wildfake/real/1237efba53d8b5e8.jpg,0,real,imagenet,train
data/wildfake/real/08f72cf8441e0c78.jpg,0,real,imagenet,train
data/wildfake/real/b607a4c7773e4ad9.jpg,0,real,imagenet,train
data/wildfake/real/12ba42d5974b5c28.jpg,0,real,imagenet,train
data/wildfake/real/3837d358a2e03d80.jpg,0,real,imagenet,train
data/wildfake/real/5ae7f1b86d49a484.jpg,0,real,imagenet,train
data/wildfake/real/a7b4c4d31494c435.jpg,0,real,imagenet,train
data/wildfake/real/35d0692d188c3ffd.jpg,0,real,imagenet,train
data/wildfake/real/72f5a210921c88ac.jpg,0,real,imagenet,train
data/wildfake/real/0ccadd016f40a172.jpg,0,real,imagenet,train
data/wildfake/real/5fde0f783c046f3f.jpg,0,real,imagenet,train
data/wildfake/real/3fce72b7dee6dc95.jpg,0,real,imagenet,train
data/wildfake/real/b5532ba409774f77.jpg,0,real,imagenet,train
data/wildfake/real/7cbc8683c964876e.jpg,0,real,imagenet,train
data/wildfake/real/5d948eeed3f79493.jpg,0,real,imagenet,train
data/wildfake/real/4e9da9dd456a9683.jpg,0,real,imagenet,train
data/wildfake/real/37d433d1390dd3db.jpg,0,real,imagenet,train
data/wildfake/real/b71c6570f090dd4a.jpg,0,real,imagenet,train
data/wildfake/real/198ab3ddb47e670a.jpg,0,real,imagenet,train
data/wildfake/real/18274c5f16c891bd.jpg,0,real,imagenet,train
data/wildfake/real/af97c9541fe21d54.jpg,0,real,imagenet,train
data/wildfake/real/cf0258905bb1d29a.jpg,0,real,imagenet,train
data/wildfake/real/433180c2fe9f01a9.jpg,0,real,imagenet,train
data/wildfake/real/35c34343fa5e02c4.jpg,0,real,imagenet,train
data/wildfake/real/52999be4c42ac4eb.jpg,0,real,imagenet,train
data/wildfake/real/a90b6e41c250aff1.jpg,0,real,imagenet,train
data/wildfake/real/95d6a79f9157d0c3.jpg,0,real,imagenet,train
data/wildfake/real/a3863f5f70d2937f.jpg,0,real,imagenet,train
data/wildfake/real/33d1c6f3fc10604f.jpg,0,real,imagenet,train
data/wildfake/real/95bd44e6168f64d8.jpg,0,real,imagenet,train
data/wildfake/real/2408f9a2ad2c620b.jpg,0,real,imagenet,train
data/wildfake/real/aa202d685d2d4ed7.jpg,0,real,imagenet,train
data/wildfake/real/9f1ac676fdd0b36a.jpg,0,real,imagenet,train
data/wildfake/real/1e9d696a44a893a9.jpg,0,real,imagenet,train
data/wildfake/real/459eb9e3370be992.jpg,0,real,imagenet,train
data/wildfake/real/39f82931e530aff5.jpg,0,real,imagenet,train
data/wildfake/real/165689a3ed8c8014.jpg,0,real,imagenet,train
data/wildfake/real/37d7e0d1e7838eb8.jpg,0,real,imagenet,train
data/wildfake/real/df2f2ea81eeca117.jpg,0,real,imagenet,train
data/wildfake/real/0b777983f3eadd98.jpg,0,real,imagenet,train
data/wildfake/real/f86614d22657caf9.jpg,0,real,imagenet,train
data/wildfake/real/6dfa07ce8addc932.jpg,0,real,imagenet,train
data/wildfake/real/85c5f2a5b1f4394c.jpg,0,real,imagenet,train
data/wildfake/real/61cc545c14b48aa4.jpg,0,real,imagenet,train
data/wildfake/real/22d06c156ae73e9f.jpg,0,real,imagenet,train
data/wildfake/real/0719bc9801aacef2.jpg,0,real,imagenet,train
data/wildfake/real/5917d078a23b8bd6.jpg,0,real,imagenet,train
data/wildfake/real/9b210d26d4b0d84b.jpg,0,real,imagenet,train
data/wildfake/real/d6d6a7ac1b16a73f.jpg,0,real,imagenet,train
data/wildfake/real/ee5d871d14f99330.jpg,0,real,imagenet,train
data/wildfake/real/12e9cfdf60152cb7.jpg,0,real,imagenet,train
data/wildfake/real/e3ee6f20a756c7a9.jpg,0,real,imagenet,train
data/wildfake/real/3552274559757e9b.jpg,0,real,imagenet,train
data/wildfake/real/cfb85a103172df0d.jpg,0,real,imagenet,train
data/wildfake/real/342e8e97136b09fa.jpg,0,real,imagenet,train
data/wildfake/real/1e00450b10898e50.jpg,0,real,imagenet,train
data/wildfake/real/b5eff31bd903d2d1.jpg,0,real,imagenet,train
data/wildfake/real/cc342b1e544239b3.jpg,0,real,imagenet,train
data/wildfake/real/5b54c198614da10a.jpg,0,real,imagenet,train
data/wildfake/real/4d704802f419a1f3.jpg,0,real,imagenet,train
data/wildfake/real/9e4babc0ee4a63b9.jpg,0,real,imagenet,train
data/wildfake/real/00f074e9503a6363.jpg,0,real,imagenet,train
data/wildfake/real/e306dabc12726eda.jpg,0,real,imagenet,train
data/wildfake/real/1d33615ff73d4222.jpg,0,real,imagenet,train
data/wildfake/real/f197ac255391cd5a.jpg,0,real,imagenet,train
data/wildfake/real/324eb16450db4882.jpg,0,real,imagenet,train
data/wildfake/real/cd5a5a397c41fce5.jpg,0,real,imagenet,train
data/wildfake/real/2947db13502906f0.jpg,0,real,imagenet,train
data/wildfake/real/19836cde1bd98944.jpg,0,real,imagenet,train
data/wildfake/real/cdb66ba560828bd7.jpg,0,real,imagenet,train
data/wildfake/real/eef0e47e90ab6954.jpg,0,real,imagenet,train
data/wildfake/real/e6db122fa2e7c076.jpg,0,real,imagenet,train
data/wildfake/real/8171513eacbc76a2.jpg,0,real,imagenet,train
data/wildfake/real/02f4f4240f639658.jpg,0,real,imagenet,train
data/wildfake/real/89a525709ae77ccb.jpg,0,real,imagenet,train
data/wildfake/real/c1c3e461155351f1.jpg,0,real,imagenet,train
data/wildfake/real/4317ddcf4b122660.jpg,0,real,imagenet,train
data/wildfake/real/d71d538e5fd68855.jpg,0,real,imagenet,train
data/wildfake/real/48ed55ffc2516cbd.jpg,0,real,imagenet,train
data/wildfake/real/db3feab1793ef0e3.jpg,0,real,imagenet,train
data/wildfake/real/42ee20455d3b868d.jpg,0,real,imagenet,train
data/wildfake/real/cd1728425edaa7cd.jpg,0,real,imagenet,train
data/wildfake/real/aca39c66f09edf98.jpg,0,real,imagenet,train
data/wildfake/real/830273d060eed93e.jpg,0,real,imagenet,train
data/wildfake/real/251e4f9ec3cc8d4c.jpg,0,real,imagenet,train
data/wildfake/real/3fe59d5d6b64bd9c.jpg,0,real,imagenet,train
data/wildfake/real/ca742b8717e7cb1e.jpg,0,real,imagenet,train
data/wildfake/real/a92eda0dcc4c601d.jpg,0,real,imagenet,train
data/wildfake/real/d68a8e658c6c19b0.jpg,0,real,imagenet,train
data/wildfake/real/3bcfdc51659a9e00.jpg,0,real,imagenet,train
data/wildfake/real/4fde6f3d4d1e877b.jpg,0,real,imagenet,train
data/wildfake/real/038fa33ad480589d.jpg,0,real,imagenet,train
data/wildfake/real/419461e4003c9693.jpg,0,real,imagenet,train
data/wildfake/real/d776e38d2ab11f35.jpg,0,real,imagenet,train
data/wildfake/real/d16031d7b0d59050.jpg,0,real,imagenet,train
data/wildfake/real/1ebb30afa7bc99d6.jpg,0,real,imagenet,train
data/wildfake/real/91fb899dcf1e279d.jpg,0,real,imagenet,train
data/wildfake/real/feee32abb4f1ac82.jpg,0,real,imagenet,train
data/wildfake/real/fbefc75068dfaffc.jpg,0,real,imagenet,train
data/wildfake/real/bf77af7b3fda9ab9.jpg,0,real,imagenet,train
data/wildfake/real/458060591d99d535.jpg,0,real,imagenet,train
data/wildfake/real/73b830344968177f.jpg,0,real,imagenet,train
data/wildfake/real/90b8bd3b12719f12.jpg,0,real,imagenet,train
data/wildfake/real/b0f637c6f8a96c78.jpg,0,real,imagenet,train
data/wildfake/real/f175e4fc495de6d1.jpg,0,real,imagenet,train
data/wildfake/real/f36a38eef5cb1d4e.jpg,0,real,imagenet,train
data/wildfake/real/27b11dd70d719bc3.jpg,0,real,imagenet,train
data/wildfake/real/8edf1e9c2da56380.jpg,0,real,imagenet,train
data/wildfake/real/d592cdfc657e4b6e.jpg,0,real,imagenet,train
data/wildfake/real/c07605703bf86006.jpg,0,real,imagenet,train
data/wildfake/real/520571a059bc5306.jpg,0,real,imagenet,train
data/wildfake/real/0306ea1afd87cc2a.jpg,0,real,imagenet,train
data/wildfake/real/2d859fe0885bfaec.jpg,0,real,imagenet,train
data/wildfake/real/af56d78a06e4b4e4.jpg,0,real,imagenet,train
data/wildfake/real/c3712685be68c6ab.jpg,0,real,imagenet,train
data/wildfake/real/14299c04920b5cf4.jpg,0,real,imagenet,train
data/wildfake/real/6db964bad850253c.jpg,0,real,imagenet,train
data/wildfake/real/5326aa04a5bae46c.jpg,0,real,imagenet,train
data/wildfake/real/dcefbe0123da4089.jpg,0,real,imagenet,train
data/wildfake/real/81cc44f8568794c0.jpg,0,real,imagenet,train
data/wildfake/real/c37cdb33c030d4e9.jpg,0,real,imagenet,train
data/wildfake/real/57686c77739748fd.jpg,0,real,imagenet,train
data/wildfake/real/0f4bdcc62ca10461.jpg,0,real,imagenet,train
data/wildfake/real/5d2d0ebf358e0356.jpg,0,real,imagenet,train
data/wildfake/real/93c4d021cd932dbc.jpg,0,real,imagenet,train
data/wildfake/real/9b952440b3615915.jpg,0,real,imagenet,train
data/wildfake/real/9a5ba13e3df70a87.jpg,0,real,imagenet,train
data/wildfake/real/4977c23fac12caa0.jpg,0,real,imagenet,train
data/wildfake/real/b0ce7747289ac0b9.jpg,0,real,imagenet,train
data/wildfake/real/133dbe4df55cb5c8.jpg,0,real,imagenet,train
data/wildfake/real/c556bec8993b4c57.jpg,0,real,imagenet,train
data/wildfake/real/9c6c7788ea97ce4f.jpg,0,real,imagenet,train
data/wildfake/real/a0113795c8d842a9.jpg,0,real,imagenet,train
data/wildfake/real/f8e3160379688ab4.jpg,0,real,imagenet,train
data/wildfake/real/f08a63b324f4bef0.jpg,0,real,imagenet,train
data/wildfake/real/f50a55bda5ec5009.jpg,0,real,imagenet,train
data/wildfake/real/20c85256795f614d.jpg,0,real,imagenet,train
data/wildfake/real/c721e6933b060469.jpg,0,real,imagenet,train
data/wildfake/real/9efe5d0108caa8ed.jpg,0,real,imagenet,train
data/wildfake/real/7cb3833166721ec7.jpg,0,real,imagenet,train
data/wildfake/real/9b1c70bb2024cdfa.jpg,0,real,imagenet,train
data/wildfake/real/99e751486e78bd4b.jpg,0,real,imagenet,train
data/wildfake/real/e320cde82efbab20.jpg,0,real,imagenet,train
data/wildfake/real/71f16b1ffefb2cda.jpg,0,real,imagenet,train
data/wildfake/real/5f65f6dd6765042a.jpg,0,real,imagenet,train
data/wildfake/real/339efb196c151880.jpg,0,real,imagenet,train
data/wildfake/real/f690dfbf576fc79e.jpg,0,real,imagenet,train
data/wildfake/real/c6c8877436f7bd71.jpg,0,real,imagenet,train
data/wildfake/real/75d6bb4d715905be.jpg,0,real,imagenet,train
data/wildfake/real/e4637d80c495a022.jpg,0,real,imagenet,train
data/wildfake/real/7de6d3ee292b092f.jpg,0,real,imagenet,train
data/wildfake/real/e938b03fff3b3cd6.jpg,0,real,imagenet,train
data/wildfake/real/cfe30f2fa2f65649.jpg,0,real,imagenet,train
data/wildfake/real/a55e14c6bf88ae14.jpg,0,real,imagenet,train
data/wildfake/real/b2db52a6c2fe2b6e.jpg,0,real,imagenet,train
data/wildfake/real/662453d8c5ea6f55.jpg,0,real,imagenet,train
data/wildfake/real/da213b4812abd641.jpg,0,real,imagenet,train
data/wildfake/real/5bb23138239c6ba9.jpg,0,real,imagenet,train
data/wildfake/real/9dfe981779257da5.jpg,0,real,imagenet,train
data/wildfake/real/c1bc0ff36ce90453.jpg,0,real,imagenet,train
data/wildfake/real/6c36e1614a5e2a37.jpg,0,real,imagenet,train
data/wildfake/real/30fb11b6ba1de9e6.jpg,0,real,imagenet,train
data/wildfake/real/6c32149270f63d65.jpg,0,real,imagenet,train
data/wildfake/real/243990afed623632.jpg,0,real,imagenet,train
data/wildfake/real/3394b003b03a032f.jpg,0,real,coco,val
data/wildfake/real/81870197d653b3cd.jpg,0,real,coco,val
data/wildfake/real/0dd8939dab86fdad.jpg,0,real,coco,val
data/wildfake/real/482ee52b87d26288.jpg,0,real,coco,val
data/wildfake/real/c158c1a7d888406d.jpg,0,real,coco,val
data/wildfake/real/9611b1d52f1aa3a6.jpg,0,real,coco,val
data/wildfake/real/de9d2d72ca51a8e3.jpg,0,real,coco,val
data/wildfake/real/45ca5d820bedbe22.jpg,0,real,coco,val
data/wildfake/real/07c79fee753bedbf.jpg,0,real,coco,val
data/wildfake/real/658a9b2397a9da54.jpg,0,real,coco,val
data/wildfake/real/3cc0157bf4574c15.jpg,0,real,coco,val
data/wildfake/real/b269ea2926de0540.jpg,0,real,coco,val
data/wildfake/real/ebe815111329bd84.jpg,0,real,coco,val
data/wildfake/real/7b477f6a0e30873e.jpg,0,real,coco,val
data/wildfake/real/da781e798ad46cfd.jpg,0,real,coco,val
data/wildfake/real/8c4dc43cd2a5fb65.jpg,0,real,coco,val
data/wildfake/real/71b3b752c2b608e5.jpg,0,real,coco,val
data/wildfake/real/c0d3d2a02ba09380.jpg,0,real,coco,val
data/wildfake/real/d1e97b13696d2661.jpg,0,real,coco,val
data/wildfake/real/15e0b9753af3942d.jpg,0,real,coco,val
data/wildfake/real/25ca0dd321acbaa5.jpg,0,real,coco,val
data/wildfake/real/fec4b79c111f0f1e.jpg,0,real,coco,val
data/wildfake/real/5ca93e7f793f551c.jpg,0,real,coco,val
data/wildfake/real/b4e3f452e364dd5b.jpg,0,real,coco,val
data/wildfake/real/42843efe78dcb172.jpg,0,real,coco,val
data/wildfake/real/3822ae0e05f6863f.jpg,0,real,coco,val
data/wildfake/real/2c09f46963539554.jpg,0,real,coco,val
data/wildfake/real/66777ee6ac63a421.jpg,0,real,coco,val
data/wildfake/real/8baab092b7a280fb.jpg,0,real,coco,val
data/wildfake/real/085bd60d61c97627.jpg,0,real,coco,val
data/wildfake/real/795998278bf23196.jpg,0,real,coco,val
data/wildfake/real/84c4d2184d9ae776.jpg,0,real,coco,val
data/wildfake/real/f951b8a7fefe0f5a.jpg,0,real,coco,val
data/wildfake/real/da687af3f652c5cc.jpg,0,real,coco,val
data/wildfake/real/c72f35655ded0417.jpg,0,real,coco,val
data/wildfake/real/7f0baaa751222a43.jpg,0,real,coco,val
data/wildfake/real/232e08a9965edbf7.jpg,0,real,coco,val
data/wildfake/real/970b61628ae1503c.jpg,0,real,coco,val
data/wildfake/real/f67f734e4e67f7c5.jpg,0,real,coco,val
data/wildfake/real/d5d5daf796019c1f.jpg,0,real,coco,val
data/wildfake/real/d99f1b112b82cfc0.jpg,0,real,coco,val
data/wildfake/real/d7f2479275a126c4.jpg,0,real,coco,val
data/wildfake/real/e8af464f5365b281.jpg,0,real,coco,val
data/wildfake/real/a7ec9a8754065377.jpg,0,real,coco,val
data/wildfake/real/91ec3e93a65d50c4.jpg,0,real,coco,val
data/wildfake/real/1f42c3094ceba589.jpg,0,real,coco,val
data/wildfake/real/d349d8b7a75e451b.jpg,0,real,coco,val
data/wildfake/real/a25405d7585b033f.jpg,0,real,coco,val
data/wildfake/real/bf9e6af6cc5a04c3.jpg,0,real,coco,val
data/wildfake/real/7cf1ac6aa4232d90.jpg,0,real,coco,val
data/wildfake/real/3ee98670c045a60e.jpg,0,real,coco,val
data/wildfake/real/30bcf5c07d665e5d.jpg,0,real,coco,val
data/wildfake/real/4993ddbb80c17824.jpg,0,real,coco,val
data/wildfake/real/1a4ee5e6323f17e2.jpg,0,real,coco,val
data/wildfake/real/f654fcb7f8905e7f.jpg,0,real,coco,val
data/wildfake/real/c7da00fa0fc56c28.jpg,0,real,coco,val
data/wildfake/real/996544ff5153cc00.jpg,0,real,coco,val
data/wildfake/real/5a388b94764e2040.jpg,0,real,coco,val
data/wildfake/real/d202c4d6dac12660.jpg,0,real,coco,val
data/wildfake/real/8c94d15a21aaf46f.jpg,0,real,coco,val
data/wildfake/real/b8f2e668be6c4279.jpg,0,real,coco,val
data/wildfake/real/52acbe4fc6bec0ee.jpg,0,real,coco,val
data/wildfake/real/07a04c894b6255f4.jpg,0,real,coco,val
data/wildfake/real/eaa90554399fd5ee.jpg,0,real,coco,val
data/wildfake/real/b5ad13abe60e87dd.jpg,0,real,coco,val
data/wildfake/real/38b42fe70a96a8cd.jpg,0,real,coco,val
data/wildfake/real/72f55c7083db4d37.jpg,0,real,coco,val
data/wildfake/real/1e24208999b1aa09.jpg,0,real,coco,val
data/wildfake/real/20b62ab1656b6748.jpg,0,real,coco,val
data/wildfake/real/c22a4dc018a5f10c.jpg,0,real,coco,val
data/wildfake/real/19cd63009c965b24.jpg,0,real,coco,test
data/wildfake/real/684766c4b29350ac.jpg,0,real,coco,test
data/wildfake/real/b887c464b3319711.jpg,0,real,coco,test
data/wildfake/real/e5718ad3d5394a36.jpg,0,real,coco,test
data/wildfake/real/ab94c37a4a9cb3d3.jpg,0,real,coco,test
data/wildfake/real/553ed872613de159.jpg,0,real,coco,test
data/wildfake/real/a07f87fe72f879ce.jpg,0,real,coco,test
data/wildfake/real/6dc6f042136463e3.jpg,0,real,coco,test
data/wildfake/real/5812e3d067e79ffd.jpg,0,real,coco,test
data/wildfake/real/012268406e21db78.jpg,0,real,coco,test
data/wildfake/real/4a4611ed0fe01efc.jpg,0,real,coco,test
data/wildfake/real/c1bf484298894491.jpg,0,real,coco,test
data/wildfake/real/2f5d41321d9ec558.jpg,0,real,coco,test
data/wildfake/real/4f6ab89a4866b5e7.jpg,0,real,coco,test
data/wildfake/real/5fa30fa8c01e0df5.jpg,0,real,coco,test
data/wildfake/real/d524c451c4aa0bab.jpg,0,real,coco,test
data/wildfake/real/7e86e530b8973d87.jpg,0,real,coco,test
data/wildfake/real/7b3a9a747e0d355e.jpg,0,real,coco,test
data/wildfake/real/9dcbafcd5ba89cc2.jpg,0,real,coco,test
data/wildfake/real/24da81ac73e17b8b.jpg,0,real,coco,test
data/wildfake/real/d3363f739940dab5.jpg,0,real,coco,test
data/wildfake/real/44eecfc3b9b4bdfb.jpg,0,real,coco,test
data/wildfake/real/6ac304725d5538f9.jpg,0,real,coco,test
data/wildfake/real/8f7239a3843217ab.jpg,0,real,coco,test
data/wildfake/real/24dd48b1e2563643.jpg,0,real,coco,test
data/wildfake/real/9fb4584c517dd2b8.jpg,0,real,coco,test
data/wildfake/real/e450a2111693f3d8.jpg,0,real,coco,test
data/wildfake/real/b9ab53c95ffa034e.jpg,0,real,coco,test
data/wildfake/real/19000465cfaaf78e.jpg,0,real,coco,test
data/wildfake/real/ee2a67393fc62c40.jpg,0,real,coco,test
data/wildfake/real/16b061fe5fa9458e.jpg,0,real,coco,test
data/wildfake/real/42393bc407833212.jpg,0,real,coco,test
data/wildfake/real/6a1db82349907316.jpg,0,real,coco,test
data/wildfake/real/33d176c0158dc63e.jpg,0,real,coco,test
data/wildfake/real/fa0464591621790b.jpg,0,real,coco,test
data/wildfake/real/9be20952d3fe0e8a.jpg,0,real,coco,test
data/wildfake/real/f9516ea2402ea8a9.jpg,0,real,coco,test
data/wildfake/real/3541f04d74efd1d8.jpg,0,real,coco,test
data/wildfake/real/925390a2ce0427c8.jpg,0,real,coco,test
data/wildfake/real/aecd902bfa2dc79d.jpg,0,real,coco,test
data/wildfake/real/9f43eb18a0d42b94.jpg,0,real,coco,test
data/wildfake/real/852f67d290c66316.jpg,0,real,coco,test
data/wildfake/real/99aa516dcf7b0962.jpg,0,real,coco,test
data/wildfake/real/8aeff1ab54e07d15.jpg,0,real,coco,test
data/wildfake/real/3f9140bbd1fd5568.jpg,0,real,coco,test
data/wildfake/real/ff0600008ab99844.jpg,0,real,coco,test
data/wildfake/real/f43fbe165cda4147.jpg,0,real,coco,test
data/wildfake/real/9b6eccf2e0c4903f.jpg,0,real,coco,test
data/wildfake/real/1711b1e8510801fe.jpg,0,real,coco,test
data/wildfake/real/9762e46e9eece358.jpg,0,real,coco,test
data/wildfake/real/776775fef074b35a.jpg,0,real,coco,test
data/wildfake/real/4357c8e5ac9cd896.jpg,0,real,coco,test
data/wildfake/real/c35b58ddd70e6040.jpg,0,real,coco,test
data/wildfake/real/1f8fe226680a2caa.jpg,0,real,coco,test
data/wildfake/real/7ebc80335e9996d8.jpg,0,real,coco,test
data/wildfake/real/34b170588341df97.jpg,0,real,coco,test
data/wildfake/real/a2bf0e4fedb7dd6d.jpg,0,real,coco,test
data/wildfake/real/5da8803dfd75c11b.jpg,0,real,coco,test
data/wildfake/real/e49ffbe7b997a2ad.jpg,0,real,coco,test
data/wildfake/real/077045636306e5dd.jpg,0,real,coco,test
data/wildfake/real/fa179546f2cc73d6.jpg,0,real,coco,test
data/wildfake/real/a14b4d61f378377b.jpg,0,real,coco,test
data/wildfake/real/39513eeb025c4122.jpg,0,real,coco,test
data/wildfake/real/ce51ad0dc3141f8e.jpg,0,real,coco,test
data/wildfake/real/5464300a6124bde8.jpg,0,real,coco,test
data/wildfake/real/8cf0ccc0b6741a01.jpg,0,real,coco,test
data/wildfake/real/0768beee36083fba.jpg,0,real,coco,test
data/wildfake/real/eaeca3fe7bb0ce7b.jpg,0,real,coco,test
data/wildfake/real/7ee85696dfe15326.jpg,0,real,coco,test
data/wildfake/real/b8eb5294105e2428.jpg,0,real,coco,test
data/wildfake/real/fc5e17b32757b58a.jpg,0,real,coco,train
data/wildfake/real/090f7828bb33cb3b.jpg,0,real,coco,train
data/wildfake/real/ce6aa2a34edf3463.jpg,0,real,coco,train
data/wildfake/real/ab65084600b02684.jpg,0,real,coco,train
data/wildfake/real/a10832c4cf0d2a7d.jpg,0,real,coco,train
data/wildfake/real/da1cdaf73fa40379.jpg,0,real,coco,train
data/wildfake/real/27a041a2e9f1d248.jpg,0,real,coco,train
data/wildfake/real/0611da01b20a2c23.jpg,0,real,coco,train
data/wildfake/real/19b7d21e14f305a4.jpg,0,real,coco,train
data/wildfake/real/3959fa044cd7f863.jpg,0,real,coco,train
data/wildfake/real/659c93cd80f2164e.jpg,0,real,coco,train
data/wildfake/real/8aab70f40e914c39.jpg,0,real,coco,train
data/wildfake/real/42a02de8e1ca1c32.jpg,0,real,coco,train
data/wildfake/real/d3c0a81faa701786.jpg,0,real,coco,train
data/wildfake/real/c0abfdc0f1e7e030.jpg,0,real,coco,train
data/wildfake/real/8c5259d255eb2088.jpg,0,real,coco,train
data/wildfake/real/82601e04860b8c08.jpg,0,real,coco,train
data/wildfake/real/e92a48f5a5b3fc8b.jpg,0,real,coco,train
data/wildfake/real/22e2ca41a76f51af.jpg,0,real,coco,train
data/wildfake/real/07bb74eff682da07.jpg,0,real,coco,train
data/wildfake/real/18c0dbb59f3f7975.jpg,0,real,coco,train
data/wildfake/real/92d150a064b992a7.jpg,0,real,coco,train
data/wildfake/real/4f72a15666ce6034.jpg,0,real,coco,train
data/wildfake/real/078f657a669ee422.jpg,0,real,coco,train
data/wildfake/real/1d55444dfdbbd578.jpg,0,real,coco,train
data/wildfake/real/ad3bd12001a0e9e4.jpg,0,real,coco,train
data/wildfake/real/f8c3bb8de7227e86.jpg,0,real,coco,train
data/wildfake/real/79680ba62f4adedf.jpg,0,real,coco,train
data/wildfake/real/b1c1950e649fbccf.jpg,0,real,coco,train
data/wildfake/real/5ddb0c7decbf4029.jpg,0,real,coco,train
data/wildfake/real/2a2972988265b47c.jpg,0,real,coco,train
data/wildfake/real/4cf120cf0efa107c.jpg,0,real,coco,train
data/wildfake/real/3051e9266f425d04.jpg,0,real,coco,train
data/wildfake/real/6c481610f9817677.jpg,0,real,coco,train
data/wildfake/real/95c605d03925e561.jpg,0,real,coco,train
data/wildfake/real/0b9013a25738e890.jpg,0,real,coco,train
data/wildfake/real/8005844bf078958f.jpg,0,real,coco,train
data/wildfake/real/621f210cbc6b7605.jpg,0,real,coco,train
data/wildfake/real/75266240d2fb0c51.jpg,0,real,coco,train
data/wildfake/real/33ad983623847965.jpg,0,real,coco,train
data/wildfake/real/84f9cb0af17504c1.jpg,0,real,coco,train
data/wildfake/real/221645c1be0c39f4.jpg,0,real,coco,train
data/wildfake/real/0454c1aa1610ed8c.jpg,0,real,coco,train
data/wildfake/real/90a5195320961306.jpg,0,real,coco,train
data/wildfake/real/3e90fdc2ce3800a0.jpg,0,real,coco,train
data/wildfake/real/afbb85d4a335b634.jpg,0,real,coco,train
data/wildfake/real/b14e57c9cd1f31c4.jpg,0,real,coco,train
data/wildfake/real/cbced16b1802a621.jpg,0,real,coco,train
data/wildfake/real/6a3991c5e26fcf5a.jpg,0,real,coco,train
data/wildfake/real/82c0fdd392c9ddf6.jpg,0,real,coco,train
data/wildfake/real/576e0cc4342763f0.jpg,0,real,coco,train
data/wildfake/real/fcae0359eed26681.jpg,0,real,coco,train
data/wildfake/real/1222ec22d00db24f.jpg,0,real,coco,train
data/wildfake/real/297670ecb05745c7.jpg,0,real,coco,train
data/wildfake/real/e6305d5fa2e6f29b.jpg,0,real,coco,train
data/wildfake/real/e03d33c5c86aa45d.jpg,0,real,coco,train
data/wildfake/real/cfacaa071d65e159.jpg,0,real,coco,train
data/wildfake/real/dbf82324a729a0c4.jpg,0,real,coco,train
data/wildfake/real/df4dfbed7017d9d9.jpg,0,real,coco,train
data/wildfake/real/9bf065c51308a145.jpg,0,real,coco,train
data/wildfake/real/cae25b0018ff14ce.jpg,0,real,coco,train
data/wildfake/real/c550ab88b12df6b3.jpg,0,real,coco,train
data/wildfake/real/87342a2ab71b32c7.jpg,0,real,coco,train
data/wildfake/real/48a7cf0d74fadf91.jpg,0,real,coco,train
data/wildfake/real/551fae99303fea4e.jpg,0,real,coco,train
data/wildfake/real/6a1ff6f81460e934.jpg,0,real,coco,train
data/wildfake/real/b81a970242f1316e.jpg,0,real,coco,train
data/wildfake/real/9bcd5ae05277be0f.jpg,0,real,coco,train
data/wildfake/real/2072855a3e7d1230.jpg,0,real,coco,train
data/wildfake/real/909a7da3c6cdeaa6.jpg,0,real,coco,train
data/wildfake/real/fe8fbf56d378f7c0.jpg,0,real,coco,train
data/wildfake/real/647567d8a31d5047.jpg,0,real,coco,train
data/wildfake/real/36f06027efcdcb82.jpg,0,real,coco,train
data/wildfake/real/818a96a0292171f9.jpg,0,real,coco,train
data/wildfake/real/eb352273bbec1232.jpg,0,real,coco,train
data/wildfake/real/911febe542747efa.jpg,0,real,coco,train
data/wildfake/real/d81234392efa475f.jpg,0,real,coco,train
data/wildfake/real/50f8c8e85f5b6d66.jpg,0,real,coco,train
data/wildfake/real/1ad45ec361074c46.jpg,0,real,coco,train
data/wildfake/real/a33e9486b0f81da4.jpg,0,real,coco,train
data/wildfake/real/df49bb2bc964435d.jpg,0,real,coco,train
data/wildfake/real/2859d4a86501c9a4.jpg,0,real,coco,train
data/wildfake/real/42b3134f079c4241.jpg,0,real,coco,train
data/wildfake/real/270866c84dece424.jpg,0,real,coco,train
data/wildfake/real/209ffcb702717ce9.jpg,0,real,coco,train
data/wildfake/real/a21b3e261d97552e.jpg,0,real,coco,train
data/wildfake/real/2f50bfb4406752b1.jpg,0,real,coco,train
data/wildfake/real/993d948bcde512bf.jpg,0,real,coco,train
data/wildfake/real/f16ed2f21fc81ff1.jpg,0,real,coco,train
data/wildfake/real/5c8c7eed531be0a4.jpg,0,real,coco,train
data/wildfake/real/dd46885d8c43050b.jpg,0,real,coco,train
data/wildfake/real/69a9825c3e8f2654.jpg,0,real,coco,train
data/wildfake/real/424a844c22f88a41.jpg,0,real,coco,train
data/wildfake/real/ff9cfd6b3172a7f4.jpg,0,real,coco,train
data/wildfake/real/59defa7c7e04121d.jpg,0,real,coco,train
data/wildfake/real/2e65e49b5b81fe15.jpg,0,real,coco,train
data/wildfake/real/d412def5b8c9c139.jpg,0,real,coco,train
data/wildfake/real/c4d941668f63b510.jpg,0,real,coco,train
data/wildfake/real/6b0d8b590512fef8.jpg,0,real,coco,train
data/wildfake/real/0c039c716d570c25.jpg,0,real,coco,train
data/wildfake/real/e584461ace61ea7e.jpg,0,real,coco,train
data/wildfake/real/4524374605350beb.jpg,0,real,coco,train
data/wildfake/real/c71138f5a0d3b371.jpg,0,real,coco,train
data/wildfake/real/d0ecf91a06384026.jpg,0,real,coco,train
data/wildfake/real/2edd20acfb1c1bd0.jpg,0,real,coco,train
data/wildfake/real/0bf0b4bcf87a2949.jpg,0,real,coco,train
data/wildfake/real/85622a1017358026.jpg,0,real,coco,train
data/wildfake/real/4d304f4efbbe0ca8.jpg,0,real,coco,train
data/wildfake/real/b0b1250824aeede7.jpg,0,real,coco,train
data/wildfake/real/143082be915bb483.jpg,0,real,coco,train
data/wildfake/real/807146b067cdc871.jpg,0,real,coco,train
data/wildfake/real/a17e9425211832e4.jpg,0,real,coco,train
data/wildfake/real/85dbcbeff4f4e8ca.jpg,0,real,coco,train
data/wildfake/real/2a4eb9be908d95bf.jpg,0,real,coco,train
data/wildfake/real/15d43931550272e8.jpg,0,real,coco,train
data/wildfake/real/6c6dc4436c82e860.jpg,0,real,coco,train
data/wildfake/real/15d3ff6768ef517a.jpg,0,real,coco,train
data/wildfake/real/074d66be134eaa83.jpg,0,real,coco,train
data/wildfake/real/d391456ebd56bf91.jpg,0,real,coco,train
data/wildfake/real/2c78eaf9bf68c8cf.jpg,0,real,coco,train
data/wildfake/real/7cc7d59adbf09259.jpg,0,real,coco,train
data/wildfake/real/7ae84b0d237e5a38.jpg,0,real,coco,train
data/wildfake/real/927a70d4d0c52a4e.jpg,0,real,coco,train
data/wildfake/real/d4ef615ceb7f13ca.jpg,0,real,coco,train
data/wildfake/real/5a1298993b653655.jpg,0,real,coco,train
data/wildfake/real/2bfb6d95ee021cbb.jpg,0,real,coco,train
data/wildfake/real/aa35f42911a0640c.jpg,0,real,coco,train
data/wildfake/real/ce55b8734c175e72.jpg,0,real,coco,train
data/wildfake/real/2ccbaeb92f02efc4.jpg,0,real,coco,train
data/wildfake/real/f224ceec8ce3e76b.jpg,0,real,coco,train
data/wildfake/real/3a32c86033844a31.jpg,0,real,coco,train
data/wildfake/real/4a73d6588da01861.jpg,0,real,coco,train
data/wildfake/real/23a7208fa4d23052.jpg,0,real,coco,train
data/wildfake/real/2174f77067c0f90f.jpg,0,real,coco,train
data/wildfake/real/ccd52f0193ea0cc1.jpg,0,real,coco,train
data/wildfake/real/f55a6af959019356.jpg,0,real,coco,train
data/wildfake/real/eb3a8ef906304f82.jpg,0,real,coco,train
data/wildfake/real/86be5f55b548be10.jpg,0,real,coco,train
data/wildfake/real/c159bb00c6a0c1d2.jpg,0,real,coco,train
data/wildfake/real/dfb396773a74d1af.jpg,0,real,coco,train
data/wildfake/real/3272f5f356447f8c.jpg,0,real,coco,train
data/wildfake/real/37120f8e8169812d.jpg,0,real,coco,train
data/wildfake/real/b65226c53f60fd08.jpg,0,real,coco,train
data/wildfake/real/b9228bcd6680977f.jpg,0,real,coco,train
data/wildfake/real/5249208c189e9b18.jpg,0,real,coco,train
data/wildfake/real/6947eac2206ddc84.jpg,0,real,coco,train
data/wildfake/real/4ec8396dc5f24d8e.jpg,0,real,coco,train
data/wildfake/real/16c6e941e3848a9b.jpg,0,real,coco,train
data/wildfake/real/079eeaaf077c1096.jpg,0,real,coco,train
data/wildfake/real/5882ee02366ce062.jpg,0,real,coco,train
data/wildfake/real/bf1aa419a37a8473.jpg,0,real,coco,train
data/wildfake/real/8c8b8c300a302e40.jpg,0,real,coco,train
data/wildfake/real/41da92ae9dceecdb.jpg,0,real,coco,train
data/wildfake/real/46bf95ae557bcd3a.jpg,0,real,coco,train
data/wildfake/real/4c7ef438ae0fdfcb.jpg,0,real,coco,train
data/wildfake/real/5d6df1a49ff669bf.jpg,0,real,coco,train
data/wildfake/real/13dae427a2fe2873.jpg,0,real,coco,train
data/wildfake/real/a8f2e9124692ff81.jpg,0,real,coco,train
data/wildfake/real/34da50a763efff92.jpg,0,real,coco,train
data/wildfake/real/ae71e14945f7722c.jpg,0,real,coco,train
data/wildfake/real/34ef85b954849845.jpg,0,real,coco,train
data/wildfake/real/9def4d1c1a75df6d.jpg,0,real,coco,train
data/wildfake/real/2dfde68f41fdd8fe.jpg,0,real,coco,train
data/wildfake/real/a6dab63068d755a1.jpg,0,real,coco,train
data/wildfake/real/a664b2e7db34de6a.jpg,0,real,coco,train
data/wildfake/real/75ce6c405cc133cb.jpg,0,real,coco,train
data/wildfake/real/d31689a36805dd9a.jpg,0,real,coco,train
data/wildfake/real/b32d37c537112537.jpg,0,real,coco,train
data/wildfake/real/c93baef90fd4150f.jpg,0,real,coco,train
data/wildfake/real/56d0640d09772c93.jpg,0,real,coco,train
data/wildfake/real/a561a36b5984dc21.jpg,0,real,coco,train
data/wildfake/real/39ef47b53d4e345f.jpg,0,real,coco,train
data/wildfake/real/4ec46091815c4bd5.jpg,0,real,coco,train
data/wildfake/real/8e5c4cab8553487a.jpg,0,real,coco,train
data/wildfake/real/d4f59ac49bfe9879.jpg,0,real,coco,train
data/wildfake/real/506185f287aceb5d.jpg,0,real,coco,train
data/wildfake/real/9ff03eeed855e908.jpg,0,real,coco,train
data/wildfake/real/d94535298026efe7.jpg,0,real,coco,train
data/wildfake/real/ec2c3e8f20746b21.jpg,0,real,coco,train
data/wildfake/real/630f9ee74d47dbc9.jpg,0,real,coco,train
data/wildfake/real/faab9bd066cbdc58.jpg,0,real,coco,train
data/wildfake/real/5f30f8cc80b2050b.jpg,0,real,coco,train
data/wildfake/real/8ee2f328e683c1ce.jpg,0,real,coco,train
data/wildfake/real/fe3bd3ec1b467684.jpg,0,real,coco,train
data/wildfake/real/78b80f88e5908833.jpg,0,real,coco,train
data/wildfake/real/5a7c12b441f44b91.jpg,0,real,coco,train
data/wildfake/real/3a4573021da3141f.jpg,0,real,coco,train
data/wildfake/real/5b4fc1beade9da51.jpg,0,real,coco,train
data/wildfake/real/c1f7391e107eb138.jpg,0,real,coco,train
data/wildfake/real/8403209183e32e54.jpg,0,real,coco,train
data/wildfake/real/13943e72cf3de4f8.jpg,0,real,coco,train
data/wildfake/real/87a439b23f60218c.jpg,0,real,coco,train
data/wildfake/real/baaed2aca4d725d1.jpg,0,real,coco,train
data/wildfake/real/6a7ed5f40e0ac210.jpg,0,real,coco,train
data/wildfake/real/d07c72f030814602.jpg,0,real,coco,train
data/wildfake/real/dc4639075707cbd6.jpg,0,real,coco,train
data/wildfake/real/825b9727b0bb4a32.jpg,0,real,coco,train
data/wildfake/real/89019fcd64c5805a.jpg,0,real,coco,train
data/wildfake/real/286a3111936a3342.jpg,0,real,coco,train
data/wildfake/real/fdd0b8a17c5f457a.jpg,0,real,coco,train
data/wildfake/real/676c8e3302d26a71.jpg,0,real,coco,train
data/wildfake/real/10e6edf5a70cc531.jpg,0,real,coco,train
data/wildfake/real/da0745753e731dcf.jpg,0,real,coco,train
data/wildfake/real/5bb9beaa57854ee6.jpg,0,real,coco,train
data/wildfake/real/1fe5861f57491c37.jpg,0,real,coco,train
data/wildfake/real/ab57a56d5d45af05.jpg,0,real,coco,train
data/wildfake/real/7571c61c583e21e4.jpg,0,real,coco,train
data/wildfake/real/1c5d35dece545613.jpg,0,real,coco,train
data/wildfake/real/fec639399e8aec93.jpg,0,real,coco,train
data/wildfake/real/c6a8178e2c042ae6.jpg,0,real,coco,train
data/wildfake/real/5f86615bb7e53cc0.jpg,0,real,coco,train
data/wildfake/real/915a2fe3874d5808.jpg,0,real,coco,train
data/wildfake/real/6bcae0ef9cc29e25.jpg,0,real,coco,train
data/wildfake/real/f51243fa0acef70d.jpg,0,real,coco,train
data/wildfake/real/87d449e919ccc130.jpg,0,real,coco,train
data/wildfake/real/a475c1fc0a2418ad.jpg,0,real,coco,train
data/wildfake/real/7fc801ed3dfdf893.jpg,0,real,coco,train
data/wildfake/real/84a7b76dae507fe4.jpg,0,real,coco,train
data/wildfake/real/dc7e450d7c5f16d8.jpg,0,real,coco,train
data/wildfake/real/9f8f7438da1e8991.jpg,0,real,coco,train
data/wildfake/real/faa82bd50587b7ad.jpg,0,real,coco,train
data/wildfake/real/64b2e9a6cadc8977.jpg,0,real,coco,train
data/wildfake/real/509c6651714080ee.jpg,0,real,coco,train
data/wildfake/real/7123c67a55c71ef0.jpg,0,real,coco,train
data/wildfake/real/4f066ea2e820e17d.jpg,0,real,coco,train
data/wildfake/real/2da58cdc8ae8434a.jpg,0,real,coco,train
data/wildfake/real/72e795b0d312877a.jpg,0,real,coco,train
data/wildfake/real/8c529755e5f46187.jpg,0,real,coco,train
data/wildfake/real/1081bb76bd3b4ca5.jpg,0,real,coco,train
data/wildfake/real/6365b2857bb4682f.jpg,0,real,coco,train
data/wildfake/real/5acdf48763baf6cf.jpg,0,real,coco,train
data/wildfake/real/bd63e848d94c52c9.jpg,0,real,coco,train
data/wildfake/real/555906b26fceef58.jpg,0,real,coco,train
data/wildfake/real/5fc098b3dc101a73.jpg,0,real,coco,train
data/wildfake/real/bd380bcdd5f37509.jpg,0,real,coco,train
data/wildfake/real/8c1291c8ef1a461b.jpg,0,real,coco,train
data/wildfake/real/bfdcd46c7957f5e2.jpg,0,real,coco,train
data/wildfake/real/6e1d73d61093ce66.jpg,0,real,coco,train
data/wildfake/real/8d7a98c2af491345.jpg,0,real,coco,train
data/wildfake/real/9acb1e390e83f740.jpg,0,real,coco,train
data/wildfake/real/afc611524097b09c.jpg,0,real,coco,train
data/wildfake/real/4ab125c9d74e5e1b.jpg,0,real,coco,train
data/wildfake/real/1646591d3299fd3f.jpg,0,real,coco,train
data/wildfake/real/4c1d2d8aa999cb34.jpg,0,real,coco,train
data/wildfake/real/ca1909241229cfa7.jpg,0,real,coco,train
data/wildfake/real/f0b6fb39bde27d0b.jpg,0,real,coco,train
data/wildfake/real/cf89f3d6ef724224.jpg,0,real,coco,train
data/wildfake/real/ad0149666b4c5a7e.jpg,0,real,coco,train
data/wildfake/real/3af425d50c3286f9.jpg,0,real,coco,train
data/wildfake/real/bb7284580be4702e.jpg,0,real,coco,train
data/wildfake/real/e62057a13893fda4.jpg,0,real,coco,train
data/wildfake/real/95c318ccbd7b952a.jpg,0,real,coco,train
data/wildfake/real/bb70bfae9a5d9dcd.jpg,0,real,coco,train
data/wildfake/real/0e8345da290d90b8.jpg,0,real,coco,train
data/wildfake/real/ff72f9c11bb74e29.jpg,0,real,coco,train
data/wildfake/real/12a9c4a9c13d14d7.jpg,0,real,coco,train
data/wildfake/real/4604ffc5c76096c5.jpg,0,real,coco,train
data/wildfake/real/5952346d17acc885.jpg,0,real,coco,train
data/wildfake/real/2750bd1c349ac605.jpg,0,real,coco,train
data/wildfake/real/07ed40bdc251ec80.jpg,0,real,coco,train
data/wildfake/real/668e9edc07e987be.jpg,0,real,coco,train
data/wildfake/real/5f3e4bd396fe60cb.jpg,0,real,coco,train
data/wildfake/real/81d7e1ea810ed20e.jpg,0,real,coco,train
data/wildfake/real/cf7caa5608ee9b64.jpg,0,real,coco,train
data/wildfake/real/55e77572326caf4b.jpg,0,real,coco,train
data/wildfake/real/8d233dfdf177626f.jpg,0,real,coco,train
data/wildfake/real/8466638c97f2b288.jpg,0,real,coco,train
data/wildfake/real/2c71f04d35ecd02f.jpg,0,real,coco,train
data/wildfake/real/5d8279af374b4739.jpg,0,real,coco,train
data/wildfake/real/5adace73f8244bde.jpg,0,real,coco,train
data/wildfake/real/e0a8fc797f9131a9.jpg,0,real,coco,train
data/wildfake/real/59d1d01b666a9073.jpg,0,real,coco,train
data/wildfake/real/7c2b1168f5087938.jpg,0,real,coco,train
data/wildfake/real/94d1a81b49d378cd.jpg,0,real,coco,train
data/wildfake/real/91d01a1f904843ce.jpg,0,real,coco,train
data/wildfake/real/8861923eea123dd7.jpg,0,real,coco,train
data/wildfake/real/466a1b0f69b8fdaf.jpg,0,real,coco,train
data/wildfake/real/c9f3e8821a131805.jpg,0,real,coco,train
data/wildfake/real/6a4f1cd4a231d1d5.jpg,0,real,coco,train
data/wildfake/real/0d997b24588632d8.jpg,0,real,coco,train
data/wildfake/real/a6a615d879415355.jpg,0,real,coco,train
data/wildfake/real/56ef617094c7cfd1.jpg,0,real,coco,train
data/wildfake/real/1140d4d7892724a9.jpg,0,real,coco,train
data/wildfake/real/21f39662625b92d7.jpg,0,real,coco,train
data/wildfake/real/fc7f7acb8664c06c.jpg,0,real,coco,train
data/wildfake/real/db395b02e1326c43.jpg,0,real,coco,train
data/wildfake/real/a29ea4a8cbcf2783.jpg,0,real,coco,train
data/wildfake/real/1e77f43569eb0b07.jpg,0,real,coco,train
data/wildfake/real/482330c269ac0ff4.jpg,0,real,coco,train
data/wildfake/real/4db04ad2242c305f.jpg,0,real,coco,train
data/wildfake/real/976d2639bb33bd40.jpg,0,real,coco,train
data/wildfake/real/3e6c31f770f39a76.jpg,0,real,coco,train
data/wildfake/real/3b7cb8ca61fd166c.jpg,0,real,coco,train
data/wildfake/real/c4dfbdb4598ae03e.jpg,0,real,coco,train
data/wildfake/real/4de70d08c5de12d3.jpg,0,real,coco,train
data/wildfake/real/3c3ed23e2f53557f.jpg,0,real,coco,train
data/wildfake/real/d9be27a73ccacd92.jpg,0,real,coco,train
data/wildfake/real/cf310be489b5eff8.jpg,0,real,coco,train
data/wildfake/real/c6bec720468d204f.jpg,0,real,coco,train
data/wildfake/real/56f6a4a425d0d5b1.jpg,0,real,coco,train
data/wildfake/real/8550a0589b1bfcd3.jpg,0,real,coco,train
data/wildfake/real/28a0d79e0cbe7db5.jpg,0,real,coco,train
data/wildfake/real/608dc756b3916544.jpg,0,real,coco,train
data/wildfake/real/cbab3f620eda2001.jpg,0,real,coco,train
data/wildfake/real/eadcc360546ac2d4.jpg,0,real,coco,train
data/wildfake/real/fbc8678cf6da65f5.jpg,0,real,coco,train
data/wildfake/real/7284b21ef230a5b6.jpg,0,real,coco,train
data/wildfake/real/199639cf7309aea0.jpg,0,real,coco,train
data/wildfake/real/fe040380eb6c667b.jpg,0,real,coco,train
data/wildfake/real/ec7dfbc041a4b908.jpg,0,real,coco,train
data/wildfake/real/56f0a55d0d018b8f.jpg,0,real,coco,train
data/wildfake/real/a892a37026f3b3f2.jpg,0,real,coco,train
data/wildfake/real/79673404200642bd.jpg,0,real,coco,train
data/wildfake/real/5a0334399c184940.jpg,0,real,coco,train
data/wildfake/real/e558fd3e4ca0cbae.jpg,0,real,coco,train
data/wildfake/real/d3e37bc30803925b.jpg,0,real,coco,train
data/wildfake/real/81d81269317c03aa.jpg,0,real,coco,train
data/wildfake/real/1d5ec99a3492a484.jpg,0,real,coco,train
data/wildfake/real/59920af93fea4fe9.jpg,0,real,coco,train
data/wildfake/real/d8a9262f26957e57.jpg,0,real,coco,train
data/wildfake/real/beaf2acd889006fb.jpg,0,real,coco,train
data/wildfake/real/bc3c73389c929db0.jpg,0,real,coco,train
data/wildfake/real/3bf41f5c662cfbdc.jpg,0,real,coco,train
data/wildfake/real/265a577961d5190e.jpg,0,real,coco,train
data/wildfake/real/3f016caedd8369e7.jpg,0,real,coco,train
data/wildfake/real/99715218aa769ca6.jpg,0,real,coco,train
data/wildfake/real/42fe5a83776fb5e4.jpg,0,real,coco,train
data/wildfake/real/d846428cb83d30e2.jpg,0,real,coco,train
data/wildfake/real/4a97a2c138c5b72a.jpg,0,real,coco,train
data/wildfake/real/f75822859ab22623.jpg,0,real,coco,train
data/wildfake/real/7670c16d6fb5867b.jpg,0,real,coco,train
data/wildfake/real/c4990f3d1f540a36.jpg,0,real,coco,train
data/wildfake/real/a9ec207305eb88cb.jpg,0,real,coco,train
data/wildfake/real/1964826a0542eea5.jpg,0,real,coco,train
data/wildfake/real/ab9cc8b3137de12f.jpg,0,real,coco,train
data/wildfake/real/e308399db069d718.jpg,0,real,coco,train
data/wildfake/real/77851ea60e3c815f.jpg,0,real,coco,train
data/wildfake/real/ebf57177e567823c.jpg,0,real,coco,train
data/wildfake/real/80bc0254d3033aeb.jpg,0,real,coco,train
data/wildfake/real/98a93f4b9f579cb9.jpg,0,real,coco,train
data/wildfake/real/2b9fe79e5b48a1f8.jpg,0,real,coco,train
data/wildfake/real/f1aa27b7462e64e9.jpg,0,real,coco,train
data/wildfake/real/89cdead48e5b8b53.jpg,0,real,coco,train
data/wildfake/real/c21ae9bfa09dfc15.jpg,0,real,coco,train
data/wildfake/real/b756340a27d8a4d4.jpg,0,real,coco,train
data/wildfake/real/840a1657da444eed.jpg,0,real,coco,train
data/wildfake/real/beaddc4040d322e5.jpg,0,real,coco,train
data/wildfake/real/157478f3bd697730.jpg,0,real,coco,train
data/wildfake/real/9fc9e210b8aa8d8b.jpg,0,real,coco,train
data/wildfake/real/cc4d78dcd6173d1d.jpg,0,real,coco,train
data/wildfake/real/527f4dafbd2cb6f7.jpg,0,real,coco,train
data/wildfake/real/2f2075157c16ee43.jpg,0,real,coco,train
data/wildfake/real/753ef26b0652c919.jpg,0,real,coco,train
data/wildfake/real/612aacd994d8c48a.jpg,0,real,coco,train
data/wildfake/real/4fc5b5c9a4c1f1f4.jpg,0,real,coco,train
data/wildfake/real/8871c588e31c2fd1.jpg,0,real,coco,train
data/wildfake/real/ad7cabc1d61886f1.jpg,0,real,coco,train
data/wildfake/real/ee359d4ee733d07b.jpg,0,real,coco,train
data/wildfake/real/a92d9ebdfd322687.jpg,0,real,coco,train
data/wildfake/real/b88e2e8f766a1325.jpg,0,real,coco,train
data/wildfake/real/cf1b4a95e7a06a10.jpg,0,real,coco,train
data/wildfake/real/4259e22f8e709b87.jpg,0,real,coco,train
data/wildfake/real/4f194bf354986e59.jpg,0,real,coco,train
data/wildfake/real/9bb96809972289e6.jpg,0,real,coco,train
data/wildfake/real/5637955c062c22da.jpg,0,real,coco,train
data/wildfake/real/3b711364f9d7273b.jpg,0,real,coco,train
data/wildfake/real/35289c5ef8184c6b.jpg,0,real,coco,train
data/wildfake/real/4d843c0d9587cb8e.jpg,0,real,coco,train
data/wildfake/real/2d4bd1f35c9b2cf6.jpg,0,real,coco,train
data/wildfake/real/cca9ed01b92905ee.jpg,0,real,coco,train
data/wildfake/real/243480ff9d7d0ff0.jpg,0,real,coco,train
data/wildfake/real/fa1bb6f203230e68.jpg,0,real,coco,train
data/wildfake/real/0cd1d181139a501c.jpg,0,real,coco,train
data/wildfake/real/2dc0b0ce6a28ddc0.jpg,0,real,coco,train
data/wildfake/real/0f892459997d5170.jpg,0,real,coco,train
data/wildfake/real/21d5f7d4a43d660c.jpg,0,real,coco,train
data/wildfake/real/ea3837c7b09d1308.jpg,0,real,coco,train
data/wildfake/real/9ee174b45dd7d2cb.jpg,0,real,coco,train
data/wildfake/real/7de63540fb13b0a2.jpg,0,real,coco,train
data/wildfake/real/38dbe9b2ddf24fdd.jpg,0,real,coco,train
data/wildfake/real/e6732c79154ef791.jpg,0,real,coco,train
data/wildfake/real/280dd5cfc55d4985.jpg,0,real,coco,train
data/wildfake/real/192bca895c426a1d.jpg,0,real,coco,train
data/wildfake/real/ad738741b2b59576.jpg,0,real,coco,train
data/wildfake/real/c6c6b72dae7f0752.jpg,0,real,coco,train
data/wildfake/real/662423217558a95f.jpg,0,real,coco,train
data/wildfake/real/19e846216afea778.jpg,0,real,coco,train
data/wildfake/real/74084c23b681659b.jpg,0,real,coco,train
data/wildfake/real/218ec6aad173d716.jpg,0,real,coco,train
data/wildfake/real/2057646bbe27d558.jpg,0,real,coco,train
data/wildfake/real/c9f163affe0ab07e.jpg,0,real,coco,train
data/wildfake/real/782a8c2d10a3169b.jpg,0,real,coco,train
data/wildfake/real/718f0a765d0451d3.jpg,0,real,coco,train
data/wildfake/real/a4cee76cc26d2286.jpg,0,real,coco,train
data/wildfake/real/0e3cdc7de9b2d962.jpg,0,real,coco,train
data/wildfake/real/967dbcef650915f6.jpg,0,real,coco,train
data/wildfake/real/65bdb699c23e11f6.jpg,0,real,coco,train
data/wildfake/real/3b2997c87be1c8a7.jpg,0,real,coco,train
data/wildfake/real/15971e31067e32fa.jpg,0,real,coco,train
data/wildfake/real/734a81935dbcd4a2.jpg,0,real,coco,train
data/wildfake/real/bf6ab1f61c692e42.jpg,0,real,coco,train
data/wildfake/real/975b651e479396a9.jpg,0,real,coco,train
data/wildfake/real/c030ae8eabf575ee.jpg,0,real,coco,train
data/wildfake/real/a147a5dc8be71143.jpg,0,real,coco,train
data/wildfake/real/36506a24f51cdaca.jpg,0,real,coco,train
data/wildfake/real/d1b6d69abedb24cd.jpg,0,real,coco,train
data/wildfake/real/aedcb948a7b1f584.jpg,0,real,coco,train
data/wildfake/real/149b62254f30a2b4.jpg,0,real,coco,train
data/wildfake/real/df8f121f724a4fac.jpg,0,real,coco,train
data/wildfake/real/eb07a76eaa8bc4d6.jpg,0,real,coco,train
data/wildfake/real/e6bfadc06e19050d.jpg,0,real,coco,train
data/wildfake/real/f6e89d97de3c6fcf.jpg,0,real,coco,train
data/wildfake/real/314af8c6718e7183.jpg,0,real,coco,train
data/wildfake/real/778a6d9b30cb5916.jpg,0,real,coco,train
data/wildfake/real/1a085ae7adadd972.jpg,0,real,coco,train
data/wildfake/real/8a789b727b5c0676.jpg,0,real,coco,train
data/wildfake/real/a51973f48d8f191b.jpg,0,real,coco,train
data/wildfake/real/350914331481990f.jpg,0,real,coco,train
data/wildfake/real/3e9cbfae2f8799f0.jpg,0,real,coco,train
data/wildfake/real/14d02ee5d23d5220.jpg,0,real,coco,train
data/wildfake/real/b5c42899aa3f561b.jpg,0,real,coco,train
data/wildfake/real/d01c56b9746e9adb.jpg,0,real,coco,train
data/wildfake/real/fad94e52780c6ec4.jpg,0,real,coco,train
data/wildfake/real/e993159fc575ecb2.jpg,0,real,coco,train
data/wildfake/real/4d737d4368daf552.jpg,0,real,coco,train
data/wildfake/real/cddf9398ad8f4f3d.jpg,0,real,coco,train
data/wildfake/real/e671088d42089ec5.jpg,0,real,coco,train
data/wildfake/real/daa5f127b9505cd1.jpg,0,real,coco,train
data/wildfake/real/99ea0a6ee7b03297.jpg,0,real,coco,train
data/wildfake/real/c8191b9796e23a9f.jpg,0,real,coco,train
data/wildfake/real/bf3976bf174f55dd.jpg,0,real,coco,train
data/wildfake/real/3aa3f3dc892cbf42.jpg,0,real,coco,train
data/wildfake/real/2e2e0f42f633c929.jpg,0,real,coco,train
data/wildfake/real/c1bda4a11ec06023.jpg,0,real,coco,train
data/wildfake/real/d22c1cdcf9a5b5b9.jpg,0,real,coco,train
data/wildfake/real/d0f43dd1a45a2602.jpg,0,real,coco,train
data/wildfake/real/d3e9c116b9e9d50f.jpg,0,real,coco,train
data/wildfake/real/d09d6da2501d7962.jpg,0,real,coco,train
data/wildfake/real/48416d919353b349.jpg,0,real,coco,train
data/wildfake/real/b6efdf4e3a88c14c.jpg,0,real,coco,train
data/wildfake/real/df9e56bcb6c86504.jpg,0,real,coco,train
data/wildfake/real/02e37e7555064e39.jpg,0,real,coco,train
data/wildfake/real/be839afb617a7582.jpg,0,real,coco,train
data/wildfake/real/059f0c6eb3c9b11f.jpg,0,real,coco,train
data/wildfake/real/eb1c44aed08df0fd.jpg,0,real,coco,train
data/wildfake/real/7d9b84395804a648.jpg,0,real,coco,train
data/wildfake/real/a52aa676c1738a0d.jpg,0,real,coco,train
data/wildfake/real/d83779358835b299.jpg,0,real,coco,train
data/wildfake/real/572f1ef8a7fe4230.jpg,0,real,coco,train
data/wildfake/real/ce69203da0a08933.jpg,0,real,coco,train
data/wildfake/real/d31379ea522c9c1a.jpg,0,real,coco,train
data/wildfake/real/bba73567faca7058.jpg,0,real,coco,train
data/wildfake/real/34631f6b5bba1811.jpg,0,real,coco,train
data/wildfake/real/14d3c802fd0d0828.jpg,0,real,coco,train
data/wildfake/real/ef63e7f9caa93bf4.jpg,0,real,coco,train
data/wildfake/real/ee06833cb295cb7e.jpg,0,real,coco,train
data/wildfake/real/a119ddc6342da52d.jpg,0,real,coco,train
data/wildfake/real/ecff77721244877b.jpg,0,real,coco,train
data/wildfake/real/1448613febfea641.jpg,0,real,coco,train
data/wildfake/real/312ad6acbb5c4926.jpg,0,real,coco,train
data/wildfake/real/d77c5113d5217158.jpg,0,real,coco,train
data/wildfake/real/1217e72092b6e6a1.jpg,0,real,coco,train
data/wildfake/real/e97927e96b8dfc18.jpg,0,real,coco,train
data/wildfake/real/6d88633b194cfea3.jpg,0,real,coco,train
data/wildfake/real/010786c8513e9f29.jpg,0,real,coco,train
data/wildfake/real/f4cbd915b5461a58.jpg,0,real,coco,train
data/wildfake/real/737fcc616b3c41a1.jpg,0,real,coco,train
data/wildfake/real/d1471cd9474b4155.jpg,0,real,coco,train
data/wildfake/real/2c68156f9a7d7082.jpg,0,real,coco,train
data/wildfake/real/4f60ac8afce33a8a.jpg,0,real,coco,train
data/wildfake/real/9efbd3c14f34d0de.jpg,0,real,coco,train
data/wildfake/real/b72be000564d9dd0.jpg,0,real,coco,train
data/wildfake/real/87e2970546571256.jpg,0,real,coco,train
data/wildfake/real/8d593d38a9fbf08e.jpg,0,real,coco,train
data/wildfake/real/7aaae8b822af27f2.jpg,0,real,coco,train
data/wildfake/real/70c93e822f74a00c.jpg,0,real,coco,train
data/wildfake/real/ed421221fd65848f.jpg,0,real,coco,train
data/wildfake/real/bbb2642db414b6a4.jpg,0,real,coco,train
data/wildfake/real/259b0ce59c97dd36.jpg,0,real,coco,train
data/wildfake/real/7dbd8df5487e9b41.jpg,0,real,coco,train
data/wildfake/real/a9395d20a68c3925.jpg,0,real,coco,train
data/wildfake/real/fc3443da3a0099dd.jpg,0,real,coco,train
data/wildfake/real/19f85189a8c97ef7.jpg,0,real,coco,train
data/wildfake/real/12161ac03e318a78.jpg,0,real,coco,train
data/wildfake/real/daeee965d0683733.jpg,0,real,coco,train
data/wildfake/real/37e7dc606bdeae04.jpg,0,real,coco,train
data/wildfake/real/93902af63579da9d.jpg,0,real,coco,train
data/wildfake/real/4f87855540a40217.jpg,0,real,coco,train
data/wildfake/real/234d3efa8c3528cd.jpg,0,real,coco,train
data/wildfake/real/c5dfc0048627c166.jpg,0,real,coco,train
data/wildfake/real/d902b49104262dca.jpg,0,real,coco,train
data/wildfake/real/efa482fbd35f871a.jpg,0,real,coco,train
data/wildfake/real/e026d35f0897ba4a.jpg,0,real,coco,train
data/wildfake/real/0cfb2a734a3456a5.jpg,0,real,coco,train
data/wildfake/real/0f2077018c8eebca.jpg,0,real,coco,train
data/wildfake/real/1db3118bb080c195.jpg,0,real,coco,train
data/wildfake/real/bc5c5369cae3402f.jpg,0,real,coco,train
data/wildfake/real/ad0bc2415accde0d.jpg,0,real,coco,train
data/wildfake/real/15f62226318ca51b.jpg,0,real,coco,train
data/wildfake/real/668d128ed7e2da94.jpg,0,real,coco,train
data/wildfake/real/80932643731758ac.jpg,0,real,coco,train
data/wildfake/real/f87c97119b9623d0.jpg,0,real,coco,train
data/wildfake/real/50b4a05eb1e35767.jpg,0,real,coco,train
data/wildfake/real/3c3b3a4dd73e415c.jpg,0,real,coco,train
data/wildfake/real/ca9a4f7aa3220dde.jpg,0,real,coco,train
data/wildfake/real/bc7dbc9b0daac7de.jpg,0,real,coco,train
data/wildfake/real/d4a4d341be22a63d.jpg,0,real,coco,train
data/wildfake/real/32990f72c81e2732.jpg,0,real,coco,train
data/wildfake/real/8f6272a072942b7e.jpg,0,real,coco,train
data/wildfake/real/9bd77a8e62270fb1.jpg,0,real,coco,train
data/wildfake/real/fe53638881c2567b.jpg,0,real,coco,train
data/wildfake/real/3501f30017ce1d33.jpg,0,real,coco,train
data/wildfake/real/8d49fc9757be29e9.jpg,0,real,coco,train
data/wildfake/real/12cd5cbeafe9a217.jpg,0,real,coco,train
data/wildfake/real/948455d112e509ab.jpg,0,real,coco,train
data/wildfake/real/978d2a7ae82d0ad1.jpg,0,real,coco,train
data/wildfake/real/061a38d5b0074ce9.jpg,0,real,coco,train
data/wildfake/real/838d361873255911.jpg,0,real,coco,train
data/wildfake/real/934e8a30d03418a1.jpg,0,real,coco,train
data/wildfake/real/8cf0d547499546e8.jpg,0,real,coco,train
data/wildfake/real/6e38088d632bf195.jpg,0,real,coco,train
data/wildfake/real/eed414b99816fa15.jpg,0,real,coco,train
data/wildfake/real/8008a41367d03635.jpg,0,real,coco,train
data/wildfake/real/d5e356661863342c.jpg,0,real,coco,train
data/wildfake/real/b5eca8851001535e.jpg,0,real,coco,train
data/wildfake/real/8a27c4df9d297558.jpg,0,real,coco,train
data/wildfake/real/273db67463dbe470.jpg,0,real,coco,train
data/wildfake/real/4d3ed0960fb62965.jpg,0,real,coco,train
data/wildfake/real/402494c00252799c.jpg,0,real,coco,train
data/wildfake/real/971e8f41c6e174cc.jpg,0,real,coco,train
data/wildfake/real/70efb634e55767d4.jpg,0,real,coco,train
data/wildfake/real/89a9c6b1c5e15489.jpg,0,real,coco,train
data/wildfake/real/97021649b01967b2.jpg,0,real,coco,train
data/wildfake/real/f4e3a0a1db12a9c5.jpg,0,real,coco,train
data/wildfake/real/308088081794f75c.jpg,0,real,coco,train
data/wildfake/real/036b9582ae351738.jpg,0,real,coco,train
data/wildfake/real/80cd3e274a991058.jpg,0,real,coco,train
data/wildfake/real/1288eb6fb139716d.jpg,0,real,coco,train
data/wildfake/real/153cf64098b10a18.jpg,0,real,coco,train
data/wildfake/real/a8d5fefc91f5cc6b.jpg,0,real,coco,train
data/wildfake/real/c65f725cde5371ea.jpg,0,real,coco,train
data/wildfake/real/40f7119dba7b031d.jpg,0,real,coco,train
data/wildfake/real/39d9e397cfc4258a.jpg,0,real,coco,train
data/wildfake/real/e8d1458fe23d1473.jpg,0,real,coco,train
data/wildfake/real/031a7888908739a0.jpg,0,real,coco,train
data/wildfake/real/9990dff627f08d51.jpg,0,real,coco,train
data/wildfake/real/eb1dd388f3302b65.jpg,0,real,coco,train
data/wildfake/real/5e0b47a09d702395.jpg,0,real,coco,train
data/wildfake/real/c6c8e9a3f51d7800.jpg,0,real,coco,train
data/wildfake/real/58ddf650a2cb9b14.jpg,0,real,coco,train
data/wildfake/real/f62ddfa8452ed6e4.jpg,0,real,coco,train
data/wildfake/real/f3d3b450ce940dd2.jpg,0,real,coco,train
data/wildfake/real/ae79bb1ee01565ee.jpg,0,real,coco,train
data/wildfake/real/795d972f6b0781b8.jpg,0,real,coco,train
data/wildfake/real/47ab6f16ea3a4604.jpg,0,real,coco,train
data/wildfake/real/d46d63dbb5f8cda8.jpg,0,real,coco,train
data/wildfake/real/bb07c725b13273af.jpg,0,real,coco,train
data/wildfake/real/6d6597561cce14f7.jpg,0,real,coco,train
data/wildfake/real/49107c62b2c3526c.jpg,0,real,coco,train
data/wildfake/real/e1870f1354fdd857.jpg,0,real,coco,train
data/wildfake/real/d6f7baef0567cc7a.jpg,0,real,ffhq,val
data/wildfake/real/6ac8f503207c942e.jpg,0,real,ffhq,val
data/wildfake/real/ebff3635a7c60429.jpg,0,real,ffhq,val
data/wildfake/real/015bf838d90c2ad2.jpg,0,real,ffhq,val
data/wildfake/real/7c68be31dc9d9004.jpg,0,real,ffhq,val
data/wildfake/real/f0f6f28c88933836.jpg,0,real,ffhq,val
data/wildfake/real/2e7934d9d2902d3a.jpg,0,real,ffhq,val
data/wildfake/real/62ac86077d579b1c.jpg,0,real,ffhq,val
data/wildfake/real/76f293bf470534d7.jpg,0,real,ffhq,val
data/wildfake/real/2a189bca6b40bb99.jpg,0,real,ffhq,val
data/wildfake/real/9c17afcb8d354803.jpg,0,real,ffhq,val
data/wildfake/real/90017381c164563a.jpg,0,real,ffhq,val
data/wildfake/real/4cad436563077b21.jpg,0,real,ffhq,val
data/wildfake/real/e5871552d2824422.jpg,0,real,ffhq,val
data/wildfake/real/91a4cf68ccc8f280.jpg,0,real,ffhq,val
data/wildfake/real/d8a2c1f870f21ef5.jpg,0,real,ffhq,val
data/wildfake/real/bd7aaa77d3aa7923.jpg,0,real,ffhq,val
data/wildfake/real/0097ed679d374831.jpg,0,real,ffhq,val
data/wildfake/real/5b9fe0097457d0ba.jpg,0,real,ffhq,val
data/wildfake/real/592b6dd85a8cd1fb.jpg,0,real,ffhq,val
data/wildfake/real/4e813b92f7039545.jpg,0,real,ffhq,val
data/wildfake/real/216ef51bb040e1e6.jpg,0,real,ffhq,val
data/wildfake/real/d45ba5a684ddbc0c.jpg,0,real,ffhq,val
data/wildfake/real/280707013b9cd977.jpg,0,real,ffhq,val
data/wildfake/real/cfd6ad997b745ed7.jpg,0,real,ffhq,val
data/wildfake/real/b1f43f9f26f51c85.jpg,0,real,ffhq,val
data/wildfake/real/39aaf32c41e5d613.jpg,0,real,ffhq,val
data/wildfake/real/242232823f77a99e.jpg,0,real,ffhq,val
data/wildfake/real/4a2a0b5d05ef7ec0.jpg,0,real,ffhq,val
data/wildfake/real/3741ea9ef6068e1b.jpg,0,real,ffhq,val
data/wildfake/real/8b945304989ac086.jpg,0,real,ffhq,val
data/wildfake/real/1557f4230f6c7370.jpg,0,real,ffhq,val
data/wildfake/real/f2e2444cb727cedf.jpg,0,real,ffhq,val
data/wildfake/real/7a82daf0dccdb581.jpg,0,real,ffhq,val
data/wildfake/real/44ac8dd34d7e6a20.jpg,0,real,ffhq,val
data/wildfake/real/24e00414c4a1d511.jpg,0,real,ffhq,val
data/wildfake/real/772b6de430323cb2.jpg,0,real,ffhq,val
data/wildfake/real/c039995045f3a223.jpg,0,real,ffhq,val
data/wildfake/real/606dee5f02e1dfb1.jpg,0,real,ffhq,val
data/wildfake/real/b826240765415f7e.jpg,0,real,ffhq,val
data/wildfake/real/515c5b426e1f9379.jpg,0,real,ffhq,val
data/wildfake/real/00a0d7a1b25dceed.jpg,0,real,ffhq,val
data/wildfake/real/69fc29f31f51405f.jpg,0,real,ffhq,val
data/wildfake/real/875806a64d5a38f7.jpg,0,real,ffhq,val
data/wildfake/real/93f88d772916f56b.jpg,0,real,ffhq,val
data/wildfake/real/e9832862ff376aaf.jpg,0,real,ffhq,val
data/wildfake/real/bf4d39eddfeb83cc.jpg,0,real,ffhq,val
data/wildfake/real/113dcd67329479e8.jpg,0,real,ffhq,val
data/wildfake/real/f5e19b9552b166d0.jpg,0,real,ffhq,val
data/wildfake/real/2dca98e310a20002.jpg,0,real,ffhq,val
data/wildfake/real/93772df506eea852.jpg,0,real,ffhq,val
data/wildfake/real/508616b363abe363.jpg,0,real,ffhq,val
data/wildfake/real/dbbb76bb618be203.jpg,0,real,ffhq,val
data/wildfake/real/6dadf10f3003d69f.jpg,0,real,ffhq,val
data/wildfake/real/0615e8a95104397b.jpg,0,real,ffhq,val
data/wildfake/real/85083fc6aac74dd5.jpg,0,real,ffhq,val
data/wildfake/real/41b7762ddaaf82b7.jpg,0,real,ffhq,val
data/wildfake/real/430bea6f7b0bb62e.jpg,0,real,ffhq,val
data/wildfake/real/54e433fb3b0f38d9.jpg,0,real,ffhq,val
data/wildfake/real/23bf24084efe1362.jpg,0,real,ffhq,val
data/wildfake/real/c942e36cbb0421da.jpg,0,real,ffhq,val
data/wildfake/real/3aa311154100da03.jpg,0,real,ffhq,val
data/wildfake/real/a24de99ddb2cfd1c.jpg,0,real,ffhq,val
data/wildfake/real/27741ca14c3c7960.jpg,0,real,ffhq,val
data/wildfake/real/f3d60243cbd37607.jpg,0,real,ffhq,val
data/wildfake/real/72f8692e8e6611ee.jpg,0,real,ffhq,val
data/wildfake/real/51f2aefd33b06af4.jpg,0,real,ffhq,val
data/wildfake/real/4a7b6eafd10d2d76.jpg,0,real,ffhq,val
data/wildfake/real/4718c26feb5e69fe.jpg,0,real,ffhq,val
data/wildfake/real/8a8e2e011f3b0f4e.jpg,0,real,ffhq,val
data/wildfake/real/7829408c92b3b964.jpg,0,real,ffhq,test
data/wildfake/real/252768bf6d5013f1.jpg,0,real,ffhq,test
data/wildfake/real/2f6fdedd60f4adc8.jpg,0,real,ffhq,test
data/wildfake/real/60e52413b3ece7b3.jpg,0,real,ffhq,test
data/wildfake/real/b760558cdaa47a4d.jpg,0,real,ffhq,test
data/wildfake/real/11beaaba3edf736e.jpg,0,real,ffhq,test
data/wildfake/real/c9c390e9414b22c8.jpg,0,real,ffhq,test
data/wildfake/real/57c6658b990e0eaa.jpg,0,real,ffhq,test
data/wildfake/real/6285bb6a146810ad.jpg,0,real,ffhq,test
data/wildfake/real/4aa2dbc1728bb34d.jpg,0,real,ffhq,test
data/wildfake/real/7921a2e55b412bb9.jpg,0,real,ffhq,test
data/wildfake/real/48c52cf10737a0b2.jpg,0,real,ffhq,test
data/wildfake/real/d3eca1a5294583ef.jpg,0,real,ffhq,test
data/wildfake/real/973de86548f316f9.jpg,0,real,ffhq,test
data/wildfake/real/ed852f434e0a9a55.jpg,0,real,ffhq,test
data/wildfake/real/457fa9bf1b38f559.jpg,0,real,ffhq,test
data/wildfake/real/e7bb2dc1d07e2f9a.jpg,0,real,ffhq,test
data/wildfake/real/47ec3cd5ae47a93d.jpg,0,real,ffhq,test
data/wildfake/real/829828229e32fc2d.jpg,0,real,ffhq,test
data/wildfake/real/580a15646d2c181b.jpg,0,real,ffhq,test
data/wildfake/real/ba6a5bcc0508717e.jpg,0,real,ffhq,test
data/wildfake/real/62c750541c0b37b9.jpg,0,real,ffhq,test
data/wildfake/real/4327b577071cac7c.jpg,0,real,ffhq,test
data/wildfake/real/81c7288da41ee211.jpg,0,real,ffhq,test
data/wildfake/real/60c01651b52eaefa.jpg,0,real,ffhq,test
data/wildfake/real/f9eadd80b0532fda.jpg,0,real,ffhq,test
data/wildfake/real/b103fac1a6988b1a.jpg,0,real,ffhq,test
data/wildfake/real/5864210b04d4b9ca.jpg,0,real,ffhq,test
data/wildfake/real/8a18c6ee8ae4ac3c.jpg,0,real,ffhq,test
data/wildfake/real/2939c68ef07bb0d7.jpg,0,real,ffhq,test
data/wildfake/real/55c89b2b651d83c5.jpg,0,real,ffhq,test
data/wildfake/real/730103ec0cf8f58b.jpg,0,real,ffhq,test
data/wildfake/real/00837e96c8a6c285.jpg,0,real,ffhq,test
data/wildfake/real/093fb58a48a0e5ec.jpg,0,real,ffhq,test
data/wildfake/real/30d232e81c661bcf.jpg,0,real,ffhq,test
data/wildfake/real/0a67c3648f9b9111.jpg,0,real,ffhq,test
data/wildfake/real/897cc1df35f28571.jpg,0,real,ffhq,test
data/wildfake/real/c0544bc897607eea.jpg,0,real,ffhq,test
data/wildfake/real/7fe439f2e57516b6.jpg,0,real,ffhq,test
data/wildfake/real/6a24f3d3d8b60b62.jpg,0,real,ffhq,test
data/wildfake/real/1e13ea7124fc2d35.jpg,0,real,ffhq,test
data/wildfake/real/139caecc5e30fb5c.jpg,0,real,ffhq,test
data/wildfake/real/d7a7f53a61db9358.jpg,0,real,ffhq,test
data/wildfake/real/991e1e718d68c195.jpg,0,real,ffhq,test
data/wildfake/real/2e8e3a074ab880a0.jpg,0,real,ffhq,test
data/wildfake/real/c4834cb1c6bd5df0.jpg,0,real,ffhq,test
data/wildfake/real/0e7d902020926706.jpg,0,real,ffhq,test
data/wildfake/real/b5be5b3271db035f.jpg,0,real,ffhq,test
data/wildfake/real/831fd131d33ffc32.jpg,0,real,ffhq,test
data/wildfake/real/899b8cda18a95729.jpg,0,real,ffhq,test
data/wildfake/real/96e9f6e8ee89caf5.jpg,0,real,ffhq,test
data/wildfake/real/f88291c05b4f71b6.jpg,0,real,ffhq,test
data/wildfake/real/a26241f906992a3a.jpg,0,real,ffhq,test
data/wildfake/real/4d8c6bd70164bf21.jpg,0,real,ffhq,test
data/wildfake/real/36bd22cbb674f7f7.jpg,0,real,ffhq,test
data/wildfake/real/4a790743a1e0b43b.jpg,0,real,ffhq,test
data/wildfake/real/6839361b74d0d87a.jpg,0,real,ffhq,test
data/wildfake/real/438cd7667bb5abf6.jpg,0,real,ffhq,test
data/wildfake/real/987588bd7c882eb6.jpg,0,real,ffhq,test
data/wildfake/real/5df218cf3ad8fd59.jpg,0,real,ffhq,test
data/wildfake/real/be5283e8576f2cdd.jpg,0,real,ffhq,test
data/wildfake/real/c3adf636e4a50ae0.jpg,0,real,ffhq,test
data/wildfake/real/ec4af0cc2aa09247.jpg,0,real,ffhq,test
data/wildfake/real/2039484fd81eaea3.jpg,0,real,ffhq,test
data/wildfake/real/1122437362d6facc.jpg,0,real,ffhq,test
data/wildfake/real/de1171057c715484.jpg,0,real,ffhq,test
data/wildfake/real/7f4a467306bf9117.jpg,0,real,ffhq,test
data/wildfake/real/d69b6116dc4603de.jpg,0,real,ffhq,test
data/wildfake/real/fd482d5daa36050f.jpg,0,real,ffhq,test
data/wildfake/real/75dfc11383bcdbdf.jpg,0,real,ffhq,test
data/wildfake/real/020c7225e88bbc33.jpg,0,real,ffhq,train
data/wildfake/real/a215b9167f358dd5.jpg,0,real,ffhq,train
data/wildfake/real/e6ab425f1a0dc4c8.jpg,0,real,ffhq,train
data/wildfake/real/9b5dc95dcda0cbab.jpg,0,real,ffhq,train
data/wildfake/real/684394bb9e5c5063.jpg,0,real,ffhq,train
data/wildfake/real/c63fa561b9e03c7d.jpg,0,real,ffhq,train
data/wildfake/real/54049bc04e28fea4.jpg,0,real,ffhq,train
data/wildfake/real/f2c50dd82fa7ea8e.jpg,0,real,ffhq,train
data/wildfake/real/57639f0f35f94b92.jpg,0,real,ffhq,train
data/wildfake/real/6c413076cdf786bc.jpg,0,real,ffhq,train
data/wildfake/real/d96f8ba35a4d381f.jpg,0,real,ffhq,train
data/wildfake/real/b2dc865abbf62e42.jpg,0,real,ffhq,train
data/wildfake/real/8a830960b8118cd6.jpg,0,real,ffhq,train
data/wildfake/real/8ae9cce7f53fe2b1.jpg,0,real,ffhq,train
data/wildfake/real/381a270c1f7ac528.jpg,0,real,ffhq,train
data/wildfake/real/fa62d3fa90a2ce34.jpg,0,real,ffhq,train
data/wildfake/real/6100d683032f9be8.jpg,0,real,ffhq,train
data/wildfake/real/18390f9892cc79b6.jpg,0,real,ffhq,train
data/wildfake/real/a9d7364ae4588a91.jpg,0,real,ffhq,train
data/wildfake/real/aeb0f15b2ea91f90.jpg,0,real,ffhq,train
data/wildfake/real/f6586b2aee842dfb.jpg,0,real,ffhq,train
data/wildfake/real/9bd0f3ef5bba7d67.jpg,0,real,ffhq,train
data/wildfake/real/026aaae46f9ba471.jpg,0,real,ffhq,train
data/wildfake/real/3ccc0d74a6280ebd.jpg,0,real,ffhq,train
data/wildfake/real/822f75fc9ca0bf28.jpg,0,real,ffhq,train
data/wildfake/real/b66eb46c90994608.jpg,0,real,ffhq,train
data/wildfake/real/ee263a2d2ed57687.jpg,0,real,ffhq,train
data/wildfake/real/bc8510deca77db9c.jpg,0,real,ffhq,train
data/wildfake/real/261b3fc3031ea9d2.jpg,0,real,ffhq,train
data/wildfake/real/a70fa2da2c5403c2.jpg,0,real,ffhq,train
data/wildfake/real/db19945fc7c528e5.jpg,0,real,ffhq,train
data/wildfake/real/a3ad106d958fa027.jpg,0,real,ffhq,train
data/wildfake/real/b7baa299cf8d84d7.jpg,0,real,ffhq,train
data/wildfake/real/7e71ec3110802519.jpg,0,real,ffhq,train
data/wildfake/real/2c19245f2f4895fe.jpg,0,real,ffhq,train
data/wildfake/real/834e81a5303fa087.jpg,0,real,ffhq,train
data/wildfake/real/1986610e7f01cf49.jpg,0,real,ffhq,train
data/wildfake/real/c2a64cad1495aa44.jpg,0,real,ffhq,train
data/wildfake/real/820ce16cf5d49ea9.jpg,0,real,ffhq,train
data/wildfake/real/5a911b73dd6b860b.jpg,0,real,ffhq,train
data/wildfake/real/718c208085f73e5d.jpg,0,real,ffhq,train
data/wildfake/real/7febb99e11a889bf.jpg,0,real,ffhq,train
data/wildfake/real/f43615b667c8cab6.jpg,0,real,ffhq,train
data/wildfake/real/5c731fd0f12a6ee9.jpg,0,real,ffhq,train
data/wildfake/real/428c5b6b09d310f3.jpg,0,real,ffhq,train
data/wildfake/real/16ee5807ce4071c9.jpg,0,real,ffhq,train
data/wildfake/real/d6b5c6b7d846ef0c.jpg,0,real,ffhq,train
data/wildfake/real/88b901446def247c.jpg,0,real,ffhq,train
data/wildfake/real/494b9a28f7092df2.jpg,0,real,ffhq,train
data/wildfake/real/99af99b10b8a88cb.jpg,0,real,ffhq,train
data/wildfake/real/45217575b34ef7de.jpg,0,real,ffhq,train
data/wildfake/real/0bdc2114bfc9117a.jpg,0,real,ffhq,train
data/wildfake/real/696e2fbf6e48c9d4.jpg,0,real,ffhq,train
data/wildfake/real/c5394e5a78d94ea0.jpg,0,real,ffhq,train
data/wildfake/real/d9918faee1dd0d57.jpg,0,real,ffhq,train
data/wildfake/real/d929fdee6c43e2df.jpg,0,real,ffhq,train
data/wildfake/real/ffd7142a3a2cf012.jpg,0,real,ffhq,train
data/wildfake/real/2d1b7809c5d8151a.jpg,0,real,ffhq,train
data/wildfake/real/e3dff456395e8810.jpg,0,real,ffhq,train
data/wildfake/real/d98710c6f4b75794.jpg,0,real,ffhq,train
data/wildfake/real/c847de3b7a62664b.jpg,0,real,ffhq,train
data/wildfake/real/c01eea990a69b3e5.jpg,0,real,ffhq,train
data/wildfake/real/fdd2f0e45d53f886.jpg,0,real,ffhq,train
data/wildfake/real/07f5e3b1c56e84d2.jpg,0,real,ffhq,train
data/wildfake/real/b590d7d24ede8343.jpg,0,real,ffhq,train
data/wildfake/real/1aedb0a7284f4850.jpg,0,real,ffhq,train
data/wildfake/real/11cfd55594914f85.jpg,0,real,ffhq,train
data/wildfake/real/d670c44a2107a579.jpg,0,real,ffhq,train
data/wildfake/real/3be93ace55b9edd4.jpg,0,real,ffhq,train
data/wildfake/real/b3b07a4400ca7b2d.jpg,0,real,ffhq,train
data/wildfake/real/61a058ae5de9a58e.jpg,0,real,ffhq,train
data/wildfake/real/a929fad8c8396828.jpg,0,real,ffhq,train
data/wildfake/real/a8ba5a5cc8eafb57.jpg,0,real,ffhq,train
data/wildfake/real/e73a3e10d8b636e2.jpg,0,real,ffhq,train
data/wildfake/real/4c6ab8b5b0b51c34.jpg,0,real,ffhq,train
data/wildfake/real/ade5fe670b3a4534.jpg,0,real,ffhq,train
data/wildfake/real/57db5781cb1bba97.jpg,0,real,ffhq,train
data/wildfake/real/2ebc97b9676c6f3f.jpg,0,real,ffhq,train
data/wildfake/real/a978977e49407cef.jpg,0,real,ffhq,train
data/wildfake/real/3e4a19568a1892c8.jpg,0,real,ffhq,train
data/wildfake/real/1a5ab181ca173881.jpg,0,real,ffhq,train
data/wildfake/real/cafd49eb788a74d9.jpg,0,real,ffhq,train
data/wildfake/real/1e2101c9e630415f.jpg,0,real,ffhq,train
data/wildfake/real/2980e527b6b58937.jpg,0,real,ffhq,train
data/wildfake/real/c85163cb826e0b2c.jpg,0,real,ffhq,train
data/wildfake/real/43ff83c441a4ffff.jpg,0,real,ffhq,train
data/wildfake/real/62788c1a0e7eceae.jpg,0,real,ffhq,train
data/wildfake/real/5a711ccd0078bffa.jpg,0,real,ffhq,train
data/wildfake/real/c01a8ebbfc11a265.jpg,0,real,ffhq,train
data/wildfake/real/6d247dd789f081da.jpg,0,real,ffhq,train
data/wildfake/real/052b76687f302e7e.jpg,0,real,ffhq,train
data/wildfake/real/6b568d5260c9fd98.jpg,0,real,ffhq,train
data/wildfake/real/92d41dcc907e59c1.jpg,0,real,ffhq,train
data/wildfake/real/20c9c283b558c781.jpg,0,real,ffhq,train
data/wildfake/real/1e35c01c40b75fa1.jpg,0,real,ffhq,train
data/wildfake/real/18515965961f571f.jpg,0,real,ffhq,train
data/wildfake/real/d0d338c72c1e14ab.jpg,0,real,ffhq,train
data/wildfake/real/550ceae90448570c.jpg,0,real,ffhq,train
data/wildfake/real/6099ecf204358b4b.jpg,0,real,ffhq,train
data/wildfake/real/c4ce27be66271065.jpg,0,real,ffhq,train
data/wildfake/real/b6dd9adb16b7f9f1.jpg,0,real,ffhq,train
data/wildfake/real/bddbc1a103687dfb.jpg,0,real,ffhq,train
data/wildfake/real/4bec4a87ba7a5d41.jpg,0,real,ffhq,train
data/wildfake/real/0556aef253250829.jpg,0,real,ffhq,train
data/wildfake/real/0f3351b1f0641412.jpg,0,real,ffhq,train
data/wildfake/real/2f85e9a23dbec06c.jpg,0,real,ffhq,train
data/wildfake/real/295b867a35a84424.jpg,0,real,ffhq,train
data/wildfake/real/b9d39e8858b5f1e8.jpg,0,real,ffhq,train
data/wildfake/real/856d371009ca67ed.jpg,0,real,ffhq,train
data/wildfake/real/7a7215841430e62e.jpg,0,real,ffhq,train
data/wildfake/real/7cc03d232ae30c19.jpg,0,real,ffhq,train
data/wildfake/real/6ca3e86b26285684.jpg,0,real,ffhq,train
data/wildfake/real/c2b2f095cc0a8c10.jpg,0,real,ffhq,train
data/wildfake/real/62b7fc96e9692dd6.jpg,0,real,ffhq,train
data/wildfake/real/08bfa6a4c627c091.jpg,0,real,ffhq,train
data/wildfake/real/265b5831ab1183ac.jpg,0,real,ffhq,train
data/wildfake/real/0363a508b18c1e87.jpg,0,real,ffhq,train
data/wildfake/real/0ad366beb82430a2.jpg,0,real,ffhq,train
data/wildfake/real/8ae5b91276e24e9f.jpg,0,real,ffhq,train
data/wildfake/real/30f4849e3888a13d.jpg,0,real,ffhq,train
data/wildfake/real/0ec0fdd19b84d10a.jpg,0,real,ffhq,train
data/wildfake/real/8d2802029b4a8f39.jpg,0,real,ffhq,train
data/wildfake/real/43d48e8084fbdb8a.jpg,0,real,ffhq,train
data/wildfake/real/b7db0389eca40bb9.jpg,0,real,ffhq,train
data/wildfake/real/c9074b87d3e8c462.jpg,0,real,ffhq,train
data/wildfake/real/fa868ec95b33d5a2.jpg,0,real,ffhq,train
data/wildfake/real/812b3a7c59f2fcd8.jpg,0,real,ffhq,train
data/wildfake/real/979269849c18fbe5.jpg,0,real,ffhq,train
data/wildfake/real/236cdd1655ed8fca.jpg,0,real,ffhq,train
data/wildfake/real/02325bb0eb41093d.jpg,0,real,ffhq,train
data/wildfake/real/e694856f57dc3969.jpg,0,real,ffhq,train
data/wildfake/real/333bd05ad84f40bc.jpg,0,real,ffhq,train
data/wildfake/real/dbe673465f1c3be2.jpg,0,real,ffhq,train
data/wildfake/real/b8e33f68f7fb8055.jpg,0,real,ffhq,train
data/wildfake/real/b811d28c7f535af0.jpg,0,real,ffhq,train
data/wildfake/real/17667c4cd728c0c4.jpg,0,real,ffhq,train
data/wildfake/real/1bc0b2e4a0786138.jpg,0,real,ffhq,train
data/wildfake/real/24c014a7722d2a0e.jpg,0,real,ffhq,train
data/wildfake/real/5c60885ebce13af9.jpg,0,real,ffhq,train
data/wildfake/real/e884acfbfaecc726.jpg,0,real,ffhq,train
data/wildfake/real/c28f86105412563b.jpg,0,real,ffhq,train
data/wildfake/real/61e2c80c83c955e4.jpg,0,real,ffhq,train
data/wildfake/real/062c0c9b9c82a47a.jpg,0,real,ffhq,train
data/wildfake/real/bbff7aadec0ac213.jpg,0,real,ffhq,train
data/wildfake/real/0d4ef20cb53cc9f3.jpg,0,real,ffhq,train
data/wildfake/real/0eb5e98d021541ef.jpg,0,real,ffhq,train
data/wildfake/real/71241938304d1ae1.jpg,0,real,ffhq,train
data/wildfake/real/fbe2ec7d044d6692.jpg,0,real,ffhq,train
data/wildfake/real/41d5c01b535a7f68.jpg,0,real,ffhq,train
data/wildfake/real/3f74c5f7c8695ce0.jpg,0,real,ffhq,train
data/wildfake/real/7294fe19d9a1d41e.jpg,0,real,ffhq,train
data/wildfake/real/501db2f826db9e72.jpg,0,real,ffhq,train
data/wildfake/real/7b9a16f981c32d45.jpg,0,real,ffhq,train
data/wildfake/real/ed4a66cdb3ea3648.jpg,0,real,ffhq,train
data/wildfake/real/7bd1a7a60630fe96.jpg,0,real,ffhq,train
data/wildfake/real/3aaf2e1376eba015.jpg,0,real,ffhq,train
data/wildfake/real/626bd73f11636eab.jpg,0,real,ffhq,train
data/wildfake/real/c36d109fefdc8e1d.jpg,0,real,ffhq,train
data/wildfake/real/9677f43287cbf1e7.jpg,0,real,ffhq,train
data/wildfake/real/3cce3a63bd2f11f5.jpg,0,real,ffhq,train
data/wildfake/real/e9c349d17a5ddea3.jpg,0,real,ffhq,train
data/wildfake/real/61cd38242117169f.jpg,0,real,ffhq,train
data/wildfake/real/143e9e5e38d5f27d.jpg,0,real,ffhq,train
data/wildfake/real/875133fd826b2150.jpg,0,real,ffhq,train
data/wildfake/real/36aa23c9ee56ff88.jpg,0,real,ffhq,train
data/wildfake/real/8aaee76758a11f16.jpg,0,real,ffhq,train
data/wildfake/real/298b2922ab81f22b.jpg,0,real,ffhq,train
data/wildfake/real/1d32a25df540dbb0.jpg,0,real,ffhq,train
data/wildfake/real/74ac69267c6687e1.jpg,0,real,ffhq,train
data/wildfake/real/14c829f07013fe59.jpg,0,real,ffhq,train
data/wildfake/real/bf46768f692b2754.jpg,0,real,ffhq,train
data/wildfake/real/61d8997f3c72c160.jpg,0,real,ffhq,train
data/wildfake/real/567531f81780ca16.jpg,0,real,ffhq,train
data/wildfake/real/026d07b3ed57b699.jpg,0,real,ffhq,train
data/wildfake/real/e5eefdd68a9e7e7a.jpg,0,real,ffhq,train
data/wildfake/real/f56f9acf426a44d9.jpg,0,real,ffhq,train
data/wildfake/real/42050315f5b6bcfc.jpg,0,real,ffhq,train
data/wildfake/real/44fb966f172486b2.jpg,0,real,ffhq,train
data/wildfake/real/d1c7dba606d470a6.jpg,0,real,ffhq,train
data/wildfake/real/0b86d94ba61e84fd.jpg,0,real,ffhq,train
data/wildfake/real/3e473e876e42dc3c.jpg,0,real,ffhq,train
data/wildfake/real/1e5715a286addcf5.jpg,0,real,ffhq,train
data/wildfake/real/913f7ec36164bb59.jpg,0,real,ffhq,train
data/wildfake/real/b6f8db374bf3db8d.jpg,0,real,ffhq,train
data/wildfake/real/79d05d128d6dbf39.jpg,0,real,ffhq,train
data/wildfake/real/3302a311539c7a3b.jpg,0,real,ffhq,train
data/wildfake/real/f6136114f7078838.jpg,0,real,ffhq,train
data/wildfake/real/283751e726fbc153.jpg,0,real,ffhq,train
data/wildfake/real/5600bb44c153cc19.jpg,0,real,ffhq,train
data/wildfake/real/69e0153a1e02fa1b.jpg,0,real,ffhq,train
data/wildfake/real/13e53f1fb3264680.jpg,0,real,ffhq,train
data/wildfake/real/88ef75f2335907af.jpg,0,real,ffhq,train
data/wildfake/real/a99a252e89f322d4.jpg,0,real,ffhq,train
data/wildfake/real/c4424273d249850d.jpg,0,real,ffhq,train
data/wildfake/real/5f1f6e3932459520.jpg,0,real,ffhq,train
data/wildfake/real/bcbb6d8ddeba4686.jpg,0,real,ffhq,train
data/wildfake/real/f9bd35db76a7e106.jpg,0,real,ffhq,train
data/wildfake/real/c5e8698672e4fcf0.jpg,0,real,ffhq,train
data/wildfake/real/fc603cf9b7245fcf.jpg,0,real,ffhq,train
data/wildfake/real/d4bb72427b80a504.jpg,0,real,ffhq,train
data/wildfake/real/50de4a7d834c516b.jpg,0,real,ffhq,train
data/wildfake/real/9a348cd66e17fd88.jpg,0,real,ffhq,train
data/wildfake/real/835a0c2b7953a311.jpg,0,real,ffhq,train
data/wildfake/real/8c63074f2170125f.jpg,0,real,ffhq,train
data/wildfake/real/81eac7c76a4366b9.jpg,0,real,ffhq,train
data/wildfake/real/698773b3c20a01ad.jpg,0,real,ffhq,train
data/wildfake/real/c27f6a0db967c3b0.jpg,0,real,ffhq,train
data/wildfake/real/660ff1a0087fe091.jpg,0,real,ffhq,train
data/wildfake/real/a7854327188a3038.jpg,0,real,ffhq,train
data/wildfake/real/4cc8116ed8c255e9.jpg,0,real,ffhq,train
data/wildfake/real/d239d2827468122d.jpg,0,real,ffhq,train
data/wildfake/real/1a7fe98ea5fc80bb.jpg,0,real,ffhq,train
data/wildfake/real/a62587a690da23fc.jpg,0,real,ffhq,train
data/wildfake/real/5f763adf6bb13eeb.jpg,0,real,ffhq,train
data/wildfake/real/32428174060306c2.jpg,0,real,ffhq,train
data/wildfake/real/cbcdd44fc97f981b.jpg,0,real,ffhq,train
data/wildfake/real/934e2b4851514627.jpg,0,real,ffhq,train
data/wildfake/real/99562883ca84f582.jpg,0,real,ffhq,train
data/wildfake/real/51d20d6d8bbbbbd4.jpg,0,real,ffhq,train
data/wildfake/real/a3dfb7b9a1317b5a.jpg,0,real,ffhq,train
data/wildfake/real/b4b3cf7a508effe4.jpg,0,real,ffhq,train
data/wildfake/real/b41c95e6ab3a48dc.jpg,0,real,ffhq,train
data/wildfake/real/872d60ec4aae5d52.jpg,0,real,ffhq,train
data/wildfake/real/ff4ab5cb73264128.jpg,0,real,ffhq,train
data/wildfake/real/878d6109f9cd2b5c.jpg,0,real,ffhq,train
data/wildfake/real/24bbe63fd11c17af.jpg,0,real,ffhq,train
data/wildfake/real/99b446c812bdbebf.jpg,0,real,ffhq,train
data/wildfake/real/74a75fd5a91a8c99.jpg,0,real,ffhq,train
data/wildfake/real/9f784e8441d49aa2.jpg,0,real,ffhq,train
data/wildfake/real/39f67c5ef86eae53.jpg,0,real,ffhq,train
data/wildfake/real/a1f6cccf4f23f7c0.jpg,0,real,ffhq,train
data/wildfake/real/1d00e24a2e9e61e1.jpg,0,real,ffhq,train
data/wildfake/real/eb1b9a180fde7613.jpg,0,real,ffhq,train
data/wildfake/real/9903625c3b608e53.jpg,0,real,ffhq,train
data/wildfake/real/f287129e68ca8207.jpg,0,real,ffhq,train
data/wildfake/real/d33f88f61dbe5da5.jpg,0,real,ffhq,train
data/wildfake/real/e7424cff741661bc.jpg,0,real,ffhq,train
data/wildfake/real/e454fc5f1ee0ebb5.jpg,0,real,ffhq,train
data/wildfake/real/d2e393586b4e94eb.jpg,0,real,ffhq,train
data/wildfake/real/f3c18ab202fe085a.jpg,0,real,ffhq,train
data/wildfake/real/e508a42ca924bca5.jpg,0,real,ffhq,train
data/wildfake/real/8ecf7e0dee1682de.jpg,0,real,ffhq,train
data/wildfake/real/864fd1e9eb37d25f.jpg,0,real,ffhq,train
data/wildfake/real/33ba7f9acaf3051f.jpg,0,real,ffhq,train
data/wildfake/real/b5bf5c54a7c3acb8.jpg,0,real,ffhq,train
data/wildfake/real/493e3c9b58a0088d.jpg,0,real,ffhq,train
data/wildfake/real/b466583e1d7ff1aa.jpg,0,real,ffhq,train
data/wildfake/real/48ab58c57323ee8b.jpg,0,real,ffhq,train
data/wildfake/real/ba05e5257ccd072b.jpg,0,real,ffhq,train
data/wildfake/real/5ffbbf6cc85169f5.jpg,0,real,ffhq,train
data/wildfake/real/7a132e37505bc584.jpg,0,real,ffhq,train
data/wildfake/real/34e102588c12c59d.jpg,0,real,ffhq,train
data/wildfake/real/15fd934cf04500de.jpg,0,real,ffhq,train
data/wildfake/real/b8fcc9472eee139c.jpg,0,real,ffhq,train
data/wildfake/real/2dcf229c2dff8993.jpg,0,real,ffhq,train
data/wildfake/real/3e84422ce4958b2e.jpg,0,real,ffhq,train
data/wildfake/real/acce55e232c5fda9.jpg,0,real,ffhq,train
data/wildfake/real/88228c89bfc2163a.jpg,0,real,ffhq,train
data/wildfake/real/7cad6cca9808f538.jpg,0,real,ffhq,train
data/wildfake/real/9150d544c34a91fc.jpg,0,real,ffhq,train
data/wildfake/real/017442f95525770e.jpg,0,real,ffhq,train
data/wildfake/real/b5702f2e98ee37e4.jpg,0,real,ffhq,train
data/wildfake/real/f5c32d59bb0673b2.jpg,0,real,ffhq,train
data/wildfake/real/5489ecf24138a6f0.jpg,0,real,ffhq,train
data/wildfake/real/3641e85f11203614.jpg,0,real,ffhq,train
data/wildfake/real/26d7c24989048520.jpg,0,real,ffhq,train
data/wildfake/real/0c405b642f2f25ff.jpg,0,real,ffhq,train
data/wildfake/real/532af8f262c56f72.jpg,0,real,ffhq,train
data/wildfake/real/2a7aa859636e32c1.jpg,0,real,ffhq,train
data/wildfake/real/31d98b86b272ecb3.jpg,0,real,ffhq,train
data/wildfake/real/49cd2916adb58376.jpg,0,real,ffhq,train
data/wildfake/real/f58ef980af42e311.jpg,0,real,ffhq,train
data/wildfake/real/9a9f391e56371624.jpg,0,real,ffhq,train
data/wildfake/real/0aa1408dcf332f4f.jpg,0,real,ffhq,train
data/wildfake/real/6fc1c7febf0cea4d.jpg,0,real,ffhq,train
data/wildfake/real/a17e3ca663f34f8a.jpg,0,real,ffhq,train
data/wildfake/real/cb27391c07fd2307.jpg,0,real,ffhq,train
data/wildfake/real/247c1e5ef3d60263.jpg,0,real,ffhq,train
data/wildfake/real/17147b01215d365b.jpg,0,real,ffhq,train
data/wildfake/real/8d68c5098b5252d9.jpg,0,real,ffhq,train
data/wildfake/real/e3958341b0b92798.jpg,0,real,ffhq,train
data/wildfake/real/143a70af832d39bf.jpg,0,real,ffhq,train
data/wildfake/real/97625d0fce445fe5.jpg,0,real,ffhq,train
data/wildfake/real/6599a74ce149df17.jpg,0,real,ffhq,train
data/wildfake/real/5163671c140a83d5.jpg,0,real,ffhq,train
data/wildfake/real/9ad34907d1f176e3.jpg,0,real,ffhq,train
data/wildfake/real/3088ee02bd2ee5a1.jpg,0,real,ffhq,train
data/wildfake/real/bee7d50323922efb.jpg,0,real,ffhq,train
data/wildfake/real/4ceb1635e46a3332.jpg,0,real,ffhq,train
data/wildfake/real/a9b4f030a36728dc.jpg,0,real,ffhq,train
data/wildfake/real/825c5c2d3bbb874e.jpg,0,real,ffhq,train
data/wildfake/real/9db49c500c3b34ce.jpg,0,real,ffhq,train
data/wildfake/real/c5e097f011f071a7.jpg,0,real,ffhq,train
data/wildfake/real/5d1b3e46b89eaac2.jpg,0,real,ffhq,train
data/wildfake/real/b4979af70ec0ecd5.jpg,0,real,ffhq,train
data/wildfake/real/a7e7517f666fc4eb.jpg,0,real,ffhq,train
data/wildfake/real/654c5e3ab10c601c.jpg,0,real,ffhq,train
data/wildfake/real/b5fb07f7ae540ead.jpg,0,real,ffhq,train
data/wildfake/real/b3c60805a9f1beec.jpg,0,real,ffhq,train
data/wildfake/real/d66d88c27b6b9a99.jpg,0,real,ffhq,train
data/wildfake/real/3045f5e32259e8dd.jpg,0,real,ffhq,train
data/wildfake/real/4fc000f9866a9dfd.jpg,0,real,ffhq,train
data/wildfake/real/8316db8825ad6ddb.jpg,0,real,ffhq,train
data/wildfake/real/9876b21179ae685f.jpg,0,real,ffhq,train
data/wildfake/real/8a6d935f6b7c4ce6.jpg,0,real,ffhq,train
data/wildfake/real/04943c363f65e2cb.jpg,0,real,ffhq,train
data/wildfake/real/07051463eebe5e5a.jpg,0,real,ffhq,train
data/wildfake/real/d963a01c858dd32d.jpg,0,real,ffhq,train
data/wildfake/real/9d2e2d04254c6787.jpg,0,real,ffhq,train
data/wildfake/real/6055bfc86195da94.jpg,0,real,ffhq,train
data/wildfake/real/f0e610dbfcd53b90.jpg,0,real,ffhq,train
data/wildfake/real/393769721c288cb6.jpg,0,real,ffhq,train
data/wildfake/real/48f209c0523e4d18.jpg,0,real,ffhq,train
data/wildfake/real/3672c2d14c3a6074.jpg,0,real,ffhq,train
data/wildfake/real/e02de81f8471eb25.jpg,0,real,ffhq,train
data/wildfake/real/094ef81c5791cbad.jpg,0,real,ffhq,train
data/wildfake/real/fa1a5ff133d89115.jpg,0,real,ffhq,train
data/wildfake/real/727917913783e0e8.jpg,0,real,ffhq,train
data/wildfake/real/34227199f1041f95.jpg,0,real,ffhq,train
data/wildfake/real/6f106bf96d5a4cd1.jpg,0,real,ffhq,train
data/wildfake/real/a574900158febf77.jpg,0,real,ffhq,train
data/wildfake/real/c6c2c1c86e00aba0.jpg,0,real,ffhq,train
data/wildfake/real/c0cc5b20b254618b.jpg,0,real,ffhq,train
data/wildfake/real/65eea09ef6b03dde.jpg,0,real,ffhq,train
data/wildfake/real/6791f9d10bdaea9b.jpg,0,real,ffhq,train
data/wildfake/real/0743ddddceabc940.jpg,0,real,ffhq,train
data/wildfake/real/97a355badac34273.jpg,0,real,ffhq,train
data/wildfake/real/2e665f6ea1f9067a.jpg,0,real,ffhq,train
data/wildfake/real/619b3c9f92b11c4f.jpg,0,real,ffhq,train
data/wildfake/real/9411be4fbcc2057d.jpg,0,real,ffhq,train
data/wildfake/real/f5c069dea344853c.jpg,0,real,ffhq,train
data/wildfake/real/2a204c17a4da47a4.jpg,0,real,ffhq,train
data/wildfake/real/4eb314ecbd47d8cf.jpg,0,real,ffhq,train
data/wildfake/real/e520817557275937.jpg,0,real,ffhq,train
data/wildfake/real/274673a9a0d79b02.jpg,0,real,ffhq,train
data/wildfake/real/45edf8ea10182693.jpg,0,real,ffhq,train
data/wildfake/real/7a9bf7bd34a20410.jpg,0,real,ffhq,train
data/wildfake/real/2f5ebb62e919c8df.jpg,0,real,ffhq,train
data/wildfake/real/3afcc3fb5bdf8704.jpg,0,real,ffhq,train
data/wildfake/real/6cda6bf2412e7b2f.jpg,0,real,ffhq,train
data/wildfake/real/5fdb37c12965d2e7.jpg,0,real,ffhq,train
data/wildfake/real/998bd7e5e786e8a1.jpg,0,real,ffhq,train
data/wildfake/real/4f634716124799a6.jpg,0,real,ffhq,train
data/wildfake/real/2cb2ec6dd9daa01b.jpg,0,real,ffhq,train
data/wildfake/real/56f8f16fd4fd58c1.jpg,0,real,ffhq,train
data/wildfake/real/ad2b13a9a5cbdba7.jpg,0,real,ffhq,train
data/wildfake/real/264c05bc467a3a31.jpg,0,real,ffhq,train
data/wildfake/real/fc1feb22b17ef3c8.jpg,0,real,ffhq,train
data/wildfake/real/eef572b089a78e54.jpg,0,real,ffhq,train
data/wildfake/real/480642c7da725c0f.jpg,0,real,ffhq,train
data/wildfake/real/b61c7c821b28c079.jpg,0,real,ffhq,train
data/wildfake/real/82b01b40acf3ae7a.jpg,0,real,ffhq,train
data/wildfake/real/e3ed8e9715589742.jpg,0,real,ffhq,train
data/wildfake/real/feb6b0bbed536545.jpg,0,real,ffhq,train
data/wildfake/real/2984c9d0fc069ad7.jpg,0,real,ffhq,train
data/wildfake/real/d61ad8da9a7de308.jpg,0,real,ffhq,train
data/wildfake/real/9d2178c5b5209f63.jpg,0,real,ffhq,train
data/wildfake/real/9815451f2ca51274.jpg,0,real,ffhq,train
data/wildfake/real/324a1c9b4c58d62d.jpg,0,real,ffhq,train
data/wildfake/real/edf252bd814c7abb.jpg,0,real,ffhq,train
data/wildfake/real/15f65c6a31ea9e27.jpg,0,real,ffhq,train
data/wildfake/real/28d9cd4b0e311e5c.jpg,0,real,ffhq,train
data/wildfake/real/a66404454f00ecdf.jpg,0,real,ffhq,train
data/wildfake/real/391d20cac8a31380.jpg,0,real,ffhq,train
data/wildfake/real/76c12692a70e7421.jpg,0,real,ffhq,train
data/wildfake/real/5149eb2e5a9672c5.jpg,0,real,ffhq,train
data/wildfake/real/9b8aff1483d653ea.jpg,0,real,ffhq,train
data/wildfake/real/b26c06184b26ccdc.jpg,0,real,ffhq,train
data/wildfake/real/7ae49c49415db6d1.jpg,0,real,ffhq,train
data/wildfake/real/dc7494b38bbfc2a9.jpg,0,real,ffhq,train
data/wildfake/real/4fbd83ce70b89c40.jpg,0,real,ffhq,train
data/wildfake/real/9c9843b457b602bf.jpg,0,real,ffhq,train
data/wildfake/real/100a99b819a79098.jpg,0,real,ffhq,train
data/wildfake/real/2322b2e6029de9e3.jpg,0,real,ffhq,train
data/wildfake/real/18a6137892fc1723.jpg,0,real,ffhq,train
data/wildfake/real/eb08962faf732da2.jpg,0,real,ffhq,train
data/wildfake/real/83f1d3b6bd886b5c.jpg,0,real,ffhq,train
data/wildfake/real/b6350edcfb7583ed.jpg,0,real,ffhq,train
data/wildfake/real/6ad4af1b2d30a301.jpg,0,real,ffhq,train
data/wildfake/real/c8b4acbff1d57ff4.jpg,0,real,ffhq,train
data/wildfake/real/7153fffd87573515.jpg,0,real,ffhq,train
data/wildfake/real/bbd2f5247dc50003.jpg,0,real,ffhq,train
data/wildfake/real/e4e1a06ebd599fe2.jpg,0,real,ffhq,train
data/wildfake/real/abcab202b600db51.jpg,0,real,ffhq,train
data/wildfake/real/aae907d92e724c36.jpg,0,real,ffhq,train
data/wildfake/real/4ac6de1ee09f28bb.jpg,0,real,ffhq,train
data/wildfake/real/cdd14b3d76a39ce5.jpg,0,real,ffhq,train
data/wildfake/real/bf88be46a294a407.jpg,0,real,ffhq,train
data/wildfake/real/1284bb7632db4b7c.jpg,0,real,ffhq,train
data/wildfake/real/c09a09834fde9d0e.jpg,0,real,ffhq,train
data/wildfake/real/46a7d3985914c2c4.jpg,0,real,ffhq,train
data/wildfake/real/092704ee8c0ccda9.jpg,0,real,ffhq,train
data/wildfake/real/5917d36e0a5d1af0.jpg,0,real,ffhq,train
data/wildfake/real/649635786b6a3c4b.jpg,0,real,ffhq,train
data/wildfake/real/50588f1a6e1fa3f6.jpg,0,real,ffhq,train
data/wildfake/real/1de6d2fc505d9fe4.jpg,0,real,ffhq,train
data/wildfake/real/a61124d2f26310c7.jpg,0,real,ffhq,train
data/wildfake/real/82c1d671166d76d4.jpg,0,real,ffhq,train
data/wildfake/real/a0781ae33b1b0bfa.jpg,0,real,ffhq,train
data/wildfake/real/3730082d132d154b.jpg,0,real,ffhq,train
data/wildfake/real/ab6e6cadd2a58071.jpg,0,real,ffhq,train
data/wildfake/real/1f865ca3842498e9.jpg,0,real,ffhq,train
data/wildfake/real/1c2eb3a7fe8ee570.jpg,0,real,ffhq,train
data/wildfake/real/3e91d0881ce458f5.jpg,0,real,ffhq,train
data/wildfake/real/f5042414d4d3a552.jpg,0,real,ffhq,train
data/wildfake/real/bcf06aa29f46e9ef.jpg,0,real,ffhq,train
data/wildfake/real/0ca1eee4180feb8e.jpg,0,real,ffhq,train
data/wildfake/real/ba1e3fac9f2cc41e.jpg,0,real,ffhq,train
data/wildfake/real/33dff0ec7ef9f32b.jpg,0,real,ffhq,train
data/wildfake/real/75f262f0ef7a45b4.jpg,0,real,ffhq,train
data/wildfake/real/e37cd44f87c885dc.jpg,0,real,ffhq,train
data/wildfake/real/78072fed9126a593.jpg,0,real,ffhq,train
data/wildfake/real/2cf121d3717b3cd3.jpg,0,real,ffhq,train
data/wildfake/real/c7993cbb5417a320.jpg,0,real,ffhq,train
data/wildfake/real/c751060338847b7e.jpg,0,real,ffhq,train
data/wildfake/real/0fbbb5b4a8dd05e8.jpg,0,real,ffhq,train
data/wildfake/real/cebf45564f42a097.jpg,0,real,ffhq,train
data/wildfake/real/3f47f3cb1261ea2f.jpg,0,real,ffhq,train
data/wildfake/real/98938e93e6195b44.jpg,0,real,ffhq,train
data/wildfake/real/683753147257b251.jpg,0,real,ffhq,train
data/wildfake/real/ab66a7cfdfd8b54f.jpg,0,real,ffhq,train
data/wildfake/real/48c385fd9c63238d.jpg,0,real,ffhq,train
data/wildfake/real/b4d5965958050aa7.jpg,0,real,ffhq,train
data/wildfake/real/a5f07403e665664f.jpg,0,real,ffhq,train
data/wildfake/real/af54fa2369299e88.jpg,0,real,ffhq,train
data/wildfake/real/954d16b80d5bb61b.jpg,0,real,ffhq,train
data/wildfake/real/901ba22df3f6b452.jpg,0,real,ffhq,train
data/wildfake/real/05aae7950602bc36.jpg,0,real,ffhq,train
data/wildfake/real/6aeb06ab74f1a6fc.jpg,0,real,ffhq,train
data/wildfake/real/de33972bd7e0e5fb.jpg,0,real,ffhq,train
data/wildfake/real/b6642c15e21adf03.jpg,0,real,ffhq,train
data/wildfake/real/7c987d2f07e11323.jpg,0,real,ffhq,train
data/wildfake/real/8e3ef18d93362f92.jpg,0,real,ffhq,train
data/wildfake/real/d8f9eb3b4a66ba7b.jpg,0,real,ffhq,train
data/wildfake/real/4d36e0949d8a94f6.jpg,0,real,ffhq,train
data/wildfake/real/84107d471f71999c.jpg,0,real,ffhq,train
data/wildfake/real/e55c4b965c3e8bfc.jpg,0,real,ffhq,train
data/wildfake/real/30df890d0e928d47.jpg,0,real,ffhq,train
data/wildfake/real/a611f8cd0478cdc5.jpg,0,real,ffhq,train
data/wildfake/real/4aacffadba50d932.jpg,0,real,ffhq,train
data/wildfake/real/df4f0cbc0fb8aed3.jpg,0,real,ffhq,train
data/wildfake/real/375a5b4d90008530.jpg,0,real,ffhq,train
data/wildfake/real/8b990dd01684e6ad.jpg,0,real,ffhq,train
data/wildfake/real/21244ca81ac1e1dd.jpg,0,real,ffhq,train
data/wildfake/real/3f5702969e0867ad.jpg,0,real,ffhq,train
data/wildfake/real/b9ae7a0a17790044.jpg,0,real,ffhq,train
data/wildfake/real/f5877b9da19f2b8b.jpg,0,real,ffhq,train
data/wildfake/real/6e5b619e66f56f62.jpg,0,real,ffhq,train
data/wildfake/real/3770c904b96a008c.jpg,0,real,ffhq,train
data/wildfake/real/72d4de2f9f0695d5.jpg,0,real,ffhq,train
data/wildfake/real/3d88ec2de52760ce.jpg,0,real,ffhq,train
data/wildfake/real/4dbc6c7da6ed3c0c.jpg,0,real,ffhq,train
data/wildfake/real/324822d2c49bd259.jpg,0,real,ffhq,train
data/wildfake/real/c9933b6f8f77db14.jpg,0,real,ffhq,train
data/wildfake/real/27d1d8c57c463aed.jpg,0,real,ffhq,train
data/wildfake/real/22185b680b653897.jpg,0,real,ffhq,train
data/wildfake/real/03d576ca209ba34e.jpg,0,real,ffhq,train
data/wildfake/real/64bcc0c3a32bfcf6.jpg,0,real,ffhq,train
data/wildfake/real/7559f563408344d2.jpg,0,real,ffhq,train
data/wildfake/real/0a861f1ffd428993.jpg,0,real,ffhq,train
data/wildfake/real/669edceacb446d21.jpg,0,real,ffhq,train
data/wildfake/real/2128d7980f336563.jpg,0,real,ffhq,train
data/wildfake/real/9299ab5463ee7462.jpg,0,real,ffhq,train
data/wildfake/real/b5f5f63b25cc1e7e.jpg,0,real,ffhq,train
data/wildfake/real/c3f77ac5be5bf9cb.jpg,0,real,ffhq,train
data/wildfake/real/ca9fa14e82050fe3.jpg,0,real,ffhq,train
data/wildfake/real/d542c169cf6a3b27.jpg,0,real,ffhq,train
data/wildfake/real/76fbecfe622cae7e.jpg,0,real,ffhq,train
data/wildfake/real/0f7ebffc8afff043.jpg,0,real,ffhq,train
data/wildfake/real/09a04cb95f304504.jpg,0,real,ffhq,train
data/wildfake/real/168c715313776f19.jpg,0,real,ffhq,train
data/wildfake/real/7b46089d61b5372d.jpg,0,real,ffhq,train
data/wildfake/real/8d9f8192aef30b33.jpg,0,real,ffhq,train
data/wildfake/real/a136af87d90a65c6.jpg,0,real,ffhq,train
data/wildfake/real/ae6cdda150469815.jpg,0,real,ffhq,train
data/wildfake/real/256d68f25e07fbae.jpg,0,real,ffhq,train
data/wildfake/real/ab9135e225d9bf25.jpg,0,real,ffhq,train
data/wildfake/real/3336646c829796a7.jpg,0,real,ffhq,train
data/wildfake/real/bda9d9efeca546c4.jpg,0,real,ffhq,train
data/wildfake/real/f9f3a925d56945d7.jpg,0,real,ffhq,train
data/wildfake/real/7487b4d6cffd7401.jpg,0,real,ffhq,train
data/wildfake/real/ada25d33a1309ac5.jpg,0,real,ffhq,train
data/wildfake/real/d9923613dc2e2a4a.jpg,0,real,ffhq,train
data/wildfake/real/e7a79926d3844aad.jpg,0,real,ffhq,train
data/wildfake/real/6146d11d418f1819.jpg,0,real,ffhq,train
data/wildfake/real/17dbf6b4b9bf05fa.jpg,0,real,ffhq,train
data/wildfake/real/a99012f20b6b07df.jpg,0,real,ffhq,train
data/wildfake/real/952071ef1c0b945f.jpg,0,real,ffhq,train
data/wildfake/real/efdae5974675c503.jpg,0,real,ffhq,train
data/wildfake/real/2288938f6b0b0c89.jpg,0,real,ffhq,train
data/wildfake/real/a43aa9998c24fcea.jpg,0,real,ffhq,train
data/wildfake/real/a69f1917cfdd1fe1.jpg,0,real,ffhq,train
data/wildfake/real/8b6ea64e7dc27770.jpg,0,real,ffhq,train
data/wildfake/real/367cd6666cabf17b.jpg,0,real,ffhq,train
data/wildfake/real/fbcf9f2aeffc19da.jpg,0,real,ffhq,train
data/wildfake/real/40f4ca6c3c48dc21.jpg,0,real,ffhq,train
data/wildfake/real/ff8dbc6d1dbd7020.jpg,0,real,ffhq,train
data/wildfake/real/8531bd3adfbdeb02.jpg,0,real,ffhq,train
data/wildfake/real/8c0afcfaee389c4c.jpg,0,real,ffhq,train
data/wildfake/real/89c676abad115579.jpg,0,real,ffhq,train
data/wildfake/real/8ad903df8f36b8bd.jpg,0,real,ffhq,train
data/wildfake/real/8c8a1cdfc5b10f35.jpg,0,real,ffhq,train
data/wildfake/real/a81a74e26f8f103e.jpg,0,real,ffhq,train
data/wildfake/real/44ad0c8cc19789e1.jpg,0,real,ffhq,train
data/wildfake/real/1bbd9a328431732c.jpg,0,real,ffhq,train
data/wildfake/real/8d90b85fa15b5e10.jpg,0,real,ffhq,train
data/wildfake/real/a15e11d26d6e7a00.jpg,0,real,ffhq,train
data/wildfake/real/58027db00ec15bd1.jpg,0,real,ffhq,train
data/wildfake/real/cee15505ef9e02a4.jpg,0,real,ffhq,train
data/wildfake/real/d6bf1207e065faa2.jpg,0,real,ffhq,train
data/wildfake/real/4a0eb218a986a232.jpg,0,real,ffhq,train
data/wildfake/real/207b6ca8a05e0108.jpg,0,real,ffhq,train
data/wildfake/real/f4d2f28ced57ea4c.jpg,0,real,ffhq,train
data/wildfake/real/dd9b39f802d2e619.jpg,0,real,ffhq,train
data/wildfake/real/f12fd54e7d77cbd2.jpg,0,real,ffhq,train
data/wildfake/real/3deba153b64d9560.jpg,0,real,ffhq,train
data/wildfake/real/2fa108f442986ce7.jpg,0,real,ffhq,train
data/wildfake/real/cc70d3a5dd7fbeac.jpg,0,real,ffhq,train
data/wildfake/real/f6f4a61fd091e10a.jpg,0,real,ffhq,train
data/wildfake/real/b7156ef1d25689ed.jpg,0,real,ffhq,train
data/wildfake/real/0b89a81487d2c8fa.jpg,0,real,ffhq,train
data/wildfake/real/ec7b524c81894605.jpg,0,real,ffhq,train
data/wildfake/real/91de7f5f20de602f.jpg,0,real,ffhq,train
data/wildfake/real/aab5f7a3f83276dc.jpg,0,real,ffhq,train
data/wildfake/real/5f166d057e18b6b2.jpg,0,real,ffhq,train
data/wildfake/real/210cd8767073656f.jpg,0,real,ffhq,train
data/wildfake/real/50153185c302b96b.jpg,0,real,ffhq,train
data/wildfake/real/43f2f6b557743390.jpg,0,real,ffhq,train
data/wildfake/real/32d4a5a8dc440f7a.jpg,0,real,ffhq,train
data/wildfake/real/3905d9887dc72a25.jpg,0,real,ffhq,train
data/wildfake/real/5cc55c831e7b71ea.jpg,0,real,ffhq,train
data/wildfake/real/8ea381801b16bdf0.jpg,0,real,ffhq,train
data/wildfake/real/d234f675248b25d5.jpg,0,real,ffhq,train
data/wildfake/real/3574af3adf6eb295.jpg,0,real,ffhq,train
data/wildfake/real/0997e836c6d2df26.jpg,0,real,ffhq,train
data/wildfake/real/7df0a8d450cab41e.jpg,0,real,ffhq,train
data/wildfake/real/17016a0f85ed7708.jpg,0,real,ffhq,train
data/wildfake/real/199368a8c54aeacb.jpg,0,real,ffhq,train
data/wildfake/real/a9bb83d73ca235ce.jpg,0,real,ffhq,train
data/wildfake/real/cbb998e93aa8bf19.jpg,0,real,ffhq,train
data/wildfake/real/8370d1bc950e699f.jpg,0,real,ffhq,train
data/wildfake/real/344121660e619fcd.jpg,0,real,ffhq,train
data/wildfake/real/8eba633b1f363d2c.jpg,0,real,ffhq,train
data/wildfake/real/9f7f0eefd7e85f4f.jpg,0,real,ffhq,train
data/wildfake/real/c8be4fed0760e732.jpg,0,real,ffhq,train
data/wildfake/real/31504ffa4097d1ce.jpg,0,real,ffhq,train
data/wildfake/real/4af708b271dbd11a.jpg,0,real,ffhq,train
data/wildfake/real/62f63642663fb37b.jpg,0,real,ffhq,train
data/wildfake/real/335c033324a766c3.jpg,0,real,ffhq,train
data/wildfake/real/4a1ddd8e1bd0d9f8.jpg,0,real,ffhq,train
data/wildfake/real/93b3276a91dc606d.jpg,0,real,ffhq,train
data/wildfake/real/52d547518d54435f.jpg,0,real,ffhq,train
data/wildfake/real/290cd7d44d719a33.jpg,0,real,ffhq,train
data/wildfake/real/ed1e48f06953d9a8.jpg,0,real,ffhq,train
data/wildfake/real/6a2b56613c768c18.jpg,0,real,ffhq,train
data/wildfake/real/c55a0901ced8e619.jpg,0,real,ffhq,train
data/wildfake/real/c6a4f010fa2a4b31.jpg,0,real,ffhq,train
data/wildfake/real/c81413625072791a.jpg,0,real,ffhq,train
data/wildfake/real/c9b397511303b645.jpg,0,real,ffhq,train
data/wildfake/real/63303616b63bd3d3.jpg,0,real,ffhq,train
data/sid_set/real/91995094dd129257.jpg,0,real,sid_set,heldout
data/sid_set/sid_synthetic/full_synthetic_004934.jpg,1,sid_synthetic,sid_set,heldout
data/sid_set/real/58c66c4583de8bf5.jpg,0,real,sid_set,heldout
data/sid_set/real/d953914a018b80ad.jpg,0,real,sid_set,heldout
data/sid_set/real/9a99796dffaaa7d3.jpg,0,real,sid_set,heldout
data/sid_set/sid_synthetic/full_synthetic_002764.jpg,1,sid_synthetic,sid_set,heldout
data/sid_set/real/8bd5cae6314172b9.jpg,0,real,sid_set,heldout
data/sid_set/real/42e7a4cbf61fd493.jpg,0,real,sid_set,heldout
data/sid_set/sid_synthetic/full_synthetic_007473.jpg,1,sid_synthetic,sid_set,heldout
data/sid_set/sid_synthetic/full_synthetic_000702.jpg,1,sid_synthetic,sid_set,heldout
data/sid_set/sid_synthetic/full_synthetic_001094.jpg,1,sid_synthetic,sid_set,heldout
data/sid_set/real/2220f1ab609f0843.jpg,0,real,sid_set,heldout
data/sid_set/real/76bb9873db655e13.jpg,0,real,sid_set,heldout
data/sid_set/real/1034c6557e9fb8c1.jpg,0,real,sid_set,heldout
data/sid_set/sid_synthetic/full_synthetic_004989.jpg,1,sid_synthetic,sid_set,heldout
data/sid_set/sid_synthetic/full_synthetic_001311.jpg,1,sid_synthetic,sid_set,heldout
data/sid_set/real/f2b02fe7b2ddcb9c.jpg,0,real,sid_set,heldout
data/sid_set/sid_synthetic/full_synthetic_000008.jpg,1,sid_synthetic,sid_set,heldout
data/sid_set/real/9e65133332e72eb0.jpg,0,real,sid_set,heldout
data/sid_set/real/ed392911fea257be.jpg,0,real,sid_set,heldout
data/sid_set/sid_synthetic/full_synthetic_000882.jpg,1,sid_synthetic,sid_set,heldout
data/sid_set/sid_synthetic/full_synthetic_001209.jpg,1,sid_synthetic,sid_set,heldout
data/sid_set/real/add5fb52ea5901cd.jpg,0,real,sid_set,heldout
data/sid_set/sid_synthetic/full_synthetic_007794.jpg,1,sid_synthetic,sid_set,heldout
data/sid_set/real/03037a6766b93185.jpg,0,real,sid_set,heldout
data/sid_set/sid_synthetic/full_synthetic_008801.jpg,1,sid_synthetic,sid_set,heldout
data/sid_set/sid_synthetic/full_synthetic_005299.jpg,1,sid_synthetic,sid_set,heldout
data/sid_set/sid_synthetic/full_synthetic_009705.jpg,1,sid_synthetic,sid_set,heldout
data/sid_set/sid_synthetic/full_synthetic_002872.jpg,1,sid_synthetic,sid_set,heldout
data/sid_set/real/27c3f06ec5dc2ba3.jpg,0,real,sid_set,heldout
data/sid_set/sid_synthetic/full_synthetic_003406.jpg,1,sid_synthetic,sid_set,heldout
data/sid_set/real/0be8f77f1614556e.jpg,0,real,sid_set,heldout
data/sid_set/real/c5cf1481d441cb77.jpg,0,real,sid_set,heldout
data/sid_set/sid_synthetic/full_synthetic_005248.jpg,1,sid_synthetic,sid_set,heldout
data/sid_set/real/f09e3a1151ad2a6d.jpg,0,real,sid_set,heldout
data/sid_set/real/c8ef1b2afccd2a46.jpg,0,real,sid_set,heldout
data/sid_set/sid_synthetic/full_synthetic_007583.jpg,1,sid_synthetic,sid_set,heldout
data/sid_set/real/e893057079087908.jpg,0,real,sid_set,heldout
data/sid_set/sid_synthetic/full_synthetic_004113.jpg,1,sid_synthetic,sid_set,heldout
data/sid_set/real/995fec71969bd0bd.jpg,0,real,sid_set,heldout
data/sid_set/sid_synthetic/full_synthetic_000902.jpg,1,sid_synthetic,sid_set,heldout
data/sid_set/real/1628ce58f2622f64.jpg,0,real,sid_set,heldout
data/sid_set/sid_synthetic/full_synthetic_004118.jpg,1,sid_synthetic,sid_set,heldout
data/sid_set/real/c6df5b2700e2a0d3.jpg,0,real,sid_set,heldout
data/sid_set/sid_synthetic/full_synthetic_006970.jpg,1,sid_synthetic,sid_set,heldout
data/sid_set/real/4bd05685b1e2c552.jpg,0,real,sid_set,heldout
data/sid_set/real/307293f3a512832e.jpg,0,real,sid_set,heldout
data/sid_set/sid_synthetic/full_synthetic_008372.jpg,1,sid_synthetic,sid_set,heldout
data/sid_set/real/2cfeca31d019234e.jpg,0,real,sid_set,heldout
data/sid_set/real/bdf7276b7255c403.jpg,0,real,sid_set,heldout
data/sid_set/real/4ac5f240639cac03.jpg,0,real,sid_set,heldout
data/sid_set/sid_synthetic/full_synthetic_002565.jpg,1,sid_synthetic,sid_set,heldout
data/sid_set/sid_synthetic/full_synthetic_007491.jpg,1,sid_synthetic,sid_set,heldout
data/sid_set/real/1ff5c6d444b5825e.jpg,0,real,sid_set,heldout
data/sid_set/real/ddfc9081e5ee8dc1.jpg,0,real,sid_set,heldout
data/sid_set/sid_synthetic/full_synthetic_004510.jpg,1,sid_synthetic,sid_set,heldout
data/sid_set/sid_synthetic/full_synthetic_001072.jpg,1,sid_synthetic,sid_set,heldout
data/sid_set/sid_synthetic/full_synthetic_004150.jpg,1,sid_synthetic,sid_set,heldout
data/sid_set/sid_synthetic/full_synthetic_006478.jpg,1,sid_synthetic,sid_set,heldout
data/sid_set/real/f1a533157c1022c8.jpg,0,real,sid_set,heldout
data/sid_set/real/1bc723457563f907.jpg,0,real,sid_set,heldout
data/sid_set/sid_synthetic/full_synthetic_007456.jpg,1,sid_synthetic,sid_set,heldout
data/sid_set/sid_synthetic/full_synthetic_005645.jpg,1,sid_synthetic,sid_set,heldout
data/sid_set/real/229d0b8353d1c98a.jpg,0,real,sid_set,heldout
data/sid_set/real/cc7894623e2db539.jpg,0,real,sid_set,heldout
data/sid_set/real/b0071a6847984193.jpg,0,real,sid_set,heldout
data/sid_set/real/2bc8ec84419a7906.jpg,0,real,sid_set,heldout
data/sid_set/sid_synthetic/full_synthetic_008392.jpg,1,sid_synthetic,sid_set,heldout
data/sid_set/real/6d5e67fd69df87a5.jpg,0,real,sid_set,heldout
data/sid_set/real/860a9efac6af93a0.jpg,0,real,sid_set,heldout
data/sid_set/sid_synthetic/full_synthetic_008231.jpg,1,sid_synthetic,sid_set,heldout
data/sid_set/real/324f9aab6ff2d5bb.jpg,0,real,sid_set,heldout
data/sid_set/real/31cb90aa388d7890.jpg,0,real,sid_set,heldout
data/sid_set/sid_synthetic/full_synthetic_005931.jpg,1,sid_synthetic,sid_set,heldout
data/sid_set/sid_synthetic/full_synthetic_008179.jpg,1,sid_synthetic,sid_set,heldout
data/sid_set/real/27f252a476f25608.jpg,0,real,sid_set,heldout
data/sid_set/real/60acad034d6ac8c5.jpg,0,real,sid_set,heldout
data/sid_set/sid_synthetic/full_synthetic_008404.jpg,1,sid_synthetic,sid_set,heldout
data/sid_set/real/8e9ed33012d70d5c.jpg,0,real,sid_set,heldout
data/sid_set/real/0664d97dbc749f9c.jpg,0,real,sid_set,heldout
data/sid_set/sid_synthetic/full_synthetic_000077.jpg,1,sid_synthetic,sid_set,heldout
data/sid_set/real/7bba4ecddd08ae72.jpg,0,real,sid_set,heldout
data/sid_set/sid_synthetic/full_synthetic_004942.jpg,1,sid_synthetic,sid_set,heldout
data/sid_set/sid_synthetic/full_synthetic_005113.jpg,1,sid_synthetic,sid_set,heldout
data/sid_set/real/fd568a2839353a92.jpg,0,real,sid_set,heldout
data/sid_set/real/ab82eaf90724160f.jpg,0,real,sid_set,heldout
data/sid_set/sid_synthetic/full_synthetic_006516.jpg,1,sid_synthetic,sid_set,heldout
data/sid_set/sid_synthetic/full_synthetic_000205.jpg,1,sid_synthetic,sid_set,heldout
data/sid_set/sid_synthetic/full_synthetic_004614.jpg,1,sid_synthetic,sid_set,heldout
data/sid_set/sid_synthetic/full_synthetic_008854.jpg,1,sid_synthetic,sid_set,heldout
data/sid_set/sid_synthetic/full_synthetic_002772.jpg,1,sid_synthetic,sid_set,heldout
data/sid_set/sid_synthetic/full_synthetic_001703.jpg,1,sid_synthetic,sid_set,heldout
data/sid_set/sid_synthetic/full_synthetic_008439.jpg,1,sid_synthetic,sid_set,heldout
data/sid_set/sid_synthetic/full_synthetic_002612.jpg,1,sid_synthetic,sid_set,heldout
data/sid_set/real/29c2e174f4356c93.jpg,0,real,sid_set,heldout
data/sid_set/sid_synthetic/full_synthetic_007036.jpg,1,sid_synthetic,sid_set,heldout
data/sid_set/sid_synthetic/full_synthetic_002699.jpg,1,sid_synthetic,sid_set,heldout
data/sid_set/sid_synthetic/full_synthetic_009568.jpg,1,sid_synthetic,sid_set,heldout
data/sid_set/real/ea8ea80a349df2bc.jpg,0,real,sid_set,heldout
data/sid_set/sid_synthetic/full_synthetic_003290.jpg,1,sid_synthetic,sid_set,heldout
data/sid_set/sid_synthetic/full_synthetic_002270.jpg,1,sid_synthetic,sid_set,heldout
data/sid_set/sid_synthetic/full_synthetic_006705.jpg,1,sid_synthetic,sid_set,heldout
data/sid_set/sid_synthetic/full_synthetic_005695.jpg,1,sid_synthetic,sid_set,heldout
data/sid_set/real/c0225b320c32d500.jpg,0,real,sid_set,heldout
data/sid_set/real/d73b2f7bc8dd7b36.jpg,0,real,sid_set,heldout
data/sid_set/sid_synthetic/full_synthetic_008598.jpg,1,sid_synthetic,sid_set,heldout
data/sid_set/real/23e3faec027499b9.jpg,0,real,sid_set,heldout
data/sid_set/sid_synthetic/full_synthetic_009288.jpg,1,sid_synthetic,sid_set,heldout
data/sid_set/sid_synthetic/full_synthetic_002107.jpg,1,sid_synthetic,sid_set,heldout
data/sid_set/sid_synthetic/full_synthetic_009738.jpg,1,sid_synthetic,sid_set,heldout
data/sid_set/real/0920d7dbdc425032.jpg,0,real,sid_set,heldout
data/sid_set/real/575f295ae774bb65.jpg,0,real,sid_set,heldout
data/sid_set/real/292e79fefbe67e5a.jpg,0,real,sid_set,heldout
data/sid_set/real/7fbf685a80431679.jpg,0,real,sid_set,heldout
data/sid_set/sid_synthetic/full_synthetic_007857.jpg,1,sid_synthetic,sid_set,heldout
data/sid_set/real/df06aaa5f26d4858.jpg,0,real,sid_set,heldout
data/sid_set/sid_synthetic/full_synthetic_009065.jpg,1,sid_synthetic,sid_set,heldout
data/sid_set/sid_synthetic/full_synthetic_008749.jpg,1,sid_synthetic,sid_set,heldout
data/sid_set/sid_synthetic/full_synthetic_004250.jpg,1,sid_synthetic,sid_set,heldout
data/sid_set/sid_synthetic/full_synthetic_006178.jpg,1,sid_synthetic,sid_set,heldout
data/sid_set/sid_synthetic/full_synthetic_006321.jpg,1,sid_synthetic,sid_set,heldout
data/sid_set/real/dbb314ca23e99183.jpg,0,real,sid_set,heldout
data/sid_set/real/1c2dd069ae8645d6.jpg,0,real,sid_set,heldout
data/sid_set/real/01dbc10198d9699e.jpg,0,real,sid_set,heldout
data/sid_set/real/1623c748b704236e.jpg,0,real,sid_set,heldout
data/sid_set/sid_synthetic/full_synthetic_003602.jpg,1,sid_synthetic,sid_set,heldout
data/sid_set/sid_synthetic/full_synthetic_008518.jpg,1,sid_synthetic,sid_set,heldout
data/sid_set/real/35743cb5af5edecc.jpg,0,real,sid_set,heldout
data/sid_set/real/02b86fba42e075da.jpg,0,real,sid_set,heldout
data/sid_set/sid_synthetic/full_synthetic_006485.jpg,1,sid_synthetic,sid_set,heldout
data/sid_set/real/6aa241d2de438a2d.jpg,0,real,sid_set,heldout
data/sid_set/real/a208ec79f843944a.jpg,0,real,sid_set,heldout
data/sid_set/real/b0a01d5b78e05b11.jpg,0,real,sid_set,heldout
data/sid_set/real/13d4f3e24eead4dd.jpg,0,real,sid_set,heldout
data/sid_set/sid_synthetic/full_synthetic_003143.jpg,1,sid_synthetic,sid_set,heldout
data/sid_set/real/b26d6198d0eb60d5.jpg,0,real,sid_set,heldout
data/sid_set/real/7b6a9e57eab7374f.jpg,0,real,sid_set,heldout
data/sid_set/sid_synthetic/full_synthetic_001855.jpg,1,sid_synthetic,sid_set,heldout
data/sid_set/real/49b44783683ceb0c.jpg,0,real,sid_set,heldout
data/sid_set/sid_synthetic/full_synthetic_004162.jpg,1,sid_synthetic,sid_set,heldout
data/sid_set/real/bc0f22268f4d0e26.jpg,0,real,sid_set,heldout
data/sid_set/real/dc6555c8657948b6.jpg,0,real,sid_set,heldout
data/sid_set/sid_synthetic/full_synthetic_000512.jpg,1,sid_synthetic,sid_set,heldout
data/sid_set/sid_synthetic/full_synthetic_008966.jpg,1,sid_synthetic,sid_set,heldout
data/sid_set/real/7eb88d646850723c.jpg,0,real,sid_set,heldout
data/sid_set/sid_synthetic/full_synthetic_006824.jpg,1,sid_synthetic,sid_set,heldout
data/sid_set/sid_synthetic/full_synthetic_009736.jpg,1,sid_synthetic,sid_set,heldout
data/sid_set/real/71f661439a585db1.jpg,0,real,sid_set,heldout
data/sid_set/sid_synthetic/full_synthetic_006683.jpg,1,sid_synthetic,sid_set,heldout
data/sid_set/sid_synthetic/full_synthetic_001184.jpg,1,sid_synthetic,sid_set,heldout
data/sid_set/real/6d34f8a9aca6bd9e.jpg,0,real,sid_set,heldout
data/sid_set/sid_synthetic/full_synthetic_000232.jpg,1,sid_synthetic,sid_set,heldout
data/sid_set/sid_synthetic/full_synthetic_004909.jpg,1,sid_synthetic,sid_set,heldout
data/sid_set/sid_synthetic/full_synthetic_002037.jpg,1,sid_synthetic,sid_set,heldout
data/sid_set/real/1cdb2e6f90cf7e63.jpg,0,real,sid_set,heldout
data/sid_set/sid_synthetic/full_synthetic_004451.jpg,1,sid_synthetic,sid_set,heldout
data/sid_set/real/8956f3677722b225.jpg,0,real,sid_set,heldout
data/sid_set/real/6f889be453bd2c7e.jpg,0,real,sid_set,heldout
data/sid_set/sid_synthetic/full_synthetic_007037.jpg,1,sid_synthetic,sid_set,heldout
data/sid_set/sid_synthetic/full_synthetic_001921.jpg,1,sid_synthetic,sid_set,heldout
data/sid_set/real/07d1f85e436bb113.jpg,0,real,sid_set,heldout
data/sid_set/sid_synthetic/full_synthetic_006188.jpg,1,sid_synthetic,sid_set,heldout
data/sid_set/real/37599ed20c69b5fa.jpg,0,real,sid_set,heldout
data/sid_set/real/a31a4d30d23fb380.jpg,0,real,sid_set,heldout
data/sid_set/sid_synthetic/full_synthetic_002799.jpg,1,sid_synthetic,sid_set,heldout
data/sid_set/real/9c645236a497baf9.jpg,0,real,sid_set,heldout
data/sid_set/real/bc63be15f9561c48.jpg,0,real,sid_set,heldout
data/sid_set/sid_synthetic/full_synthetic_009042.jpg,1,sid_synthetic,sid_set,heldout
data/sid_set/sid_synthetic/full_synthetic_006624.jpg,1,sid_synthetic,sid_set,heldout
data/sid_set/real/fde842ce414ccb59.jpg,0,real,sid_set,heldout
data/sid_set/real/50763caa4554b37e.jpg,0,real,sid_set,heldout
data/sid_set/real/0bf67504e42d36c4.jpg,0,real,sid_set,heldout
data/sid_set/sid_synthetic/full_synthetic_008787.jpg,1,sid_synthetic,sid_set,heldout
data/sid_set/real/7d2e64dee104e5ae.jpg,0,real,sid_set,heldout
data/sid_set/real/e6c50775c27a7764.jpg,0,real,sid_set,heldout
data/sid_set/sid_synthetic/full_synthetic_003921.jpg,1,sid_synthetic,sid_set,heldout
data/sid_set/real/34a500b056ce601a.jpg,0,real,sid_set,heldout
data/sid_set/sid_synthetic/full_synthetic_000693.jpg,1,sid_synthetic,sid_set,heldout
data/sid_set/real/807759ad42206442.jpg,0,real,sid_set,heldout
data/sid_set/real/c2a50d3ba70bb02f.jpg,0,real,sid_set,heldout
data/sid_set/sid_synthetic/full_synthetic_000848.jpg,1,sid_synthetic,sid_set,heldout
data/sid_set/real/fe98299e54635f7a.jpg,0,real,sid_set,heldout
data/sid_set/real/1b6dfedf57dca454.jpg,0,real,sid_set,heldout
data/sid_set/real/f4c3f427a18c665f.jpg,0,real,sid_set,heldout
data/sid_set/real/bcbd151e4f1f7e09.jpg,0,real,sid_set,heldout
data/sid_set/sid_synthetic/full_synthetic_001506.jpg,1,sid_synthetic,sid_set,heldout
data/sid_set/real/58f5a7ed47613fb7.jpg,0,real,sid_set,heldout
data/sid_set/sid_synthetic/full_synthetic_000359.jpg,1,sid_synthetic,sid_set,heldout
data/sid_set/real/6484f9651e933e2e.jpg,0,real,sid_set,heldout
data/sid_set/sid_synthetic/full_synthetic_001585.jpg,1,sid_synthetic,sid_set,heldout
data/sid_set/sid_synthetic/full_synthetic_003663.jpg,1,sid_synthetic,sid_set,heldout
data/sid_set/real/51cf76e04a22a2f6.jpg,0,real,sid_set,heldout
data/sid_set/real/46149ac214a1ccfd.jpg,0,real,sid_set,heldout
data/sid_set/sid_synthetic/full_synthetic_008647.jpg,1,sid_synthetic,sid_set,heldout
data/sid_set/real/75360e324eb06db0.jpg,0,real,sid_set,heldout
data/sid_set/real/7ec1d2c3d4f04280.jpg,0,real,sid_set,heldout
data/sid_set/real/1e85d67e13f0881a.jpg,0,real,sid_set,heldout
data/sid_set/sid_synthetic/full_synthetic_009247.jpg,1,sid_synthetic,sid_set,heldout
data/sid_set/real/82e701c3cd496789.jpg,0,real,sid_set,heldout
data/sid_set/real/0ec037fc325fe8e5.jpg,0,real,sid_set,heldout
data/sid_set/real/082345c8bef17916.jpg,0,real,sid_set,heldout
data/sid_set/real/79fd61c8155b1849.jpg,0,real,sid_set,heldout
data/sid_set/real/d946e07155b50c3e.jpg,0,real,sid_set,heldout
data/sid_set/sid_synthetic/full_synthetic_009075.jpg,1,sid_synthetic,sid_set,heldout
data/sid_set/real/1e788bd148d5b528.jpg,0,real,sid_set,heldout
data/sid_set/real/107d13a84161c7bb.jpg,0,real,sid_set,heldout
data/sid_set/sid_synthetic/full_synthetic_002651.jpg,1,sid_synthetic,sid_set,heldout
data/sid_set/real/42a9e2222fb9391e.jpg,0,real,sid_set,heldout
data/sid_set/real/005baac9bd26fdaf.jpg,0,real,sid_set,heldout
data/sid_set/real/148e5ea09b771201.jpg,0,real,sid_set,heldout
data/sid_set/sid_synthetic/full_synthetic_003716.jpg,1,sid_synthetic,sid_set,heldout
data/sid_set/sid_synthetic/full_synthetic_007232.jpg,1,sid_synthetic,sid_set,heldout
data/sid_set/sid_synthetic/full_synthetic_001554.jpg,1,sid_synthetic,sid_set,heldout
data/sid_set/real/85215cbdcf6cc9e0.jpg,0,real,sid_set,heldout
data/sid_set/sid_synthetic/full_synthetic_007386.jpg,1,sid_synthetic,sid_set,heldout
data/sid_set/real/d491d6137b231331.jpg,0,real,sid_set,heldout
data/sid_set/real/3ce6f987ad3a12b5.jpg,0,real,sid_set,heldout
data/sid_set/real/b0beec0fe34fd5e1.jpg,0,real,sid_set,heldout
data/sid_set/sid_synthetic/full_synthetic_006277.jpg,1,sid_synthetic,sid_set,heldout
data/sid_set/sid_synthetic/full_synthetic_004685.jpg,1,sid_synthetic,sid_set,heldout
data/sid_set/sid_synthetic/full_synthetic_009781.jpg,1,sid_synthetic,sid_set,heldout
data/sid_set/real/aa410ce34fa98008.jpg,0,real,sid_set,heldout
data/sid_set/real/67148b829fced2ac.jpg,0,real,sid_set,heldout
data/sid_set/sid_synthetic/full_synthetic_006097.jpg,1,sid_synthetic,sid_set,heldout
data/sid_set/sid_synthetic/full_synthetic_004779.jpg,1,sid_synthetic,sid_set,heldout
data/sid_set/real/8a4f348549242c3e.jpg,0,real,sid_set,heldout
data/sid_set/sid_synthetic/full_synthetic_004242.jpg,1,sid_synthetic,sid_set,heldout
data/sid_set/real/7523ffe973abce44.jpg,0,real,sid_set,heldout
data/sid_set/sid_synthetic/full_synthetic_009567.jpg,1,sid_synthetic,sid_set,heldout
data/sid_set/real/ffbf9d1e2f981271.jpg,0,real,sid_set,heldout
data/sid_set/sid_synthetic/full_synthetic_000719.jpg,1,sid_synthetic,sid_set,heldout
data/sid_set/real/177975428f69c348.jpg,0,real,sid_set,heldout
data/sid_set/sid_synthetic/full_synthetic_002513.jpg,1,sid_synthetic,sid_set,heldout
data/sid_set/real/cd89600f244e425b.jpg,0,real,sid_set,heldout
data/sid_set/sid_synthetic/full_synthetic_002830.jpg,1,sid_synthetic,sid_set,heldout
data/sid_set/real/9d56728a7e3cc0d1.jpg,0,real,sid_set,heldout
data/sid_set/sid_synthetic/full_synthetic_000072.jpg,1,sid_synthetic,sid_set,heldout
data/sid_set/sid_synthetic/full_synthetic_007038.jpg,1,sid_synthetic,sid_set,heldout
data/sid_set/sid_synthetic/full_synthetic_001664.jpg,1,sid_synthetic,sid_set,heldout
data/sid_set/sid_synthetic/full_synthetic_006168.jpg,1,sid_synthetic,sid_set,heldout
data/sid_set/real/5189c2348e58e703.jpg,0,real,sid_set,heldout
data/sid_set/sid_synthetic/full_synthetic_002837.jpg,1,sid_synthetic,sid_set,heldout
data/sid_set/sid_synthetic/full_synthetic_009236.jpg,1,sid_synthetic,sid_set,heldout
data/sid_set/sid_synthetic/full_synthetic_007804.jpg,1,sid_synthetic,sid_set,heldout
data/sid_set/real/aa0d5fbf795902c9.jpg,0,real,sid_set,heldout
data/sid_set/real/c163afd57264d491.jpg,0,real,sid_set,heldout
data/sid_set/sid_synthetic/full_synthetic_005063.jpg,1,sid_synthetic,sid_set,heldout
data/sid_set/sid_synthetic/full_synthetic_007971.jpg,1,sid_synthetic,sid_set,heldout
data/sid_set/real/64854a7c03c39109.jpg,0,real,sid_set,heldout
data/sid_set/real/cde5c0bab238c38b.jpg,0,real,sid_set,heldout
data/sid_set/real/721ffc9db6b50f18.jpg,0,real,sid_set,heldout
data/sid_set/real/c65d44fe627e3328.jpg,0,real,sid_set,heldout
data/sid_set/real/26ea00ac4fea0550.jpg,0,real,sid_set,heldout
data/sid_set/real/3362e04ec095b768.jpg,0,real,sid_set,heldout
data/sid_set/real/0ba786ef7c04199f.jpg,0,real,sid_set,heldout
data/sid_set/real/3c8657e0e83fa06c.jpg,0,real,sid_set,heldout
data/sid_set/sid_synthetic/full_synthetic_006523.jpg,1,sid_synthetic,sid_set,heldout
data/sid_set/sid_synthetic/full_synthetic_006342.jpg,1,sid_synthetic,sid_set,heldout
data/sid_set/sid_synthetic/full_synthetic_004627.jpg,1,sid_synthetic,sid_set,heldout
data/sid_set/real/7448bf60a7ffbad6.jpg,0,real,sid_set,heldout
data/sid_set/real/527c25e5b31b3cc8.jpg,0,real,sid_set,heldout
data/sid_set/sid_synthetic/full_synthetic_006476.jpg,1,sid_synthetic,sid_set,heldout
data/sid_set/real/b6409d045b32202e.jpg,0,real,sid_set,heldout
data/sid_set/real/276a0c53f3a5f215.jpg,0,real,sid_set,heldout
data/sid_set/real/09b45cdb2dd57f75.jpg,0,real,sid_set,heldout
data/sid_set/real/02e783d381e8dccd.jpg,0,real,sid_set,heldout
data/sid_set/sid_synthetic/full_synthetic_001005.jpg,1,sid_synthetic,sid_set,heldout
data/sid_set/real/137a27b29edd0391.jpg,0,real,sid_set,heldout
data/sid_set/real/3a8fccd819d66fe1.jpg,0,real,sid_set,heldout
data/sid_set/sid_synthetic/full_synthetic_003747.jpg,1,sid_synthetic,sid_set,heldout
data/sid_set/sid_synthetic/full_synthetic_007208.jpg,1,sid_synthetic,sid_set,heldout
data/sid_set/real/e0edcc7e6c1470ac.jpg,0,real,sid_set,heldout
data/sid_set/real/5ba39c38ce0a2fd4.jpg,0,real,sid_set,heldout
data/sid_set/sid_synthetic/full_synthetic_003754.jpg,1,sid_synthetic,sid_set,heldout
data/sid_set/sid_synthetic/full_synthetic_006119.jpg,1,sid_synthetic,sid_set,heldout
data/sid_set/real/1335acb8682e7154.jpg,0,real,sid_set,heldout
data/sid_set/sid_synthetic/full_synthetic_009176.jpg,1,sid_synthetic,sid_set,heldout
data/sid_set/real/14dcdbb4afef3eeb.jpg,0,real,sid_set,heldout
data/sid_set/real/5f7b34a78d339624.jpg,0,real,sid_set,heldout
data/sid_set/real/6dd2212552ac993e.jpg,0,real,sid_set,heldout
data/sid_set/sid_synthetic/full_synthetic_005300.jpg,1,sid_synthetic,sid_set,heldout
data/sid_set/real/29f0e8e8a9ee0113.jpg,0,real,sid_set,heldout
data/sid_set/sid_synthetic/full_synthetic_009892.jpg,1,sid_synthetic,sid_set,heldout
data/sid_set/sid_synthetic/full_synthetic_003175.jpg,1,sid_synthetic,sid_set,heldout
data/sid_set/sid_synthetic/full_synthetic_002268.jpg,1,sid_synthetic,sid_set,heldout
data/sid_set/real/b08d92a1d85ef2f7.jpg,0,real,sid_set,heldout
data/sid_set/sid_synthetic/full_synthetic_000088.jpg,1,sid_synthetic,sid_set,heldout
data/sid_set/real/5c0315e5da3c4758.jpg,0,real,sid_set,heldout
data/sid_set/sid_synthetic/full_synthetic_002869.jpg,1,sid_synthetic,sid_set,heldout
data/sid_set/sid_synthetic/full_synthetic_004812.jpg,1,sid_synthetic,sid_set,heldout
data/sid_set/sid_synthetic/full_synthetic_006266.jpg,1,sid_synthetic,sid_set,heldout
data/sid_set/sid_synthetic/full_synthetic_006460.jpg,1,sid_synthetic,sid_set,heldout
data/sid_set/real/897928726b360168.jpg,0,real,sid_set,heldout
data/sid_set/real/64c4be9c4121ee0c.jpg,0,real,sid_set,heldout
data/sid_set/real/a91841e1cd936c9c.jpg,0,real,sid_set,heldout
data/sid_set/sid_synthetic/full_synthetic_007472.jpg,1,sid_synthetic,sid_set,heldout
data/sid_set/real/6ea4735814ea7f75.jpg,0,real,sid_set,heldout
data/sid_set/real/2c2542c44b0c4ea4.jpg,0,real,sid_set,heldout
data/sid_set/real/35deffa87f4cdddc.jpg,0,real,sid_set,heldout
data/sid_set/sid_synthetic/full_synthetic_009755.jpg,1,sid_synthetic,sid_set,heldout
data/sid_set/real/d187da05aca876a7.jpg,0,real,sid_set,heldout
data/sid_set/real/d0fa566175ae46e7.jpg,0,real,sid_set,heldout
data/sid_set/sid_synthetic/full_synthetic_008879.jpg,1,sid_synthetic,sid_set,heldout
data/sid_set/real/d383a9ba1c6463c3.jpg,0,real,sid_set,heldout
data/sid_set/real/20f893b668d8a34d.jpg,0,real,sid_set,heldout
data/sid_set/sid_synthetic/full_synthetic_006535.jpg,1,sid_synthetic,sid_set,heldout
data/sid_set/sid_synthetic/full_synthetic_006548.jpg,1,sid_synthetic,sid_set,heldout
data/sid_set/real/a742e60edd96ac38.jpg,0,real,sid_set,heldout
data/sid_set/real/095203d24cd73163.jpg,0,real,sid_set,heldout
data/sid_set/real/5efeeecd4d58356c.jpg,0,real,sid_set,heldout
data/sid_set/sid_synthetic/full_synthetic_003512.jpg,1,sid_synthetic,sid_set,heldout
data/sid_set/sid_synthetic/full_synthetic_009455.jpg,1,sid_synthetic,sid_set,heldout
data/sid_set/sid_synthetic/full_synthetic_004802.jpg,1,sid_synthetic,sid_set,heldout
data/sid_set/real/e912432f0205e868.jpg,0,real,sid_set,heldout
data/sid_set/real/a4346f52a50b10a8.jpg,0,real,sid_set,heldout
data/sid_set/sid_synthetic/full_synthetic_004011.jpg,1,sid_synthetic,sid_set,heldout
data/sid_set/real/16a70d8b2bc30368.jpg,0,real,sid_set,heldout
data/sid_set/real/fd9ddb5ef5a9938e.jpg,0,real,sid_set,heldout
data/sid_set/sid_synthetic/full_synthetic_003839.jpg,1,sid_synthetic,sid_set,heldout
data/sid_set/sid_synthetic/full_synthetic_006426.jpg,1,sid_synthetic,sid_set,heldout
data/sid_set/sid_synthetic/full_synthetic_003010.jpg,1,sid_synthetic,sid_set,heldout
data/sid_set/sid_synthetic/full_synthetic_001204.jpg,1,sid_synthetic,sid_set,heldout
data/sid_set/real/454b5c9820ae4f28.jpg,0,real,sid_set,heldout
data/sid_set/sid_synthetic/full_synthetic_005654.jpg,1,sid_synthetic,sid_set,heldout
data/sid_set/sid_synthetic/full_synthetic_004996.jpg,1,sid_synthetic,sid_set,heldout
data/sid_set/sid_synthetic/full_synthetic_004153.jpg,1,sid_synthetic,sid_set,heldout
data/sid_set/sid_synthetic/full_synthetic_002110.jpg,1,sid_synthetic,sid_set,heldout
data/sid_set/real/7aefa3f0a481d088.jpg,0,real,sid_set,heldout
data/sid_set/real/072d39ea0460b920.jpg,0,real,sid_set,heldout
data/sid_set/sid_synthetic/full_synthetic_007404.jpg,1,sid_synthetic,sid_set,heldout
data/sid_set/real/f80a61c3d0cb44c7.jpg,0,real,sid_set,heldout
data/sid_set/real/956e5eb0bc353695.jpg,0,real,sid_set,heldout
data/sid_set/sid_synthetic/full_synthetic_005297.jpg,1,sid_synthetic,sid_set,heldout
data/sid_set/real/1659a3ba96f7ffd8.jpg,0,real,sid_set,heldout
data/sid_set/sid_synthetic/full_synthetic_009156.jpg,1,sid_synthetic,sid_set,heldout
data/sid_set/sid_synthetic/full_synthetic_009882.jpg,1,sid_synthetic,sid_set,heldout
data/sid_set/real/9801d4d63da72ab8.jpg,0,real,sid_set,heldout
data/sid_set/real/f1a47f458b637c67.jpg,0,real,sid_set,heldout
data/sid_set/sid_synthetic/full_synthetic_003303.jpg,1,sid_synthetic,sid_set,heldout
data/sid_set/sid_synthetic/full_synthetic_004659.jpg,1,sid_synthetic,sid_set,heldout
data/sid_set/sid_synthetic/full_synthetic_002140.jpg,1,sid_synthetic,sid_set,heldout
data/sid_set/real/335f237fe573c0ee.jpg,0,real,sid_set,heldout
data/sid_set/sid_synthetic/full_synthetic_005783.jpg,1,sid_synthetic,sid_set,heldout
data/sid_set/sid_synthetic/full_synthetic_008596.jpg,1,sid_synthetic,sid_set,heldout
data/sid_set/sid_synthetic/full_synthetic_004736.jpg,1,sid_synthetic,sid_set,heldout
data/sid_set/real/1adb8144a7b03161.jpg,0,real,sid_set,heldout
data/sid_set/sid_synthetic/full_synthetic_007661.jpg,1,sid_synthetic,sid_set,heldout
data/sid_set/sid_synthetic/full_synthetic_002212.jpg,1,sid_synthetic,sid_set,heldout
data/sid_set/real/88f45db1893c00bb.jpg,0,real,sid_set,heldout
data/sid_set/sid_synthetic/full_synthetic_004473.jpg,1,sid_synthetic,sid_set,heldout
data/sid_set/real/0c97be6bbea7c9d9.jpg,0,real,sid_set,heldout
data/sid_set/real/edcdbda0b4306cdc.jpg,0,real,sid_set,heldout
data/sid_set/real/915fbbfac40b1195.jpg,0,real,sid_set,heldout
data/sid_set/real/b696f5ccb5c534d5.jpg,0,real,sid_set,heldout
data/sid_set/sid_synthetic/full_synthetic_009664.jpg,1,sid_synthetic,sid_set,heldout
data/sid_set/real/26afc7831e53b0ef.jpg,0,real,sid_set,heldout
data/sid_set/sid_synthetic/full_synthetic_004251.jpg,1,sid_synthetic,sid_set,heldout
data/sid_set/sid_synthetic/full_synthetic_007891.jpg,1,sid_synthetic,sid_set,heldout
data/sid_set/sid_synthetic/full_synthetic_007983.jpg,1,sid_synthetic,sid_set,heldout
data/sid_set/sid_synthetic/full_synthetic_003809.jpg,1,sid_synthetic,sid_set,heldout
data/sid_set/real/b0d0000dfbb23445.jpg,0,real,sid_set,heldout
data/sid_set/sid_synthetic/full_synthetic_000101.jpg,1,sid_synthetic,sid_set,heldout
data/sid_set/sid_synthetic/full_synthetic_000193.jpg,1,sid_synthetic,sid_set,heldout
data/sid_set/sid_synthetic/full_synthetic_003366.jpg,1,sid_synthetic,sid_set,heldout
data/sid_set/real/44ffd54a71881ced.jpg,0,real,sid_set,heldout
data/sid_set/sid_synthetic/full_synthetic_003209.jpg,1,sid_synthetic,sid_set,heldout
data/sid_set/real/24586cf87b618cb6.jpg,0,real,sid_set,heldout
data/sid_set/real/767fa63e35f19faf.jpg,0,real,sid_set,heldout
data/sid_set/real/f87a9d7f8c35af19.jpg,0,real,sid_set,heldout
data/sid_set/real/a973fdaa2a7e5f52.jpg,0,real,sid_set,heldout
data/sid_set/real/877a6e6af70b7996.jpg,0,real,sid_set,heldout
data/sid_set/real/c9cc2c8c94fa5438.jpg,0,real,sid_set,heldout
data/sid_set/real/d39cd48d0479837f.jpg,0,real,sid_set,heldout
data/sid_set/sid_synthetic/full_synthetic_006769.jpg,1,sid_synthetic,sid_set,heldout
data/sid_set/real/c543f6d2f1c097d7.jpg,0,real,sid_set,heldout
data/sid_set/sid_synthetic/full_synthetic_006628.jpg,1,sid_synthetic,sid_set,heldout
data/sid_set/real/c11aea52fd6e273b.jpg,0,real,sid_set,heldout
data/sid_set/real/b3ec9c2945d41039.jpg,0,real,sid_set,heldout
data/sid_set/sid_synthetic/full_synthetic_002021.jpg,1,sid_synthetic,sid_set,heldout
data/sid_set/real/aaf0eee12a7b7219.jpg,0,real,sid_set,heldout
data/sid_set/real/5f4ad8de29bd8886.jpg,0,real,sid_set,heldout
data/sid_set/real/f49f55247be811ef.jpg,0,real,sid_set,heldout
data/sid_set/real/b9e8a1917c0c8412.jpg,0,real,sid_set,heldout
data/sid_set/real/e8009e2a9712f90e.jpg,0,real,sid_set,heldout
data/sid_set/real/be706e2dc2115ed1.jpg,0,real,sid_set,heldout
data/sid_set/real/2a12783c0aa66163.jpg,0,real,sid_set,heldout
data/sid_set/real/a43424594d6c592a.jpg,0,real,sid_set,heldout
data/sid_set/sid_synthetic/full_synthetic_001897.jpg,1,sid_synthetic,sid_set,heldout
data/sid_set/sid_synthetic/full_synthetic_008036.jpg,1,sid_synthetic,sid_set,heldout
data/sid_set/real/0e4cacf17b822ed7.jpg,0,real,sid_set,heldout
data/sid_set/real/5e9bf0b41154706c.jpg,0,real,sid_set,heldout
data/sid_set/sid_synthetic/full_synthetic_002782.jpg,1,sid_synthetic,sid_set,heldout
data/sid_set/sid_synthetic/full_synthetic_005736.jpg,1,sid_synthetic,sid_set,heldout
data/sid_set/sid_synthetic/full_synthetic_001536.jpg,1,sid_synthetic,sid_set,heldout
data/sid_set/real/e1e0c52b009efb9b.jpg,0,real,sid_set,heldout
data/sid_set/sid_synthetic/full_synthetic_005414.jpg,1,sid_synthetic,sid_set,heldout
data/sid_set/real/eb3709b032c08fb2.jpg,0,real,sid_set,heldout
data/sid_set/sid_synthetic/full_synthetic_004127.jpg,1,sid_synthetic,sid_set,heldout
data/sid_set/sid_synthetic/full_synthetic_000939.jpg,1,sid_synthetic,sid_set,heldout
data/sid_set/sid_synthetic/full_synthetic_001819.jpg,1,sid_synthetic,sid_set,heldout
data/sid_set/real/a357f1328f4df8b3.jpg,0,real,sid_set,heldout
data/sid_set/sid_synthetic/full_synthetic_000964.jpg,1,sid_synthetic,sid_set,heldout
data/sid_set/sid_synthetic/full_synthetic_000824.jpg,1,sid_synthetic,sid_set,heldout
data/sid_set/sid_synthetic/full_synthetic_005238.jpg,1,sid_synthetic,sid_set,heldout
data/sid_set/real/cfa49ff9f84c8456.jpg,0,real,sid_set,heldout
data/sid_set/real/5a7c8b660140f7f0.jpg,0,real,sid_set,heldout
data/sid_set/sid_synthetic/full_synthetic_009118.jpg,1,sid_synthetic,sid_set,heldout
data/sid_set/sid_synthetic/full_synthetic_005453.jpg,1,sid_synthetic,sid_set,heldout
data/sid_set/real/71d9a8b49f626991.jpg,0,real,sid_set,heldout
data/sid_set/real/7fef4631f5ee723d.jpg,0,real,sid_set,heldout
data/sid_set/real/ccaa37689b155e18.jpg,0,real,sid_set,heldout
data/sid_set/sid_synthetic/full_synthetic_007680.jpg,1,sid_synthetic,sid_set,heldout
data/sid_set/real/6beadd0b68494978.jpg,0,real,sid_set,heldout
data/sid_set/sid_synthetic/full_synthetic_009459.jpg,1,sid_synthetic,sid_set,heldout
data/sid_set/sid_synthetic/full_synthetic_002917.jpg,1,sid_synthetic,sid_set,heldout
data/sid_set/real/56c7e9fddb2c2c8a.jpg,0,real,sid_set,heldout
data/sid_set/sid_synthetic/full_synthetic_005450.jpg,1,sid_synthetic,sid_set,heldout
data/sid_set/sid_synthetic/full_synthetic_001537.jpg,1,sid_synthetic,sid_set,heldout
data/sid_set/real/ee5dced4fe1baf6e.jpg,0,real,sid_set,heldout
data/sid_set/sid_synthetic/full_synthetic_009976.jpg,1,sid_synthetic,sid_set,heldout
data/sid_set/real/d2dd2efbbaced05e.jpg,0,real,sid_set,heldout
data/sid_set/real/537b98846e5ab8b4.jpg,0,real,sid_set,heldout
data/sid_set/sid_synthetic/full_synthetic_009883.jpg,1,sid_synthetic,sid_set,heldout
data/sid_set/sid_synthetic/full_synthetic_006757.jpg,1,sid_synthetic,sid_set,heldout
data/sid_set/real/007a5fc20ae3320e.jpg,0,real,sid_set,heldout
data/sid_set/real/5f9e835ab7d3b145.jpg,0,real,sid_set,heldout
data/sid_set/sid_synthetic/full_synthetic_003643.jpg,1,sid_synthetic,sid_set,heldout
data/sid_set/real/d4eb38e0ac8a857d.jpg,0,real,sid_set,heldout
data/sid_set/sid_synthetic/full_synthetic_007900.jpg,1,sid_synthetic,sid_set,heldout
data/sid_set/sid_synthetic/full_synthetic_004136.jpg,1,sid_synthetic,sid_set,heldout
data/sid_set/sid_synthetic/full_synthetic_009788.jpg,1,sid_synthetic,sid_set,heldout
data/sid_set/sid_synthetic/full_synthetic_007372.jpg,1,sid_synthetic,sid_set,heldout
data/sid_set/real/53e3bfb312aadd28.jpg,0,real,sid_set,heldout
data/sid_set/real/9a0b806127ca17da.jpg,0,real,sid_set,heldout
data/sid_set/real/9f68bc1b3460434c.jpg,0,real,sid_set,heldout
data/sid_set/sid_synthetic/full_synthetic_002529.jpg,1,sid_synthetic,sid_set,heldout
data/sid_set/real/3a41847f5d3faffd.jpg,0,real,sid_set,heldout
data/sid_set/real/abdb6514db462010.jpg,0,real,sid_set,heldout
data/sid_set/sid_synthetic/full_synthetic_002419.jpg,1,sid_synthetic,sid_set,heldout
data/sid_set/real/86c49ded982a92a3.jpg,0,real,sid_set,heldout
data/sid_set/sid_synthetic/full_synthetic_003363.jpg,1,sid_synthetic,sid_set,heldout
data/sid_set/real/d2f40e61a5c5e41b.jpg,0,real,sid_set,heldout
data/sid_set/sid_synthetic/full_synthetic_001076.jpg,1,sid_synthetic,sid_set,heldout
data/sid_set/sid_synthetic/full_synthetic_003397.jpg,1,sid_synthetic,sid_set,heldout
data/sid_set/real/d23bf2b28808392c.jpg,0,real,sid_set,heldout
data/sid_set/real/db4150dc7cee3dfa.jpg,0,real,sid_set,heldout
data/sid_set/real/9c1410ae09753801.jpg,0,real,sid_set,heldout
data/sid_set/sid_synthetic/full_synthetic_007890.jpg,1,sid_synthetic,sid_set,heldout
data/sid_set/real/157009a166a0b254.jpg,0,real,sid_set,heldout
data/sid_set/sid_synthetic/full_synthetic_006639.jpg,1,sid_synthetic,sid_set,heldout
data/sid_set/real/083fa30f1e52b645.jpg,0,real,sid_set,heldout
data/sid_set/sid_synthetic/full_synthetic_001661.jpg,1,sid_synthetic,sid_set,heldout
data/sid_set/sid_synthetic/full_synthetic_009703.jpg,1,sid_synthetic,sid_set,heldout
data/sid_set/sid_synthetic/full_synthetic_003161.jpg,1,sid_synthetic,sid_set,heldout
data/sid_set/real/6bb08d69768fb54c.jpg,0,real,sid_set,heldout
data/sid_set/real/33088ec4ce6d47ae.jpg,0,real,sid_set,heldout
data/sid_set/sid_synthetic/full_synthetic_004012.jpg,1,sid_synthetic,sid_set,heldout
data/sid_set/sid_synthetic/full_synthetic_006729.jpg,1,sid_synthetic,sid_set,heldout
data/sid_set/real/25a6b6a0827ff46b.jpg,0,real,sid_set,heldout
data/sid_set/sid_synthetic/full_synthetic_007531.jpg,1,sid_synthetic,sid_set,heldout
data/sid_set/real/ab64e828b7787162.jpg,0,real,sid_set,heldout
data/sid_set/real/32158cf7db7fee1b.jpg,0,real,sid_set,heldout
data/sid_set/real/bc53011b97c1ce37.jpg,0,real,sid_set,heldout
data/sid_set/sid_synthetic/full_synthetic_004633.jpg,1,sid_synthetic,sid_set,heldout
data/sid_set/real/e420e0681f183bc4.jpg,0,real,sid_set,heldout
data/sid_set/real/9edc6ac2b50a1a3e.jpg,0,real,sid_set,heldout
data/sid_set/real/6f8de4536f72115e.jpg,0,real,sid_set,heldout
data/sid_set/real/bd71f0b21e0b038e.jpg,0,real,sid_set,heldout
data/sid_set/sid_synthetic/full_synthetic_000481.jpg,1,sid_synthetic,sid_set,heldout
data/sid_set/sid_synthetic/full_synthetic_001883.jpg,1,sid_synthetic,sid_set,heldout
data/sid_set/real/2696f51a2d3ee59e.jpg,0,real,sid_set,heldout
data/sid_set/sid_synthetic/full_synthetic_003341.jpg,1,sid_synthetic,sid_set,heldout
data/sid_set/real/ce4b7d66d9c77d3a.jpg,0,real,sid_set,heldout
data/sid_set/sid_synthetic/full_synthetic_003589.jpg,1,sid_synthetic,sid_set,heldout
data/sid_set/sid_synthetic/full_synthetic_009730.jpg,1,sid_synthetic,sid_set,heldout
data/sid_set/real/41e440b81fd0374a.jpg,0,real,sid_set,heldout
data/sid_set/sid_synthetic/full_synthetic_005740.jpg,1,sid_synthetic,sid_set,heldout
data/sid_set/real/be3d191fef7a0947.jpg,0,real,sid_set,heldout
data/sid_set/real/1d3eeaacce77e1f7.jpg,0,real,sid_set,heldout
data/sid_set/sid_synthetic/full_synthetic_006539.jpg,1,sid_synthetic,sid_set,heldout
data/sid_set/sid_synthetic/full_synthetic_007169.jpg,1,sid_synthetic,sid_set,heldout
data/sid_set/sid_synthetic/full_synthetic_009996.jpg,1,sid_synthetic,sid_set,heldout
data/sid_set/sid_synthetic/full_synthetic_004466.jpg,1,sid_synthetic,sid_set,heldout
data/sid_set/sid_synthetic/full_synthetic_003534.jpg,1,sid_synthetic,sid_set,heldout
data/sid_set/sid_synthetic/full_synthetic_002965.jpg,1,sid_synthetic,sid_set,heldout
data/sid_set/sid_synthetic/full_synthetic_008644.jpg,1,sid_synthetic,sid_set,heldout
data/sid_set/sid_synthetic/full_synthetic_009197.jpg,1,sid_synthetic,sid_set,heldout
data/sid_set/sid_synthetic/full_synthetic_005109.jpg,1,sid_synthetic,sid_set,heldout
data/sid_set/sid_synthetic/full_synthetic_000703.jpg,1,sid_synthetic,sid_set,heldout
data/sid_set/sid_synthetic/full_synthetic_003670.jpg,1,sid_synthetic,sid_set,heldout
data/sid_set/sid_synthetic/full_synthetic_001144.jpg,1,sid_synthetic,sid_set,heldout
data/sid_set/sid_synthetic/full_synthetic_005913.jpg,1,sid_synthetic,sid_set,heldout
data/sid_set/sid_synthetic/full_synthetic_007155.jpg,1,sid_synthetic,sid_set,heldout
data/sid_set/sid_synthetic/full_synthetic_005394.jpg,1,sid_synthetic,sid_set,heldout
data/sid_set/sid_synthetic/full_synthetic_007387.jpg,1,sid_synthetic,sid_set,heldout
data/sid_set/sid_synthetic/full_synthetic_002583.jpg,1,sid_synthetic,sid_set,heldout
data/sid_set/sid_synthetic/full_synthetic_008948.jpg,1,sid_synthetic,sid_set,heldout
data/sid_set/sid_synthetic/full_synthetic_009149.jpg,1,sid_synthetic,sid_set,heldout
data/sid_set/sid_synthetic/full_synthetic_005787.jpg,1,sid_synthetic,sid_set,heldout
data/sid_set/sid_synthetic/full_synthetic_001070.jpg,1,sid_synthetic,sid_set,heldout
