path,label,generator,split
data/CIFake/train/REAL/4651 (7).jpg,0,real,val
data/CIFake/train/REAL/1578 (4).jpg,0,real,val
data/CIFake/train/REAL/2289 (7).jpg,0,real,val
data/CIFake/train/REAL/0764 (7).jpg,0,real,val
data/CIFake/train/REAL/4160 (2).jpg,0,real,val
data/CIFake/train/REAL/3015 (3).jpg,0,real,val
data/CIFake/train/REAL/1880 (4).jpg,0,real,val
data/CIFake/train/REAL/0050 (7).jpg,0,real,val
data/CIFake/train/REAL/4059 (2).jpg,0,real,val
data/CIFake/train/REAL/2000 (10).jpg,0,real,val
data/CIFake/train/REAL/2674 (7).jpg,0,real,val
data/CIFake/train/REAL/2708 (3).jpg,0,real,val
data/CIFake/train/REAL/4521 (2).jpg,0,real,val
data/CIFake/train/REAL/3160 (10).jpg,0,real,val
data/CIFake/train/REAL/3514 (7).jpg,0,real,val
data/CIFake/train/REAL/0873 (9).jpg,0,real,val
data/CIFake/train/REAL/3369 (6).jpg,0,real,val
data/CIFake/train/REAL/4942 (5).jpg,0,real,val
data/CIFake/train/REAL/2038 (5).jpg,0,real,val
data/CIFake/train/REAL/4841 (8).jpg,0,real,val
data/CIFake/train/REAL/3182 (7).jpg,0,real,val
data/CIFake/train/REAL/1382 (7).jpg,0,real,val
data/CIFake/train/REAL/3537 (5).jpg,0,real,val
data/CIFake/train/REAL/4524 (10).jpg,0,real,val
data/CIFake/train/REAL/3880 (4).jpg,0,real,val
data/CIFake/train/REAL/1891 (5).jpg,0,real,val
data/CIFake/train/REAL/4716.jpg,0,real,val
data/CIFake/train/REAL/2079 (5).jpg,0,real,val
data/CIFake/train/REAL/0331 (6).jpg,0,real,val
data/CIFake/train/REAL/0597.jpg,0,real,val
data/CIFake/train/REAL/1001 (7).jpg,0,real,val
data/CIFake/train/REAL/1647 (7).jpg,0,real,val
data/CIFake/train/REAL/3295 (5).jpg,0,real,val
data/CIFake/train/REAL/4926 (9).jpg,0,real,val
data/CIFake/train/REAL/1711 (9).jpg,0,real,val
data/CIFake/train/REAL/0498 (10).jpg,0,real,val
data/CIFake/train/REAL/3726 (6).jpg,0,real,val
data/CIFake/train/REAL/0359 (10).jpg,0,real,val
data/CIFake/train/REAL/1624 (7).jpg,0,real,val
data/CIFake/train/REAL/3996 (5).jpg,0,real,val
data/CIFake/train/REAL/3571 (4).jpg,0,real,val
data/CIFake/train/REAL/4036 (5).jpg,0,real,val
data/CIFake/train/REAL/2317 (9).jpg,0,real,val
data/CIFake/train/REAL/3357 (8).jpg,0,real,val
data/CIFake/train/REAL/4295 (5).jpg,0,real,val
data/CIFake/train/REAL/1829 (3).jpg,0,real,val
data/CIFake/train/REAL/0061 (6).jpg,0,real,val
data/CIFake/train/REAL/1721.jpg,0,real,val
data/CIFake/train/REAL/4233 (8).jpg,0,real,val
data/CIFake/train/REAL/1735.jpg,0,real,val
data/CIFake/train/REAL/2287 (3).jpg,0,real,val
data/CIFake/train/REAL/4412.jpg,0,real,val
data/CIFake/train/REAL/3642 (5).jpg,0,real,val
data/CIFake/train/REAL/1539 (3).jpg,0,real,val
data/CIFake/train/REAL/2055 (3).jpg,0,real,val
data/CIFake/train/REAL/3974 (2).jpg,0,real,val
data/CIFake/train/REAL/3514 (3).jpg,0,real,val
data/CIFake/train/REAL/3638 (5).jpg,0,real,val
data/CIFake/train/REAL/2697 (8).jpg,0,real,val
data/CIFake/train/REAL/3079 (7).jpg,0,real,val
data/CIFake/train/REAL/2373 (7).jpg,0,real,val
data/CIFake/train/REAL/4184 (8).jpg,0,real,val
data/CIFake/train/REAL/1303 (6).jpg,0,real,val
data/CIFake/train/REAL/4070 (9).jpg,0,real,val
data/CIFake/train/REAL/4563 (7).jpg,0,real,val
data/CIFake/train/REAL/2024.jpg,0,real,val
data/CIFake/train/REAL/2650 (5).jpg,0,real,val
data/CIFake/train/REAL/1642 (7).jpg,0,real,val
data/CIFake/train/REAL/2807 (5).jpg,0,real,val
data/CIFake/train/REAL/4982 (2).jpg,0,real,val
data/CIFake/train/REAL/1524 (8).jpg,0,real,val
data/CIFake/train/REAL/0522.jpg,0,real,val
data/CIFake/train/REAL/1258 (4).jpg,0,real,val
data/CIFake/train/REAL/1394 (3).jpg,0,real,val
data/CIFake/train/REAL/3773 (6).jpg,0,real,val
data/CIFake/train/REAL/2492 (9).jpg,0,real,val
data/CIFake/train/REAL/2937 (2).jpg,0,real,val
data/CIFake/train/REAL/4071.jpg,0,real,val
data/CIFake/train/REAL/3327 (2).jpg,0,real,val
data/CIFake/train/REAL/4449 (3).jpg,0,real,val
data/CIFake/train/REAL/3130 (9).jpg,0,real,val
data/CIFake/train/REAL/4136 (4).jpg,0,real,val
data/CIFake/train/REAL/4649 (8).jpg,0,real,val
data/CIFake/train/REAL/4854 (10).jpg,0,real,val
data/CIFake/train/REAL/1112 (10).jpg,0,real,val
data/CIFake/train/REAL/1229 (4).jpg,0,real,val
data/CIFake/train/REAL/1626 (4).jpg,0,real,val
data/CIFake/train/REAL/3511 (9).jpg,0,real,val
data/CIFake/train/REAL/4509.jpg,0,real,val
data/CIFake/train/REAL/4979.jpg,0,real,val
data/CIFake/train/REAL/2888.jpg,0,real,val
data/CIFake/train/REAL/4335 (4).jpg,0,real,val
data/CIFake/train/REAL/2328 (4).jpg,0,real,val
data/CIFake/train/REAL/2152 (8).jpg,0,real,val
data/CIFake/train/REAL/4379 (10).jpg,0,real,val
data/CIFake/train/REAL/2219 (9).jpg,0,real,val
data/CIFake/train/REAL/1126 (4).jpg,0,real,val
data/CIFake/train/REAL/2507 (10).jpg,0,real,val
data/CIFake/train/REAL/4898.jpg,0,real,val
data/CIFake/train/REAL/2898 (2).jpg,0,real,val
data/CIFake/train/REAL/0343 (5).jpg,0,real,val
data/CIFake/train/REAL/3617 (10).jpg,0,real,val
data/CIFake/train/REAL/2769 (7).jpg,0,real,val
data/CIFake/train/REAL/2067 (4).jpg,0,real,val
data/CIFake/train/REAL/3476 (6).jpg,0,real,val
data/CIFake/train/REAL/0867 (2).jpg,0,real,val
data/CIFake/train/REAL/2954 (4).jpg,0,real,val
data/CIFake/train/REAL/3528 (8).jpg,0,real,val
data/CIFake/train/REAL/4021 (2).jpg,0,real,val
data/CIFake/train/REAL/0493 (9).jpg,0,real,val
data/CIFake/train/REAL/2384 (9).jpg,0,real,val
data/CIFake/train/REAL/3956 (6).jpg,0,real,val
data/CIFake/train/REAL/2862 (10).jpg,0,real,val
data/CIFake/train/REAL/0648.jpg,0,real,val
data/CIFake/train/REAL/2972 (10).jpg,0,real,val
data/CIFake/train/REAL/3704 (3).jpg,0,real,val
data/CIFake/train/REAL/3831 (2).jpg,0,real,val
data/CIFake/train/REAL/2519 (8).jpg,0,real,val
data/CIFake/train/REAL/4908 (8).jpg,0,real,val
data/CIFake/train/REAL/2124 (4).jpg,0,real,val
data/CIFake/train/REAL/4519 (5).jpg,0,real,val
data/CIFake/train/REAL/0851.jpg,0,real,val
data/CIFake/train/REAL/3934 (9).jpg,0,real,val
data/CIFake/train/REAL/4901.jpg,0,real,val
data/CIFake/train/REAL/2513 (9).jpg,0,real,val
data/CIFake/train/REAL/0752 (2).jpg,0,real,val
data/CIFake/train/REAL/4890.jpg,0,real,val
data/CIFake/train/REAL/3855 (6).jpg,0,real,val
data/CIFake/train/REAL/1141.jpg,0,real,val
data/CIFake/train/REAL/2524 (5).jpg,0,real,val
data/CIFake/train/REAL/2350 (7).jpg,0,real,val
data/CIFake/train/REAL/2021 (3).jpg,0,real,val
data/CIFake/train/REAL/2428 (4).jpg,0,real,val
data/CIFake/train/REAL/0783 (6).jpg,0,real,val
data/CIFake/train/REAL/0372 (9).jpg,0,real,val
data/CIFake/train/REAL/1716 (8).jpg,0,real,val
data/CIFake/train/REAL/3478.jpg,0,real,val
data/CIFake/train/REAL/0480 (2).jpg,0,real,val
data/CIFake/train/REAL/3632 (8).jpg,0,real,val
data/CIFake/train/REAL/2015.jpg,0,real,val
data/CIFake/train/REAL/1932 (7).jpg,0,real,val
data/CIFake/train/REAL/1101 (9).jpg,0,real,val
data/CIFake/train/REAL/0357 (4).jpg,0,real,val
data/CIFake/train/REAL/0841 (5).jpg,0,real,val
data/CIFake/train/REAL/0759 (8).jpg,0,real,val
data/CIFake/train/REAL/4902.jpg,0,real,val
data/CIFake/train/REAL/0472 (4).jpg,0,real,val
data/CIFake/train/REAL/4817 (3).jpg,0,real,val
data/CIFake/train/REAL/1191 (8).jpg,0,real,val
data/CIFake/train/REAL/0269 (2).jpg,0,real,val
data/CIFake/train/REAL/0795 (4).jpg,0,real,val
data/CIFake/train/REAL/2817 (4).jpg,0,real,val
data/CIFake/train/REAL/2816 (7).jpg,0,real,val
data/CIFake/train/REAL/1574.jpg,0,real,val
data/CIFake/train/REAL/2112 (4).jpg,0,real,val
data/CIFake/train/REAL/2161 (5).jpg,0,real,val
data/CIFake/train/REAL/0525 (10).jpg,0,real,val
data/CIFake/train/REAL/0830 (8).jpg,0,real,val
data/CIFake/train/REAL/1305 (10).jpg,0,real,val
data/CIFake/train/REAL/2175 (8).jpg,0,real,val
data/CIFake/train/REAL/3905 (3).jpg,0,real,val
data/CIFake/train/REAL/2118 (2).jpg,0,real,val
data/CIFake/train/REAL/1548 (5).jpg,0,real,val
data/CIFake/train/REAL/0857 (4).jpg,0,real,val
data/CIFake/train/REAL/1265 (7).jpg,0,real,val
data/CIFake/train/REAL/4949 (7).jpg,0,real,val
data/CIFake/train/REAL/4997 (9).jpg,0,real,val
data/CIFake/train/REAL/2075 (3).jpg,0,real,val
data/CIFake/train/REAL/3776 (3).jpg,0,real,val
data/CIFake/train/REAL/4766 (10).jpg,0,real,val
data/CIFake/train/REAL/3990 (4).jpg,0,real,val
data/CIFake/train/REAL/2726 (3).jpg,0,real,val
data/CIFake/train/REAL/1246 (6).jpg,0,real,val
data/CIFake/train/REAL/3001 (9).jpg,0,real,val
data/CIFake/train/REAL/0218 (7).jpg,0,real,val
data/CIFake/train/REAL/1444 (7).jpg,0,real,val
data/CIFake/train/REAL/3345 (6).jpg,0,real,val
data/CIFake/train/REAL/2599 (6).jpg,0,real,val
data/CIFake/train/REAL/1637 (2).jpg,0,real,val
data/CIFake/train/REAL/3010 (9).jpg,0,real,val
data/CIFake/train/REAL/0801 (10).jpg,0,real,val
data/CIFake/train/REAL/4091 (6).jpg,0,real,val
data/CIFake/train/REAL/2121 (9).jpg,0,real,val
data/CIFake/train/REAL/4708 (2).jpg,0,real,val
data/CIFake/train/REAL/1137 (10).jpg,0,real,val
data/CIFake/train/REAL/3330 (9).jpg,0,real,val
data/CIFake/train/REAL/1592 (6).jpg,0,real,val
data/CIFake/train/REAL/4584 (10).jpg,0,real,val
data/CIFake/train/REAL/0534 (7).jpg,0,real,val
data/CIFake/train/REAL/0827 (3).jpg,0,real,val
data/CIFake/train/REAL/0036 (4).jpg,0,real,val
data/CIFake/train/REAL/3978 (6).jpg,0,real,val
data/CIFake/train/REAL/2247 (2).jpg,0,real,val
data/CIFake/train/REAL/3385 (8).jpg,0,real,val
data/CIFake/train/REAL/0308 (8).jpg,0,real,val
data/CIFake/train/REAL/3661 (7).jpg,0,real,val
data/CIFake/train/REAL/1019 (7).jpg,0,real,val
data/CIFake/train/REAL/4972.jpg,0,real,val
data/CIFake/train/REAL/2786 (3).jpg,0,real,val
data/CIFake/train/REAL/0965 (7).jpg,0,real,val
data/CIFake/train/REAL/4504 (9).jpg,0,real,train
data/CIFake/train/REAL/4084 (6).jpg,0,real,train
data/CIFake/train/REAL/3332 (5).jpg,0,real,train
data/CIFake/train/REAL/4513 (4).jpg,0,real,train
data/CIFake/train/REAL/0042 (6).jpg,0,real,train
data/CIFake/train/REAL/0103 (5).jpg,0,real,train
data/CIFake/train/REAL/1400 (6).jpg,0,real,train
data/CIFake/train/REAL/1938 (6).jpg,0,real,train
data/CIFake/train/REAL/3863.jpg,0,real,train
data/CIFake/train/REAL/2663 (6).jpg,0,real,train
data/CIFake/train/REAL/1011 (7).jpg,0,real,train
data/CIFake/train/REAL/2496 (3).jpg,0,real,train
data/CIFake/train/REAL/3945 (4).jpg,0,real,train
data/CIFake/train/REAL/3979 (7).jpg,0,real,train
data/CIFake/train/REAL/2418 (5).jpg,0,real,train
data/CIFake/train/REAL/4343 (6).jpg,0,real,train
data/CIFake/train/REAL/2638 (7).jpg,0,real,train
data/CIFake/train/REAL/4707 (8).jpg,0,real,train
data/CIFake/train/REAL/4049 (10).jpg,0,real,train
data/CIFake/train/REAL/4134 (6).jpg,0,real,train
data/CIFake/train/REAL/3288 (6).jpg,0,real,train
data/CIFake/train/REAL/1472 (3).jpg,0,real,train
data/CIFake/train/REAL/3579 (2).jpg,0,real,train
data/CIFake/train/REAL/1733 (2).jpg,0,real,train
data/CIFake/train/REAL/4927 (5).jpg,0,real,train
data/CIFake/train/REAL/2898 (10).jpg,0,real,train
data/CIFake/train/REAL/2170 (3).jpg,0,real,train
data/CIFake/train/REAL/0577 (6).jpg,0,real,train
data/CIFake/train/REAL/2973 (6).jpg,0,real,train
data/CIFake/train/REAL/4339 (4).jpg,0,real,train
data/CIFake/train/REAL/1856 (3).jpg,0,real,train
data/CIFake/train/REAL/3447 (8).jpg,0,real,train
data/CIFake/train/REAL/4944 (3).jpg,0,real,train
data/CIFake/train/REAL/1432 (9).jpg,0,real,train
data/CIFake/train/REAL/1334 (3).jpg,0,real,train
data/CIFake/train/REAL/4937.jpg,0,real,train
data/CIFake/train/REAL/2538.jpg,0,real,train
data/CIFake/train/REAL/2389 (8).jpg,0,real,train
data/CIFake/train/REAL/4746 (3).jpg,0,real,train
data/CIFake/train/REAL/1633 (2).jpg,0,real,train
data/CIFake/train/REAL/1752 (8).jpg,0,real,train
data/CIFake/train/REAL/4328 (2).jpg,0,real,train
data/CIFake/train/REAL/1387 (2).jpg,0,real,train
data/CIFake/train/REAL/3534 (9).jpg,0,real,train
data/CIFake/train/REAL/4375 (10).jpg,0,real,train
data/CIFake/train/REAL/1955 (9).jpg,0,real,train
data/CIFake/train/REAL/4225.jpg,0,real,train
data/CIFake/train/REAL/4156 (6).jpg,0,real,train
data/CIFake/train/REAL/3434 (6).jpg,0,real,train
data/CIFake/train/REAL/0795 (8).jpg,0,real,train
data/CIFake/train/REAL/4637 (5).jpg,0,real,train
data/CIFake/train/REAL/0998 (7).jpg,0,real,train
data/CIFake/train/REAL/0236 (2).jpg,0,real,train
data/CIFake/train/REAL/3700 (10).jpg,0,real,train
data/CIFake/train/REAL/3084 (8).jpg,0,real,train
data/CIFake/train/REAL/2871 (3).jpg,0,real,train
data/CIFake/train/REAL/0959 (8).jpg,0,real,train
data/CIFake/train/REAL/4291 (2).jpg,0,real,train
data/CIFake/train/REAL/2895 (3).jpg,0,real,train
data/CIFake/train/REAL/3313 (2).jpg,0,real,train
data/CIFake/train/REAL/1065.jpg,0,real,train
data/CIFake/train/REAL/4526 (10).jpg,0,real,train
data/CIFake/train/REAL/1766 (3).jpg,0,real,train
data/CIFake/train/REAL/2530 (3).jpg,0,real,train
data/CIFake/train/REAL/0331 (5).jpg,0,real,train
data/CIFake/train/REAL/4190 (6).jpg,0,real,train
data/CIFake/train/REAL/0645 (2).jpg,0,real,train
data/CIFake/train/REAL/3239.jpg,0,real,train
data/CIFake/train/REAL/2879 (8).jpg,0,real,train
data/CIFake/train/REAL/1014 (10).jpg,0,real,train
data/CIFake/train/REAL/4826 (6).jpg,0,real,train
data/CIFake/train/REAL/1784 (2).jpg,0,real,train
data/CIFake/train/REAL/2254 (2).jpg,0,real,train
data/CIFake/train/REAL/0532 (10).jpg,0,real,train
data/CIFake/train/REAL/3678 (2).jpg,0,real,train
data/CIFake/train/REAL/1473 (4).jpg,0,real,train
data/CIFake/train/REAL/1396.jpg,0,real,train
data/CIFake/train/REAL/2160 (4).jpg,0,real,train
data/CIFake/train/REAL/0368 (2).jpg,0,real,train
data/CIFake/train/REAL/0338 (3).jpg,0,real,train
data/CIFake/train/REAL/3338 (5).jpg,0,real,train
data/CIFake/train/REAL/3607 (10).jpg,0,real,train
data/CIFake/train/REAL/1559 (4).jpg,0,real,train
data/CIFake/train/REAL/4862 (5).jpg,0,real,train
data/CIFake/train/REAL/2034 (4).jpg,0,real,train
data/CIFake/train/REAL/0743 (6).jpg,0,real,train
data/CIFake/train/REAL/1569 (3).jpg,0,real,train
data/CIFake/train/REAL/0749 (7).jpg,0,real,train
data/CIFake/train/REAL/1635 (4).jpg,0,real,train
data/CIFake/train/REAL/0868 (10).jpg,0,real,train
data/CIFake/train/REAL/4308 (2).jpg,0,real,train
data/CIFake/train/REAL/3846 (6).jpg,0,real,train
data/CIFake/train/REAL/0729 (7).jpg,0,real,train
data/CIFake/train/REAL/2624 (5).jpg,0,real,train
data/CIFake/train/REAL/3634 (7).jpg,0,real,train
data/CIFake/train/REAL/2453 (10).jpg,0,real,train
data/CIFake/train/REAL/4262 (9).jpg,0,real,train
data/CIFake/train/REAL/0769 (9).jpg,0,real,train
data/CIFake/train/REAL/0449 (7).jpg,0,real,train
data/CIFake/train/REAL/4633 (2).jpg,0,real,train
data/CIFake/train/REAL/1853.jpg,0,real,train
data/CIFake/train/REAL/1180 (10).jpg,0,real,train
data/CIFake/train/REAL/4888 (6).jpg,0,real,train
data/CIFake/train/REAL/0555 (3).jpg,0,real,train
data/CIFake/train/REAL/4360 (4).jpg,0,real,train
data/CIFake/train/REAL/3733 (5).jpg,0,real,train
data/CIFake/train/REAL/3679 (3).jpg,0,real,train
data/CIFake/train/REAL/1784 (9).jpg,0,real,train
data/CIFake/train/REAL/0857 (8).jpg,0,real,train
data/CIFake/train/REAL/2378 (9).jpg,0,real,train
data/CIFake/train/REAL/2305 (3).jpg,0,real,train
data/CIFake/train/REAL/0398 (7).jpg,0,real,train
data/CIFake/train/REAL/2509 (9).jpg,0,real,train
data/CIFake/train/REAL/4390.jpg,0,real,train
data/CIFake/train/REAL/4617 (5).jpg,0,real,train
data/CIFake/train/REAL/0439.jpg,0,real,train
data/CIFake/train/REAL/2831 (4).jpg,0,real,train
data/CIFake/train/REAL/0180 (9).jpg,0,real,train
data/CIFake/train/REAL/0938 (9).jpg,0,real,train
data/CIFake/train/REAL/4370 (6).jpg,0,real,train
data/CIFake/train/REAL/0633 (9).jpg,0,real,train
data/CIFake/train/REAL/4149 (6).jpg,0,real,train
data/CIFake/train/REAL/2617 (6).jpg,0,real,train
data/CIFake/train/REAL/3590 (6).jpg,0,real,train
data/CIFake/train/REAL/1048 (5).jpg,0,real,train
data/CIFake/train/REAL/4696 (4).jpg,0,real,train
data/CIFake/train/REAL/3519 (10).jpg,0,real,train
data/CIFake/train/REAL/3825 (2).jpg,0,real,train
data/CIFake/train/REAL/1274 (3).jpg,0,real,train
data/CIFake/train/REAL/2265 (5).jpg,0,real,train
data/CIFake/train/REAL/4814 (5).jpg,0,real,train
data/CIFake/train/REAL/3694 (5).jpg,0,real,train
data/CIFake/train/REAL/2419 (7).jpg,0,real,train
data/CIFake/train/REAL/4772 (5).jpg,0,real,train
data/CIFake/train/REAL/2753 (5).jpg,0,real,train
data/CIFake/train/REAL/0667 (9).jpg,0,real,train
data/CIFake/train/REAL/1626 (6).jpg,0,real,train
data/CIFake/train/REAL/1992 (9).jpg,0,real,train
data/CIFake/train/REAL/3416 (4).jpg,0,real,train
data/CIFake/train/REAL/2095 (3).jpg,0,real,train
data/CIFake/train/REAL/4645 (5).jpg,0,real,train
data/CIFake/train/REAL/2108 (9).jpg,0,real,train
data/CIFake/train/REAL/2802 (9).jpg,0,real,train
data/CIFake/train/REAL/2973 (5).jpg,0,real,train
data/CIFake/train/REAL/0678 (4).jpg,0,real,train
data/CIFake/train/REAL/2484 (5).jpg,0,real,train
data/CIFake/train/REAL/3174 (2).jpg,0,real,train
data/CIFake/train/REAL/4505 (6).jpg,0,real,train
data/CIFake/train/REAL/2264 (7).jpg,0,real,train
data/CIFake/train/REAL/0135.jpg,0,real,train
data/CIFake/train/REAL/4857 (8).jpg,0,real,train
data/CIFake/train/REAL/2857 (8).jpg,0,real,train
data/CIFake/train/REAL/4260 (8).jpg,0,real,train
data/CIFake/train/REAL/1338 (7).jpg,0,real,train
data/CIFake/train/REAL/0604 (9).jpg,0,real,train
data/CIFake/train/REAL/1053.jpg,0,real,train
data/CIFake/train/REAL/3024 (2).jpg,0,real,train
data/CIFake/train/REAL/4880 (5).jpg,0,real,train
data/CIFake/train/REAL/4164 (2).jpg,0,real,train
data/CIFake/train/REAL/2611 (4).jpg,0,real,train
data/CIFake/train/REAL/4271 (9).jpg,0,real,train
data/CIFake/train/REAL/1147 (4).jpg,0,real,train
data/CIFake/train/REAL/3311 (9).jpg,0,real,train
data/CIFake/train/REAL/0852 (8).jpg,0,real,train
data/CIFake/train/REAL/2112 (3).jpg,0,real,train
data/CIFake/train/REAL/2824.jpg,0,real,train
data/CIFake/train/REAL/1208 (3).jpg,0,real,train
data/CIFake/train/REAL/3117 (10).jpg,0,real,train
data/CIFake/train/REAL/2036 (6).jpg,0,real,train
data/CIFake/train/REAL/0967.jpg,0,real,train
data/CIFake/train/REAL/3821 (8).jpg,0,real,train
data/CIFake/train/REAL/0610.jpg,0,real,train
data/CIFake/train/REAL/3762 (2).jpg,0,real,train
data/CIFake/train/REAL/0100 (6).jpg,0,real,train
data/CIFake/train/REAL/2185 (7).jpg,0,real,train
data/CIFake/train/REAL/4809 (10).jpg,0,real,train
data/CIFake/train/REAL/2676 (5).jpg,0,real,train
data/CIFake/train/REAL/3308 (2).jpg,0,real,train
data/CIFake/train/REAL/0247 (4).jpg,0,real,train
data/CIFake/train/REAL/3836 (3).jpg,0,real,train
data/CIFake/train/REAL/3882 (9).jpg,0,real,train
data/CIFake/train/REAL/0967 (2).jpg,0,real,train
data/CIFake/train/REAL/1754 (7).jpg,0,real,train
data/CIFake/train/REAL/1538 (8).jpg,0,real,train
data/CIFake/train/REAL/2788 (6).jpg,0,real,train
data/CIFake/train/REAL/1018.jpg,0,real,train
data/CIFake/train/REAL/4372 (2).jpg,0,real,train
data/CIFake/train/REAL/3213 (10).jpg,0,real,train
data/CIFake/train/REAL/0457 (6).jpg,0,real,train
data/CIFake/train/REAL/4517 (9).jpg,0,real,train
data/CIFake/train/REAL/4394 (10).jpg,0,real,train
data/CIFake/train/REAL/3239 (5).jpg,0,real,train
data/CIFake/train/REAL/0800 (6).jpg,0,real,train
data/CIFake/train/REAL/2973 (7).jpg,0,real,train
data/CIFake/train/REAL/0385 (9).jpg,0,real,train
data/CIFake/train/REAL/2552 (5).jpg,0,real,train
data/CIFake/train/REAL/1526.jpg,0,real,train
data/CIFake/train/REAL/1246 (10).jpg,0,real,train
data/CIFake/train/REAL/2061 (3).jpg,0,real,train
data/CIFake/train/REAL/1912 (8).jpg,0,real,train
data/CIFake/train/REAL/4243 (8).jpg,0,real,train
data/CIFake/train/REAL/1639 (10).jpg,0,real,train
data/CIFake/train/REAL/1802 (5).jpg,0,real,train
data/CIFake/train/REAL/1939 (10).jpg,0,real,train
data/CIFake/train/REAL/1139 (2).jpg,0,real,train
data/CIFake/train/REAL/0053 (10).jpg,0,real,train
data/CIFake/train/REAL/0162 (5).jpg,0,real,train
data/CIFake/train/REAL/4734 (7).jpg,0,real,train
data/CIFake/train/REAL/2856 (7).jpg,0,real,train
data/CIFake/train/REAL/2047 (7).jpg,0,real,train
data/CIFake/train/REAL/2649 (8).jpg,0,real,train
data/CIFake/train/REAL/1960 (6).jpg,0,real,train
data/CIFake/train/REAL/4446 (6).jpg,0,real,train
data/CIFake/train/REAL/0707 (6).jpg,0,real,train
data/CIFake/train/REAL/2107 (2).jpg,0,real,train
data/CIFake/train/REAL/2772 (3).jpg,0,real,train
data/CIFake/train/REAL/1846 (6).jpg,0,real,train
data/CIFake/train/REAL/4921 (6).jpg,0,real,train
data/CIFake/train/REAL/0014 (2).jpg,0,real,train
data/CIFake/train/REAL/3792 (5).jpg,0,real,train
data/CIFake/train/REAL/4107 (8).jpg,0,real,train
data/CIFake/train/REAL/1654 (2).jpg,0,real,train
data/CIFake/train/REAL/3076 (9).jpg,0,real,train
data/CIFake/train/REAL/1994 (7).jpg,0,real,train
data/CIFake/train/REAL/2844 (10).jpg,0,real,train
data/CIFake/train/REAL/3201.jpg,0,real,train
data/CIFake/train/REAL/4110 (6).jpg,0,real,train
data/CIFake/train/REAL/3675.jpg,0,real,train
data/CIFake/train/REAL/4761 (9).jpg,0,real,train
data/CIFake/train/REAL/1896 (6).jpg,0,real,train
data/CIFake/train/REAL/0372 (8).jpg,0,real,train
data/CIFake/train/REAL/3850 (8).jpg,0,real,train
data/CIFake/train/REAL/3438 (3).jpg,0,real,train
data/CIFake/train/REAL/3222 (8).jpg,0,real,train
data/CIFake/train/REAL/2365 (10).jpg,0,real,train
data/CIFake/train/REAL/2431 (5).jpg,0,real,train
data/CIFake/train/REAL/2498 (5).jpg,0,real,train
data/CIFake/train/REAL/3022 (2).jpg,0,real,train
data/CIFake/train/REAL/0011 (10).jpg,0,real,train
data/CIFake/train/REAL/3627 (3).jpg,0,real,train
data/CIFake/train/REAL/3893 (4).jpg,0,real,train
data/CIFake/train/REAL/3787 (5).jpg,0,real,train
data/CIFake/train/REAL/0755.jpg,0,real,train
data/CIFake/train/REAL/3847 (8).jpg,0,real,train
data/CIFake/train/REAL/0973 (9).jpg,0,real,train
data/CIFake/train/REAL/0445 (4).jpg,0,real,train
data/CIFake/train/REAL/3553 (4).jpg,0,real,train
data/CIFake/train/REAL/3466 (5).jpg,0,real,train
data/CIFake/train/REAL/4479 (7).jpg,0,real,train
data/CIFake/train/REAL/1089.jpg,0,real,train
data/CIFake/train/REAL/1604 (7).jpg,0,real,train
data/CIFake/train/REAL/1380 (4).jpg,0,real,train
data/CIFake/train/REAL/4993 (6).jpg,0,real,train
data/CIFake/train/REAL/1469 (7).jpg,0,real,train
data/CIFake/train/REAL/3621 (10).jpg,0,real,train
data/CIFake/train/REAL/2764 (9).jpg,0,real,train
data/CIFake/train/REAL/1035 (4).jpg,0,real,train
data/CIFake/train/REAL/0096 (8).jpg,0,real,train
data/CIFake/train/REAL/3819 (10).jpg,0,real,train
data/CIFake/train/REAL/2593.jpg,0,real,train
data/CIFake/train/REAL/0075 (3).jpg,0,real,train
data/CIFake/train/REAL/1770 (10).jpg,0,real,train
data/CIFake/train/REAL/1249 (2).jpg,0,real,train
data/CIFake/train/REAL/3773 (3).jpg,0,real,train
data/CIFake/train/REAL/1791.jpg,0,real,train
data/CIFake/train/REAL/4821 (8).jpg,0,real,train
data/CIFake/train/REAL/0284 (2).jpg,0,real,train
data/CIFake/train/REAL/2407 (4).jpg,0,real,train
data/CIFake/train/REAL/2447 (3).jpg,0,real,train
data/CIFake/train/REAL/3419 (4).jpg,0,real,train
data/CIFake/train/REAL/4799 (6).jpg,0,real,train
data/CIFake/train/REAL/0988 (7).jpg,0,real,train
data/CIFake/train/REAL/1908 (8).jpg,0,real,train
data/CIFake/train/REAL/4444 (8).jpg,0,real,train
data/CIFake/train/REAL/1500 (3).jpg,0,real,train
data/CIFake/train/REAL/0636 (8).jpg,0,real,train
data/CIFake/train/REAL/0298 (3).jpg,0,real,train
data/CIFake/train/REAL/4172 (2).jpg,0,real,train
data/CIFake/train/REAL/1469 (5).jpg,0,real,train
data/CIFake/train/REAL/1478 (6).jpg,0,real,train
data/CIFake/train/REAL/1236 (4).jpg,0,real,train
data/CIFake/train/REAL/2808.jpg,0,real,train
data/CIFake/train/REAL/3047 (4).jpg,0,real,train
data/CIFake/train/REAL/2261 (9).jpg,0,real,train
data/CIFake/train/REAL/2941.jpg,0,real,train
data/CIFake/train/REAL/3490 (4).jpg,0,real,train
data/CIFake/train/REAL/1991 (3).jpg,0,real,train
data/CIFake/train/REAL/0163.jpg,0,real,train
data/CIFake/train/REAL/0127 (7).jpg,0,real,train
data/CIFake/train/REAL/0894 (7).jpg,0,real,train
data/CIFake/train/REAL/3031 (9).jpg,0,real,train
data/CIFake/train/REAL/3688 (7).jpg,0,real,train
data/CIFake/train/REAL/4194 (4).jpg,0,real,train
data/CIFake/train/REAL/4099 (4).jpg,0,real,train
data/CIFake/train/REAL/2568 (8).jpg,0,real,train
data/CIFake/train/REAL/3426 (2).jpg,0,real,train
data/CIFake/train/REAL/3869 (9).jpg,0,real,train
data/CIFake/train/REAL/0502 (9).jpg,0,real,train
data/CIFake/train/REAL/3458 (2).jpg,0,real,train
data/CIFake/train/REAL/3545 (7).jpg,0,real,train
data/CIFake/train/REAL/1497 (5).jpg,0,real,train
data/CIFake/train/REAL/3902 (4).jpg,0,real,train
data/CIFake/train/REAL/0714 (7).jpg,0,real,train
data/CIFake/train/REAL/0559 (5).jpg,0,real,train
data/CIFake/train/REAL/0516 (2).jpg,0,real,train
data/CIFake/train/REAL/4999 (6).jpg,0,real,train
data/CIFake/train/REAL/4842 (6).jpg,0,real,train
data/CIFake/train/REAL/2236 (3).jpg,0,real,train
data/CIFake/train/REAL/2626 (10).jpg,0,real,train
data/CIFake/train/REAL/3603 (2).jpg,0,real,train
data/CIFake/train/REAL/3978 (5).jpg,0,real,train
data/CIFake/train/REAL/1863 (5).jpg,0,real,train
data/CIFake/train/REAL/1188 (9).jpg,0,real,train
data/CIFake/train/REAL/1726 (2).jpg,0,real,train
data/CIFake/train/REAL/0133 (6).jpg,0,real,train
data/CIFake/train/REAL/4200 (7).jpg,0,real,train
data/CIFake/train/REAL/2130 (10).jpg,0,real,train
data/CIFake/train/REAL/3804.jpg,0,real,train
data/CIFake/train/REAL/1334 (10).jpg,0,real,train
data/CIFake/train/REAL/3762 (5).jpg,0,real,train
data/CIFake/train/REAL/2386.jpg,0,real,train
data/CIFake/train/REAL/4917 (10).jpg,0,real,train
data/CIFake/train/REAL/1888 (2).jpg,0,real,train
data/CIFake/train/REAL/4494 (5).jpg,0,real,train
data/CIFake/train/REAL/3575 (6).jpg,0,real,train
data/CIFake/train/REAL/2227 (10).jpg,0,real,train
data/CIFake/train/REAL/2294 (6).jpg,0,real,train
data/CIFake/train/REAL/3045 (6).jpg,0,real,train
data/CIFake/train/REAL/0517 (6).jpg,0,real,train
data/CIFake/train/REAL/1384 (4).jpg,0,real,train
data/CIFake/train/REAL/0453 (6).jpg,0,real,train
data/CIFake/train/REAL/0500 (6).jpg,0,real,train
data/CIFake/train/REAL/3124 (7).jpg,0,real,train
data/CIFake/train/REAL/3154 (7).jpg,0,real,train
data/CIFake/train/REAL/2110.jpg,0,real,train
data/CIFake/train/REAL/0718 (6).jpg,0,real,train
data/CIFake/train/REAL/3776 (5).jpg,0,real,train
data/CIFake/train/REAL/2671 (3).jpg,0,real,train
data/CIFake/train/REAL/0756 (5).jpg,0,real,train
data/CIFake/train/REAL/1980 (5).jpg,0,real,train
data/CIFake/train/REAL/3964.jpg,0,real,train
data/CIFake/train/REAL/1976 (5).jpg,0,real,train
data/CIFake/train/REAL/1303 (2).jpg,0,real,train
data/CIFake/train/REAL/2819 (4).jpg,0,real,train
data/CIFake/train/REAL/0744 (9).jpg,0,real,train
data/CIFake/train/REAL/2746 (10).jpg,0,real,train
data/CIFake/train/REAL/4894 (10).jpg,0,real,train
data/CIFake/train/REAL/3523 (5).jpg,0,real,train
data/CIFake/train/REAL/2593 (7).jpg,0,real,train
data/CIFake/train/REAL/1087 (4).jpg,0,real,train
data/CIFake/train/REAL/0515 (5).jpg,0,real,train
data/CIFake/train/REAL/1170 (3).jpg,0,real,train
data/CIFake/train/REAL/4204 (10).jpg,0,real,train
data/CIFake/train/REAL/0673 (8).jpg,0,real,train
data/CIFake/train/REAL/2347 (8).jpg,0,real,train
data/CIFake/train/REAL/1956.jpg,0,real,train
data/CIFake/train/REAL/4571 (2).jpg,0,real,train
data/CIFake/train/REAL/1501 (10).jpg,0,real,train
data/CIFake/train/REAL/2009 (5).jpg,0,real,train
data/CIFake/train/REAL/3953 (5).jpg,0,real,train
data/CIFake/train/REAL/1482 (2).jpg,0,real,train
data/CIFake/train/REAL/0669 (9).jpg,0,real,train
data/CIFake/train/REAL/0731 (10).jpg,0,real,train
data/CIFake/train/REAL/1541 (5).jpg,0,real,train
data/CIFake/train/REAL/4332 (4).jpg,0,real,train
data/CIFake/train/REAL/2629 (10).jpg,0,real,train
data/CIFake/train/REAL/1515 (6).jpg,0,real,train
data/CIFake/train/REAL/0290 (9).jpg,0,real,train
data/CIFake/train/REAL/4178.jpg,0,real,train
data/CIFake/train/REAL/1046 (4).jpg,0,real,train
data/CIFake/train/REAL/3879 (10).jpg,0,real,train
data/CIFake/train/REAL/1018 (8).jpg,0,real,train
data/CIFake/train/REAL/4947 (6).jpg,0,real,train
data/CIFake/train/REAL/2149 (7).jpg,0,real,train
data/CIFake/train/REAL/2871 (7).jpg,0,real,train
data/CIFake/train/REAL/1450 (8).jpg,0,real,train
data/CIFake/train/REAL/4547 (9).jpg,0,real,train
data/CIFake/train/REAL/3539.jpg,0,real,train
data/CIFake/train/REAL/2637 (9).jpg,0,real,train
data/CIFake/train/REAL/4702.jpg,0,real,train
data/CIFake/train/REAL/4676 (3).jpg,0,real,train
data/CIFake/train/REAL/0972 (2).jpg,0,real,train
data/CIFake/train/REAL/3856 (5).jpg,0,real,train
data/CIFake/train/REAL/4957 (5).jpg,0,real,train
data/CIFake/train/REAL/4944 (4).jpg,0,real,train
data/CIFake/train/REAL/4988 (8).jpg,0,real,train
data/CIFake/train/REAL/1479 (10).jpg,0,real,train
data/CIFake/train/REAL/4333 (7).jpg,0,real,train
data/CIFake/train/REAL/3350 (10).jpg,0,real,train
data/CIFake/train/REAL/0007 (6).jpg,0,real,train
data/CIFake/train/REAL/0824 (2).jpg,0,real,train
data/CIFake/train/REAL/2020 (3).jpg,0,real,train
data/CIFake/train/REAL/4259 (10).jpg,0,real,train
data/CIFake/train/REAL/2204 (7).jpg,0,real,train
data/CIFake/train/REAL/2397 (2).jpg,0,real,train
data/CIFake/train/REAL/3094 (8).jpg,0,real,train
data/CIFake/train/REAL/0379 (7).jpg,0,real,train
data/CIFake/train/REAL/2654 (5).jpg,0,real,train
data/CIFake/train/REAL/4704.jpg,0,real,train
data/CIFake/train/REAL/1975 (4).jpg,0,real,train
data/CIFake/train/REAL/1357 (7).jpg,0,real,train
data/CIFake/train/REAL/4370 (3).jpg,0,real,train
data/CIFake/train/REAL/0016 (9).jpg,0,real,train
data/CIFake/train/REAL/3642 (3).jpg,0,real,train
data/CIFake/train/REAL/3044 (5).jpg,0,real,train
data/CIFake/train/REAL/0214 (5).jpg,0,real,train
data/CIFake/train/REAL/1306 (6).jpg,0,real,train
data/CIFake/train/REAL/3949 (9).jpg,0,real,train
data/CIFake/train/REAL/2980 (5).jpg,0,real,train
data/CIFake/train/REAL/4383 (6).jpg,0,real,train
data/CIFake/train/REAL/1170 (9).jpg,0,real,train
data/CIFake/train/REAL/2628 (3).jpg,0,real,train
data/CIFake/train/REAL/2678.jpg,0,real,train
data/CIFake/train/REAL/0396 (9).jpg,0,real,train
data/CIFake/train/REAL/4234 (5).jpg,0,real,train
data/CIFake/train/REAL/0203 (4).jpg,0,real,train
data/CIFake/train/REAL/0906 (6).jpg,0,real,train
data/CIFake/train/REAL/4484 (4).jpg,0,real,train
data/CIFake/train/REAL/4302 (9).jpg,0,real,train
data/CIFake/train/REAL/3795 (8).jpg,0,real,train
data/CIFake/train/REAL/4175 (4).jpg,0,real,train
data/CIFake/train/REAL/2325 (4).jpg,0,real,train
data/CIFake/train/REAL/1434 (2).jpg,0,real,train
data/CIFake/train/REAL/4860.jpg,0,real,train
data/CIFake/train/REAL/0450 (9).jpg,0,real,train
data/CIFake/train/REAL/3397 (7).jpg,0,real,train
data/CIFake/train/REAL/3542 (8).jpg,0,real,train
data/CIFake/train/REAL/2051 (7).jpg,0,real,train
data/CIFake/train/REAL/3166 (8).jpg,0,real,train
data/CIFake/train/REAL/0970 (6).jpg,0,real,train
data/CIFake/train/REAL/1693 (2).jpg,0,real,train
data/CIFake/train/REAL/3101 (10).jpg,0,real,train
data/CIFake/train/REAL/0678.jpg,0,real,train
data/CIFake/train/REAL/0528 (10).jpg,0,real,train
data/CIFake/train/REAL/2165 (5).jpg,0,real,train
data/CIFake/train/REAL/2780 (8).jpg,0,real,train
data/CIFake/train/REAL/3645 (6).jpg,0,real,train
data/CIFake/train/REAL/4244 (5).jpg,0,real,train
data/CIFake/train/REAL/2548 (5).jpg,0,real,train
data/CIFake/train/REAL/1423 (9).jpg,0,real,train
data/CIFake/train/REAL/1833 (4).jpg,0,real,train
data/CIFake/train/REAL/1813 (3).jpg,0,real,train
data/CIFake/train/REAL/0256 (6).jpg,0,real,train
data/CIFake/train/REAL/0139.jpg,0,real,train
data/CIFake/train/REAL/0258 (4).jpg,0,real,train
data/CIFake/train/REAL/4046 (6).jpg,0,real,train
data/CIFake/train/REAL/3261 (6).jpg,0,real,train
data/CIFake/train/REAL/0641 (7).jpg,0,real,train
data/CIFake/train/REAL/0618 (2).jpg,0,real,train
data/CIFake/train/REAL/0595 (8).jpg,0,real,train
data/CIFake/train/REAL/0172 (10).jpg,0,real,train
data/CIFake/train/REAL/1642 (6).jpg,0,real,train
data/CIFake/train/REAL/4244 (4).jpg,0,real,train
data/CIFake/train/REAL/2221 (3).jpg,0,real,train
data/CIFake/train/REAL/1684 (10).jpg,0,real,train
data/CIFake/train/REAL/1510 (9).jpg,0,real,train
data/CIFake/train/REAL/0447 (6).jpg,0,real,train
data/CIFake/train/REAL/2686 (9).jpg,0,real,train
data/CIFake/train/REAL/0747 (7).jpg,0,real,train
data/CIFake/train/REAL/2442 (2).jpg,0,real,train
data/CIFake/train/REAL/2940 (10).jpg,0,real,train
data/CIFake/train/REAL/1299 (8).jpg,0,real,train
data/CIFake/train/REAL/3162 (2).jpg,0,real,train
data/CIFake/train/REAL/2905 (8).jpg,0,real,train
data/CIFake/train/REAL/1554 (6).jpg,0,real,train
data/CIFake/train/REAL/1740 (9).jpg,0,real,train
data/CIFake/train/REAL/1817 (2).jpg,0,real,train
data/CIFake/train/REAL/2057 (3).jpg,0,real,train
data/CIFake/train/REAL/2796 (9).jpg,0,real,train
data/CIFake/train/REAL/3992 (10).jpg,0,real,train
data/CIFake/train/REAL/4692 (6).jpg,0,real,train
data/CIFake/train/REAL/1664 (5).jpg,0,real,train
data/CIFake/train/REAL/2718.jpg,0,real,train
data/CIFake/train/REAL/4163 (5).jpg,0,real,train
data/CIFake/train/REAL/0816 (8).jpg,0,real,train
data/CIFake/train/REAL/1654 (7).jpg,0,real,train
data/CIFake/train/REAL/1651 (5).jpg,0,real,train
data/CIFake/train/REAL/4213.jpg,0,real,train
data/CIFake/train/REAL/3913 (5).jpg,0,real,train
data/CIFake/train/REAL/3453 (4).jpg,0,real,train
data/CIFake/train/REAL/3824 (3).jpg,0,real,train
data/CIFake/train/REAL/2141 (2).jpg,0,real,train
data/CIFake/train/REAL/0050 (4).jpg,0,real,train
data/CIFake/train/REAL/2006 (8).jpg,0,real,train
data/CIFake/train/REAL/3615 (5).jpg,0,real,train
data/CIFake/train/REAL/3811 (3).jpg,0,real,train
data/CIFake/train/REAL/1604.jpg,0,real,train
data/CIFake/train/REAL/0651 (2).jpg,0,real,train
data/CIFake/train/REAL/1853 (7).jpg,0,real,train
data/CIFake/train/REAL/0456 (10).jpg,0,real,train
data/CIFake/train/REAL/2483 (7).jpg,0,real,train
data/CIFake/train/REAL/2855 (3).jpg,0,real,train
data/CIFake/train/REAL/1780 (8).jpg,0,real,train
data/CIFake/train/REAL/1355 (6).jpg,0,real,train
data/CIFake/train/REAL/2510 (3).jpg,0,real,train
data/CIFake/train/REAL/4879 (8).jpg,0,real,train
data/CIFake/train/REAL/2308.jpg,0,real,train
data/CIFake/train/REAL/2484 (7).jpg,0,real,train
data/CIFake/train/REAL/0297 (7).jpg,0,real,train
data/CIFake/train/REAL/4135.jpg,0,real,train
data/CIFake/train/REAL/0405 (5).jpg,0,real,train
data/CIFake/train/REAL/4031 (2).jpg,0,real,train
data/CIFake/train/REAL/4599 (5).jpg,0,real,train
data/CIFake/train/REAL/2118 (7).jpg,0,real,train
data/CIFake/train/REAL/3433 (9).jpg,0,real,train
data/CIFake/train/REAL/3975 (9).jpg,0,real,train
data/CIFake/train/REAL/2371 (3).jpg,0,real,train
data/CIFake/train/REAL/2450 (5).jpg,0,real,train
data/CIFake/train/REAL/0332.jpg,0,real,train
data/CIFake/train/REAL/1564 (3).jpg,0,real,train
data/CIFake/train/REAL/2547 (10).jpg,0,real,train
data/CIFake/train/REAL/2646 (2).jpg,0,real,train
data/CIFake/train/REAL/4401.jpg,0,real,train
data/CIFake/train/REAL/4205 (5).jpg,0,real,train
data/CIFake/train/REAL/0837 (6).jpg,0,real,train
data/CIFake/train/REAL/2321.jpg,0,real,train
data/CIFake/train/REAL/1596 (3).jpg,0,real,train
data/CIFake/train/REAL/2749 (4).jpg,0,real,train
data/CIFake/train/REAL/4337 (7).jpg,0,real,train
data/CIFake/train/REAL/4387 (4).jpg,0,real,train
data/CIFake/train/REAL/3206.jpg,0,real,train
data/CIFake/train/REAL/4080 (5).jpg,0,real,train
data/CIFake/train/REAL/4892 (7).jpg,0,real,train
data/CIFake/train/REAL/0374 (7).jpg,0,real,train
data/CIFake/train/REAL/1821 (8).jpg,0,real,train
data/CIFake/train/REAL/2958 (9).jpg,0,real,train
data/CIFake/train/REAL/3605 (2).jpg,0,real,train
data/CIFake/train/REAL/2468 (7).jpg,0,real,train
data/CIFake/train/REAL/4440 (8).jpg,0,real,train
data/CIFake/train/REAL/4983 (2).jpg,0,real,train
data/CIFake/train/REAL/3918 (4).jpg,0,real,train
data/CIFake/train/REAL/3103 (6).jpg,0,real,train
data/CIFake/train/REAL/1875 (7).jpg,0,real,train
data/CIFake/train/REAL/1181 (4).jpg,0,real,train
data/CIFake/train/REAL/0448 (5).jpg,0,real,train
data/CIFake/train/REAL/1897 (4).jpg,0,real,train
data/CIFake/train/REAL/3407 (4).jpg,0,real,train
data/CIFake/train/REAL/0846 (7).jpg,0,real,train
data/CIFake/train/REAL/0861 (3).jpg,0,real,train
data/CIFake/train/REAL/0889 (4).jpg,0,real,train
data/CIFake/train/REAL/2417 (6).jpg,0,real,train
data/CIFake/train/REAL/4216 (2).jpg,0,real,train
data/CIFake/train/REAL/4493 (7).jpg,0,real,train
data/CIFake/train/REAL/2676 (2).jpg,0,real,train
data/CIFake/train/REAL/0486 (3).jpg,0,real,train
data/CIFake/train/REAL/1435 (3).jpg,0,real,train
data/CIFake/train/REAL/2555 (9).jpg,0,real,train
data/CIFake/train/REAL/2300 (5).jpg,0,real,train
data/CIFake/train/REAL/3157 (9).jpg,0,real,train
data/CIFake/train/REAL/4863 (10).jpg,0,real,train
data/CIFake/train/REAL/4211.jpg,0,real,train
data/CIFake/train/REAL/1802 (4).jpg,0,real,train
data/CIFake/train/REAL/4790 (9).jpg,0,real,train
data/CIFake/train/REAL/3757 (9).jpg,0,real,train
data/CIFake/train/REAL/2796 (7).jpg,0,real,train
data/CIFake/train/REAL/4743 (10).jpg,0,real,train
data/CIFake/train/REAL/0827 (4).jpg,0,real,train
data/CIFake/train/REAL/2937 (9).jpg,0,real,train
data/CIFake/train/REAL/0623 (2).jpg,0,real,train
data/CIFake/train/REAL/3481 (10).jpg,0,real,train
data/CIFake/train/REAL/0591 (9).jpg,0,real,train
data/CIFake/train/REAL/3538 (9).jpg,0,real,train
data/CIFake/train/REAL/4681 (4).jpg,0,real,train
data/CIFake/train/REAL/0834 (2).jpg,0,real,train
data/CIFake/train/REAL/1296 (5).jpg,0,real,train
data/CIFake/train/REAL/4995 (10).jpg,0,real,train
data/CIFake/train/REAL/1390 (2).jpg,0,real,train
data/CIFake/train/REAL/1411 (10).jpg,0,real,train
data/CIFake/train/REAL/2055 (8).jpg,0,real,train
data/CIFake/train/REAL/2903.jpg,0,real,train
data/CIFake/train/REAL/3633 (4).jpg,0,real,train
data/CIFake/train/REAL/0119 (5).jpg,0,real,train
data/CIFake/train/REAL/1790 (3).jpg,0,real,train
data/CIFake/train/REAL/0017 (6).jpg,0,real,train
data/CIFake/train/REAL/0097 (4).jpg,0,real,train
data/CIFake/train/REAL/3568 (3).jpg,0,real,train
data/CIFake/train/REAL/2624 (4).jpg,0,real,train
data/CIFake/train/REAL/3991 (2).jpg,0,real,train
data/CIFake/train/REAL/2428 (6).jpg,0,real,train
data/CIFake/train/REAL/3767 (10).jpg,0,real,train
data/CIFake/train/REAL/0591 (8).jpg,0,real,train
data/CIFake/train/REAL/1551 (5).jpg,0,real,train
data/CIFake/train/REAL/0263 (7).jpg,0,real,train
data/CIFake/train/REAL/0829 (6).jpg,0,real,train
data/CIFake/train/REAL/3516 (5).jpg,0,real,train
data/CIFake/train/REAL/2128 (5).jpg,0,real,train
data/CIFake/train/REAL/4778 (5).jpg,0,real,train
data/CIFake/train/REAL/0466 (5).jpg,0,real,train
data/CIFake/train/REAL/1736 (9).jpg,0,real,train
data/CIFake/train/REAL/1090 (3).jpg,0,real,train
data/CIFake/train/REAL/2900 (5).jpg,0,real,train
data/CIFake/train/REAL/4724 (10).jpg,0,real,train
data/CIFake/train/REAL/0906 (9).jpg,0,real,train
data/CIFake/train/REAL/0977 (8).jpg,0,real,train
data/CIFake/train/REAL/2048 (4).jpg,0,real,train
data/CIFake/train/REAL/4034 (8).jpg,0,real,train
data/CIFake/train/REAL/4539 (8).jpg,0,real,train
data/CIFake/train/REAL/1937 (7).jpg,0,real,train
data/CIFake/train/REAL/3568 (9).jpg,0,real,train
data/CIFake/train/REAL/4285 (9).jpg,0,real,train
data/CIFake/train/REAL/2376 (9).jpg,0,real,train
data/CIFake/train/REAL/0080 (4).jpg,0,real,train
data/CIFake/train/REAL/1445 (2).jpg,0,real,train
data/CIFake/train/REAL/0752.jpg,0,real,train
data/CIFake/train/REAL/4425 (10).jpg,0,real,train
data/CIFake/train/REAL/0337 (2).jpg,0,real,train
data/CIFake/train/REAL/4774 (6).jpg,0,real,train
data/CIFake/train/REAL/2716 (10).jpg,0,real,train
data/CIFake/train/REAL/3925 (3).jpg,0,real,train
data/CIFake/train/REAL/0558 (3).jpg,0,real,train
data/CIFake/train/REAL/2042 (4).jpg,0,real,train
data/CIFake/train/REAL/1148 (2).jpg,0,real,train
data/CIFake/train/REAL/3029 (5).jpg,0,real,train
data/CIFake/train/REAL/0268 (9).jpg,0,real,train
data/CIFake/train/REAL/3529 (7).jpg,0,real,train
data/CIFake/train/REAL/4432 (4).jpg,0,real,train
data/CIFake/train/REAL/1009 (10).jpg,0,real,train
data/CIFake/train/REAL/1808 (10).jpg,0,real,train
data/CIFake/train/REAL/4325 (6).jpg,0,real,train
data/CIFake/train/REAL/4125 (2).jpg,0,real,train
data/CIFake/train/REAL/1382.jpg,0,real,train
data/CIFake/train/REAL/0526 (4).jpg,0,real,train
data/CIFake/train/REAL/0534 (2).jpg,0,real,train
data/CIFake/train/REAL/0113 (10).jpg,0,real,train
data/CIFake/train/REAL/0336 (8).jpg,0,real,train
data/CIFake/train/REAL/0195 (3).jpg,0,real,train
data/CIFake/train/REAL/3574 (2).jpg,0,real,train
data/CIFake/train/REAL/4347 (6).jpg,0,real,train
data/CIFake/train/REAL/0189 (8).jpg,0,real,train
data/CIFake/train/REAL/0757 (9).jpg,0,real,train
data/CIFake/train/REAL/0691 (7).jpg,0,real,train
data/CIFake/train/REAL/0985 (5).jpg,0,real,train
data/CIFake/train/REAL/1748 (6).jpg,0,real,train
data/CIFake/train/REAL/1934 (10).jpg,0,real,train
data/CIFake/train/REAL/2177 (10).jpg,0,real,train
data/CIFake/train/REAL/4405 (9).jpg,0,real,train
data/CIFake/train/REAL/4880 (3).jpg,0,real,train
data/CIFake/train/REAL/2521 (2).jpg,0,real,train
data/CIFake/train/REAL/0477 (3).jpg,0,real,train
data/CIFake/train/REAL/1921 (4).jpg,0,real,train
data/CIFake/train/REAL/4729 (10).jpg,0,real,train
data/CIFake/train/REAL/3011 (9).jpg,0,real,train
data/CIFake/train/REAL/2151 (3).jpg,0,real,train
data/CIFake/train/REAL/1922 (7).jpg,0,real,train
data/CIFake/train/REAL/0671 (8).jpg,0,real,train
data/CIFake/train/REAL/2500.jpg,0,real,train
data/CIFake/train/REAL/0351 (4).jpg,0,real,train
data/CIFake/train/REAL/0300 (4).jpg,0,real,train
data/CIFake/train/REAL/3391.jpg,0,real,train
data/CIFake/train/REAL/4299 (6).jpg,0,real,train
data/CIFake/train/REAL/3339 (3).jpg,0,real,train
data/CIFake/train/REAL/0428 (3).jpg,0,real,train
data/CIFake/train/REAL/4419 (10).jpg,0,real,train
data/CIFake/train/REAL/1862 (2).jpg,0,real,train
data/CIFake/train/REAL/2352 (7).jpg,0,real,train
data/CIFake/train/REAL/1817 (4).jpg,0,real,train
data/CIFake/train/REAL/1979.jpg,0,real,train
data/CIFake/train/REAL/2227 (5).jpg,0,real,train
data/CIFake/train/REAL/1243.jpg,0,real,train
data/CIFake/train/REAL/2613 (2).jpg,0,real,train
data/CIFake/train/REAL/3617 (9).jpg,0,real,train
data/CIFake/train/REAL/1827.jpg,0,real,train
data/CIFake/train/REAL/3867 (9).jpg,0,real,train
data/CIFake/train/REAL/1674 (6).jpg,0,real,train
data/CIFake/train/REAL/3613 (3).jpg,0,real,train
data/CIFake/train/REAL/4416.jpg,0,real,train
data/CIFake/train/REAL/2262 (2).jpg,0,real,train
data/CIFake/train/REAL/4953 (10).jpg,0,real,train
data/CIFake/train/REAL/1036 (6).jpg,0,real,train
data/CIFake/train/REAL/1956 (7).jpg,0,real,train
data/CIFake/train/REAL/4707 (9).jpg,0,real,train
data/CIFake/train/REAL/2317 (4).jpg,0,real,train
data/CIFake/train/REAL/2849 (3).jpg,0,real,train
data/CIFake/train/REAL/0274 (2).jpg,0,real,train
data/CIFake/train/REAL/0708 (5).jpg,0,real,train
data/CIFake/train/REAL/3698 (8).jpg,0,real,train
data/CIFake/train/REAL/2178 (7).jpg,0,real,train
data/CIFake/train/REAL/1881 (4).jpg,0,real,train
data/CIFake/train/REAL/1043 (4).jpg,0,real,train
data/CIFake/train/REAL/3363 (6).jpg,0,real,train
data/CIFake/train/REAL/3082 (3).jpg,0,real,train
data/CIFake/train/REAL/3843 (5).jpg,0,real,train
data/CIFake/train/REAL/3425 (9).jpg,0,real,train
data/CIFake/train/REAL/0592 (4).jpg,0,real,train
data/CIFake/train/REAL/1718 (2).jpg,0,real,train
data/CIFake/train/REAL/0650 (4).jpg,0,real,train
data/CIFake/train/REAL/0709 (3).jpg,0,real,train
data/CIFake/train/REAL/4290 (8).jpg,0,real,train
data/CIFake/train/REAL/2858 (9).jpg,0,real,train
data/CIFake/train/REAL/1623 (7).jpg,0,real,train
data/CIFake/train/REAL/3073 (2).jpg,0,real,train
data/CIFake/train/REAL/2871 (2).jpg,0,real,train
data/CIFake/train/REAL/3540 (4).jpg,0,real,train
data/CIFake/train/REAL/0733 (2).jpg,0,real,train
data/CIFake/train/REAL/3067 (5).jpg,0,real,train
data/CIFake/train/REAL/4476.jpg,0,real,train
data/CIFake/train/REAL/4865 (6).jpg,0,real,train
data/CIFake/train/REAL/3199 (7).jpg,0,real,train
data/CIFake/train/REAL/4292 (10).jpg,0,real,train
data/CIFake/train/REAL/3800.jpg,0,real,train
data/CIFake/train/REAL/4083.jpg,0,real,train
data/CIFake/train/REAL/0649.jpg,0,real,train
data/CIFake/train/REAL/2425 (2).jpg,0,real,train
data/CIFake/train/REAL/0240 (5).jpg,0,real,train
data/CIFake/train/REAL/0976 (5).jpg,0,real,train
data/CIFake/train/REAL/4949 (8).jpg,0,real,train
data/CIFake/train/REAL/2483 (8).jpg,0,real,train
data/CIFake/train/REAL/2306 (5).jpg,0,real,train
data/CIFake/train/REAL/3859 (3).jpg,0,real,train
data/CIFake/train/REAL/0880 (10).jpg,0,real,train
data/CIFake/train/REAL/1400 (9).jpg,0,real,train
data/CIFake/train/REAL/2434 (5).jpg,0,real,train
data/CIFake/train/REAL/3076 (3).jpg,0,real,train
data/CIFake/train/REAL/2370.jpg,0,real,train
data/CIFake/train/REAL/1001 (9).jpg,0,real,train
data/CIFake/train/REAL/2980 (8).jpg,0,real,train
data/CIFake/train/REAL/0673 (7).jpg,0,real,train
data/CIFake/train/REAL/3139 (10).jpg,0,real,train
data/CIFake/train/REAL/1508 (2).jpg,0,real,train
data/CIFake/train/REAL/1769 (2).jpg,0,real,train
data/CIFake/train/REAL/1213 (4).jpg,0,real,train
data/CIFake/train/REAL/2291 (6).jpg,0,real,train
data/CIFake/train/REAL/4468 (3).jpg,0,real,train
data/CIFake/train/REAL/3446 (9).jpg,0,real,train
data/CIFake/train/REAL/3236 (2).jpg,0,real,train
data/CIFake/train/REAL/3301.jpg,0,real,train
data/CIFake/train/REAL/2980 (10).jpg,0,real,train
data/CIFake/train/REAL/1613 (6).jpg,0,real,train
data/CIFake/train/REAL/3480 (9).jpg,0,real,train
data/CIFake/train/REAL/4887 (8).jpg,0,real,train
data/CIFake/train/REAL/4469.jpg,0,real,train
data/CIFake/train/REAL/1966 (10).jpg,0,real,train
data/CIFake/train/REAL/0397 (3).jpg,0,real,train
data/CIFake/train/REAL/1620 (6).jpg,0,real,train
data/CIFake/train/REAL/1869 (5).jpg,0,real,train
data/CIFake/train/REAL/2163.jpg,0,real,train
data/CIFake/train/REAL/3630 (2).jpg,0,real,train
data/CIFake/train/REAL/1600.jpg,0,real,train
data/CIFake/train/REAL/4796 (7).jpg,0,real,train
data/CIFake/train/REAL/4558 (2).jpg,0,real,train
data/CIFake/train/REAL/1344 (9).jpg,0,real,train
data/CIFake/train/REAL/2878 (10).jpg,0,real,train
data/CIFake/train/REAL/2886 (7).jpg,0,real,train
data/CIFake/train/REAL/0485 (6).jpg,0,real,train
data/CIFake/train/REAL/1597 (4).jpg,0,real,train
data/CIFake/train/REAL/3657 (4).jpg,0,real,train
data/CIFake/train/REAL/4441 (8).jpg,0,real,train
data/CIFake/train/REAL/3271 (8).jpg,0,real,train
data/CIFake/train/REAL/3646 (3).jpg,0,real,train
data/CIFake/train/REAL/3475 (8).jpg,0,real,train
data/CIFake/train/REAL/4323 (8).jpg,0,real,train
data/CIFake/train/REAL/2765 (2).jpg,0,real,train
data/CIFake/train/REAL/3928 (10).jpg,0,real,train
data/CIFake/train/REAL/2822 (4).jpg,0,real,train
data/CIFake/train/REAL/1426 (8).jpg,0,real,train
data/CIFake/train/REAL/3401 (10).jpg,0,real,train
data/CIFake/train/REAL/4074 (6).jpg,0,real,train
data/CIFake/train/REAL/3491 (2).jpg,0,real,train
data/CIFake/train/REAL/4606 (10).jpg,0,real,train
data/CIFake/train/REAL/3975 (4).jpg,0,real,train
data/CIFake/train/REAL/4112 (2).jpg,0,real,train
data/CIFake/train/REAL/4107 (5).jpg,0,real,train
data/CIFake/train/REAL/1914 (6).jpg,0,real,train
data/CIFake/train/REAL/3285 (8).jpg,0,real,train
data/CIFake/train/REAL/1653 (3).jpg,0,real,train
data/CIFake/train/REAL/3891 (7).jpg,0,real,train
data/CIFake/train/REAL/1058 (8).jpg,0,real,train
data/CIFake/train/REAL/4758 (3).jpg,0,real,train
data/CIFake/train/REAL/1031 (7).jpg,0,real,train
data/CIFake/train/REAL/2229 (9).jpg,0,real,train
data/CIFake/train/REAL/4058 (4).jpg,0,real,train
data/CIFake/train/REAL/0612 (10).jpg,0,real,train
data/CIFake/train/REAL/3450 (7).jpg,0,real,train
data/CIFake/train/REAL/0720 (5).jpg,0,real,train
data/CIFake/train/REAL/3612 (8).jpg,0,real,train
data/CIFake/train/REAL/1733 (6).jpg,0,real,train
data/CIFake/train/REAL/1037.jpg,0,real,train
data/CIFake/train/REAL/2947 (4).jpg,0,real,train
data/CIFake/train/REAL/1339 (8).jpg,0,real,train
data/CIFake/train/REAL/1669 (4).jpg,0,real,train
data/CIFake/train/REAL/3500 (6).jpg,0,real,train
data/CIFake/train/REAL/1708.jpg,0,real,train
data/CIFake/train/REAL/1640 (9).jpg,0,real,train
data/CIFake/train/REAL/4976 (9).jpg,0,real,train
data/CIFake/train/REAL/4727 (10).jpg,0,real,train
data/CIFake/train/REAL/2390.jpg,0,real,train
data/CIFake/train/REAL/2926 (5).jpg,0,real,train
data/CIFake/train/REAL/1244 (6).jpg,0,real,train
data/CIFake/train/REAL/0561 (4).jpg,0,real,train
data/CIFake/train/REAL/1825 (10).jpg,0,real,train
data/CIFake/train/REAL/4668 (8).jpg,0,real,train
data/CIFake/train/REAL/0926 (9).jpg,0,real,train
data/CIFake/train/REAL/2711.jpg,0,real,train
data/CIFake/train/REAL/0136 (7).jpg,0,real,train
data/CIFake/train/REAL/4501 (2).jpg,0,real,train
data/CIFake/train/REAL/2585 (9).jpg,0,real,train
data/CIFake/train/REAL/1538 (6).jpg,0,real,train
data/CIFake/train/REAL/4406 (3).jpg,0,real,train
data/CIFake/train/REAL/2137 (7).jpg,0,real,train
data/CIFake/train/REAL/0516 (5).jpg,0,real,train
data/CIFake/train/REAL/4419 (8).jpg,0,real,train
data/CIFake/train/REAL/0261 (5).jpg,0,real,train
data/CIFake/train/REAL/1315.jpg,0,real,train
data/CIFake/train/REAL/4112 (10).jpg,0,real,train
data/CIFake/train/REAL/3125.jpg,0,real,train
data/CIFake/train/REAL/1598 (2).jpg,0,real,train
data/CIFake/train/REAL/4069.jpg,0,real,train
data/CIFake/train/REAL/2722.jpg,0,real,train
data/CIFake/train/REAL/0601 (4).jpg,0,real,train
data/CIFake/train/REAL/1508 (10).jpg,0,real,train
data/CIFake/train/REAL/2590 (4).jpg,0,real,train
data/CIFake/train/REAL/4645 (10).jpg,0,real,train
data/CIFake/train/REAL/2142 (10).jpg,0,real,train
data/CIFake/train/REAL/3990.jpg,0,real,train
data/CIFake/train/REAL/1740 (8).jpg,0,real,train
data/CIFake/train/REAL/3606 (7).jpg,0,real,train
data/CIFake/train/REAL/0416 (4).jpg,0,real,train
data/CIFake/train/REAL/4376.jpg,0,real,train
data/CIFake/train/REAL/0701 (5).jpg,0,real,train
data/CIFake/train/REAL/3053 (5).jpg,0,real,train
data/CIFake/train/REAL/2415 (6).jpg,0,real,train
data/CIFake/train/REAL/2847.jpg,0,real,train
data/CIFake/train/REAL/4342 (4).jpg,0,real,train
data/CIFake/train/REAL/0536 (8).jpg,0,real,train
data/CIFake/train/REAL/4766.jpg,0,real,train
data/CIFake/train/REAL/1604 (4).jpg,0,real,train
data/CIFake/train/REAL/3906 (8).jpg,0,real,train
data/CIFake/train/REAL/1608 (9).jpg,0,real,train
data/CIFake/train/REAL/3800 (6).jpg,0,real,train
data/CIFake/train/REAL/0936 (4).jpg,0,real,train
data/CIFake/train/REAL/0458 (6).jpg,0,real,train
data/CIFake/train/REAL/4350 (7).jpg,0,real,train
data/CIFake/train/REAL/2609 (3).jpg,0,real,train
data/CIFake/train/REAL/0590 (7).jpg,0,real,train
data/CIFake/train/REAL/0716 (2).jpg,0,real,train
data/CIFake/train/REAL/1750 (2).jpg,0,real,train
data/CIFake/train/REAL/4911 (8).jpg,0,real,train
data/CIFake/train/REAL/0329 (2).jpg,0,real,train
data/CIFake/train/REAL/2416 (6).jpg,0,real,train
data/CIFake/train/REAL/1822.jpg,0,real,train
data/CIFake/train/REAL/3327 (6).jpg,0,real,train
data/CIFake/train/REAL/4998 (7).jpg,0,real,train
data/CIFake/train/REAL/1934 (9).jpg,0,real,train
data/CIFake/train/REAL/3717 (10).jpg,0,real,train
data/CIFake/train/REAL/4156 (9).jpg,0,real,train
data/CIFake/train/REAL/2028 (9).jpg,0,real,train
data/CIFake/train/REAL/1810 (6).jpg,0,real,train
data/CIFake/train/REAL/2459 (7).jpg,0,real,train
data/CIFake/train/REAL/4611 (6).jpg,0,real,train
data/CIFake/train/REAL/4864 (6).jpg,0,real,train
data/CIFake/train/REAL/0922 (5).jpg,0,real,train
data/CIFake/train/REAL/2443 (6).jpg,0,real,train
data/CIFake/train/REAL/0455 (9).jpg,0,real,train
data/CIFake/train/REAL/3718 (3).jpg,0,real,train
data/CIFake/train/REAL/1151 (5).jpg,0,real,train
data/CIFake/train/REAL/0678 (9).jpg,0,real,train
data/CIFake/train/REAL/2225 (10).jpg,0,real,train
data/CIFake/train/REAL/2943.jpg,0,real,train
data/CIFake/train/REAL/1002 (7).jpg,0,real,train
data/CIFake/train/REAL/3783 (8).jpg,0,real,train
data/CIFake/train/REAL/2042 (9).jpg,0,real,train
data/CIFake/train/REAL/2593 (9).jpg,0,real,train
data/CIFake/train/REAL/4353 (2).jpg,0,real,train
data/CIFake/train/REAL/2663 (5).jpg,0,real,train
data/CIFake/train/REAL/3905 (9).jpg,0,real,train
data/CIFake/train/REAL/0790 (8).jpg,0,real,train
data/CIFake/train/REAL/4984 (10).jpg,0,real,train
data/CIFake/train/REAL/0835 (3).jpg,0,real,train
data/CIFake/train/REAL/1823 (6).jpg,0,real,train
data/CIFake/train/REAL/3046 (6).jpg,0,real,train
data/CIFake/train/REAL/4868 (6).jpg,0,real,train
data/CIFake/train/REAL/1810 (5).jpg,0,real,train
data/CIFake/train/REAL/0607 (9).jpg,0,real,train
data/CIFake/train/REAL/0914 (5).jpg,0,real,train
data/CIFake/train/REAL/4624 (7).jpg,0,real,train
data/CIFake/train/REAL/1559 (8).jpg,0,real,train
data/CIFake/train/REAL/3748 (2).jpg,0,real,train
data/CIFake/train/REAL/0785 (7).jpg,0,real,train
data/CIFake/train/REAL/3266.jpg,0,real,train
data/CIFake/train/REAL/3556 (10).jpg,0,real,train
data/CIFake/train/REAL/3099 (7).jpg,0,real,train
data/CIFake/train/REAL/4467 (7).jpg,0,real,train
data/CIFake/train/REAL/2145 (4).jpg,0,real,train
data/CIFake/train/REAL/2211 (9).jpg,0,real,train
data/CIFake/train/REAL/2882 (10).jpg,0,real,train
data/CIFake/train/REAL/4908 (9).jpg,0,real,train
data/CIFake/train/REAL/0329 (6).jpg,0,real,train
data/CIFake/train/REAL/1154 (4).jpg,0,real,train
data/CIFake/train/REAL/0749 (9).jpg,0,real,train
data/CIFake/train/REAL/3794 (10).jpg,0,real,train
data/CIFake/train/REAL/0793 (4).jpg,0,real,train
data/CIFake/train/REAL/3324 (9).jpg,0,real,train
data/CIFake/train/REAL/2714 (4).jpg,0,real,train
data/CIFake/train/REAL/1941 (5).jpg,0,real,train
data/CIFake/train/REAL/3234 (4).jpg,0,real,train
data/CIFake/train/REAL/3007 (2).jpg,0,real,train
data/CIFake/train/REAL/3532 (3).jpg,0,real,train
data/CIFake/train/REAL/1739 (2).jpg,0,real,train
data/CIFake/train/REAL/3168 (7).jpg,0,real,train
data/CIFake/train/REAL/4883 (6).jpg,0,real,train
data/CIFake/train/REAL/4870 (3).jpg,0,real,train
data/CIFake/train/REAL/0288.jpg,0,real,train
data/CIFake/train/REAL/1462 (9).jpg,0,real,train
data/CIFake/train/REAL/2301 (3).jpg,0,real,train
data/CIFake/train/REAL/1099 (7).jpg,0,real,train
data/CIFake/train/REAL/2205.jpg,0,real,train
data/CIFake/train/REAL/0091 (3).jpg,0,real,train
data/CIFake/train/REAL/2067.jpg,0,real,train
data/CIFake/train/REAL/1393 (5).jpg,0,real,train
data/CIFake/train/REAL/1798 (9).jpg,0,real,train
data/CIFake/train/REAL/2752 (9).jpg,0,real,train
data/CIFake/train/REAL/2250 (8).jpg,0,real,train
data/CIFake/train/REAL/3097 (7).jpg,0,real,train
data/CIFake/train/REAL/4564 (5).jpg,0,real,train
data/CIFake/train/REAL/0343 (2).jpg,0,real,train
data/CIFake/train/REAL/3120 (2).jpg,0,real,train
data/CIFake/train/REAL/2677 (3).jpg,0,real,train
data/CIFake/train/REAL/4187 (5).jpg,0,real,train
data/CIFake/train/REAL/2490 (5).jpg,0,real,train
data/CIFake/train/REAL/1962 (10).jpg,0,real,train
data/CIFake/train/REAL/0793 (10).jpg,0,real,train
data/CIFake/train/REAL/1581 (8).jpg,0,real,train
data/CIFake/train/REAL/2786 (2).jpg,0,real,train
data/CIFake/train/REAL/1673 (4).jpg,0,real,train
data/CIFake/train/REAL/3189 (5).jpg,0,real,train
data/CIFake/train/REAL/4463 (9).jpg,0,real,train
data/CIFake/train/REAL/2239 (6).jpg,0,real,train
data/CIFake/train/REAL/4008 (7).jpg,0,real,train
data/CIFake/train/REAL/2604 (5).jpg,0,real,train
data/CIFake/train/REAL/3222 (6).jpg,0,real,train
data/CIFake/train/REAL/0915 (10).jpg,0,real,train
data/CIFake/train/REAL/1318 (3).jpg,0,real,train
data/CIFake/train/REAL/3625 (7).jpg,0,real,train
data/CIFake/train/REAL/0786 (4).jpg,0,real,train
data/CIFake/train/REAL/3071 (7).jpg,0,real,train
data/CIFake/train/REAL/1887 (7).jpg,0,real,train
data/CIFake/train/REAL/0658 (7).jpg,0,real,train
data/CIFake/train/REAL/3323 (2).jpg,0,real,train
data/CIFake/train/REAL/1457 (8).jpg,0,real,train
data/CIFake/train/REAL/0023 (3).jpg,0,real,train
data/CIFake/train/REAL/0598 (6).jpg,0,real,train
data/CIFake/train/REAL/0658 (9).jpg,0,real,train
data/CIFake/train/REAL/2280 (4).jpg,0,real,train
data/CIFake/train/REAL/0889 (10).jpg,0,real,train
data/CIFake/train/REAL/3803 (3).jpg,0,real,train
data/CIFake/train/REAL/2252 (9).jpg,0,real,train
data/CIFake/train/REAL/1143 (6).jpg,0,real,train
data/CIFake/train/REAL/2907 (7).jpg,0,real,train
data/CIFake/train/REAL/3278 (6).jpg,0,real,train
data/CIFake/train/REAL/2185.jpg,0,real,train
data/CIFake/train/REAL/1058.jpg,0,real,train
data/CIFake/train/REAL/2234 (10).jpg,0,real,train
data/CIFake/train/REAL/0600 (8).jpg,0,real,train
data/CIFake/train/REAL/1472 (6).jpg,0,real,train
data/CIFake/train/REAL/3772 (8).jpg,0,real,train
data/CIFake/train/REAL/4190.jpg,0,real,train
data/CIFake/train/REAL/0610 (9).jpg,0,real,train
data/CIFake/train/REAL/3830.jpg,0,real,train
data/CIFake/train/REAL/0302 (9).jpg,0,real,train
data/CIFake/train/REAL/1255 (3).jpg,0,real,train
data/CIFake/train/REAL/2215 (7).jpg,0,real,train
data/CIFake/train/REAL/2812 (3).jpg,0,real,train
data/CIFake/train/REAL/2771 (8).jpg,0,real,train
data/CIFake/train/REAL/1445 (4).jpg,0,real,train
data/CIFake/train/REAL/0710 (5).jpg,0,real,train
data/CIFake/train/REAL/0173.jpg,0,real,train
data/CIFake/train/REAL/1012 (7).jpg,0,real,train
data/CIFake/train/REAL/2922 (4).jpg,0,real,train
data/CIFake/train/REAL/2465 (5).jpg,0,real,train
data/CIFake/train/REAL/4665 (2).jpg,0,real,train
data/CIFake/train/REAL/3032 (5).jpg,0,real,train
data/CIFake/train/REAL/0341 (4).jpg,0,real,train
data/CIFake/train/REAL/0250 (8).jpg,0,real,train
data/CIFake/train/REAL/0569 (8).jpg,0,real,train
data/CIFake/train/REAL/2497 (10).jpg,0,real,train
data/CIFake/train/REAL/3045 (10).jpg,0,real,train
data/CIFake/train/REAL/3561 (5).jpg,0,real,train
data/CIFake/train/REAL/4234 (9).jpg,0,real,train
data/CIFake/train/REAL/2073 (4).jpg,0,real,train
data/CIFake/train/REAL/0003 (8).jpg,0,real,train
data/CIFake/train/REAL/4898 (7).jpg,0,real,train
data/CIFake/train/REAL/4716 (5).jpg,0,real,train
data/CIFake/train/REAL/4582 (8).jpg,0,real,train
data/CIFake/train/REAL/3915 (10).jpg,0,real,train
data/CIFake/train/REAL/0567.jpg,0,real,train
data/CIFake/train/REAL/4110 (7).jpg,0,real,train
data/CIFake/train/REAL/0449 (10).jpg,0,real,train
data/CIFake/train/REAL/3003 (5).jpg,0,real,train
data/CIFake/train/REAL/2896.jpg,0,real,train
data/CIFake/train/REAL/2897 (8).jpg,0,real,train
data/CIFake/train/REAL/2882 (8).jpg,0,real,train
data/CIFake/train/REAL/4596 (3).jpg,0,real,train
data/CIFake/train/REAL/0698.jpg,0,real,train
data/CIFake/train/REAL/3514 (2).jpg,0,real,train
data/CIFake/train/REAL/1775 (5).jpg,0,real,train
data/CIFake/train/REAL/2352 (5).jpg,0,real,train
data/CIFake/train/REAL/4873 (7).jpg,0,real,train
data/CIFake/train/REAL/4672 (4).jpg,0,real,train
data/CIFake/train/REAL/0061 (10).jpg,0,real,train
data/CIFake/train/REAL/3306 (7).jpg,0,real,train
data/CIFake/train/REAL/4748 (7).jpg,0,real,train
data/CIFake/train/REAL/2024 (7).jpg,0,real,train
data/CIFake/train/REAL/2397 (7).jpg,0,real,train
data/CIFake/train/REAL/2793 (7).jpg,0,real,train
data/CIFake/train/REAL/3108 (2).jpg,0,real,train
data/CIFake/train/REAL/2218 (8).jpg,0,real,train
data/CIFake/train/REAL/3479 (5).jpg,0,real,train
data/CIFake/train/REAL/2755 (5).jpg,0,real,train
data/CIFake/train/REAL/0246 (5).jpg,0,real,train
data/CIFake/train/REAL/1082 (2).jpg,0,real,train
data/CIFake/train/REAL/4980 (7).jpg,0,real,train
data/CIFake/train/REAL/0277 (3).jpg,0,real,train
data/CIFake/train/REAL/0614 (10).jpg,0,real,train
data/CIFake/train/REAL/1885 (10).jpg,0,real,train
data/CIFake/train/REAL/3590.jpg,0,real,train
data/CIFake/train/REAL/2048 (2).jpg,0,real,train
data/CIFake/train/REAL/3973 (6).jpg,0,real,train
data/CIFake/train/REAL/4901 (7).jpg,0,real,train
data/CIFake/train/REAL/1412 (8).jpg,0,real,train
data/CIFake/train/REAL/3899 (7).jpg,0,real,train
data/CIFake/train/REAL/4165 (4).jpg,0,real,train
data/CIFake/train/REAL/3259 (7).jpg,0,real,train
data/CIFake/train/REAL/2491 (2).jpg,0,real,train
data/CIFake/train/REAL/4813 (9).jpg,0,real,train
data/CIFake/train/REAL/2344.jpg,0,real,train
data/CIFake/train/REAL/0632 (9).jpg,0,real,train
data/CIFake/train/REAL/0697 (4).jpg,0,real,train
data/CIFake/train/REAL/2592 (9).jpg,0,real,train
data/CIFake/train/REAL/1409 (2).jpg,0,real,train
data/CIFake/train/REAL/3711 (5).jpg,0,real,train
data/CIFake/train/REAL/4033 (9).jpg,0,real,train
data/CIFake/train/REAL/3887 (2).jpg,0,real,train
data/CIFake/train/REAL/3626 (5).jpg,0,real,train
data/CIFake/train/REAL/1797 (8).jpg,0,real,train
data/CIFake/train/REAL/4569 (2).jpg,0,real,train
data/CIFake/train/REAL/2972.jpg,0,real,train
data/CIFake/train/REAL/2104 (10).jpg,0,real,train
data/CIFake/train/REAL/2071 (9).jpg,0,real,train
data/CIFake/train/REAL/1403 (8).jpg,0,real,train
data/CIFake/train/REAL/0286 (10).jpg,0,real,train
data/CIFake/train/REAL/3875.jpg,0,real,train
data/CIFake/train/REAL/1043 (10).jpg,0,real,train
data/CIFake/train/REAL/3315 (9).jpg,0,real,train
data/CIFake/train/REAL/1578 (6).jpg,0,real,train
data/CIFake/train/REAL/0366 (6).jpg,0,real,train
data/CIFake/train/REAL/1376 (8).jpg,0,real,train
data/CIFake/train/REAL/0976 (9).jpg,0,real,train
data/CIFake/train/REAL/3279 (9).jpg,0,real,train
data/CIFake/train/REAL/0493 (5).jpg,0,real,train
data/CIFake/train/REAL/4061 (4).jpg,0,real,train
data/CIFake/train/REAL/2702 (10).jpg,0,real,train
data/CIFake/train/REAL/2993 (6).jpg,0,real,train
data/CIFake/train/REAL/2773 (10).jpg,0,real,train
data/CIFake/train/REAL/2830 (4).jpg,0,real,train
data/CIFake/train/REAL/4714 (9).jpg,0,real,train
data/CIFake/train/REAL/3555.jpg,0,real,train
data/CIFake/train/REAL/4501 (4).jpg,0,real,train
data/CIFake/train/REAL/3769 (7).jpg,0,real,train
data/CIFake/train/REAL/1982 (6).jpg,0,real,train
data/CIFake/train/REAL/1730 (10).jpg,0,real,train
data/CIFake/train/REAL/4180 (4).jpg,0,real,train
data/CIFake/train/REAL/4453 (3).jpg,0,real,train
data/CIFake/train/REAL/4719 (10).jpg,0,real,train
data/CIFake/train/REAL/2718 (9).jpg,0,real,train
data/CIFake/train/REAL/1415 (3).jpg,0,real,train
data/CIFake/train/REAL/1292 (9).jpg,0,real,train
data/CIFake/train/REAL/3648 (7).jpg,0,real,train
data/CIFake/train/REAL/4338 (10).jpg,0,real,train
data/CIFake/train/REAL/3026 (10).jpg,0,real,train
data/CIFake/train/REAL/0510 (3).jpg,0,real,train
data/CIFake/train/REAL/1679 (4).jpg,0,real,train
data/CIFake/train/REAL/4928 (4).jpg,0,real,train
data/CIFake/train/REAL/0745.jpg,0,real,train
data/CIFake/train/REAL/0189 (2).jpg,0,real,train
data/CIFake/train/REAL/4295.jpg,0,real,train
data/CIFake/train/REAL/3729 (7).jpg,0,real,train
data/CIFake/train/REAL/1291 (3).jpg,0,real,train
data/CIFake/train/REAL/2648 (9).jpg,0,real,train
data/CIFake/train/REAL/2724 (9).jpg,0,real,train
data/CIFake/train/REAL/4933 (5).jpg,0,real,train
data/CIFake/train/REAL/4886 (8).jpg,0,real,train
data/CIFake/train/REAL/3781 (6).jpg,0,real,train
data/CIFake/train/REAL/3986 (6).jpg,0,real,train
data/CIFake/train/REAL/3798 (3).jpg,0,real,train
data/CIFake/train/REAL/3540 (3).jpg,0,real,train
data/CIFake/train/REAL/0493 (2).jpg,0,real,train
data/CIFake/train/REAL/4317 (9).jpg,0,real,train
data/CIFake/train/REAL/0612 (5).jpg,0,real,train
data/CIFake/train/REAL/3323 (5).jpg,0,real,train
data/CIFake/train/REAL/0253 (8).jpg,0,real,train
data/CIFake/train/REAL/0475 (5).jpg,0,real,train
data/CIFake/train/REAL/3522 (9).jpg,0,real,train
data/CIFake/train/REAL/4349 (6).jpg,0,real,train
data/CIFake/train/REAL/3535 (10).jpg,0,real,train
data/CIFake/train/REAL/0038 (7).jpg,0,real,train
data/CIFake/train/REAL/2491 (8).jpg,0,real,train
data/CIFake/train/REAL/0988 (5).jpg,0,real,train
data/CIFake/train/REAL/0527 (2).jpg,0,real,train
data/CIFake/train/REAL/1647 (6).jpg,0,real,train
data/CIFake/train/REAL/1031 (8).jpg,0,real,train
data/CIFake/train/REAL/2700 (5).jpg,0,real,train
data/CIFake/train/REAL/1015 (5).jpg,0,real,train
data/CIFake/train/REAL/3890 (7).jpg,0,real,train
data/CIFake/train/REAL/4570 (6).jpg,0,real,train
data/CIFake/train/REAL/3662.jpg,0,real,train
data/CIFake/train/REAL/3372 (5).jpg,0,real,train
data/CIFake/train/REAL/1733 (3).jpg,0,real,train
data/CIFake/train/REAL/0967 (10).jpg,0,real,train
data/CIFake/train/REAL/3060 (7).jpg,0,real,train
data/CIFake/train/REAL/1616 (3).jpg,0,real,train
data/CIFake/train/REAL/1272 (2).jpg,0,real,train
data/CIFake/train/REAL/3246 (2).jpg,0,real,train
data/CIFake/train/REAL/0394 (8).jpg,0,real,train
data/CIFake/train/REAL/2275 (5).jpg,0,real,train
data/CIFake/train/REAL/0636.jpg,0,real,train
data/CIFake/train/REAL/0451.jpg,0,real,train
data/CIFake/train/REAL/4273 (9).jpg,0,real,train
data/CIFake/train/REAL/3656 (7).jpg,0,real,train
data/CIFake/train/REAL/2619 (2).jpg,0,real,train
data/CIFake/train/REAL/0561 (10).jpg,0,real,train
data/CIFake/train/REAL/4092 (9).jpg,0,real,train
data/CIFake/train/REAL/2996 (5).jpg,0,real,train
data/CIFake/train/REAL/3534 (4).jpg,0,real,train
data/CIFake/train/REAL/0204 (2).jpg,0,real,train
data/CIFake/train/REAL/2370 (10).jpg,0,real,train
data/CIFake/train/REAL/4390 (4).jpg,0,real,train
data/CIFake/train/REAL/1825 (5).jpg,0,real,train
data/CIFake/train/REAL/2762 (8).jpg,0,real,train
data/CIFake/train/REAL/0490 (4).jpg,0,real,train
data/CIFake/train/REAL/1783 (3).jpg,0,real,train
data/CIFake/train/REAL/0390 (9).jpg,0,real,train
data/CIFake/train/REAL/0328 (7).jpg,0,real,train
data/CIFake/train/REAL/3217 (10).jpg,0,real,train
data/CIFake/train/REAL/0484 (10).jpg,0,real,train
data/CIFake/train/REAL/4486 (7).jpg,0,real,train
data/CIFake/train/REAL/3817 (6).jpg,0,real,train
data/CIFake/train/REAL/0089 (7).jpg,0,real,train
data/CIFake/train/REAL/2673 (9).jpg,0,real,train
data/CIFake/train/REAL/3351 (7).jpg,0,real,train
data/CIFake/train/REAL/0092 (8).jpg,0,real,train
data/CIFake/train/REAL/4229.jpg,0,real,train
data/CIFake/train/REAL/3746 (5).jpg,0,real,train
data/CIFake/train/REAL/0235 (3).jpg,0,real,train
data/CIFake/train/REAL/3113 (9).jpg,0,real,train
data/CIFake/train/REAL/4622.jpg,0,real,train
data/CIFake/train/REAL/4840 (8).jpg,0,real,train
data/CIFake/train/REAL/1388 (10).jpg,0,real,train
data/CIFake/train/REAL/3110 (9).jpg,0,real,train
data/CIFake/train/REAL/0176 (8).jpg,0,real,train
data/CIFake/train/REAL/1823 (2).jpg,0,real,train
data/CIFake/train/REAL/4640 (10).jpg,0,real,train
data/CIFake/train/REAL/1859 (9).jpg,0,real,train
data/CIFake/train/REAL/3027 (7).jpg,0,real,train
data/CIFake/train/REAL/4498 (8).jpg,0,real,train
data/CIFake/train/REAL/2868 (9).jpg,0,real,train
data/CIFake/train/REAL/1025 (9).jpg,0,real,train
data/CIFake/train/REAL/1029 (3).jpg,0,real,train
data/CIFake/train/REAL/1567.jpg,0,real,train
data/CIFake/train/REAL/1750.jpg,0,real,train
data/CIFake/train/REAL/0555 (8).jpg,0,real,train
data/CIFake/train/REAL/2994 (6).jpg,0,real,train
data/CIFake/train/REAL/3696 (10).jpg,0,real,train
data/CIFake/train/REAL/1484 (7).jpg,0,real,train
data/CIFake/train/REAL/4224 (9).jpg,0,real,train
data/CIFake/train/REAL/3291 (9).jpg,0,real,train
data/CIFake/train/REAL/0040 (10).jpg,0,real,train
data/CIFake/train/REAL/4282 (5).jpg,0,real,train
data/CIFake/train/REAL/0726 (8).jpg,0,real,train
data/CIFake/train/REAL/1530 (7).jpg,0,real,train
data/CIFake/train/REAL/0494 (10).jpg,0,real,train
data/CIFake/train/REAL/2167 (9).jpg,0,real,train
data/CIFake/train/REAL/2751 (5).jpg,0,real,train
data/CIFake/train/REAL/1980.jpg,0,real,train
data/CIFake/train/REAL/1620 (4).jpg,0,real,train
data/CIFake/train/REAL/2775.jpg,0,real,train
data/CIFake/train/REAL/4166 (10).jpg,0,real,train
data/CIFake/train/REAL/2723 (10).jpg,0,real,train
data/CIFake/train/REAL/2426 (10).jpg,0,real,train
data/CIFake/train/REAL/2001 (4).jpg,0,real,train
data/CIFake/train/REAL/4439 (10).jpg,0,real,train
data/CIFake/train/REAL/0491.jpg,0,real,train
data/CIFake/train/REAL/4856 (10).jpg,0,real,train
data/CIFake/train/REAL/2421 (8).jpg,0,real,train
data/CIFake/train/REAL/1255 (7).jpg,0,real,train
data/CIFake/train/REAL/4745.jpg,0,real,train
data/CIFake/train/REAL/0577 (2).jpg,0,real,train
data/CIFake/train/REAL/3719 (8).jpg,0,real,train
data/CIFake/train/REAL/4195 (3).jpg,0,real,train
data/CIFake/train/REAL/3047 (7).jpg,0,real,train
data/CIFake/train/REAL/3089 (9).jpg,0,real,train
data/CIFake/train/REAL/3181 (3).jpg,0,real,train
data/CIFake/train/REAL/0137 (9).jpg,0,real,train
data/CIFake/train/REAL/0996 (9).jpg,0,real,train
data/CIFake/train/REAL/4117 (3).jpg,0,real,train
data/CIFake/train/REAL/4258 (8).jpg,0,real,train
data/CIFake/train/REAL/2026.jpg,0,real,train
data/CIFake/train/REAL/4217 (2).jpg,0,real,train
data/CIFake/train/REAL/4533 (7).jpg,0,real,train
data/CIFake/train/REAL/1361 (8).jpg,0,real,train
data/CIFake/train/REAL/3907 (5).jpg,0,real,train
data/CIFake/train/REAL/2766 (7).jpg,0,real,train
data/CIFake/train/REAL/2661 (3).jpg,0,real,train
data/CIFake/train/REAL/4546 (10).jpg,0,real,train
data/CIFake/train/REAL/0190 (3).jpg,0,real,train
data/CIFake/train/REAL/0655 (3).jpg,0,real,train
data/CIFake/train/REAL/3042 (7).jpg,0,real,train
data/CIFake/train/REAL/3599 (4).jpg,0,real,train
data/CIFake/train/REAL/1439 (3).jpg,0,real,train
data/CIFake/train/REAL/2044 (5).jpg,0,real,train
data/CIFake/train/REAL/4161 (4).jpg,0,real,train
data/CIFake/train/REAL/4544 (8).jpg,0,real,train
data/CIFake/train/REAL/4685.jpg,0,real,train
data/CIFake/train/REAL/1081 (7).jpg,0,real,train
data/CIFake/train/REAL/2859.jpg,0,real,train
data/CIFake/train/REAL/1247 (9).jpg,0,real,train
data/CIFake/train/REAL/3999 (9).jpg,0,real,train
data/CIFake/train/REAL/1737 (10).jpg,0,real,train
data/CIFake/train/REAL/0208 (3).jpg,0,real,train
data/CIFake/train/REAL/0169 (6).jpg,0,real,train
data/CIFake/train/REAL/3182 (9).jpg,0,real,train
data/CIFake/train/REAL/1854 (7).jpg,0,real,train
data/CIFake/train/REAL/3255 (4).jpg,0,real,train
data/CIFake/train/REAL/3049 (10).jpg,0,real,train
data/CIFake/train/REAL/0505 (8).jpg,0,real,train
data/CIFake/train/REAL/2727 (5).jpg,0,real,train
data/CIFake/train/REAL/2637 (2).jpg,0,real,train
data/CIFake/train/REAL/1532 (4).jpg,0,real,train
data/CIFake/train/REAL/2486 (8).jpg,0,real,train
data/CIFake/train/REAL/4423 (6).jpg,0,real,train
data/CIFake/train/REAL/3334.jpg,0,real,train
data/CIFake/train/REAL/3201 (7).jpg,0,real,train
data/CIFake/train/REAL/3013 (10).jpg,0,real,train
data/CIFake/train/REAL/1677 (6).jpg,0,real,train
data/CIFake/train/REAL/1734 (4).jpg,0,real,train
data/CIFake/train/REAL/1428 (5).jpg,0,real,train
data/CIFake/train/REAL/4097.jpg,0,real,train
data/CIFake/train/REAL/2489 (9).jpg,0,real,train
data/CIFake/train/REAL/1031 (6).jpg,0,real,train
data/CIFake/train/REAL/4006 (10).jpg,0,real,train
data/CIFake/train/REAL/1948 (8).jpg,0,real,train
data/CIFake/train/REAL/3173 (3).jpg,0,real,train
data/CIFake/train/REAL/3927 (8).jpg,0,real,train
data/CIFake/train/REAL/2901 (5).jpg,0,real,train
data/CIFake/train/REAL/2558 (7).jpg,0,real,train
data/CIFake/train/REAL/4230 (4).jpg,0,real,train
data/CIFake/train/REAL/3449 (8).jpg,0,real,train
data/CIFake/train/REAL/3619 (3).jpg,0,real,train
data/CIFake/train/REAL/4015 (10).jpg,0,real,train
data/CIFake/train/REAL/4303.jpg,0,real,train
data/CIFake/train/REAL/3016 (7).jpg,0,real,train
data/CIFake/train/REAL/3012.jpg,0,real,train
data/CIFake/train/REAL/0989 (4).jpg,0,real,train
data/CIFake/train/REAL/2293 (6).jpg,0,real,train
data/CIFake/train/REAL/4148.jpg,0,real,train
data/CIFake/train/REAL/3650 (10).jpg,0,real,train
data/CIFake/train/REAL/3202 (2).jpg,0,real,train
data/CIFake/train/REAL/0644.jpg,0,real,train
data/CIFake/train/REAL/1307.jpg,0,real,train
data/CIFake/train/REAL/0552 (7).jpg,0,real,train
data/CIFake/train/REAL/1245 (8).jpg,0,real,train
data/CIFake/train/REAL/0465 (3).jpg,0,real,train
data/CIFake/train/REAL/4840 (6).jpg,0,real,train
data/CIFake/train/REAL/3477 (4).jpg,0,real,train
data/CIFake/train/REAL/2962 (3).jpg,0,real,train
data/CIFake/train/REAL/3114 (9).jpg,0,real,train
data/CIFake/train/REAL/2973 (10).jpg,0,real,train
data/CIFake/train/REAL/1852 (9).jpg,0,real,train
data/CIFake/train/REAL/4345 (10).jpg,0,real,train
data/CIFake/train/REAL/4740 (6).jpg,0,real,train
data/CIFake/train/REAL/1073 (3).jpg,0,real,train
data/CIFake/train/REAL/1402 (2).jpg,0,real,train
data/CIFake/train/REAL/4560 (8).jpg,0,real,train
data/CIFake/train/REAL/0747 (3).jpg,0,real,train
data/CIFake/train/REAL/2516 (5).jpg,0,real,train
data/CIFake/train/REAL/4149.jpg,0,real,train
data/CIFake/train/REAL/2692 (10).jpg,0,real,train
data/CIFake/train/REAL/2201 (10).jpg,0,real,train
data/CIFake/train/REAL/0051 (3).jpg,0,real,train
data/CIFake/train/REAL/1896.jpg,0,real,train
data/CIFake/train/REAL/2232 (9).jpg,0,real,train
data/CIFake/train/REAL/3212 (6).jpg,0,real,train
data/CIFake/train/REAL/0556 (8).jpg,0,real,train
data/CIFake/train/REAL/1078.jpg,0,real,train
data/CIFake/train/REAL/4212.jpg,0,real,train
data/CIFake/train/REAL/1151 (10).jpg,0,real,train
data/CIFake/train/REAL/4459 (7).jpg,0,real,train
data/CIFake/train/REAL/3101 (6).jpg,0,real,train
data/CIFake/train/REAL/4823 (2).jpg,0,real,train
data/CIFake/train/REAL/2408 (9).jpg,0,real,train
data/CIFake/train/REAL/2150 (4).jpg,0,real,train
data/CIFake/train/REAL/4595 (9).jpg,0,real,train
data/CIFake/train/REAL/3137 (4).jpg,0,real,train
data/CIFake/train/REAL/2196 (7).jpg,0,real,train
data/CIFake/train/REAL/2822 (6).jpg,0,real,train
data/CIFake/train/REAL/0002 (7).jpg,0,real,train
data/CIFake/train/REAL/2626 (6).jpg,0,real,train
data/CIFake/train/REAL/4710 (2).jpg,0,real,train
data/CIFake/train/REAL/2952 (5).jpg,0,real,train
data/CIFake/train/REAL/4119 (9).jpg,0,real,train
data/CIFake/train/REAL/2376 (4).jpg,0,real,train
data/CIFake/train/REAL/0662 (9).jpg,0,real,train
data/CIFake/train/REAL/2033 (5).jpg,0,real,train
data/CIFake/train/REAL/4576 (10).jpg,0,real,train
data/CIFake/train/REAL/3963 (9).jpg,0,real,train
data/CIFake/train/REAL/4180 (6).jpg,0,real,train
data/CIFake/train/REAL/3972 (9).jpg,0,real,train
data/CIFake/train/REAL/3609.jpg,0,real,train
data/CIFake/train/REAL/2217 (6).jpg,0,real,train
data/CIFake/train/REAL/1121 (6).jpg,0,real,train
data/CIFake/train/REAL/4920.jpg,0,real,train
data/CIFake/train/REAL/2480 (8).jpg,0,real,train
data/CIFake/train/REAL/1373 (10).jpg,0,real,train
data/CIFake/train/REAL/0355 (3).jpg,0,real,train
data/CIFake/train/REAL/0507 (8).jpg,0,real,train
data/CIFake/train/REAL/3681 (10).jpg,0,real,train
data/CIFake/train/REAL/3228 (5).jpg,0,real,train
data/CIFake/train/REAL/2153 (3).jpg,0,real,train
data/CIFake/train/REAL/4187 (4).jpg,0,real,train
data/CIFake/train/REAL/3828 (5).jpg,0,real,train
data/CIFake/train/REAL/0901 (6).jpg,0,real,train
data/CIFake/train/REAL/4244 (9).jpg,0,real,train
data/CIFake/train/REAL/2719 (4).jpg,0,real,train
data/CIFake/train/REAL/0399 (5).jpg,0,real,train
data/CIFake/train/REAL/2349 (3).jpg,0,real,train
data/CIFake/train/REAL/0863 (8).jpg,0,real,train
data/CIFake/train/REAL/4997 (2).jpg,0,real,train
data/CIFake/train/REAL/3919 (3).jpg,0,real,train
data/CIFake/train/REAL/0657 (8).jpg,0,real,train
data/CIFake/train/REAL/4922 (7).jpg,0,real,train
data/CIFake/train/REAL/3497 (2).jpg,0,real,train
data/CIFake/train/REAL/0416 (6).jpg,0,real,train
data/CIFake/train/REAL/3676 (4).jpg,0,real,train
data/CIFake/train/REAL/4391 (8).jpg,0,real,train
data/CIFake/train/REAL/4153 (4).jpg,0,real,train
data/CIFake/train/REAL/3315 (4).jpg,0,real,train
data/CIFake/train/REAL/0155 (10).jpg,0,real,train
data/CIFake/train/REAL/0200.jpg,0,real,train
data/CIFake/train/REAL/1257 (3).jpg,0,real,train
data/CIFake/train/REAL/3865 (3).jpg,0,real,train
data/CIFake/train/REAL/0420.jpg,0,real,train
data/CIFake/train/REAL/4528 (7).jpg,0,real,train
data/CIFake/train/REAL/0710 (10).jpg,0,real,train
data/CIFake/train/REAL/2991 (5).jpg,0,real,train
data/CIFake/train/REAL/0619 (4).jpg,0,real,train
data/CIFake/train/REAL/1014 (5).jpg,0,real,train
data/CIFake/train/REAL/4409 (3).jpg,0,real,train
data/CIFake/train/REAL/0611 (3).jpg,0,real,train
data/CIFake/train/REAL/4096 (4).jpg,0,real,train
data/CIFake/train/REAL/0326 (2).jpg,0,real,train
data/CIFake/train/REAL/0433 (8).jpg,0,real,train
data/CIFake/train/REAL/2533 (4).jpg,0,real,train
data/CIFake/train/REAL/0188 (10).jpg,0,real,train
data/CIFake/train/REAL/1404 (10).jpg,0,real,train
data/CIFake/train/REAL/0537 (3).jpg,0,real,train
data/CIFake/train/REAL/0947.jpg,0,real,train
data/CIFake/train/REAL/0367 (8).jpg,0,real,train
data/CIFake/train/REAL/1976 (8).jpg,0,real,train
data/CIFake/train/REAL/4384 (3).jpg,0,real,train
data/CIFake/train/REAL/1001 (5).jpg,0,real,train
data/CIFake/train/REAL/1529 (8).jpg,0,real,train
data/CIFake/train/REAL/0896 (4).jpg,0,real,train
data/CIFake/train/REAL/1418 (10).jpg,0,real,train
data/CIFake/train/REAL/0393 (10).jpg,0,real,train
data/CIFake/train/REAL/3121 (2).jpg,0,real,train
data/CIFake/train/REAL/0954 (10).jpg,0,real,train
data/CIFake/train/REAL/0698 (6).jpg,0,real,train
data/CIFake/train/REAL/0205 (9).jpg,0,real,train
data/CIFake/train/REAL/4599 (2).jpg,0,real,train
data/CIFake/train/REAL/3342 (10).jpg,0,real,train
data/CIFake/train/REAL/3708 (9).jpg,0,real,train
data/CIFake/train/REAL/4393.jpg,0,real,train
data/CIFake/train/REAL/4908 (4).jpg,0,real,train
data/CIFake/train/REAL/0899 (4).jpg,0,real,train
data/CIFake/train/REAL/0297 (2).jpg,0,real,train
data/CIFake/train/REAL/4254 (9).jpg,0,real,train
data/CIFake/train/REAL/0597 (9).jpg,0,real,train
data/CIFake/train/REAL/0845 (10).jpg,0,real,train
data/CIFake/train/REAL/2807 (8).jpg,0,real,train
data/CIFake/train/REAL/4732 (4).jpg,0,real,train
data/CIFake/train/REAL/2818 (6).jpg,0,real,train
data/CIFake/train/REAL/3533.jpg,0,real,train
data/CIFake/train/REAL/0685 (6).jpg,0,real,train
data/CIFake/train/REAL/1812 (10).jpg,0,real,train
data/CIFake/train/REAL/2582 (3).jpg,0,real,train
data/CIFake/train/REAL/3176 (7).jpg,0,real,train
data/CIFake/train/REAL/1233 (7).jpg,0,real,train
data/CIFake/train/REAL/1788 (8).jpg,0,real,train
data/CIFake/train/REAL/1670 (5).jpg,0,real,train
data/CIFake/train/REAL/0776 (3).jpg,0,real,train
data/CIFake/train/REAL/4067 (6).jpg,0,real,train
data/CIFake/train/REAL/4137 (9).jpg,0,real,train
data/CIFake/train/REAL/3560 (10).jpg,0,real,train
data/CIFake/train/REAL/1443 (3).jpg,0,real,train
data/CIFake/train/REAL/4030 (6).jpg,0,real,train
data/CIFake/train/REAL/3617 (6).jpg,0,real,train
data/CIFake/train/REAL/2856 (3).jpg,0,real,train
data/CIFake/train/REAL/3328 (2).jpg,0,real,train
data/CIFake/train/REAL/1962 (6).jpg,0,real,train
data/CIFake/train/REAL/3652 (5).jpg,0,real,train
data/CIFake/train/REAL/2131 (2).jpg,0,real,train
data/CIFake/train/REAL/4060 (3).jpg,0,real,train
data/CIFake/train/REAL/0384 (3).jpg,0,real,train
data/CIFake/train/REAL/3378 (10).jpg,0,real,train
data/CIFake/train/REAL/1991 (5).jpg,0,real,train
data/CIFake/train/REAL/4956 (3).jpg,0,real,train
data/CIFake/train/REAL/2184 (4).jpg,0,real,train
data/CIFake/train/REAL/4895 (7).jpg,0,real,train
data/CIFake/train/REAL/4422 (7).jpg,0,real,train
data/CIFake/train/REAL/2168 (5).jpg,0,real,train
data/CIFake/train/REAL/0143 (8).jpg,0,real,train
data/CIFake/train/REAL/3394 (5).jpg,0,real,train
data/CIFake/train/REAL/4235 (9).jpg,0,real,train
data/CIFake/train/REAL/3280 (7).jpg,0,real,train
data/CIFake/train/REAL/4525.jpg,0,real,train
data/CIFake/train/REAL/3998 (3).jpg,0,real,train
data/CIFake/train/REAL/3480 (8).jpg,0,real,train
data/CIFake/train/REAL/4351 (4).jpg,0,real,train
data/CIFake/train/REAL/3908 (7).jpg,0,real,train
data/CIFake/train/REAL/4318 (8).jpg,0,real,train
data/CIFake/train/REAL/4638.jpg,0,real,train
data/CIFake/train/REAL/1033 (9).jpg,0,real,train
data/CIFake/train/REAL/0994 (4).jpg,0,real,train
data/CIFake/train/REAL/1934 (3).jpg,0,real,train
data/CIFake/train/REAL/2484 (8).jpg,0,real,train
data/CIFake/train/REAL/0242 (7).jpg,0,real,train
data/CIFake/train/REAL/3312 (3).jpg,0,real,train
data/CIFake/train/REAL/1984 (6).jpg,0,real,train
data/CIFake/train/REAL/0809.jpg,0,real,train
data/CIFake/train/REAL/1739 (8).jpg,0,real,train
data/CIFake/train/REAL/2632 (10).jpg,0,real,train
data/CIFake/train/REAL/3909 (7).jpg,0,real,train
data/CIFake/train/REAL/0419 (7).jpg,0,real,train
data/CIFake/train/REAL/4310 (10).jpg,0,real,train
data/CIFake/train/REAL/2737 (4).jpg,0,real,train
data/CIFake/train/REAL/1733 (8).jpg,0,real,train
data/CIFake/train/REAL/3856.jpg,0,real,train
data/CIFake/train/REAL/4389 (2).jpg,0,real,train
data/CIFake/train/REAL/1547 (4).jpg,0,real,train
data/CIFake/train/REAL/0284 (8).jpg,0,real,train
data/CIFake/train/REAL/2614 (9).jpg,0,real,train
data/CIFake/train/REAL/1491 (6).jpg,0,real,train
data/CIFake/train/REAL/1968 (2).jpg,0,real,train
data/CIFake/train/REAL/0937.jpg,0,real,train
data/CIFake/train/REAL/1598.jpg,0,real,train
data/CIFake/train/REAL/2817 (5).jpg,0,real,train
data/CIFake/train/REAL/0836 (5).jpg,0,real,train
data/CIFake/train/REAL/4585 (8).jpg,0,real,train
data/CIFake/train/REAL/2034 (3).jpg,0,real,train
data/CIFake/train/REAL/4128.jpg,0,real,train
data/CIFake/train/REAL/3467 (7).jpg,0,real,train
data/CIFake/train/REAL/1130 (9).jpg,0,real,train
data/CIFake/train/REAL/4311 (2).jpg,0,real,train
data/CIFake/train/REAL/4212 (4).jpg,0,real,train
data/CIFake/train/REAL/0177 (7).jpg,0,real,train
data/CIFake/train/REAL/2650 (3).jpg,0,real,train
data/CIFake/train/REAL/4320 (10).jpg,0,real,train
data/CIFake/train/REAL/4938 (6).jpg,0,real,train
data/CIFake/train/REAL/3747 (4).jpg,0,real,train
data/CIFake/train/REAL/1260 (2).jpg,0,real,train
data/CIFake/train/REAL/4098 (7).jpg,0,real,train
data/CIFake/train/REAL/3535 (2).jpg,0,real,train
data/CIFake/train/REAL/3182 (8).jpg,0,real,train
data/CIFake/train/REAL/3063 (10).jpg,0,real,train
data/CIFake/train/REAL/1114 (10).jpg,0,real,train
data/CIFake/train/REAL/0481 (7).jpg,0,real,train
data/CIFake/train/REAL/2663 (3).jpg,0,real,train
data/CIFake/train/REAL/2372 (4).jpg,0,real,train
data/CIFake/train/REAL/0464 (4).jpg,0,real,train
data/CIFake/train/REAL/1493 (6).jpg,0,real,train
data/CIFake/train/REAL/4595 (3).jpg,0,real,train
data/CIFake/train/REAL/0827 (10).jpg,0,real,train
data/CIFake/train/REAL/4951 (8).jpg,0,real,train
data/CIFake/train/REAL/2085 (3).jpg,0,real,train
data/CIFake/train/REAL/2223 (7).jpg,0,real,train
data/CIFake/train/REAL/4053 (6).jpg,0,real,train
data/CIFake/train/REAL/1738 (10).jpg,0,real,train
data/CIFake/train/REAL/4462 (10).jpg,0,real,train
data/CIFake/train/REAL/3842.jpg,0,real,train
data/CIFake/train/REAL/1409 (9).jpg,0,real,train
data/CIFake/train/REAL/0213.jpg,0,real,train
data/CIFake/train/REAL/2202 (9).jpg,0,real,train
data/CIFake/train/REAL/1591 (6).jpg,0,real,train
data/CIFake/train/REAL/4548 (3).jpg,0,real,train
data/CIFake/train/REAL/0321 (5).jpg,0,real,train
data/CIFake/train/REAL/2521 (7).jpg,0,real,train
data/CIFake/train/REAL/2062 (3).jpg,0,real,train
data/CIFake/train/REAL/3189 (2).jpg,0,real,train
data/CIFake/train/REAL/2125 (9).jpg,0,real,train
data/CIFake/train/REAL/2826 (6).jpg,0,real,train
data/CIFake/train/REAL/3195 (3).jpg,0,real,train
data/CIFake/train/REAL/2182 (8).jpg,0,real,train
data/CIFake/train/REAL/1452 (10).jpg,0,real,train
data/CIFake/train/REAL/2746 (8).jpg,0,real,train
data/CIFake/train/REAL/1749 (7).jpg,0,real,train
data/CIFake/train/REAL/3216 (7).jpg,0,real,train
data/CIFake/train/REAL/3827 (9).jpg,0,real,train
data/CIFake/train/REAL/4841 (7).jpg,0,real,train
data/CIFake/train/REAL/0866 (2).jpg,0,real,train
data/CIFake/train/REAL/0383 (3).jpg,0,real,train
data/CIFake/train/REAL/1758.jpg,0,real,train
data/CIFake/train/REAL/2675 (9).jpg,0,real,train
data/CIFake/train/REAL/2984 (2).jpg,0,real,train
data/CIFake/train/REAL/4232.jpg,0,real,train
data/CIFake/train/REAL/0160 (10).jpg,0,real,train
data/CIFake/train/REAL/4427 (8).jpg,0,real,train
data/CIFake/train/REAL/2993.jpg,0,real,train
data/CIFake/train/REAL/4713 (9).jpg,0,real,train
data/CIFake/train/REAL/0750 (8).jpg,0,real,train
data/CIFake/train/REAL/1040 (4).jpg,0,real,train
data/CIFake/train/REAL/3653 (10).jpg,0,real,train
data/CIFake/train/REAL/2111 (9).jpg,0,real,train
data/CIFake/train/REAL/1189 (5).jpg,0,real,train
data/CIFake/train/REAL/3896 (3).jpg,0,real,train
data/CIFake/train/REAL/1825 (7).jpg,0,real,train
data/CIFake/train/REAL/2472 (10).jpg,0,real,train
data/CIFake/train/REAL/3734 (6).jpg,0,real,train
data/CIFake/train/REAL/4458 (4).jpg,0,real,train
data/CIFake/train/REAL/2854 (6).jpg,0,real,train
data/CIFake/train/REAL/3797 (7).jpg,0,real,train
data/CIFake/train/REAL/2229 (4).jpg,0,real,train
data/CIFake/train/REAL/2193 (2).jpg,0,real,train
data/CIFake/train/REAL/3778 (8).jpg,0,real,train
data/CIFake/train/REAL/4333 (2).jpg,0,real,train
data/CIFake/train/REAL/4781 (6).jpg,0,real,train
data/CIFake/train/REAL/4078 (10).jpg,0,real,train
data/CIFake/train/REAL/3424 (8).jpg,0,real,train
data/CIFake/train/REAL/1786 (10).jpg,0,real,train
data/CIFake/train/REAL/4052 (9).jpg,0,real,train
data/CIFake/train/REAL/4693 (7).jpg,0,real,train
data/CIFake/train/REAL/1536 (8).jpg,0,real,train
data/CIFake/train/REAL/0263 (9).jpg,0,real,train
data/CIFake/train/REAL/0066 (6).jpg,0,real,train
data/CIFake/train/REAL/1390 (10).jpg,0,real,train
data/CIFake/train/REAL/0168 (3).jpg,0,real,train
data/CIFake/train/REAL/2230 (5).jpg,0,real,train
data/CIFake/train/REAL/4349 (10).jpg,0,real,train
data/CIFake/train/REAL/4358 (9).jpg,0,real,train
data/CIFake/train/REAL/1500 (4).jpg,0,real,train
data/CIFake/train/REAL/4395 (10).jpg,0,real,train
data/CIFake/train/REAL/2949 (6).jpg,0,real,train
data/CIFake/train/REAL/3582 (2).jpg,0,real,train
data/CIFake/train/REAL/2033 (2).jpg,0,real,train
data/CIFake/train/REAL/0430 (5).jpg,0,real,train
data/CIFake/train/REAL/2813 (4).jpg,0,real,train
data/CIFake/train/REAL/4438 (9).jpg,0,real,train
data/CIFake/train/REAL/2072 (10).jpg,0,real,train
data/CIFake/train/REAL/3994 (4).jpg,0,real,train
data/CIFake/train/REAL/0948 (3).jpg,0,real,train
data/CIFake/train/REAL/1525 (7).jpg,0,real,train
data/CIFake/train/REAL/1825 (9).jpg,0,real,train
data/CIFake/train/REAL/1175.jpg,0,real,train
data/CIFake/train/REAL/3083 (5).jpg,0,real,train
data/CIFake/train/REAL/2304 (6).jpg,0,real,train
data/CIFake/train/REAL/0750 (7).jpg,0,real,train
data/CIFake/train/REAL/1270 (8).jpg,0,real,train
data/CIFake/train/REAL/4127 (3).jpg,0,real,train
data/CIFake/train/REAL/4506 (5).jpg,0,real,train
data/CIFake/train/REAL/4392 (10).jpg,0,real,train
data/CIFake/train/REAL/0431.jpg,0,real,train
data/CIFake/train/REAL/2961 (7).jpg,0,real,train
data/CIFake/train/REAL/0754 (9).jpg,0,real,train
data/CIFake/train/REAL/4610 (8).jpg,0,real,train
data/CIFake/train/REAL/4290 (7).jpg,0,real,train
data/CIFake/train/REAL/0661.jpg,0,real,train
data/CIFake/train/REAL/4606 (3).jpg,0,real,train
data/CIFake/train/REAL/3238 (3).jpg,0,real,train
data/CIFake/train/REAL/4594 (6).jpg,0,real,train
data/CIFake/train/REAL/3678.jpg,0,real,train
data/CIFake/train/REAL/0635 (3).jpg,0,real,train
data/CIFake/train/REAL/2692 (3).jpg,0,real,train
data/CIFake/train/REAL/2747 (5).jpg,0,real,train
data/CIFake/train/REAL/4485 (3).jpg,0,real,train
data/CIFake/train/REAL/0827 (6).jpg,0,real,train
data/CIFake/train/REAL/0754 (8).jpg,0,real,train
data/CIFake/train/REAL/4523 (10).jpg,0,real,train
data/CIFake/train/REAL/2391 (2).jpg,0,real,train
data/CIFake/train/REAL/0529 (5).jpg,0,real,train
data/CIFake/train/REAL/1790.jpg,0,real,train
data/CIFake/train/REAL/1217 (9).jpg,0,real,train
data/CIFake/train/REAL/1600 (4).jpg,0,real,train
data/CIFake/train/REAL/4725 (6).jpg,0,real,train
data/CIFake/train/REAL/1872 (6).jpg,0,real,train
data/CIFake/train/REAL/3836 (10).jpg,0,real,train
data/CIFake/train/REAL/0128 (10).jpg,0,real,train
data/CIFake/train/REAL/0467.jpg,0,real,train
data/CIFake/train/REAL/2667 (8).jpg,0,real,train
data/CIFake/train/REAL/1698 (7).jpg,0,real,train
data/CIFake/train/REAL/0168.jpg,0,real,train
data/CIFake/train/REAL/2914 (4).jpg,0,real,train
data/CIFake/train/REAL/3266 (2).jpg,0,real,train
data/CIFake/train/REAL/3417 (4).jpg,0,real,train
data/CIFake/train/REAL/4984 (7).jpg,0,real,train
data/CIFake/train/REAL/3197 (9).jpg,0,real,train
data/CIFake/train/REAL/2894.jpg,0,real,train
data/CIFake/train/REAL/4523 (9).jpg,0,real,train
data/CIFake/train/REAL/4827 (2).jpg,0,real,train
data/CIFake/train/REAL/4629 (6).jpg,0,real,train
data/CIFake/train/REAL/0693 (8).jpg,0,real,train
data/CIFake/train/REAL/3967 (8).jpg,0,real,train
data/CIFake/train/REAL/3527 (3).jpg,0,real,train
data/CIFake/train/REAL/2300.jpg,0,real,train
data/CIFake/train/REAL/0825 (3).jpg,0,real,train
data/CIFake/train/REAL/0454.jpg,0,real,train
data/CIFake/train/REAL/3025 (8).jpg,0,real,train
data/CIFake/train/REAL/4942.jpg,0,real,train
data/CIFake/train/REAL/4613 (10).jpg,0,real,train
data/CIFake/train/REAL/2774 (9).jpg,0,real,train
data/CIFake/train/REAL/3911 (2).jpg,0,real,train
data/CIFake/train/REAL/2321 (10).jpg,0,real,train
data/CIFake/train/REAL/1563 (4).jpg,0,real,train
data/CIFake/train/REAL/1821 (10).jpg,0,real,train
data/CIFake/train/REAL/3247 (2).jpg,0,real,train
data/CIFake/train/REAL/2371 (5).jpg,0,real,train
data/CIFake/train/REAL/3477 (10).jpg,0,real,train
data/CIFake/train/REAL/1571.jpg,0,real,train
data/CIFake/train/REAL/4269 (8).jpg,0,real,train
data/CIFake/train/REAL/3730 (4).jpg,0,real,train
data/CIFake/train/REAL/1437 (4).jpg,0,real,train
data/CIFake/train/REAL/1438 (10).jpg,0,real,train
data/CIFake/train/REAL/0932 (2).jpg,0,real,train
data/CIFake/train/REAL/0021 (3).jpg,0,real,train
data/CIFake/train/REAL/4313 (8).jpg,0,real,train
data/CIFake/train/REAL/2499 (4).jpg,0,real,train
data/CIFake/train/REAL/2059 (10).jpg,0,real,train
data/CIFake/train/REAL/2841 (2).jpg,0,real,train
data/CIFake/train/REAL/2184 (8).jpg,0,real,train
data/CIFake/train/REAL/1175 (5).jpg,0,real,train
data/CIFake/train/REAL/3772 (9).jpg,0,real,train
data/CIFake/train/REAL/2885 (6).jpg,0,real,train
data/CIFake/train/REAL/4859 (9).jpg,0,real,train
data/CIFake/train/REAL/4918 (4).jpg,0,real,train
data/CIFake/train/REAL/1377 (5).jpg,0,real,train
data/CIFake/train/REAL/1629 (6).jpg,0,real,train
data/CIFake/train/REAL/0916 (10).jpg,0,real,train
data/CIFake/train/REAL/2698 (3).jpg,0,real,train
data/CIFake/train/REAL/1568 (3).jpg,0,real,train
data/CIFake/train/REAL/4607 (10).jpg,0,real,train
data/CIFake/train/REAL/1883 (4).jpg,0,real,train
data/CIFake/train/REAL/3861 (9).jpg,0,real,train
data/CIFake/train/REAL/3956 (5).jpg,0,real,train
data/CIFake/train/REAL/4324.jpg,0,real,train
data/CIFake/train/REAL/2810 (4).jpg,0,real,train
data/CIFake/train/REAL/0929 (8).jpg,0,real,train
data/CIFake/train/REAL/3040 (6).jpg,0,real,train
data/CIFake/train/REAL/4882 (4).jpg,0,real,train
data/CIFake/train/REAL/2305 (7).jpg,0,real,train
data/CIFake/train/REAL/2604.jpg,0,real,train
data/CIFake/train/REAL/2959 (4).jpg,0,real,train
data/CIFake/train/REAL/0301 (5).jpg,0,real,train
data/CIFake/train/REAL/2854 (10).jpg,0,real,train
data/CIFake/train/REAL/1064.jpg,0,real,train
data/CIFake/train/REAL/1070 (9).jpg,0,real,train
data/CIFake/train/REAL/0047 (2).jpg,0,real,train
data/CIFake/train/REAL/4148 (10).jpg,0,real,train
data/CIFake/train/REAL/4491.jpg,0,real,train
data/CIFake/train/REAL/1972 (4).jpg,0,real,train
data/CIFake/train/REAL/4496 (5).jpg,0,real,train
data/CIFake/train/REAL/4783 (7).jpg,0,real,train
data/CIFake/train/REAL/3526.jpg,0,real,train
data/CIFake/train/REAL/4445 (9).jpg,0,real,train
data/CIFake/train/REAL/4621 (8).jpg,0,real,train
data/CIFake/train/REAL/3849 (2).jpg,0,real,train
data/CIFake/train/REAL/3080 (3).jpg,0,real,train
data/CIFake/train/REAL/2904 (2).jpg,0,real,train
data/CIFake/train/REAL/2292 (6).jpg,0,real,train
data/CIFake/train/REAL/1645 (8).jpg,0,real,train
data/CIFake/train/REAL/2619 (4).jpg,0,real,train
data/CIFake/train/REAL/4575 (4).jpg,0,real,train
data/CIFake/train/REAL/4723 (4).jpg,0,real,train
data/CIFake/train/REAL/4115 (4).jpg,0,real,train
data/CIFake/train/REAL/4434 (9).jpg,0,real,train
data/CIFake/train/REAL/0653 (5).jpg,0,real,train
data/CIFake/train/REAL/0609 (9).jpg,0,real,train
data/CIFake/train/REAL/4577 (6).jpg,0,real,train
data/CIFake/train/REAL/4409 (5).jpg,0,real,train
data/CIFake/train/REAL/3859 (2).jpg,0,real,train
data/CIFake/train/REAL/0355 (10).jpg,0,real,train
data/CIFake/train/REAL/3186 (9).jpg,0,real,train
data/CIFake/train/REAL/3069 (3).jpg,0,real,train
data/CIFake/train/REAL/1490 (9).jpg,0,real,train
data/CIFake/train/REAL/1182 (4).jpg,0,real,train
data/CIFake/train/REAL/1800 (2).jpg,0,real,train
data/CIFake/train/REAL/1140 (6).jpg,0,real,train
data/CIFake/train/REAL/2971 (5).jpg,0,real,train
data/CIFake/train/REAL/2694 (2).jpg,0,real,train
data/CIFake/train/REAL/0918 (7).jpg,0,real,train
data/CIFake/train/REAL/4265 (9).jpg,0,real,train
data/CIFake/train/REAL/3175 (9).jpg,0,real,train
data/CIFake/train/REAL/1521 (7).jpg,0,real,train
data/CIFake/train/REAL/0414 (3).jpg,0,real,train
data/CIFake/train/REAL/4889 (8).jpg,0,real,train
data/CIFake/train/REAL/2015 (4).jpg,0,real,train
data/CIFake/train/REAL/1152 (7).jpg,0,real,train
data/CIFake/train/REAL/0818 (10).jpg,0,real,train
data/CIFake/train/REAL/0063 (4).jpg,0,real,train
data/CIFake/train/REAL/1704.jpg,0,real,train
data/CIFake/train/REAL/1748 (7).jpg,0,real,train
data/CIFake/train/REAL/4271 (4).jpg,0,real,train
data/CIFake/train/REAL/3669 (3).jpg,0,real,train
data/CIFake/train/REAL/1190.jpg,0,real,train
data/CIFake/train/REAL/3995 (3).jpg,0,real,train
data/CIFake/train/REAL/3970 (8).jpg,0,real,train
data/CIFake/train/REAL/0210 (4).jpg,0,real,train
data/CIFake/train/REAL/0082.jpg,0,real,train
data/CIFake/train/REAL/4782 (4).jpg,0,real,train
data/CIFake/train/REAL/0408 (10).jpg,0,real,train
data/CIFake/train/REAL/4050.jpg,0,real,train
data/CIFake/train/REAL/1594 (6).jpg,0,real,train
data/CIFake/train/REAL/2160 (7).jpg,0,real,train
data/CIFake/train/REAL/2895 (7).jpg,0,real,train
data/CIFake/train/REAL/3699 (5).jpg,0,real,train
data/CIFake/train/REAL/3327 (10).jpg,0,real,train
data/CIFake/train/REAL/1832 (8).jpg,0,real,train
data/CIFake/train/REAL/4605 (3).jpg,0,real,train
data/CIFake/train/REAL/1202 (6).jpg,0,real,train
data/CIFake/train/REAL/1517 (10).jpg,0,real,train
data/CIFake/train/REAL/1160.jpg,0,real,train
data/CIFake/train/REAL/1452 (3).jpg,0,real,train
data/CIFake/train/REAL/4830 (3).jpg,0,real,train
data/CIFake/train/REAL/2981.jpg,0,real,train
data/CIFake/train/REAL/2758 (9).jpg,0,real,train
data/CIFake/train/REAL/1923 (5).jpg,0,real,train
data/CIFake/train/REAL/4391 (7).jpg,0,real,train
data/CIFake/train/REAL/0441 (8).jpg,0,real,train
data/CIFake/train/REAL/2778 (9).jpg,0,real,train
data/CIFake/train/REAL/2975 (6).jpg,0,real,train
data/CIFake/train/REAL/0344 (8).jpg,0,real,train
data/CIFake/train/REAL/0164 (10).jpg,0,real,train
data/CIFake/train/REAL/3184.jpg,0,real,train
data/CIFake/train/REAL/2952 (6).jpg,0,real,train
data/CIFake/train/REAL/1888 (9).jpg,0,real,train
data/CIFake/train/REAL/0550 (2).jpg,0,real,train
data/CIFake/train/REAL/2602 (3).jpg,0,real,train
data/CIFake/train/REAL/0672 (4).jpg,0,real,train
data/CIFake/train/REAL/2456 (6).jpg,0,real,train
data/CIFake/train/REAL/2125 (3).jpg,0,real,train
data/CIFake/train/REAL/1460.jpg,0,real,train
data/CIFake/train/REAL/4378 (2).jpg,0,real,train
data/CIFake/train/REAL/4778 (10).jpg,0,real,train
data/CIFake/train/REAL/1565 (10).jpg,0,real,train
data/CIFake/train/REAL/1000 (4).jpg,0,real,train
data/CIFake/train/REAL/1867 (7).jpg,0,real,train
data/CIFake/train/REAL/3325 (4).jpg,0,real,train
data/CIFake/train/REAL/4565 (2).jpg,0,real,train
data/CIFake/train/REAL/4635 (5).jpg,0,real,train
data/CIFake/train/REAL/0814.jpg,0,real,train
data/CIFake/train/REAL/4850 (3).jpg,0,real,train
data/CIFake/train/REAL/0127 (10).jpg,0,real,train
data/CIFake/train/REAL/2906.jpg,0,real,train
data/CIFake/train/REAL/4569 (3).jpg,0,real,train
data/CIFake/train/REAL/1451.jpg,0,real,train
data/CIFake/train/REAL/1262 (2).jpg,0,real,train
data/CIFake/train/REAL/1252 (2).jpg,0,real,train
data/CIFake/train/REAL/0858 (7).jpg,0,real,train
data/CIFake/train/REAL/4242 (2).jpg,0,real,train
data/CIFake/train/REAL/4724 (7).jpg,0,real,train
data/CIFake/train/REAL/3500 (5).jpg,0,real,train
data/CIFake/train/REAL/3689 (7).jpg,0,real,train
data/CIFake/train/REAL/4307.jpg,0,real,train
data/CIFake/train/REAL/4975 (2).jpg,0,real,train
data/CIFake/train/REAL/4982 (10).jpg,0,real,train
data/CIFake/train/REAL/4667 (2).jpg,0,real,train
data/CIFake/train/REAL/2024 (2).jpg,0,real,train
data/CIFake/train/REAL/2984 (7).jpg,0,real,train
data/CIFake/train/REAL/1160 (4).jpg,0,real,train
data/CIFake/train/REAL/0261 (3).jpg,0,real,train
data/CIFake/train/REAL/4370 (9).jpg,0,real,train
data/CIFake/train/REAL/1928 (4).jpg,0,real,train
data/CIFake/train/REAL/3593 (8).jpg,0,real,train
data/CIFake/train/REAL/3632 (10).jpg,0,real,train
data/CIFake/train/REAL/0018 (6).jpg,0,real,train
data/CIFake/train/REAL/4357 (7).jpg,0,real,train
data/CIFake/train/REAL/4273 (10).jpg,0,real,train
data/CIFake/train/REAL/4968 (8).jpg,0,real,train
data/CIFake/train/REAL/1012 (9).jpg,0,real,train
data/CIFake/train/REAL/0243 (9).jpg,0,real,train
data/CIFake/train/REAL/4069 (10).jpg,0,real,train
data/CIFake/train/REAL/4450 (9).jpg,0,real,train
data/CIFake/train/REAL/3491 (4).jpg,0,real,train
data/CIFake/train/REAL/4246.jpg,0,real,train
data/CIFake/train/REAL/3906.jpg,0,real,train
data/CIFake/train/REAL/0761 (10).jpg,0,real,train
data/CIFake/train/REAL/1944 (6).jpg,0,real,train
data/CIFake/train/REAL/3947 (9).jpg,0,real,train
data/CIFake/train/REAL/3680 (5).jpg,0,real,train
data/CIFake/train/REAL/4419 (5).jpg,0,real,train
data/CIFake/train/REAL/4318 (2).jpg,0,real,train
data/CIFake/train/REAL/1078 (4).jpg,0,real,train
data/CIFake/train/REAL/4996 (6).jpg,0,real,train
data/CIFake/train/REAL/0260 (5).jpg,0,real,train
data/CIFake/train/REAL/4787 (5).jpg,0,real,train
data/CIFake/train/REAL/1549 (2).jpg,0,real,train
data/CIFake/train/REAL/2979.jpg,0,real,train
data/CIFake/train/REAL/3208.jpg,0,real,train
data/CIFake/train/REAL/3742 (4).jpg,0,real,train
data/CIFake/train/REAL/0944 (8).jpg,0,real,train
data/CIFake/train/REAL/2372 (7).jpg,0,real,train
data/CIFake/train/REAL/0122 (9).jpg,0,real,train
data/CIFake/train/REAL/1799 (7).jpg,0,real,train
data/CIFake/train/REAL/1305 (6).jpg,0,real,train
data/CIFake/train/FAKE/2973 (4).jpg,1,sd14_cifake,val
data/CIFake/train/FAKE/4803 (2).jpg,1,sd14_cifake,val
data/CIFake/train/FAKE/3348 (10).jpg,1,sd14_cifake,val
data/CIFake/train/FAKE/4428 (5).jpg,1,sd14_cifake,val
data/CIFake/train/FAKE/3755 (7).jpg,1,sd14_cifake,val
data/CIFake/train/FAKE/1204 (5).jpg,1,sd14_cifake,val
data/CIFake/train/FAKE/4824 (6).jpg,1,sd14_cifake,val
data/CIFake/train/FAKE/2321 (7).jpg,1,sd14_cifake,val
data/CIFake/train/FAKE/3168 (6).jpg,1,sd14_cifake,val
data/CIFake/train/FAKE/3683 (8).jpg,1,sd14_cifake,val
data/CIFake/train/FAKE/5766 (3).jpg,1,sd14_cifake,val
data/CIFake/train/FAKE/2099 (2).jpg,1,sd14_cifake,val
data/CIFake/train/FAKE/5241 (5).jpg,1,sd14_cifake,val
data/CIFake/train/FAKE/5610 (2).jpg,1,sd14_cifake,val
data/CIFake/train/FAKE/5401 (7).jpg,1,sd14_cifake,val
data/CIFake/train/FAKE/1692 (5).jpg,1,sd14_cifake,val
data/CIFake/train/FAKE/1466 (8).jpg,1,sd14_cifake,val
data/CIFake/train/FAKE/2927 (10).jpg,1,sd14_cifake,val
data/CIFake/train/FAKE/3650 (3).jpg,1,sd14_cifake,val
data/CIFake/train/FAKE/2482 (8).jpg,1,sd14_cifake,val
data/CIFake/train/FAKE/4590 (2).jpg,1,sd14_cifake,val
data/CIFake/train/FAKE/4827 (3).jpg,1,sd14_cifake,val
data/CIFake/train/FAKE/5865 (5).jpg,1,sd14_cifake,val
data/CIFake/train/FAKE/4755 (5).jpg,1,sd14_cifake,val
data/CIFake/train/FAKE/1638 (6).jpg,1,sd14_cifake,val
data/CIFake/train/FAKE/1298 (3).jpg,1,sd14_cifake,val
data/CIFake/train/FAKE/4425 (8).jpg,1,sd14_cifake,val
data/CIFake/train/FAKE/2094 (6).jpg,1,sd14_cifake,val
data/CIFake/train/FAKE/2923.jpg,1,sd14_cifake,val
data/CIFake/train/FAKE/1751 (9).jpg,1,sd14_cifake,val
data/CIFake/train/FAKE/1856 (7).jpg,1,sd14_cifake,val
data/CIFake/train/FAKE/2067 (7).jpg,1,sd14_cifake,val
data/CIFake/train/FAKE/4975 (2).jpg,1,sd14_cifake,val
data/CIFake/train/FAKE/2463 (7).jpg,1,sd14_cifake,val
data/CIFake/train/FAKE/2054 (9).jpg,1,sd14_cifake,val
data/CIFake/train/FAKE/5211 (7).jpg,1,sd14_cifake,val
data/CIFake/train/FAKE/2198 (5).jpg,1,sd14_cifake,val
data/CIFake/train/FAKE/3175 (10).jpg,1,sd14_cifake,val
data/CIFake/train/FAKE/4469 (7).jpg,1,sd14_cifake,val
data/CIFake/train/FAKE/4214 (9).jpg,1,sd14_cifake,val
data/CIFake/train/FAKE/5051.jpg,1,sd14_cifake,val
data/CIFake/train/FAKE/5389 (9).jpg,1,sd14_cifake,val
data/CIFake/train/FAKE/5260 (5).jpg,1,sd14_cifake,val
data/CIFake/train/FAKE/5988 (6).jpg,1,sd14_cifake,val
data/CIFake/train/FAKE/3918 (7).jpg,1,sd14_cifake,val
data/CIFake/train/FAKE/1743 (10).jpg,1,sd14_cifake,val
data/CIFake/train/FAKE/3923 (6).jpg,1,sd14_cifake,val
data/CIFake/train/FAKE/2360 (8).jpg,1,sd14_cifake,val
data/CIFake/train/FAKE/5667 (5).jpg,1,sd14_cifake,val
data/CIFake/train/FAKE/5347 (4).jpg,1,sd14_cifake,val
data/CIFake/train/FAKE/5985 (9).jpg,1,sd14_cifake,val
data/CIFake/train/FAKE/4143 (7).jpg,1,sd14_cifake,val
data/CIFake/train/FAKE/5178 (8).jpg,1,sd14_cifake,val
data/CIFake/train/FAKE/1505 (3).jpg,1,sd14_cifake,val
data/CIFake/train/FAKE/4578 (5).jpg,1,sd14_cifake,val
data/CIFake/train/FAKE/2328 (5).jpg,1,sd14_cifake,val
data/CIFake/train/FAKE/5663 (9).jpg,1,sd14_cifake,val
data/CIFake/train/FAKE/5846 (4).jpg,1,sd14_cifake,val
data/CIFake/train/FAKE/2424 (4).jpg,1,sd14_cifake,val
data/CIFake/train/FAKE/1537 (3).jpg,1,sd14_cifake,val
data/CIFake/train/FAKE/3270 (4).jpg,1,sd14_cifake,val
data/CIFake/train/FAKE/4307 (2).jpg,1,sd14_cifake,val
data/CIFake/train/FAKE/1227 (6).jpg,1,sd14_cifake,val
data/CIFake/train/FAKE/5021.jpg,1,sd14_cifake,val
data/CIFake/train/FAKE/5968.jpg,1,sd14_cifake,val
data/CIFake/train/FAKE/1354 (4).jpg,1,sd14_cifake,val
data/CIFake/train/FAKE/2763 (5).jpg,1,sd14_cifake,val
data/CIFake/train/FAKE/1218.jpg,1,sd14_cifake,val
data/CIFake/train/FAKE/1775 (4).jpg,1,sd14_cifake,val
data/CIFake/train/FAKE/5858 (8).jpg,1,sd14_cifake,val
data/CIFake/train/FAKE/4840 (6).jpg,1,sd14_cifake,val
data/CIFake/train/FAKE/2128 (6).jpg,1,sd14_cifake,val
data/CIFake/train/FAKE/2397 (10).jpg,1,sd14_cifake,val
data/CIFake/train/FAKE/2905.jpg,1,sd14_cifake,val
data/CIFake/train/FAKE/5188 (5).jpg,1,sd14_cifake,val
data/CIFake/train/FAKE/1877 (5).jpg,1,sd14_cifake,val
data/CIFake/train/FAKE/1880 (2).jpg,1,sd14_cifake,val
data/CIFake/train/FAKE/3396 (3).jpg,1,sd14_cifake,val
data/CIFake/train/FAKE/5307 (8).jpg,1,sd14_cifake,val
data/CIFake/train/FAKE/3360 (8).jpg,1,sd14_cifake,val
data/CIFake/train/FAKE/4111 (9).jpg,1,sd14_cifake,val
data/CIFake/train/FAKE/5321 (4).jpg,1,sd14_cifake,val
data/CIFake/train/FAKE/2760 (10).jpg,1,sd14_cifake,val
data/CIFake/train/FAKE/3716 (3).jpg,1,sd14_cifake,val
data/CIFake/train/FAKE/5765 (9).jpg,1,sd14_cifake,val
data/CIFake/train/FAKE/1510 (2).jpg,1,sd14_cifake,val
data/CIFake/train/FAKE/5372 (3).jpg,1,sd14_cifake,val
data/CIFake/train/FAKE/2629 (10).jpg,1,sd14_cifake,val
data/CIFake/train/FAKE/1314 (4).jpg,1,sd14_cifake,val
data/CIFake/train/FAKE/2650.jpg,1,sd14_cifake,val
data/CIFake/train/FAKE/1408 (2).jpg,1,sd14_cifake,val
data/CIFake/train/FAKE/5697.jpg,1,sd14_cifake,val
data/CIFake/train/FAKE/1399 (7).jpg,1,sd14_cifake,val
data/CIFake/train/FAKE/4231 (5).jpg,1,sd14_cifake,val
data/CIFake/train/FAKE/3963 (6).jpg,1,sd14_cifake,val
data/CIFake/train/FAKE/5006 (4).jpg,1,sd14_cifake,val
data/CIFake/train/FAKE/3082 (7).jpg,1,sd14_cifake,val
data/CIFake/train/FAKE/3346 (8).jpg,1,sd14_cifake,val
data/CIFake/train/FAKE/4192 (9).jpg,1,sd14_cifake,val
data/CIFake/train/FAKE/2792 (6).jpg,1,sd14_cifake,val
data/CIFake/train/FAKE/4608 (3).jpg,1,sd14_cifake,val
data/CIFake/train/FAKE/2029 (6).jpg,1,sd14_cifake,val
data/CIFake/train/FAKE/4792 (2).jpg,1,sd14_cifake,val
data/CIFake/train/FAKE/3353 (5).jpg,1,sd14_cifake,val
data/CIFake/train/FAKE/4370 (6).jpg,1,sd14_cifake,val
data/CIFake/train/FAKE/1304 (4).jpg,1,sd14_cifake,val
data/CIFake/train/FAKE/5803 (7).jpg,1,sd14_cifake,val
data/CIFake/train/FAKE/2829 (2).jpg,1,sd14_cifake,val
data/CIFake/train/FAKE/1549 (4).jpg,1,sd14_cifake,val
data/CIFake/train/FAKE/4927.jpg,1,sd14_cifake,val
data/CIFake/train/FAKE/4347 (7).jpg,1,sd14_cifake,val
data/CIFake/train/FAKE/5862 (2).jpg,1,sd14_cifake,val
data/CIFake/train/FAKE/3926 (9).jpg,1,sd14_cifake,val
data/CIFake/train/FAKE/2244 (7).jpg,1,sd14_cifake,val
data/CIFake/train/FAKE/4663 (7).jpg,1,sd14_cifake,val
data/CIFake/train/FAKE/1974 (3).jpg,1,sd14_cifake,val
data/CIFake/train/FAKE/5503 (4).jpg,1,sd14_cifake,val
data/CIFake/train/FAKE/1403.jpg,1,sd14_cifake,val
data/CIFake/train/FAKE/5061 (7).jpg,1,sd14_cifake,val
data/CIFake/train/FAKE/4628 (10).jpg,1,sd14_cifake,val
data/CIFake/train/FAKE/5591 (4).jpg,1,sd14_cifake,val
data/CIFake/train/FAKE/4540 (5).jpg,1,sd14_cifake,val
data/CIFake/train/FAKE/2671 (3).jpg,1,sd14_cifake,val
data/CIFake/train/FAKE/1771 (6).jpg,1,sd14_cifake,val
data/CIFake/train/FAKE/3643 (7).jpg,1,sd14_cifake,val
data/CIFake/train/FAKE/4768 (10).jpg,1,sd14_cifake,val
data/CIFake/train/FAKE/4352 (3).jpg,1,sd14_cifake,val
data/CIFake/train/FAKE/1679 (7).jpg,1,sd14_cifake,val
data/CIFake/train/FAKE/1231 (5).jpg,1,sd14_cifake,val
data/CIFake/train/FAKE/5212 (3).jpg,1,sd14_cifake,val
data/CIFake/train/FAKE/1390 (4).jpg,1,sd14_cifake,val
data/CIFake/train/FAKE/1867 (2).jpg,1,sd14_cifake,val
data/CIFake/train/FAKE/2524 (6).jpg,1,sd14_cifake,val
data/CIFake/train/FAKE/4685 (4).jpg,1,sd14_cifake,val
data/CIFake/train/FAKE/2114 (10).jpg,1,sd14_cifake,val
data/CIFake/train/FAKE/2437 (7).jpg,1,sd14_cifake,val
data/CIFake/train/FAKE/3435 (9).jpg,1,sd14_cifake,val
data/CIFake/train/FAKE/1905 (6).jpg,1,sd14_cifake,val
data/CIFake/train/FAKE/1170 (9).jpg,1,sd14_cifake,val
data/CIFake/train/FAKE/5698 (10).jpg,1,sd14_cifake,val
data/CIFake/train/FAKE/2840 (4).jpg,1,sd14_cifake,val
data/CIFake/train/FAKE/5837 (3).jpg,1,sd14_cifake,val
data/CIFake/train/FAKE/1656 (3).jpg,1,sd14_cifake,val
data/CIFake/train/FAKE/2496.jpg,1,sd14_cifake,val
data/CIFake/train/FAKE/2224.jpg,1,sd14_cifake,val
data/CIFake/train/FAKE/4646 (2).jpg,1,sd14_cifake,val
data/CIFake/train/FAKE/3169 (7).jpg,1,sd14_cifake,val
data/CIFake/train/FAKE/2093 (10).jpg,1,sd14_cifake,val
data/CIFake/train/FAKE/5289.jpg,1,sd14_cifake,val
data/CIFake/train/FAKE/1640 (4).jpg,1,sd14_cifake,val
data/CIFake/train/FAKE/5198 (3).jpg,1,sd14_cifake,val
data/CIFake/train/FAKE/5901 (3).jpg,1,sd14_cifake,val
data/CIFake/train/FAKE/5003 (3).jpg,1,sd14_cifake,val
data/CIFake/train/FAKE/5915.jpg,1,sd14_cifake,val
data/CIFake/train/FAKE/4302 (4).jpg,1,sd14_cifake,val
data/CIFake/train/FAKE/3166 (4).jpg,1,sd14_cifake,val
data/CIFake/train/FAKE/2507 (3).jpg,1,sd14_cifake,val
data/CIFake/train/FAKE/2769 (4).jpg,1,sd14_cifake,val
data/CIFake/train/FAKE/1626 (4).jpg,1,sd14_cifake,val
data/CIFake/train/FAKE/3088 (8).jpg,1,sd14_cifake,val
data/CIFake/train/FAKE/3882.jpg,1,sd14_cifake,val
data/CIFake/train/FAKE/3020 (9).jpg,1,sd14_cifake,val
data/CIFake/train/FAKE/5432 (2).jpg,1,sd14_cifake,val
data/CIFake/train/FAKE/2912 (5).jpg,1,sd14_cifake,val
data/CIFake/train/FAKE/1633 (8).jpg,1,sd14_cifake,val
data/CIFake/train/FAKE/3009 (7).jpg,1,sd14_cifake,val
data/CIFake/train/FAKE/4292 (5).jpg,1,sd14_cifake,val
data/CIFake/train/FAKE/3659 (8).jpg,1,sd14_cifake,val
data/CIFake/train/FAKE/1366 (5).jpg,1,sd14_cifake,val
data/CIFake/train/FAKE/4042 (7).jpg,1,sd14_cifake,val
data/CIFake/train/FAKE/5646 (3).jpg,1,sd14_cifake,val
data/CIFake/train/FAKE/1696 (8).jpg,1,sd14_cifake,val
data/CIFake/train/FAKE/1457 (5).jpg,1,sd14_cifake,val
data/CIFake/train/FAKE/1490 (5).jpg,1,sd14_cifake,val
data/CIFake/train/FAKE/3440 (9).jpg,1,sd14_cifake,val
data/CIFake/train/FAKE/3533 (4).jpg,1,sd14_cifake,val
data/CIFake/train/FAKE/3304 (8).jpg,1,sd14_cifake,val
data/CIFake/train/FAKE/2149 (2).jpg,1,sd14_cifake,val
data/CIFake/train/FAKE/3775 (9).jpg,1,sd14_cifake,val
data/CIFake/train/FAKE/3906 (10).jpg,1,sd14_cifake,val
data/CIFake/train/FAKE/4266 (7).jpg,1,sd14_cifake,val
data/CIFake/train/FAKE/5500 (9).jpg,1,sd14_cifake,val
data/CIFake/train/FAKE/1931 (3).jpg,1,sd14_cifake,val
data/CIFake/train/FAKE/2833 (9).jpg,1,sd14_cifake,val
data/CIFake/train/FAKE/1785 (3).jpg,1,sd14_cifake,val
data/CIFake/train/FAKE/3671 (5).jpg,1,sd14_cifake,val
data/CIFake/train/FAKE/3331 (4).jpg,1,sd14_cifake,val
data/CIFake/train/FAKE/5412 (6).jpg,1,sd14_cifake,val
data/CIFake/train/FAKE/5490 (2).jpg,1,sd14_cifake,val
data/CIFake/train/FAKE/1279 (7).jpg,1,sd14_cifake,val
data/CIFake/train/FAKE/2676 (4).jpg,1,sd14_cifake,val
data/CIFake/train/FAKE/4939 (7).jpg,1,sd14_cifake,val
data/CIFake/train/FAKE/4107 (10).jpg,1,sd14_cifake,val
data/CIFake/train/FAKE/3527 (9).jpg,1,sd14_cifake,val
data/CIFake/train/FAKE/5908 (4).jpg,1,sd14_cifake,val
data/CIFake/train/FAKE/2910.jpg,1,sd14_cifake,val
data/CIFake/train/FAKE/2038 (4).jpg,1,sd14_cifake,val
data/CIFake/train/FAKE/5787 (4).jpg,1,sd14_cifake,val
data/CIFake/train/FAKE/1200 (3).jpg,1,sd14_cifake,val
data/CIFake/train/FAKE/3351 (5).jpg,1,sd14_cifake,val
data/CIFake/train/FAKE/5039 (3).jpg,1,sd14_cifake,train
data/CIFake/train/FAKE/4785 (7).jpg,1,sd14_cifake,train
data/CIFake/train/FAKE/5435 (3).jpg,1,sd14_cifake,train
data/CIFake/train/FAKE/5329 (3).jpg,1,sd14_cifake,train
data/CIFake/train/FAKE/4482 (8).jpg,1,sd14_cifake,train
data/CIFake/train/FAKE/3627 (6).jpg,1,sd14_cifake,train
data/CIFake/train/FAKE/4605 (6).jpg,1,sd14_cifake,train
data/CIFake/train/FAKE/1671 (7).jpg,1,sd14_cifake,train
data/CIFake/train/FAKE/1676 (5).jpg,1,sd14_cifake,train
data/CIFake/train/FAKE/5397 (4).jpg,1,sd14_cifake,train
data/CIFake/train/FAKE/2437.jpg,1,sd14_cifake,train
data/CIFake/train/FAKE/3148 (3).jpg,1,sd14_cifake,train
data/CIFake/train/FAKE/1108 (6).jpg,1,sd14_cifake,train
data/CIFake/train/FAKE/2793 (10).jpg,1,sd14_cifake,train
data/CIFake/train/FAKE/2934 (3).jpg,1,sd14_cifake,train
data/CIFake/train/FAKE/2409 (2).jpg,1,sd14_cifake,train
data/CIFake/train/FAKE/5947 (8).jpg,1,sd14_cifake,train
data/CIFake/train/FAKE/3175 (7).jpg,1,sd14_cifake,train
data/CIFake/train/FAKE/1664 (8).jpg,1,sd14_cifake,train
data/CIFake/train/FAKE/5281.jpg,1,sd14_cifake,train
data/CIFake/train/FAKE/1933 (6).jpg,1,sd14_cifake,train
data/CIFake/train/FAKE/2792 (4).jpg,1,sd14_cifake,train
data/CIFake/train/FAKE/5799 (6).jpg,1,sd14_cifake,train
data/CIFake/train/FAKE/1254 (2).jpg,1,sd14_cifake,train
data/CIFake/train/FAKE/5295 (3).jpg,1,sd14_cifake,train
data/CIFake/train/FAKE/4728 (7).jpg,1,sd14_cifake,train
data/CIFake/train/FAKE/3544 (6).jpg,1,sd14_cifake,train
data/CIFake/train/FAKE/4627.jpg,1,sd14_cifake,train
data/CIFake/train/FAKE/3589 (5).jpg,1,sd14_cifake,train
data/CIFake/train/FAKE/4298 (7).jpg,1,sd14_cifake,train
data/CIFake/train/FAKE/3971 (9).jpg,1,sd14_cifake,train
data/CIFake/train/FAKE/3240 (10).jpg,1,sd14_cifake,train
data/CIFake/train/FAKE/5874 (10).jpg,1,sd14_cifake,train
data/CIFake/train/FAKE/5191.jpg,1,sd14_cifake,train
data/CIFake/train/FAKE/1189 (8).jpg,1,sd14_cifake,train
data/CIFake/train/FAKE/4163 (3).jpg,1,sd14_cifake,train
data/CIFake/train/FAKE/3349 (5).jpg,1,sd14_cifake,train
data/CIFake/train/FAKE/2635 (10).jpg,1,sd14_cifake,train
data/CIFake/train/FAKE/1439 (2).jpg,1,sd14_cifake,train
data/CIFake/train/FAKE/5954 (3).jpg,1,sd14_cifake,train
data/CIFake/train/FAKE/4871 (6).jpg,1,sd14_cifake,train
data/CIFake/train/FAKE/3743 (8).jpg,1,sd14_cifake,train
data/CIFake/train/FAKE/1372 (10).jpg,1,sd14_cifake,train
data/CIFake/train/FAKE/5108 (7).jpg,1,sd14_cifake,train
data/CIFake/train/FAKE/2606 (5).jpg,1,sd14_cifake,train
data/CIFake/train/FAKE/5027 (10).jpg,1,sd14_cifake,train
data/CIFake/train/FAKE/1422 (6).jpg,1,sd14_cifake,train
data/CIFake/train/FAKE/3743 (6).jpg,1,sd14_cifake,train
data/CIFake/train/FAKE/5996 (3).jpg,1,sd14_cifake,train
data/CIFake/train/FAKE/2559 (8).jpg,1,sd14_cifake,train
data/CIFake/train/FAKE/5493 (10).jpg,1,sd14_cifake,train
data/CIFake/train/FAKE/4990 (9).jpg,1,sd14_cifake,train
data/CIFake/train/FAKE/3361 (8).jpg,1,sd14_cifake,train
data/CIFake/train/FAKE/3374 (2).jpg,1,sd14_cifake,train
data/CIFake/train/FAKE/5084 (3).jpg,1,sd14_cifake,train
data/CIFake/train/FAKE/2268 (2).jpg,1,sd14_cifake,train
data/CIFake/train/FAKE/4935 (8).jpg,1,sd14_cifake,train
data/CIFake/train/FAKE/2637 (5).jpg,1,sd14_cifake,train
data/CIFake/train/FAKE/3584 (5).jpg,1,sd14_cifake,train
data/CIFake/train/FAKE/5070 (7).jpg,1,sd14_cifake,train
data/CIFake/train/FAKE/3384 (7).jpg,1,sd14_cifake,train
data/CIFake/train/FAKE/5776 (5).jpg,1,sd14_cifake,train
data/CIFake/train/FAKE/2782 (3).jpg,1,sd14_cifake,train
data/CIFake/train/FAKE/5098 (5).jpg,1,sd14_cifake,train
data/CIFake/train/FAKE/3927 (10).jpg,1,sd14_cifake,train
data/CIFake/train/FAKE/2463 (10).jpg,1,sd14_cifake,train
data/CIFake/train/FAKE/2144.jpg,1,sd14_cifake,train
data/CIFake/train/FAKE/4654 (10).jpg,1,sd14_cifake,train
data/CIFake/train/FAKE/5655 (4).jpg,1,sd14_cifake,train
data/CIFake/train/FAKE/4892 (4).jpg,1,sd14_cifake,train
data/CIFake/train/FAKE/2681 (6).jpg,1,sd14_cifake,train
data/CIFake/train/FAKE/1368 (4).jpg,1,sd14_cifake,train
data/CIFake/train/FAKE/2610 (8).jpg,1,sd14_cifake,train
data/CIFake/train/FAKE/5822 (10).jpg,1,sd14_cifake,train
data/CIFake/train/FAKE/3103 (3).jpg,1,sd14_cifake,train
data/CIFake/train/FAKE/5349 (7).jpg,1,sd14_cifake,train
data/CIFake/train/FAKE/5152 (8).jpg,1,sd14_cifake,train
data/CIFake/train/FAKE/4893 (2).jpg,1,sd14_cifake,train
data/CIFake/train/FAKE/5755 (3).jpg,1,sd14_cifake,train
data/CIFake/train/FAKE/4687 (7).jpg,1,sd14_cifake,train
data/CIFake/train/FAKE/3826 (8).jpg,1,sd14_cifake,train
data/CIFake/train/FAKE/2958 (6).jpg,1,sd14_cifake,train
data/CIFake/train/FAKE/3426 (3).jpg,1,sd14_cifake,train
data/CIFake/train/FAKE/1935 (3).jpg,1,sd14_cifake,train
data/CIFake/train/FAKE/1667 (9).jpg,1,sd14_cifake,train
data/CIFake/train/FAKE/3468 (5).jpg,1,sd14_cifake,train
data/CIFake/train/FAKE/1161.jpg,1,sd14_cifake,train
data/CIFake/train/FAKE/2550 (3).jpg,1,sd14_cifake,train
data/CIFake/train/FAKE/2175 (4).jpg,1,sd14_cifake,train
data/CIFake/train/FAKE/3083 (2).jpg,1,sd14_cifake,train
data/CIFake/train/FAKE/1279 (9).jpg,1,sd14_cifake,train
data/CIFake/train/FAKE/4582 (3).jpg,1,sd14_cifake,train
data/CIFake/train/FAKE/1084.jpg,1,sd14_cifake,train
data/CIFake/train/FAKE/3956 (5).jpg,1,sd14_cifake,train
data/CIFake/train/FAKE/5130 (2).jpg,1,sd14_cifake,train
data/CIFake/train/FAKE/2575 (2).jpg,1,sd14_cifake,train
data/CIFake/train/FAKE/4217 (5).jpg,1,sd14_cifake,train
data/CIFake/train/FAKE/2104.jpg,1,sd14_cifake,train
data/CIFake/train/FAKE/1325 (4).jpg,1,sd14_cifake,train
data/CIFake/train/FAKE/1597 (3).jpg,1,sd14_cifake,train
data/CIFake/train/FAKE/5057 (9).jpg,1,sd14_cifake,train
data/CIFake/train/FAKE/1427 (9).jpg,1,sd14_cifake,train
data/CIFake/train/FAKE/3367 (5).jpg,1,sd14_cifake,train
data/CIFake/train/FAKE/3924 (4).jpg,1,sd14_cifake,train
data/CIFake/train/FAKE/3607 (5).jpg,1,sd14_cifake,train
data/CIFake/train/FAKE/4312 (4).jpg,1,sd14_cifake,train
data/CIFake/train/FAKE/2355 (7).jpg,1,sd14_cifake,train
data/CIFake/train/FAKE/1323 (10).jpg,1,sd14_cifake,train
data/CIFake/train/FAKE/3837 (9).jpg,1,sd14_cifake,train
data/CIFake/train/FAKE/3256 (10).jpg,1,sd14_cifake,train
data/CIFake/train/FAKE/5520 (4).jpg,1,sd14_cifake,train
data/CIFake/train/FAKE/1969 (2).jpg,1,sd14_cifake,train
data/CIFake/train/FAKE/4736 (7).jpg,1,sd14_cifake,train
data/CIFake/train/FAKE/5404.jpg,1,sd14_cifake,train
data/CIFake/train/FAKE/3381 (3).jpg,1,sd14_cifake,train
data/CIFake/train/FAKE/4086 (4).jpg,1,sd14_cifake,train
data/CIFake/train/FAKE/2374 (4).jpg,1,sd14_cifake,train
data/CIFake/train/FAKE/3442 (10).jpg,1,sd14_cifake,train
data/CIFake/train/FAKE/1986 (8).jpg,1,sd14_cifake,train
data/CIFake/train/FAKE/4519 (6).jpg,1,sd14_cifake,train
data/CIFake/train/FAKE/5502 (8).jpg,1,sd14_cifake,train
data/CIFake/train/FAKE/1723 (8).jpg,1,sd14_cifake,train
data/CIFake/train/FAKE/1451 (2).jpg,1,sd14_cifake,train
data/CIFake/train/FAKE/4142 (4).jpg,1,sd14_cifake,train
data/CIFake/train/FAKE/4251 (8).jpg,1,sd14_cifake,train
data/CIFake/train/FAKE/4893 (10).jpg,1,sd14_cifake,train
data/CIFake/train/FAKE/3450 (4).jpg,1,sd14_cifake,train
data/CIFake/train/FAKE/2781 (5).jpg,1,sd14_cifake,train
data/CIFake/train/FAKE/2765 (7).jpg,1,sd14_cifake,train
data/CIFake/train/FAKE/1854 (2).jpg,1,sd14_cifake,train
data/CIFake/train/FAKE/2374 (2).jpg,1,sd14_cifake,train
data/CIFake/train/FAKE/1742 (8).jpg,1,sd14_cifake,train
data/CIFake/train/FAKE/1155 (7).jpg,1,sd14_cifake,train
data/CIFake/train/FAKE/3942 (9).jpg,1,sd14_cifake,train
data/CIFake/train/FAKE/3632 (8).jpg,1,sd14_cifake,train
data/CIFake/train/FAKE/4304 (4).jpg,1,sd14_cifake,train
data/CIFake/train/FAKE/5332 (7).jpg,1,sd14_cifake,train
data/CIFake/train/FAKE/4112 (10).jpg,1,sd14_cifake,train
data/CIFake/train/FAKE/5990 (9).jpg,1,sd14_cifake,train
data/CIFake/train/FAKE/5222 (8).jpg,1,sd14_cifake,train
data/CIFake/train/FAKE/4947 (9).jpg,1,sd14_cifake,train
data/CIFake/train/FAKE/4711 (7).jpg,1,sd14_cifake,train
data/CIFake/train/FAKE/2980 (2).jpg,1,sd14_cifake,train
data/CIFake/train/FAKE/5779 (8).jpg,1,sd14_cifake,train
data/CIFake/train/FAKE/4496 (2).jpg,1,sd14_cifake,train
data/CIFake/train/FAKE/5315 (3).jpg,1,sd14_cifake,train
data/CIFake/train/FAKE/4305 (4).jpg,1,sd14_cifake,train
data/CIFake/train/FAKE/1479 (4).jpg,1,sd14_cifake,train
data/CIFake/train/FAKE/4567 (5).jpg,1,sd14_cifake,train
data/CIFake/train/FAKE/3536.jpg,1,sd14_cifake,train
data/CIFake/train/FAKE/5478 (7).jpg,1,sd14_cifake,train
data/CIFake/train/FAKE/1244 (9).jpg,1,sd14_cifake,train
data/CIFake/train/FAKE/2412 (9).jpg,1,sd14_cifake,train
data/CIFake/train/FAKE/3700 (10).jpg,1,sd14_cifake,train
data/CIFake/train/FAKE/5242 (5).jpg,1,sd14_cifake,train
data/CIFake/train/FAKE/4002 (6).jpg,1,sd14_cifake,train
data/CIFake/train/FAKE/1404 (2).jpg,1,sd14_cifake,train
data/CIFake/train/FAKE/1264 (9).jpg,1,sd14_cifake,train
data/CIFake/train/FAKE/2274.jpg,1,sd14_cifake,train
data/CIFake/train/FAKE/2273 (6).jpg,1,sd14_cifake,train
data/CIFake/train/FAKE/5244 (4).jpg,1,sd14_cifake,train
data/CIFake/train/FAKE/5254 (9).jpg,1,sd14_cifake,train
data/CIFake/train/FAKE/4164.jpg,1,sd14_cifake,train
data/CIFake/train/FAKE/2006 (6).jpg,1,sd14_cifake,train
data/CIFake/train/FAKE/2044 (5).jpg,1,sd14_cifake,train
data/CIFake/train/FAKE/5525 (9).jpg,1,sd14_cifake,train
data/CIFake/train/FAKE/2969 (3).jpg,1,sd14_cifake,train
data/CIFake/train/FAKE/3137 (4).jpg,1,sd14_cifake,train
data/CIFake/train/FAKE/1331 (9).jpg,1,sd14_cifake,train
data/CIFake/train/FAKE/4596.jpg,1,sd14_cifake,train
data/CIFake/train/FAKE/2459 (6).jpg,1,sd14_cifake,train
data/CIFake/train/FAKE/3814 (2).jpg,1,sd14_cifake,train
data/CIFake/train/FAKE/5240.jpg,1,sd14_cifake,train
data/CIFake/train/FAKE/4093.jpg,1,sd14_cifake,train
data/CIFake/train/FAKE/5720 (3).jpg,1,sd14_cifake,train
data/CIFake/train/FAKE/5230 (8).jpg,1,sd14_cifake,train
data/CIFake/train/FAKE/5464 (2).jpg,1,sd14_cifake,train
data/CIFake/train/FAKE/3998 (8).jpg,1,sd14_cifake,train
data/CIFake/train/FAKE/2261 (7).jpg,1,sd14_cifake,train
data/CIFake/train/FAKE/1539 (7).jpg,1,sd14_cifake,train
data/CIFake/train/FAKE/2958 (2).jpg,1,sd14_cifake,train
data/CIFake/train/FAKE/5590 (3).jpg,1,sd14_cifake,train
data/CIFake/train/FAKE/5512 (2).jpg,1,sd14_cifake,train
data/CIFake/train/FAKE/5797 (2).jpg,1,sd14_cifake,train
data/CIFake/train/FAKE/4008 (8).jpg,1,sd14_cifake,train
data/CIFake/train/FAKE/5550 (3).jpg,1,sd14_cifake,train
data/CIFake/train/FAKE/5900 (9).jpg,1,sd14_cifake,train
data/CIFake/train/FAKE/4498 (2).jpg,1,sd14_cifake,train
data/CIFake/train/FAKE/3073 (5).jpg,1,sd14_cifake,train
data/CIFake/train/FAKE/2238 (8).jpg,1,sd14_cifake,train
data/CIFake/train/FAKE/5752 (6).jpg,1,sd14_cifake,train
data/CIFake/train/FAKE/1785 (9).jpg,1,sd14_cifake,train
data/CIFake/train/FAKE/1383.jpg,1,sd14_cifake,train
data/CIFake/train/FAKE/3049 (10).jpg,1,sd14_cifake,train
data/CIFake/train/FAKE/5597 (4).jpg,1,sd14_cifake,train
data/CIFake/train/FAKE/4261.jpg,1,sd14_cifake,train
data/CIFake/train/FAKE/2405 (5).jpg,1,sd14_cifake,train
data/CIFake/train/FAKE/1212 (3).jpg,1,sd14_cifake,train
data/CIFake/train/FAKE/4678 (4).jpg,1,sd14_cifake,train
data/CIFake/train/FAKE/2178 (5).jpg,1,sd14_cifake,train
data/CIFake/train/FAKE/5760 (7).jpg,1,sd14_cifake,train
data/CIFake/train/FAKE/1048 (2).jpg,1,sd14_cifake,train
data/CIFake/train/FAKE/3440.jpg,1,sd14_cifake,train
data/CIFake/train/FAKE/5438 (7).jpg,1,sd14_cifake,train
data/CIFake/train/FAKE/3130 (9).jpg,1,sd14_cifake,train
data/CIFake/train/FAKE/4132 (6).jpg,1,sd14_cifake,train
data/CIFake/train/FAKE/1287 (4).jpg,1,sd14_cifake,train
data/CIFake/train/FAKE/2656 (4).jpg,1,sd14_cifake,train
data/CIFake/train/FAKE/1944 (3).jpg,1,sd14_cifake,train
data/CIFake/train/FAKE/2467.jpg,1,sd14_cifake,train
data/CIFake/train/FAKE/1713 (3).jpg,1,sd14_cifake,train
data/CIFake/train/FAKE/5904 (10).jpg,1,sd14_cifake,train
data/CIFake/train/FAKE/5354 (9).jpg,1,sd14_cifake,train
data/CIFake/train/FAKE/2654 (10).jpg,1,sd14_cifake,train
data/CIFake/train/FAKE/2441 (6).jpg,1,sd14_cifake,train
data/CIFake/train/FAKE/4121 (3).jpg,1,sd14_cifake,train
data/CIFake/train/FAKE/4631 (5).jpg,1,sd14_cifake,train
data/CIFake/train/FAKE/4203 (4).jpg,1,sd14_cifake,train
data/CIFake/train/FAKE/1962 (5).jpg,1,sd14_cifake,train
data/CIFake/train/FAKE/4707 (10).jpg,1,sd14_cifake,train
data/CIFake/train/FAKE/3640.jpg,1,sd14_cifake,train
data/CIFake/train/FAKE/3085 (5).jpg,1,sd14_cifake,train
data/CIFake/train/FAKE/5651 (10).jpg,1,sd14_cifake,train
data/CIFake/train/FAKE/4702 (9).jpg,1,sd14_cifake,train
data/CIFake/train/FAKE/3601 (5).jpg,1,sd14_cifake,train
data/CIFake/train/FAKE/4208 (5).jpg,1,sd14_cifake,train
data/CIFake/train/FAKE/2509 (6).jpg,1,sd14_cifake,train
data/CIFake/train/FAKE/5043 (5).jpg,1,sd14_cifake,train
data/CIFake/train/FAKE/4190 (7).jpg,1,sd14_cifake,train
data/CIFake/train/FAKE/4834 (7).jpg,1,sd14_cifake,train
data/CIFake/train/FAKE/3413 (6).jpg,1,sd14_cifake,train
data/CIFake/train/FAKE/1974 (10).jpg,1,sd14_cifake,train
data/CIFake/train/FAKE/2344 (8).jpg,1,sd14_cifake,train
data/CIFake/train/FAKE/3978 (4).jpg,1,sd14_cifake,train
data/CIFake/train/FAKE/1011 (8).jpg,1,sd14_cifake,train
data/CIFake/train/FAKE/2191.jpg,1,sd14_cifake,train
data/CIFake/train/FAKE/4387 (4).jpg,1,sd14_cifake,train
data/CIFake/train/FAKE/1952 (5).jpg,1,sd14_cifake,train
data/CIFake/train/FAKE/3642.jpg,1,sd14_cifake,train
data/CIFake/train/FAKE/3245 (8).jpg,1,sd14_cifake,train
data/CIFake/train/FAKE/4731 (7).jpg,1,sd14_cifake,train
data/CIFake/train/FAKE/1602 (8).jpg,1,sd14_cifake,train
data/CIFake/train/FAKE/3836 (8).jpg,1,sd14_cifake,train
data/CIFake/train/FAKE/1590 (4).jpg,1,sd14_cifake,train
data/CIFake/train/FAKE/3166 (7).jpg,1,sd14_cifake,train
data/CIFake/train/FAKE/5541 (3).jpg,1,sd14_cifake,train
data/CIFake/train/FAKE/4953 (9).jpg,1,sd14_cifake,train
data/CIFake/train/FAKE/5024 (8).jpg,1,sd14_cifake,train
data/CIFake/train/FAKE/5828 (3).jpg,1,sd14_cifake,train
data/CIFake/train/FAKE/2904 (3).jpg,1,sd14_cifake,train
data/CIFake/train/FAKE/4033 (4).jpg,1,sd14_cifake,train
data/CIFake/train/FAKE/1556 (5).jpg,1,sd14_cifake,train
data/CIFake/train/FAKE/2873 (9).jpg,1,sd14_cifake,train
data/CIFake/train/FAKE/5587 (7).jpg,1,sd14_cifake,train
data/CIFake/train/FAKE/1266 (4).jpg,1,sd14_cifake,train
data/CIFake/train/FAKE/2404 (6).jpg,1,sd14_cifake,train
data/CIFake/train/FAKE/4225 (9).jpg,1,sd14_cifake,train
data/CIFake/train/FAKE/2077 (3).jpg,1,sd14_cifake,train
data/CIFake/train/FAKE/3420.jpg,1,sd14_cifake,train
data/CIFake/train/FAKE/5605 (5).jpg,1,sd14_cifake,train
data/CIFake/train/FAKE/2942 (8).jpg,1,sd14_cifake,train
data/CIFake/train/FAKE/2381 (4).jpg,1,sd14_cifake,train
data/CIFake/train/FAKE/1300.jpg,1,sd14_cifake,train
data/CIFake/train/FAKE/3073 (6).jpg,1,sd14_cifake,train
data/CIFake/train/FAKE/3179.jpg,1,sd14_cifake,train
data/CIFake/train/FAKE/1840 (3).jpg,1,sd14_cifake,train
data/CIFake/train/FAKE/5924 (6).jpg,1,sd14_cifake,train
data/CIFake/train/FAKE/5145 (7).jpg,1,sd14_cifake,train
data/CIFake/train/FAKE/1933 (10).jpg,1,sd14_cifake,train
data/CIFake/train/FAKE/2355 (2).jpg,1,sd14_cifake,train
data/CIFake/train/FAKE/4568 (6).jpg,1,sd14_cifake,train
data/CIFake/train/FAKE/3609 (2).jpg,1,sd14_cifake,train
data/CIFake/train/FAKE/1092 (3).jpg,1,sd14_cifake,train
data/CIFake/train/FAKE/4720 (2).jpg,1,sd14_cifake,train
data/CIFake/train/FAKE/2384 (10).jpg,1,sd14_cifake,train
data/CIFake/train/FAKE/4576 (5).jpg,1,sd14_cifake,train
data/CIFake/train/FAKE/1489 (5).jpg,1,sd14_cifake,train
data/CIFake/train/FAKE/1714 (2).jpg,1,sd14_cifake,train
data/CIFake/train/FAKE/5255 (3).jpg,1,sd14_cifake,train
data/CIFake/train/FAKE/4054 (4).jpg,1,sd14_cifake,train
data/CIFake/train/FAKE/2596.jpg,1,sd14_cifake,train
data/CIFake/train/FAKE/2141 (7).jpg,1,sd14_cifake,train
data/CIFake/train/FAKE/4565.jpg,1,sd14_cifake,train
data/CIFake/train/FAKE/4443 (3).jpg,1,sd14_cifake,train
data/CIFake/train/FAKE/5285 (5).jpg,1,sd14_cifake,train
data/CIFake/train/FAKE/1245 (6).jpg,1,sd14_cifake,train
data/CIFake/train/FAKE/4813 (5).jpg,1,sd14_cifake,train
data/CIFake/train/FAKE/1444 (3).jpg,1,sd14_cifake,train
data/CIFake/train/FAKE/5757 (6).jpg,1,sd14_cifake,train
data/CIFake/train/FAKE/1841 (4).jpg,1,sd14_cifake,train
data/CIFake/train/FAKE/3351 (4).jpg,1,sd14_cifake,train
data/CIFake/train/FAKE/2804 (8).jpg,1,sd14_cifake,train
data/CIFake/train/FAKE/5016 (8).jpg,1,sd14_cifake,train
data/CIFake/train/FAKE/4747 (2).jpg,1,sd14_cifake,train
data/CIFake/train/FAKE/4425 (7).jpg,1,sd14_cifake,train
data/CIFake/train/FAKE/2730.jpg,1,sd14_cifake,train
data/CIFake/train/FAKE/1418 (4).jpg,1,sd14_cifake,train
data/CIFake/train/FAKE/3756.jpg,1,sd14_cifake,train
data/CIFake/train/FAKE/5618 (3).jpg,1,sd14_cifake,train
data/CIFake/train/FAKE/3845 (6).jpg,1,sd14_cifake,train
data/CIFake/train/FAKE/2193 (3).jpg,1,sd14_cifake,train
data/CIFake/train/FAKE/4911 (8).jpg,1,sd14_cifake,train
data/CIFake/train/FAKE/2540 (10).jpg,1,sd14_cifake,train
data/CIFake/train/FAKE/2732 (5).jpg,1,sd14_cifake,train
data/CIFake/train/FAKE/5412 (8).jpg,1,sd14_cifake,train
data/CIFake/train/FAKE/4964 (8).jpg,1,sd14_cifake,train
data/CIFake/train/FAKE/2326 (2).jpg,1,sd14_cifake,train
data/CIFake/train/FAKE/3995 (3).jpg,1,sd14_cifake,train
data/CIFake/train/FAKE/4972 (6).jpg,1,sd14_cifake,train
data/CIFake/train/FAKE/2430 (10).jpg,1,sd14_cifake,train
data/CIFake/train/FAKE/3089 (8).jpg,1,sd14_cifake,train
data/CIFake/train/FAKE/2117 (5).jpg,1,sd14_cifake,train
data/CIFake/train/FAKE/1201.jpg,1,sd14_cifake,train
data/CIFake/train/FAKE/4365 (10).jpg,1,sd14_cifake,train
data/CIFake/train/FAKE/5681 (8).jpg,1,sd14_cifake,train
data/CIFake/train/FAKE/3350 (2).jpg,1,sd14_cifake,train
data/CIFake/train/FAKE/4859 (8).jpg,1,sd14_cifake,train
data/CIFake/train/FAKE/1472 (7).jpg,1,sd14_cifake,train
data/CIFake/train/FAKE/5491 (9).jpg,1,sd14_cifake,train
data/CIFake/train/FAKE/3049 (4).jpg,1,sd14_cifake,train
data/CIFake/train/FAKE/4324 (8).jpg,1,sd14_cifake,train
data/CIFake/train/FAKE/3625 (3).jpg,1,sd14_cifake,train
data/CIFake/train/FAKE/1491 (9).jpg,1,sd14_cifake,train
data/CIFake/train/FAKE/1292 (5).jpg,1,sd14_cifake,train
data/CIFake/train/FAKE/2460.jpg,1,sd14_cifake,train
data/CIFake/train/FAKE/2731 (10).jpg,1,sd14_cifake,train
data/CIFake/train/FAKE/4401.jpg,1,sd14_cifake,train
data/CIFake/train/FAKE/3084 (5).jpg,1,sd14_cifake,train
data/CIFake/train/FAKE/2376 (7).jpg,1,sd14_cifake,train
data/CIFake/train/FAKE/5828 (9).jpg,1,sd14_cifake,train
data/CIFake/train/FAKE/5024 (2).jpg,1,sd14_cifake,train
data/CIFake/train/FAKE/1248 (3).jpg,1,sd14_cifake,train
data/CIFake/train/FAKE/4238 (2).jpg,1,sd14_cifake,train
data/CIFake/train/FAKE/5440 (3).jpg,1,sd14_cifake,train
data/CIFake/train/FAKE/3506 (8).jpg,1,sd14_cifake,train
data/CIFake/train/FAKE/4476 (7).jpg,1,sd14_cifake,train
data/CIFake/train/FAKE/1938 (7).jpg,1,sd14_cifake,train
data/CIFake/train/FAKE/5637 (9).jpg,1,sd14_cifake,train
data/CIFake/train/FAKE/2482 (9).jpg,1,sd14_cifake,train
data/CIFake/train/FAKE/2537 (10).jpg,1,sd14_cifake,train
data/CIFake/train/FAKE/2710 (5).jpg,1,sd14_cifake,train
data/CIFake/train/FAKE/4954.jpg,1,sd14_cifake,train
data/CIFake/train/FAKE/4552 (9).jpg,1,sd14_cifake,train
data/CIFake/train/FAKE/4581.jpg,1,sd14_cifake,train
data/CIFake/train/FAKE/5938 (8).jpg,1,sd14_cifake,train
data/CIFake/train/FAKE/1959 (7).jpg,1,sd14_cifake,train
data/CIFake/train/FAKE/5150 (10).jpg,1,sd14_cifake,train
data/CIFake/train/FAKE/2407 (2).jpg,1,sd14_cifake,train
data/CIFake/train/FAKE/4160 (5).jpg,1,sd14_cifake,train
data/CIFake/train/FAKE/4148 (2).jpg,1,sd14_cifake,train
data/CIFake/train/FAKE/1557 (9).jpg,1,sd14_cifake,train
data/CIFake/train/FAKE/4310 (5).jpg,1,sd14_cifake,train
data/CIFake/train/FAKE/5647 (5).jpg,1,sd14_cifake,train
data/CIFake/train/FAKE/3297 (2).jpg,1,sd14_cifake,train
data/CIFake/train/FAKE/2433.jpg,1,sd14_cifake,train
data/CIFake/train/FAKE/1795.jpg,1,sd14_cifake,train
data/CIFake/train/FAKE/2955 (4).jpg,1,sd14_cifake,train
data/CIFake/train/FAKE/2725 (2).jpg,1,sd14_cifake,train
data/CIFake/train/FAKE/4310 (4).jpg,1,sd14_cifake,train
data/CIFake/train/FAKE/4589 (4).jpg,1,sd14_cifake,train
data/CIFake/train/FAKE/2839 (10).jpg,1,sd14_cifake,train
data/CIFake/train/FAKE/1513 (6).jpg,1,sd14_cifake,train
data/CIFake/train/FAKE/5318 (3).jpg,1,sd14_cifake,train
data/CIFake/train/FAKE/1888.jpg,1,sd14_cifake,train
data/CIFake/train/FAKE/5281 (8).jpg,1,sd14_cifake,train
data/CIFake/train/FAKE/3751 (4).jpg,1,sd14_cifake,train
data/CIFake/train/FAKE/4819 (5).jpg,1,sd14_cifake,train
data/CIFake/train/FAKE/2166 (5).jpg,1,sd14_cifake,train
data/CIFake/train/FAKE/5601 (3).jpg,1,sd14_cifake,train
data/CIFake/train/FAKE/3012 (6).jpg,1,sd14_cifake,train
data/CIFake/train/FAKE/1168 (7).jpg,1,sd14_cifake,train
data/CIFake/train/FAKE/5697 (6).jpg,1,sd14_cifake,train
data/CIFake/train/FAKE/3921 (5).jpg,1,sd14_cifake,train
data/CIFake/train/FAKE/2705 (10).jpg,1,sd14_cifake,train
data/CIFake/train/FAKE/4726 (9).jpg,1,sd14_cifake,train
data/CIFake/train/FAKE/5042 (9).jpg,1,sd14_cifake,train
data/CIFake/train/FAKE/5383.jpg,1,sd14_cifake,train
data/CIFake/train/FAKE/3681 (9).jpg,1,sd14_cifake,train
data/CIFake/train/FAKE/3010 (8).jpg,1,sd14_cifake,train
data/CIFake/train/FAKE/4045 (5).jpg,1,sd14_cifake,train
data/CIFake/train/FAKE/2100.jpg,1,sd14_cifake,train
data/CIFake/train/FAKE/4233 (3).jpg,1,sd14_cifake,train
data/CIFake/train/FAKE/4331 (5).jpg,1,sd14_cifake,train
data/CIFake/train/FAKE/4750 (5).jpg,1,sd14_cifake,train
data/CIFake/train/FAKE/4439 (5).jpg,1,sd14_cifake,train
data/CIFake/train/FAKE/1942 (8).jpg,1,sd14_cifake,train
data/CIFake/train/FAKE/4157 (2).jpg,1,sd14_cifake,train
data/CIFake/train/FAKE/1406 (6).jpg,1,sd14_cifake,train
data/CIFake/train/FAKE/4636 (7).jpg,1,sd14_cifake,train
data/CIFake/train/FAKE/5948 (7).jpg,1,sd14_cifake,train
data/CIFake/train/FAKE/5715 (7).jpg,1,sd14_cifake,train
data/CIFake/train/FAKE/4449 (2).jpg,1,sd14_cifake,train
data/CIFake/train/FAKE/1807 (7).jpg,1,sd14_cifake,train
data/CIFake/train/FAKE/3038.jpg,1,sd14_cifake,train
data/CIFake/train/FAKE/2154 (10).jpg,1,sd14_cifake,train
data/CIFake/train/FAKE/1130 (7).jpg,1,sd14_cifake,train
data/CIFake/train/FAKE/3780 (10).jpg,1,sd14_cifake,train
data/CIFake/train/FAKE/2850 (2).jpg,1,sd14_cifake,train
data/CIFake/train/FAKE/2632 (9).jpg,1,sd14_cifake,train
data/CIFake/train/FAKE/5612 (10).jpg,1,sd14_cifake,train
data/CIFake/train/FAKE/4930.jpg,1,sd14_cifake,train
data/CIFake/train/FAKE/3685 (4).jpg,1,sd14_cifake,train
data/CIFake/train/FAKE/3153.jpg,1,sd14_cifake,train
data/CIFake/train/FAKE/3858 (2).jpg,1,sd14_cifake,train
data/CIFake/train/FAKE/3214 (8).jpg,1,sd14_cifake,train
data/CIFake/train/FAKE/4846 (2).jpg,1,sd14_cifake,train
data/CIFake/train/FAKE/1055 (5).jpg,1,sd14_cifake,train
data/CIFake/train/FAKE/4837 (9).jpg,1,sd14_cifake,train
data/CIFake/train/FAKE/4708 (2).jpg,1,sd14_cifake,train
data/CIFake/train/FAKE/5769.jpg,1,sd14_cifake,train
data/CIFake/train/FAKE/1273 (8).jpg,1,sd14_cifake,train
data/CIFake/train/FAKE/3574 (9).jpg,1,sd14_cifake,train
data/CIFake/train/FAKE/5320 (7).jpg,1,sd14_cifake,train
data/CIFake/train/FAKE/4974.jpg,1,sd14_cifake,train
data/CIFake/train/FAKE/2043 (5).jpg,1,sd14_cifake,train
data/CIFake/train/FAKE/1188 (9).jpg,1,sd14_cifake,train
data/CIFake/train/FAKE/4363 (9).jpg,1,sd14_cifake,train
data/CIFake/train/FAKE/5393 (2).jpg,1,sd14_cifake,train
data/CIFake/train/FAKE/2055.jpg,1,sd14_cifake,train
data/CIFake/train/FAKE/1980 (7).jpg,1,sd14_cifake,train
data/CIFake/train/FAKE/2626 (8).jpg,1,sd14_cifake,train
data/CIFake/train/FAKE/5250 (2).jpg,1,sd14_cifake,train
data/CIFake/train/FAKE/4882 (10).jpg,1,sd14_cifake,train
data/CIFake/train/FAKE/5209 (2).jpg,1,sd14_cifake,train
data/CIFake/train/FAKE/3109 (3).jpg,1,sd14_cifake,train
data/CIFake/train/FAKE/5153 (6).jpg,1,sd14_cifake,train
data/CIFake/train/FAKE/5562 (6).jpg,1,sd14_cifake,train
data/CIFake/train/FAKE/1430 (10).jpg,1,sd14_cifake,train
data/CIFake/train/FAKE/2320 (4).jpg,1,sd14_cifake,train
data/CIFake/train/FAKE/2372 (3).jpg,1,sd14_cifake,train
data/CIFake/train/FAKE/1984 (7).jpg,1,sd14_cifake,train
data/CIFake/train/FAKE/5336 (3).jpg,1,sd14_cifake,train
data/CIFake/train/FAKE/2132.jpg,1,sd14_cifake,train
data/CIFake/train/FAKE/3171 (4).jpg,1,sd14_cifake,train
data/CIFake/train/FAKE/2795 (6).jpg,1,sd14_cifake,train
data/CIFake/train/FAKE/1392 (6).jpg,1,sd14_cifake,train
data/CIFake/train/FAKE/5962 (5).jpg,1,sd14_cifake,train
data/CIFake/train/FAKE/5024 (10).jpg,1,sd14_cifake,train
data/CIFake/train/FAKE/2307 (2).jpg,1,sd14_cifake,train
data/CIFake/train/FAKE/3237 (2).jpg,1,sd14_cifake,train
data/CIFake/train/FAKE/4416 (9).jpg,1,sd14_cifake,train
data/CIFake/train/FAKE/2904 (4).jpg,1,sd14_cifake,train
data/CIFake/train/FAKE/4504 (5).jpg,1,sd14_cifake,train
data/CIFake/train/FAKE/4214 (2).jpg,1,sd14_cifake,train
data/CIFake/train/FAKE/3997 (6).jpg,1,sd14_cifake,train
data/CIFake/train/FAKE/4420 (9).jpg,1,sd14_cifake,train
data/CIFake/train/FAKE/4323 (9).jpg,1,sd14_cifake,train
data/CIFake/train/FAKE/1852 (5).jpg,1,sd14_cifake,train
data/CIFake/train/FAKE/1280 (6).jpg,1,sd14_cifake,train
data/CIFake/train/FAKE/5565.jpg,1,sd14_cifake,train
data/CIFake/train/FAKE/5067 (6).jpg,1,sd14_cifake,train
data/CIFake/train/FAKE/4536 (9).jpg,1,sd14_cifake,train
data/CIFake/train/FAKE/2666 (6).jpg,1,sd14_cifake,train
data/CIFake/train/FAKE/2738 (10).jpg,1,sd14_cifake,train
data/CIFake/train/FAKE/5545 (4).jpg,1,sd14_cifake,train
data/CIFake/train/FAKE/4158 (4).jpg,1,sd14_cifake,train
data/CIFake/train/FAKE/3967 (2).jpg,1,sd14_cifake,train
data/CIFake/train/FAKE/1041 (8).jpg,1,sd14_cifake,train
data/CIFake/train/FAKE/4561 (7).jpg,1,sd14_cifake,train
data/CIFake/train/FAKE/5291 (3).jpg,1,sd14_cifake,train
data/CIFake/train/FAKE/5096 (6).jpg,1,sd14_cifake,train
data/CIFake/train/FAKE/4161.jpg,1,sd14_cifake,train
data/CIFake/train/FAKE/3716 (10).jpg,1,sd14_cifake,train
data/CIFake/train/FAKE/1708 (6).jpg,1,sd14_cifake,train
data/CIFake/train/FAKE/3172 (5).jpg,1,sd14_cifake,train
data/CIFake/train/FAKE/1643 (7).jpg,1,sd14_cifake,train
data/CIFake/train/FAKE/1004 (5).jpg,1,sd14_cifake,train
data/CIFake/train/FAKE/2696 (3).jpg,1,sd14_cifake,train
data/CIFake/train/FAKE/5747 (7).jpg,1,sd14_cifake,train
data/CIFake/train/FAKE/4856 (10).jpg,1,sd14_cifake,train
data/CIFake/train/FAKE/1874 (10).jpg,1,sd14_cifake,train
data/CIFake/train/FAKE/3388 (8).jpg,1,sd14_cifake,train
data/CIFake/train/FAKE/2733 (6).jpg,1,sd14_cifake,train
data/CIFake/train/FAKE/5810 (4).jpg,1,sd14_cifake,train
data/CIFake/train/FAKE/1928 (4).jpg,1,sd14_cifake,train
data/CIFake/train/FAKE/1132 (6).jpg,1,sd14_cifake,train
data/CIFake/train/FAKE/3510 (4).jpg,1,sd14_cifake,train
data/CIFake/train/FAKE/5805 (3).jpg,1,sd14_cifake,train
data/CIFake/train/FAKE/3513 (7).jpg,1,sd14_cifake,train
data/CIFake/train/FAKE/1116 (5).jpg,1,sd14_cifake,train
data/CIFake/train/FAKE/3168 (3).jpg,1,sd14_cifake,train
data/CIFake/train/FAKE/5263 (4).jpg,1,sd14_cifake,train
data/CIFake/train/FAKE/4156 (7).jpg,1,sd14_cifake,train
data/CIFake/train/FAKE/1916 (2).jpg,1,sd14_cifake,train
data/CIFake/train/FAKE/5960 (10).jpg,1,sd14_cifake,train
data/CIFake/train/FAKE/2967 (4).jpg,1,sd14_cifake,train
data/CIFake/train/FAKE/4295 (4).jpg,1,sd14_cifake,train
data/CIFake/train/FAKE/4126.jpg,1,sd14_cifake,train
data/CIFake/train/FAKE/4174.jpg,1,sd14_cifake,train
data/CIFake/train/FAKE/3478 (7).jpg,1,sd14_cifake,train
data/CIFake/train/FAKE/1368 (2).jpg,1,sd14_cifake,train
data/CIFake/train/FAKE/3543 (5).jpg,1,sd14_cifake,train
data/CIFake/train/FAKE/2647 (2).jpg,1,sd14_cifake,train
data/CIFake/train/FAKE/4380 (2).jpg,1,sd14_cifake,train
data/CIFake/train/FAKE/4145 (5).jpg,1,sd14_cifake,train
data/CIFake/train/FAKE/4828 (5).jpg,1,sd14_cifake,train
data/CIFake/train/FAKE/1848 (10).jpg,1,sd14_cifake,train
data/CIFake/train/FAKE/5066.jpg,1,sd14_cifake,train
data/CIFake/train/FAKE/2054 (6).jpg,1,sd14_cifake,train
data/CIFake/train/FAKE/1982 (6).jpg,1,sd14_cifake,train
data/CIFake/train/FAKE/3539 (7).jpg,1,sd14_cifake,train
data/CIFake/train/FAKE/2651 (5).jpg,1,sd14_cifake,train
data/CIFake/train/FAKE/5485 (10).jpg,1,sd14_cifake,train
data/CIFake/train/FAKE/5675 (2).jpg,1,sd14_cifake,train
data/CIFake/train/FAKE/3342 (5).jpg,1,sd14_cifake,train
data/CIFake/train/FAKE/5564 (4).jpg,1,sd14_cifake,train
data/CIFake/train/FAKE/5028 (9).jpg,1,sd14_cifake,train
data/CIFake/train/FAKE/2462 (7).jpg,1,sd14_cifake,train
data/CIFake/train/FAKE/4678 (8).jpg,1,sd14_cifake,train
data/CIFake/train/FAKE/3253 (10).jpg,1,sd14_cifake,train
data/CIFake/train/FAKE/4406 (4).jpg,1,sd14_cifake,train
data/CIFake/train/FAKE/1414 (5).jpg,1,sd14_cifake,train
data/CIFake/train/FAKE/3036 (2).jpg,1,sd14_cifake,train
data/CIFake/train/FAKE/2138 (5).jpg,1,sd14_cifake,train
data/CIFake/train/FAKE/1585 (2).jpg,1,sd14_cifake,train
data/CIFake/train/FAKE/1345 (2).jpg,1,sd14_cifake,train
data/CIFake/train/FAKE/1988 (2).jpg,1,sd14_cifake,train
data/CIFake/train/FAKE/3427 (4).jpg,1,sd14_cifake,train
data/CIFake/train/FAKE/2032.jpg,1,sd14_cifake,train
data/CIFake/train/FAKE/1193 (3).jpg,1,sd14_cifake,train
data/CIFake/train/FAKE/3668 (5).jpg,1,sd14_cifake,train
data/CIFake/train/FAKE/1855 (2).jpg,1,sd14_cifake,train
data/CIFake/train/FAKE/4602 (3).jpg,1,sd14_cifake,train
data/CIFake/train/FAKE/1859 (9).jpg,1,sd14_cifake,train
data/CIFake/train/FAKE/3967 (8).jpg,1,sd14_cifake,train
data/CIFake/train/FAKE/1203 (2).jpg,1,sd14_cifake,train
data/CIFake/train/FAKE/3015 (4).jpg,1,sd14_cifake,train
data/CIFake/train/FAKE/4390 (2).jpg,1,sd14_cifake,train
data/CIFake/train/FAKE/4212 (5).jpg,1,sd14_cifake,train
data/CIFake/train/FAKE/1491 (5).jpg,1,sd14_cifake,train
data/CIFake/train/FAKE/1078 (4).jpg,1,sd14_cifake,train
data/CIFake/train/FAKE/5164 (3).jpg,1,sd14_cifake,train
data/CIFake/train/FAKE/4505 (10).jpg,1,sd14_cifake,train
data/CIFake/train/FAKE/2188 (6).jpg,1,sd14_cifake,train
data/CIFake/train/FAKE/5292 (5).jpg,1,sd14_cifake,train
data/CIFake/train/FAKE/3702 (4).jpg,1,sd14_cifake,train
data/CIFake/train/FAKE/1017.jpg,1,sd14_cifake,train
data/CIFake/train/FAKE/4555 (3).jpg,1,sd14_cifake,train
data/CIFake/train/FAKE/1315 (6).jpg,1,sd14_cifake,train
data/CIFake/train/FAKE/4862 (2).jpg,1,sd14_cifake,train
data/CIFake/train/FAKE/1770 (2).jpg,1,sd14_cifake,train
data/CIFake/train/FAKE/3791 (9).jpg,1,sd14_cifake,train
data/CIFake/train/FAKE/4367 (6).jpg,1,sd14_cifake,train
data/CIFake/train/FAKE/4155 (7).jpg,1,sd14_cifake,train
data/CIFake/train/FAKE/1125 (4).jpg,1,sd14_cifake,train
data/CIFake/train/FAKE/2911 (6).jpg,1,sd14_cifake,train
data/CIFake/train/FAKE/1782 (2).jpg,1,sd14_cifake,train
data/CIFake/train/FAKE/2041 (9).jpg,1,sd14_cifake,train
data/CIFake/train/FAKE/3364 (8).jpg,1,sd14_cifake,train
data/CIFake/train/FAKE/2692 (6).jpg,1,sd14_cifake,train
data/CIFake/train/FAKE/4036 (6).jpg,1,sd14_cifake,train
data/CIFake/train/FAKE/3138 (2).jpg,1,sd14_cifake,train
data/CIFake/train/FAKE/1264 (4).jpg,1,sd14_cifake,train
data/CIFake/train/FAKE/1318 (4).jpg,1,sd14_cifake,train
data/CIFake/train/FAKE/5438 (10).jpg,1,sd14_cifake,train
data/CIFake/train/FAKE/4195 (5).jpg,1,sd14_cifake,train
data/CIFake/train/FAKE/1576 (9).jpg,1,sd14_cifake,train
data/CIFake/train/FAKE/1329.jpg,1,sd14_cifake,train
data/CIFake/train/FAKE/5270 (3).jpg,1,sd14_cifake,train
data/CIFake/train/FAKE/4932 (4).jpg,1,sd14_cifake,train
data/CIFake/train/FAKE/4753 (10).jpg,1,sd14_cifake,train
data/CIFake/train/FAKE/4421 (3).jpg,1,sd14_cifake,train
data/CIFake/train/FAKE/2347 (3).jpg,1,sd14_cifake,train
data/CIFake/train/FAKE/1919.jpg,1,sd14_cifake,train
data/CIFake/train/FAKE/3962 (6).jpg,1,sd14_cifake,train
data/CIFake/train/FAKE/5461 (8).jpg,1,sd14_cifake,train
data/CIFake/train/FAKE/5125 (8).jpg,1,sd14_cifake,train
data/CIFake/train/FAKE/2283.jpg,1,sd14_cifake,train
data/CIFake/train/FAKE/2225 (4).jpg,1,sd14_cifake,train
data/CIFake/train/FAKE/1025 (10).jpg,1,sd14_cifake,train
data/CIFake/train/FAKE/5336 (9).jpg,1,sd14_cifake,train
data/CIFake/train/FAKE/1673 (2).jpg,1,sd14_cifake,train
data/CIFake/train/FAKE/5556 (10).jpg,1,sd14_cifake,train
data/CIFake/train/FAKE/3289 (9).jpg,1,sd14_cifake,train
data/CIFake/train/FAKE/1570 (4).jpg,1,sd14_cifake,train
data/CIFake/train/FAKE/3003 (3).jpg,1,sd14_cifake,train
data/CIFake/train/FAKE/2533 (7).jpg,1,sd14_cifake,train
data/CIFake/train/FAKE/4428 (3).jpg,1,sd14_cifake,train
data/CIFake/train/FAKE/3020 (6).jpg,1,sd14_cifake,train
data/CIFake/train/FAKE/1083 (6).jpg,1,sd14_cifake,train
data/CIFake/train/FAKE/3952 (5).jpg,1,sd14_cifake,train
data/CIFake/train/FAKE/5819 (3).jpg,1,sd14_cifake,train
data/CIFake/train/FAKE/3355.jpg,1,sd14_cifake,train
data/CIFake/train/FAKE/5650 (10).jpg,1,sd14_cifake,train
data/CIFake/train/FAKE/1046 (7).jpg,1,sd14_cifake,train
data/CIFake/train/FAKE/2927 (9).jpg,1,sd14_cifake,train
data/CIFake/train/FAKE/1063 (4).jpg,1,sd14_cifake,train
data/CIFake/train/FAKE/2354 (9).jpg,1,sd14_cifake,train
data/CIFake/train/FAKE/4472 (2).jpg,1,sd14_cifake,train
data/CIFake/train/FAKE/1030 (6).jpg,1,sd14_cifake,train
data/CIFake/train/FAKE/1143 (7).jpg,1,sd14_cifake,train
data/CIFake/train/FAKE/2081 (4).jpg,1,sd14_cifake,train
data/CIFake/train/FAKE/1695 (6).jpg,1,sd14_cifake,train
data/CIFake/train/FAKE/2356 (3).jpg,1,sd14_cifake,train
data/CIFake/train/FAKE/3174 (10).jpg,1,sd14_cifake,train
data/CIFake/train/FAKE/5761 (6).jpg,1,sd14_cifake,train
data/CIFake/train/FAKE/2205 (10).jpg,1,sd14_cifake,train
data/CIFake/train/FAKE/5929 (2).jpg,1,sd14_cifake,train
data/CIFake/train/FAKE/2949 (10).jpg,1,sd14_cifake,train
data/CIFake/train/FAKE/5252 (3).jpg,1,sd14_cifake,train
data/CIFake/train/FAKE/2834 (10).jpg,1,sd14_cifake,train
data/CIFake/train/FAKE/5837 (10).jpg,1,sd14_cifake,train
data/CIFake/train/FAKE/3965 (8).jpg,1,sd14_cifake,train
data/CIFake/train/FAKE/5081 (6).jpg,1,sd14_cifake,train
data/CIFake/train/FAKE/3943 (9).jpg,1,sd14_cifake,train
data/CIFake/train/FAKE/3053.jpg,1,sd14_cifake,train
data/CIFake/train/FAKE/4850 (8).jpg,1,sd14_cifake,train
data/CIFake/train/FAKE/4252.jpg,1,sd14_cifake,train
data/CIFake/train/FAKE/4083 (8).jpg,1,sd14_cifake,train
data/CIFake/train/FAKE/4198.jpg,1,sd14_cifake,train
data/CIFake/train/FAKE/5932 (7).jpg,1,sd14_cifake,train
data/CIFake/train/FAKE/5483 (8).jpg,1,sd14_cifake,train
data/CIFake/train/FAKE/2746 (8).jpg,1,sd14_cifake,train
data/CIFake/train/FAKE/3768 (2).jpg,1,sd14_cifake,train
data/CIFake/train/FAKE/3253 (5).jpg,1,sd14_cifake,train
data/CIFake/train/FAKE/3802 (4).jpg,1,sd14_cifake,train
data/CIFake/train/FAKE/1746 (10).jpg,1,sd14_cifake,train
data/CIFake/train/FAKE/5341 (7).jpg,1,sd14_cifake,train
data/CIFake/train/FAKE/3751 (2).jpg,1,sd14_cifake,train
data/CIFake/train/FAKE/2187 (10).jpg,1,sd14_cifake,train
data/CIFake/train/FAKE/1747 (3).jpg,1,sd14_cifake,train
data/CIFake/train/FAKE/2044 (7).jpg,1,sd14_cifake,train
data/CIFake/train/FAKE/2695 (10).jpg,1,sd14_cifake,train
data/CIFake/train/FAKE/5476.jpg,1,sd14_cifake,train
data/CIFake/train/FAKE/3593 (9).jpg,1,sd14_cifake,train
data/CIFake/train/FAKE/2346 (3).jpg,1,sd14_cifake,train
data/CIFake/train/FAKE/4858 (9).jpg,1,sd14_cifake,train
data/CIFake/train/FAKE/5623 (6).jpg,1,sd14_cifake,train
data/CIFake/train/FAKE/5969 (3).jpg,1,sd14_cifake,train
data/CIFake/train/FAKE/2032 (3).jpg,1,sd14_cifake,train
data/CIFake/train/FAKE/2514.jpg,1,sd14_cifake,train
data/CIFake/train/FAKE/1775 (5).jpg,1,sd14_cifake,train
data/CIFake/train/FAKE/1708 (5).jpg,1,sd14_cifake,train
data/CIFake/train/FAKE/4588 (3).jpg,1,sd14_cifake,train
data/CIFake/train/FAKE/5167 (8).jpg,1,sd14_cifake,train
data/CIFake/train/FAKE/5497 (9).jpg,1,sd14_cifake,train
data/CIFake/train/FAKE/1686 (4).jpg,1,sd14_cifake,train
data/CIFake/train/FAKE/1663 (7).jpg,1,sd14_cifake,train
data/CIFake/train/FAKE/4497 (6).jpg,1,sd14_cifake,train
data/CIFake/train/FAKE/2536 (9).jpg,1,sd14_cifake,train
data/CIFake/train/FAKE/3338 (5).jpg,1,sd14_cifake,train
data/CIFake/train/FAKE/1576.jpg,1,sd14_cifake,train
data/CIFake/train/FAKE/2161 (4).jpg,1,sd14_cifake,train
data/CIFake/train/FAKE/2007 (7).jpg,1,sd14_cifake,train
data/CIFake/train/FAKE/2844.jpg,1,sd14_cifake,train
data/CIFake/train/FAKE/3838 (8).jpg,1,sd14_cifake,train
data/CIFake/train/FAKE/3707 (10).jpg,1,sd14_cifake,train
data/CIFake/train/FAKE/4159 (7).jpg,1,sd14_cifake,train
data/CIFake/train/FAKE/1917 (10).jpg,1,sd14_cifake,train
data/CIFake/train/FAKE/4864 (7).jpg,1,sd14_cifake,train
data/CIFake/train/FAKE/4613 (3).jpg,1,sd14_cifake,train
data/CIFake/train/FAKE/3350 (7).jpg,1,sd14_cifake,train
data/CIFake/train/FAKE/2758 (4).jpg,1,sd14_cifake,train
data/CIFake/train/FAKE/4585 (2).jpg,1,sd14_cifake,train
data/CIFake/train/FAKE/3526 (2).jpg,1,sd14_cifake,train
data/CIFake/train/FAKE/4624 (8).jpg,1,sd14_cifake,train
data/CIFake/train/FAKE/3743 (2).jpg,1,sd14_cifake,train
data/CIFake/train/FAKE/3460 (7).jpg,1,sd14_cifake,train
data/CIFake/train/FAKE/2996 (3).jpg,1,sd14_cifake,train
data/CIFake/train/FAKE/1307 (9).jpg,1,sd14_cifake,train
data/CIFake/train/FAKE/5538 (5).jpg,1,sd14_cifake,train
data/CIFake/train/FAKE/1142 (9).jpg,1,sd14_cifake,train
data/CIFake/train/FAKE/2003 (6).jpg,1,sd14_cifake,train
data/CIFake/train/FAKE/1069 (5).jpg,1,sd14_cifake,train
data/CIFake/train/FAKE/1990 (5).jpg,1,sd14_cifake,train
data/CIFake/train/FAKE/1740 (2).jpg,1,sd14_cifake,train
data/CIFake/train/FAKE/5037 (8).jpg,1,sd14_cifake,train
data/CIFake/train/FAKE/1165 (7).jpg,1,sd14_cifake,train
data/CIFake/train/FAKE/2293 (8).jpg,1,sd14_cifake,train
data/CIFake/train/FAKE/5510 (3).jpg,1,sd14_cifake,train
data/CIFake/train/FAKE/2518 (8).jpg,1,sd14_cifake,train
data/CIFake/train/FAKE/1654 (2).jpg,1,sd14_cifake,train
data/CIFake/train/FAKE/2117 (9).jpg,1,sd14_cifake,train
data/CIFake/train/FAKE/4864 (9).jpg,1,sd14_cifake,train
data/CIFake/train/FAKE/5437.jpg,1,sd14_cifake,train
data/CIFake/train/FAKE/2211 (7).jpg,1,sd14_cifake,train
data/CIFake/train/FAKE/2597.jpg,1,sd14_cifake,train
data/CIFake/train/FAKE/2097 (10).jpg,1,sd14_cifake,train
data/CIFake/train/FAKE/4721 (3).jpg,1,sd14_cifake,train
data/CIFake/train/FAKE/2100 (3).jpg,1,sd14_cifake,train
data/CIFake/train/FAKE/3911 (9).jpg,1,sd14_cifake,train
data/CIFake/train/FAKE/5178 (2).jpg,1,sd14_cifake,train
data/CIFake/train/FAKE/1494 (2).jpg,1,sd14_cifake,train
data/CIFake/train/FAKE/2435 (4).jpg,1,sd14_cifake,train
data/CIFake/train/FAKE/5525 (4).jpg,1,sd14_cifake,train
data/CIFake/train/FAKE/4913 (3).jpg,1,sd14_cifake,train
data/CIFake/train/FAKE/4424 (6).jpg,1,sd14_cifake,train
data/CIFake/train/FAKE/4818 (7).jpg,1,sd14_cifake,train
data/CIFake/train/FAKE/3037 (9).jpg,1,sd14_cifake,train
data/CIFake/train/FAKE/4693 (7).jpg,1,sd14_cifake,train
data/CIFake/train/FAKE/3102 (9).jpg,1,sd14_cifake,train
data/CIFake/train/FAKE/2493.jpg,1,sd14_cifake,train
data/CIFake/train/FAKE/4022.jpg,1,sd14_cifake,train
data/CIFake/train/FAKE/2205 (9).jpg,1,sd14_cifake,train
data/CIFake/train/FAKE/2132 (6).jpg,1,sd14_cifake,train
data/CIFake/train/FAKE/4836 (3).jpg,1,sd14_cifake,train
data/CIFake/train/FAKE/3664 (2).jpg,1,sd14_cifake,train
data/CIFake/train/FAKE/4954 (4).jpg,1,sd14_cifake,train
data/CIFake/train/FAKE/4117 (8).jpg,1,sd14_cifake,train
data/CIFake/train/FAKE/3543 (10).jpg,1,sd14_cifake,train
data/CIFake/train/FAKE/2150 (6).jpg,1,sd14_cifake,train
data/CIFake/train/FAKE/2811.jpg,1,sd14_cifake,train
data/CIFake/train/FAKE/5650 (3).jpg,1,sd14_cifake,train
data/CIFake/train/FAKE/4279.jpg,1,sd14_cifake,train
data/CIFake/train/FAKE/5269 (5).jpg,1,sd14_cifake,train
data/CIFake/train/FAKE/1325 (3).jpg,1,sd14_cifake,train
data/CIFake/train/FAKE/3448 (4).jpg,1,sd14_cifake,train
data/CIFake/train/FAKE/1491 (6).jpg,1,sd14_cifake,train
data/CIFake/train/FAKE/5217 (10).jpg,1,sd14_cifake,train
data/CIFake/train/FAKE/5807 (8).jpg,1,sd14_cifake,train
data/CIFake/train/FAKE/3079 (4).jpg,1,sd14_cifake,train
data/CIFake/train/FAKE/2165 (4).jpg,1,sd14_cifake,train
data/CIFake/train/FAKE/4409 (9).jpg,1,sd14_cifake,train
data/CIFake/train/FAKE/3452 (6).jpg,1,sd14_cifake,train
data/CIFake/train/FAKE/4028 (10).jpg,1,sd14_cifake,train
data/CIFake/train/FAKE/5107 (10).jpg,1,sd14_cifake,train
data/CIFake/train/FAKE/2181.jpg,1,sd14_cifake,train
data/CIFake/train/FAKE/3842 (10).jpg,1,sd14_cifake,train
data/CIFake/train/FAKE/5216 (10).jpg,1,sd14_cifake,train
data/CIFake/train/FAKE/5496 (2).jpg,1,sd14_cifake,train
data/CIFake/train/FAKE/4700 (7).jpg,1,sd14_cifake,train
data/CIFake/train/FAKE/3488 (8).jpg,1,sd14_cifake,train
data/CIFake/train/FAKE/5083 (3).jpg,1,sd14_cifake,train
data/CIFake/train/FAKE/3441 (2).jpg,1,sd14_cifake,train
data/CIFake/train/FAKE/5254 (5).jpg,1,sd14_cifake,train
data/CIFake/train/FAKE/5225 (10).jpg,1,sd14_cifake,train
data/CIFake/train/FAKE/4713 (3).jpg,1,sd14_cifake,train
data/CIFake/train/FAKE/3414 (10).jpg,1,sd14_cifake,train
data/CIFake/train/FAKE/1980 (2).jpg,1,sd14_cifake,train
data/CIFake/train/FAKE/2162 (8).jpg,1,sd14_cifake,train
data/CIFake/train/FAKE/2245 (10).jpg,1,sd14_cifake,train
data/CIFake/train/FAKE/2419 (5).jpg,1,sd14_cifake,train
data/CIFake/train/FAKE/1318 (5).jpg,1,sd14_cifake,train
data/CIFake/train/FAKE/5065 (10).jpg,1,sd14_cifake,train
data/CIFake/train/FAKE/3262.jpg,1,sd14_cifake,train
data/CIFake/train/FAKE/3001 (9).jpg,1,sd14_cifake,train
data/CIFake/train/FAKE/1384 (4).jpg,1,sd14_cifake,train
data/CIFake/train/FAKE/1602 (6).jpg,1,sd14_cifake,train
data/CIFake/train/FAKE/5660 (4).jpg,1,sd14_cifake,train
data/CIFake/train/FAKE/3811 (7).jpg,1,sd14_cifake,train
data/CIFake/train/FAKE/1791 (4).jpg,1,sd14_cifake,train
data/CIFake/train/FAKE/2456 (6).jpg,1,sd14_cifake,train
data/CIFake/train/FAKE/4991 (2).jpg,1,sd14_cifake,train
data/CIFake/train/FAKE/4899 (8).jpg,1,sd14_cifake,train
data/CIFake/train/FAKE/4748 (9).jpg,1,sd14_cifake,train
data/CIFake/train/FAKE/2506 (2).jpg,1,sd14_cifake,train
data/CIFake/train/FAKE/5617 (9).jpg,1,sd14_cifake,train
data/CIFake/train/FAKE/3510 (2).jpg,1,sd14_cifake,train
data/CIFake/train/FAKE/3596 (9).jpg,1,sd14_cifake,train
data/CIFake/train/FAKE/5510 (5).jpg,1,sd14_cifake,train
data/CIFake/train/FAKE/1357 (3).jpg,1,sd14_cifake,train
data/CIFake/train/FAKE/3479 (8).jpg,1,sd14_cifake,train
data/CIFake/train/FAKE/2986 (2).jpg,1,sd14_cifake,train
data/CIFake/train/FAKE/1610 (8).jpg,1,sd14_cifake,train
data/CIFake/train/FAKE/3991.jpg,1,sd14_cifake,train
data/CIFake/train/FAKE/1350.jpg,1,sd14_cifake,train
data/CIFake/train/FAKE/2298 (5).jpg,1,sd14_cifake,train
data/CIFake/train/FAKE/5922 (10).jpg,1,sd14_cifake,train
data/CIFake/train/FAKE/1076 (4).jpg,1,sd14_cifake,train
data/CIFake/train/FAKE/1882 (4).jpg,1,sd14_cifake,train
data/CIFake/train/FAKE/2772 (4).jpg,1,sd14_cifake,train
data/CIFake/train/FAKE/1593 (5).jpg,1,sd14_cifake,train
data/CIFake/train/FAKE/3480 (7).jpg,1,sd14_cifake,train
data/CIFake/train/FAKE/3111 (7).jpg,1,sd14_cifake,train
data/CIFake/train/FAKE/1880 (8).jpg,1,sd14_cifake,train
data/CIFake/train/FAKE/1592 (4).jpg,1,sd14_cifake,train
data/CIFake/train/FAKE/4387 (10).jpg,1,sd14_cifake,train
data/CIFake/train/FAKE/3750 (3).jpg,1,sd14_cifake,train
data/CIFake/train/FAKE/3397 (5).jpg,1,sd14_cifake,train
data/CIFake/train/FAKE/2642.jpg,1,sd14_cifake,train
data/CIFake/train/FAKE/3364 (6).jpg,1,sd14_cifake,train
data/CIFake/train/FAKE/4042 (4).jpg,1,sd14_cifake,train
data/CIFake/train/FAKE/3345 (7).jpg,1,sd14_cifake,train
data/CIFake/train/FAKE/3987.jpg,1,sd14_cifake,train
data/CIFake/train/FAKE/5323 (10).jpg,1,sd14_cifake,train
data/CIFake/train/FAKE/2056 (8).jpg,1,sd14_cifake,train
data/CIFake/train/FAKE/2330.jpg,1,sd14_cifake,train
data/CIFake/train/FAKE/4943 (10).jpg,1,sd14_cifake,train
data/CIFake/train/FAKE/2346 (8).jpg,1,sd14_cifake,train
data/CIFake/train/FAKE/1081 (10).jpg,1,sd14_cifake,train
data/CIFake/train/FAKE/4586 (7).jpg,1,sd14_cifake,train
data/CIFake/train/FAKE/4348 (4).jpg,1,sd14_cifake,train
data/CIFake/train/FAKE/5157 (6).jpg,1,sd14_cifake,train
data/CIFake/train/FAKE/2463 (5).jpg,1,sd14_cifake,train
data/CIFake/train/FAKE/3301 (9).jpg,1,sd14_cifake,train
data/CIFake/train/FAKE/5270 (2).jpg,1,sd14_cifake,train
data/CIFake/train/FAKE/3084 (10).jpg,1,sd14_cifake,train
data/CIFake/train/FAKE/2857 (7).jpg,1,sd14_cifake,train
data/CIFake/train/FAKE/1609 (7).jpg,1,sd14_cifake,train
data/CIFake/train/FAKE/1771 (9).jpg,1,sd14_cifake,train
data/CIFake/train/FAKE/1248 (8).jpg,1,sd14_cifake,train
data/CIFake/train/FAKE/5139 (5).jpg,1,sd14_cifake,train
data/CIFake/train/FAKE/4091 (3).jpg,1,sd14_cifake,train
data/CIFake/train/FAKE/1475 (4).jpg,1,sd14_cifake,train
data/CIFake/train/FAKE/2385 (4).jpg,1,sd14_cifake,train
data/CIFake/train/FAKE/1509.jpg,1,sd14_cifake,train
data/CIFake/train/FAKE/1921 (8).jpg,1,sd14_cifake,train
data/CIFake/train/FAKE/2007 (4).jpg,1,sd14_cifake,train
data/CIFake/train/FAKE/2447 (7).jpg,1,sd14_cifake,train
data/CIFake/train/FAKE/1282 (8).jpg,1,sd14_cifake,train
data/CIFake/train/FAKE/4739 (8).jpg,1,sd14_cifake,train
data/CIFake/train/FAKE/3572 (3).jpg,1,sd14_cifake,train
data/CIFake/train/FAKE/5266 (2).jpg,1,sd14_cifake,train
data/CIFake/train/FAKE/4697 (9).jpg,1,sd14_cifake,train
data/CIFake/train/FAKE/2913 (6).jpg,1,sd14_cifake,train
data/CIFake/train/FAKE/5339 (4).jpg,1,sd14_cifake,train
data/CIFake/train/FAKE/4513 (5).jpg,1,sd14_cifake,train
data/CIFake/train/FAKE/3402 (5).jpg,1,sd14_cifake,train
data/CIFake/train/FAKE/5830 (4).jpg,1,sd14_cifake,train
data/CIFake/train/FAKE/3953 (4).jpg,1,sd14_cifake,train
data/CIFake/train/FAKE/2991 (8).jpg,1,sd14_cifake,train
data/CIFake/train/FAKE/4288 (9).jpg,1,sd14_cifake,train
data/CIFake/train/FAKE/3458 (9).jpg,1,sd14_cifake,train
data/CIFake/train/FAKE/1737 (5).jpg,1,sd14_cifake,train
data/CIFake/train/FAKE/4866 (9).jpg,1,sd14_cifake,train
data/CIFake/train/FAKE/1300 (8).jpg,1,sd14_cifake,train
data/CIFake/train/FAKE/5822.jpg,1,sd14_cifake,train
data/CIFake/train/FAKE/4353 (6).jpg,1,sd14_cifake,train
data/CIFake/train/FAKE/3692 (10).jpg,1,sd14_cifake,train
data/CIFake/train/FAKE/3575 (3).jpg,1,sd14_cifake,train
data/CIFake/train/FAKE/1304 (8).jpg,1,sd14_cifake,train
data/CIFake/train/FAKE/4618 (5).jpg,1,sd14_cifake,train
data/CIFake/train/FAKE/1247 (3).jpg,1,sd14_cifake,train
data/CIFake/train/FAKE/2852 (8).jpg,1,sd14_cifake,train
data/CIFake/train/FAKE/3351 (10).jpg,1,sd14_cifake,train
data/CIFake/train/FAKE/2934 (10).jpg,1,sd14_cifake,train
data/CIFake/train/FAKE/4259 (6).jpg,1,sd14_cifake,train
data/CIFake/train/FAKE/2229 (10).jpg,1,sd14_cifake,train
data/CIFake/train/FAKE/3248.jpg,1,sd14_cifake,train
data/CIFake/train/FAKE/4334 (10).jpg,1,sd14_cifake,train
data/CIFake/train/FAKE/3217.jpg,1,sd14_cifake,train
data/CIFake/train/FAKE/1127.jpg,1,sd14_cifake,train
data/CIFake/train/FAKE/3233 (9).jpg,1,sd14_cifake,train
data/CIFake/train/FAKE/1258 (6).jpg,1,sd14_cifake,train
data/CIFake/train/FAKE/5533 (9).jpg,1,sd14_cifake,train
data/CIFake/train/FAKE/3520.jpg,1,sd14_cifake,train
data/CIFake/train/FAKE/3099 (3).jpg,1,sd14_cifake,train
data/CIFake/train/FAKE/5083 (8).jpg,1,sd14_cifake,train
data/CIFake/train/FAKE/3058 (10).jpg,1,sd14_cifake,train
data/CIFake/train/FAKE/4910 (3).jpg,1,sd14_cifake,train
data/CIFake/train/FAKE/1131 (6).jpg,1,sd14_cifake,train
data/CIFake/train/FAKE/5203 (7).jpg,1,sd14_cifake,train
data/CIFake/train/FAKE/5618 (4).jpg,1,sd14_cifake,train
data/CIFake/train/FAKE/3566 (4).jpg,1,sd14_cifake,train
data/CIFake/train/FAKE/4753 (4).jpg,1,sd14_cifake,train
data/CIFake/train/FAKE/3725 (9).jpg,1,sd14_cifake,train
data/CIFake/train/FAKE/3648 (3).jpg,1,sd14_cifake,train
data/CIFake/train/FAKE/3687 (3).jpg,1,sd14_cifake,train
data/CIFake/train/FAKE/4450 (2).jpg,1,sd14_cifake,train
data/CIFake/train/FAKE/5710 (6).jpg,1,sd14_cifake,train
data/CIFake/train/FAKE/5681 (3).jpg,1,sd14_cifake,train
data/CIFake/train/FAKE/2114 (9).jpg,1,sd14_cifake,train
data/CIFake/train/FAKE/4980 (2).jpg,1,sd14_cifake,train
data/CIFake/train/FAKE/5617 (10).jpg,1,sd14_cifake,train
data/CIFake/train/FAKE/2585 (6).jpg,1,sd14_cifake,train
data/CIFake/train/FAKE/1009 (6).jpg,1,sd14_cifake,train
data/CIFake/train/FAKE/3492 (10).jpg,1,sd14_cifake,train
data/CIFake/train/FAKE/2451 (8).jpg,1,sd14_cifake,train
data/CIFake/train/FAKE/3552 (7).jpg,1,sd14_cifake,train
data/CIFake/train/FAKE/3254 (7).jpg,1,sd14_cifake,train
data/CIFake/train/FAKE/2387 (7).jpg,1,sd14_cifake,train
data/CIFake/train/FAKE/4877 (8).jpg,1,sd14_cifake,train
data/CIFake/train/FAKE/3692 (9).jpg,1,sd14_cifake,train
data/CIFake/train/FAKE/1968 (10).jpg,1,sd14_cifake,train
data/CIFake/train/FAKE/2470 (10).jpg,1,sd14_cifake,train
data/CIFake/train/FAKE/4512 (3).jpg,1,sd14_cifake,train
data/CIFake/train/FAKE/5894 (9).jpg,1,sd14_cifake,train
data/CIFake/train/FAKE/1802.jpg,1,sd14_cifake,train
data/CIFake/train/FAKE/3936 (7).jpg,1,sd14_cifake,train
data/CIFake/train/FAKE/2853 (6).jpg,1,sd14_cifake,train
data/CIFake/train/FAKE/3373 (9).jpg,1,sd14_cifake,train
data/CIFake/train/FAKE/1756.jpg,1,sd14_cifake,train
data/CIFake/train/FAKE/5592 (3).jpg,1,sd14_cifake,train
data/CIFake/train/FAKE/2630 (7).jpg,1,sd14_cifake,train
data/CIFake/train/FAKE/5106 (7).jpg,1,sd14_cifake,train
data/CIFake/train/FAKE/3256 (8).jpg,1,sd14_cifake,train
data/CIFake/train/FAKE/2135 (10).jpg,1,sd14_cifake,train
data/CIFake/train/FAKE/5600 (7).jpg,1,sd14_cifake,train
data/CIFake/train/FAKE/1672 (7).jpg,1,sd14_cifake,train
data/CIFake/train/FAKE/3465.jpg,1,sd14_cifake,train
data/CIFake/train/FAKE/5441 (4).jpg,1,sd14_cifake,train
data/CIFake/train/FAKE/4717 (9).jpg,1,sd14_cifake,train
data/CIFake/train/FAKE/5801 (10).jpg,1,sd14_cifake,train
data/CIFake/train/FAKE/1058 (4).jpg,1,sd14_cifake,train
data/CIFake/train/FAKE/4991 (5).jpg,1,sd14_cifake,train
data/CIFake/train/FAKE/1380 (2).jpg,1,sd14_cifake,train
data/CIFake/train/FAKE/4159 (6).jpg,1,sd14_cifake,train
data/CIFake/train/FAKE/3107 (7).jpg,1,sd14_cifake,train
data/CIFake/train/FAKE/3650 (6).jpg,1,sd14_cifake,train
data/CIFake/train/FAKE/4931 (9).jpg,1,sd14_cifake,train
data/CIFake/train/FAKE/3842 (4).jpg,1,sd14_cifake,train
data/CIFake/train/FAKE/4647 (8).jpg,1,sd14_cifake,train
data/CIFake/train/FAKE/3808 (3).jpg,1,sd14_cifake,train
data/CIFake/train/FAKE/3881 (9).jpg,1,sd14_cifake,train
data/CIFake/train/FAKE/5929 (9).jpg,1,sd14_cifake,train
data/CIFake/train/FAKE/5203 (6).jpg,1,sd14_cifake,train
data/CIFake/train/FAKE/1501 (2).jpg,1,sd14_cifake,train
data/CIFake/train/FAKE/3582 (7).jpg,1,sd14_cifake,train
data/CIFake/train/FAKE/2578 (8).jpg,1,sd14_cifake,train
data/CIFake/train/FAKE/2478 (4).jpg,1,sd14_cifake,train
data/CIFake/train/FAKE/4969 (10).jpg,1,sd14_cifake,train
data/CIFake/train/FAKE/5057 (2).jpg,1,sd14_cifake,train
data/CIFake/train/FAKE/4876 (9).jpg,1,sd14_cifake,train
data/CIFake/train/FAKE/2028 (5).jpg,1,sd14_cifake,train
data/CIFake/train/FAKE/5741.jpg,1,sd14_cifake,train
data/CIFake/train/FAKE/3199 (7).jpg,1,sd14_cifake,train
data/CIFake/train/FAKE/3172 (9).jpg,1,sd14_cifake,train
data/CIFake/train/FAKE/3344 (3).jpg,1,sd14_cifake,train
data/CIFake/train/FAKE/1838 (2).jpg,1,sd14_cifake,train
data/CIFake/train/FAKE/5873 (6).jpg,1,sd14_cifake,train
data/CIFake/train/FAKE/5130 (9).jpg,1,sd14_cifake,train
data/CIFake/train/FAKE/2295.jpg,1,sd14_cifake,train
data/CIFake/train/FAKE/3292 (2).jpg,1,sd14_cifake,train
data/CIFake/train/FAKE/5591 (2).jpg,1,sd14_cifake,train
data/CIFake/train/FAKE/4844 (5).jpg,1,sd14_cifake,train
data/CIFake/train/FAKE/1639 (7).jpg,1,sd14_cifake,train
data/CIFake/train/FAKE/5347 (3).jpg,1,sd14_cifake,train
data/CIFake/train/FAKE/4128 (7).jpg,1,sd14_cifake,train
data/CIFake/train/FAKE/4598 (6).jpg,1,sd14_cifake,train
data/CIFake/train/FAKE/4559 (2).jpg,1,sd14_cifake,train
data/CIFake/train/FAKE/1014 (4).jpg,1,sd14_cifake,train
data/CIFake/train/FAKE/3006 (2).jpg,1,sd14_cifake,train
data/CIFake/train/FAKE/4658 (6).jpg,1,sd14_cifake,train
data/CIFake/train/FAKE/2018 (5).jpg,1,sd14_cifake,train
data/CIFake/train/FAKE/3592 (6).jpg,1,sd14_cifake,train
data/CIFake/train/FAKE/3466 (4).jpg,1,sd14_cifake,train
data/CIFake/train/FAKE/5742 (10).jpg,1,sd14_cifake,train
data/CIFake/train/FAKE/2304 (9).jpg,1,sd14_cifake,train
data/CIFake/train/FAKE/2287 (4).jpg,1,sd14_cifake,train
data/CIFake/train/FAKE/4524 (3).jpg,1,sd14_cifake,train
data/CIFake/train/FAKE/4321 (4).jpg,1,sd14_cifake,train
data/CIFake/train/FAKE/5341 (4).jpg,1,sd14_cifake,train
data/CIFake/train/FAKE/5060 (10).jpg,1,sd14_cifake,train
data/CIFake/train/FAKE/5488 (3).jpg,1,sd14_cifake,train
data/CIFake/train/FAKE/1566.jpg,1,sd14_cifake,train
data/CIFake/train/FAKE/1561.jpg,1,sd14_cifake,train
data/CIFake/train/FAKE/5846 (9).jpg,1,sd14_cifake,train
data/CIFake/train/FAKE/2930 (4).jpg,1,sd14_cifake,train
data/CIFake/train/FAKE/2434 (10).jpg,1,sd14_cifake,train
data/CIFake/train/FAKE/3681 (7).jpg,1,sd14_cifake,train
data/CIFake/train/FAKE/2885 (10).jpg,1,sd14_cifake,train
data/CIFake/train/FAKE/3112 (8).jpg,1,sd14_cifake,train
data/CIFake/train/FAKE/2163 (9).jpg,1,sd14_cifake,train
data/CIFake/train/FAKE/2731 (8).jpg,1,sd14_cifake,train
data/CIFake/train/FAKE/5224.jpg,1,sd14_cifake,train
data/CIFake/train/FAKE/2138.jpg,1,sd14_cifake,train
data/CIFake/train/FAKE/1874.jpg,1,sd14_cifake,train
data/CIFake/train/FAKE/3481 (5).jpg,1,sd14_cifake,train
data/CIFake/train/FAKE/5330 (2).jpg,1,sd14_cifake,train
data/CIFake/train/FAKE/5392 (6).jpg,1,sd14_cifake,train
data/CIFake/train/FAKE/5006 (8).jpg,1,sd14_cifake,train
data/CIFake/train/FAKE/4352 (8).jpg,1,sd14_cifake,train
data/CIFake/train/FAKE/3380 (9).jpg,1,sd14_cifake,train
data/CIFake/train/FAKE/3439 (6).jpg,1,sd14_cifake,train
data/CIFake/train/FAKE/5783.jpg,1,sd14_cifake,train
data/CIFake/train/FAKE/2668 (10).jpg,1,sd14_cifake,train
data/CIFake/train/FAKE/3796 (2).jpg,1,sd14_cifake,train
data/CIFake/train/FAKE/2505 (9).jpg,1,sd14_cifake,train
data/CIFake/train/FAKE/3836 (5).jpg,1,sd14_cifake,train
data/CIFake/train/FAKE/4103 (6).jpg,1,sd14_cifake,train
data/CIFake/train/FAKE/3499 (4).jpg,1,sd14_cifake,train
data/CIFake/train/FAKE/2805.jpg,1,sd14_cifake,train
data/CIFake/train/FAKE/2095 (6).jpg,1,sd14_cifake,train
data/CIFake/train/FAKE/1591 (6).jpg,1,sd14_cifake,train
data/CIFake/train/FAKE/1043 (3).jpg,1,sd14_cifake,train
data/CIFake/train/FAKE/2878 (4).jpg,1,sd14_cifake,train
data/CIFake/train/FAKE/4168 (7).jpg,1,sd14_cifake,train
data/CIFake/train/FAKE/2060 (4).jpg,1,sd14_cifake,train
data/CIFake/train/FAKE/2802 (2).jpg,1,sd14_cifake,train
data/CIFake/train/FAKE/3205 (7).jpg,1,sd14_cifake,train
data/CIFake/train/FAKE/3071 (4).jpg,1,sd14_cifake,train
data/CIFake/train/FAKE/5216 (6).jpg,1,sd14_cifake,train
data/CIFake/train/FAKE/1622 (6).jpg,1,sd14_cifake,train
data/CIFake/train/FAKE/3522 (4).jpg,1,sd14_cifake,train
data/CIFake/train/FAKE/3548 (7).jpg,1,sd14_cifake,train
data/CIFake/train/FAKE/1062 (9).jpg,1,sd14_cifake,train
data/CIFake/train/FAKE/5977 (5).jpg,1,sd14_cifake,train
data/CIFake/train/FAKE/2347 (10).jpg,1,sd14_cifake,train
data/CIFake/train/FAKE/3123 (9).jpg,1,sd14_cifake,train
data/CIFake/train/FAKE/2760 (2).jpg,1,sd14_cifake,train
data/CIFake/train/FAKE/2648 (8).jpg,1,sd14_cifake,train
data/CIFake/train/FAKE/3214 (3).jpg,1,sd14_cifake,train
data/CIFake/train/FAKE/4657 (5).jpg,1,sd14_cifake,train
data/CIFake/train/FAKE/4860 (4).jpg,1,sd14_cifake,train
data/CIFake/train/FAKE/5983 (9).jpg,1,sd14_cifake,train
data/CIFake/train/FAKE/4804.jpg,1,sd14_cifake,train
data/CIFake/train/FAKE/4004 (6).jpg,1,sd14_cifake,train
data/CIFake/train/FAKE/5720 (5).jpg,1,sd14_cifake,train
data/CIFake/train/FAKE/2974.jpg,1,sd14_cifake,train
data/CIFake/train/FAKE/2954 (3).jpg,1,sd14_cifake,train
data/CIFake/train/FAKE/1876 (9).jpg,1,sd14_cifake,train
data/CIFake/train/FAKE/1998 (8).jpg,1,sd14_cifake,train
data/CIFake/train/FAKE/4534 (3).jpg,1,sd14_cifake,train
data/CIFake/train/FAKE/5691 (9).jpg,1,sd14_cifake,train
data/CIFake/train/FAKE/2574 (9).jpg,1,sd14_cifake,train
data/CIFake/train/FAKE/3169 (9).jpg,1,sd14_cifake,train
data/CIFake/train/FAKE/3217 (10).jpg,1,sd14_cifake,train
data/CIFake/train/FAKE/3827 (9).jpg,1,sd14_cifake,train
data/CIFake/train/FAKE/2222 (8).jpg,1,sd14_cifake,train
data/CIFake/train/FAKE/5173 (9).jpg,1,sd14_cifake,train
data/CIFake/train/FAKE/3920 (10).jpg,1,sd14_cifake,train
data/CIFake/train/FAKE/5125 (6).jpg,1,sd14_cifake,train
data/CIFake/train/FAKE/5299.jpg,1,sd14_cifake,train
data/CIFake/train/FAKE/5562 (2).jpg,1,sd14_cifake,train
data/CIFake/train/FAKE/3327 (5).jpg,1,sd14_cifake,train
data/CIFake/train/FAKE/2139 (4).jpg,1,sd14_cifake,train
data/CIFake/train/FAKE/4986 (9).jpg,1,sd14_cifake,train
data/CIFake/train/FAKE/1411.jpg,1,sd14_cifake,train
data/CIFake/train/FAKE/5237 (4).jpg,1,sd14_cifake,train
data/CIFake/train/FAKE/5189 (5).jpg,1,sd14_cifake,train
data/CIFake/train/FAKE/2695 (2).jpg,1,sd14_cifake,train
data/CIFake/train/FAKE/2940 (10).jpg,1,sd14_cifake,train
data/CIFake/train/FAKE/5877 (3).jpg,1,sd14_cifake,train
data/CIFake/train/FAKE/5762 (2).jpg,1,sd14_cifake,train
data/CIFake/train/FAKE/1581 (5).jpg,1,sd14_cifake,train
data/CIFake/train/FAKE/2024 (5).jpg,1,sd14_cifake,train
data/CIFake/train/FAKE/3747 (5).jpg,1,sd14_cifake,train
data/CIFake/train/FAKE/4776 (8).jpg,1,sd14_cifake,train
data/CIFake/train/FAKE/4818 (5).jpg,1,sd14_cifake,train
data/CIFake/train/FAKE/4498.jpg,1,sd14_cifake,train
data/CIFake/train/FAKE/1595 (7).jpg,1,sd14_cifake,train
data/CIFake/train/FAKE/4445.jpg,1,sd14_cifake,train
data/CIFake/train/FAKE/1900 (3).jpg,1,sd14_cifake,train
data/CIFake/train/FAKE/1920 (5).jpg,1,sd14_cifake,train
data/CIFake/train/FAKE/3496 (10).jpg,1,sd14_cifake,train
data/CIFake/train/FAKE/3093.jpg,1,sd14_cifake,train
data/CIFake/train/FAKE/3929.jpg,1,sd14_cifake,train
data/CIFake/train/FAKE/4546 (7).jpg,1,sd14_cifake,train
data/CIFake/train/FAKE/1868 (5).jpg,1,sd14_cifake,train
data/CIFake/train/FAKE/1083 (7).jpg,1,sd14_cifake,train
data/CIFake/train/FAKE/1031 (7).jpg,1,sd14_cifake,train
data/CIFake/train/FAKE/4748.jpg,1,sd14_cifake,train
data/CIFake/train/FAKE/3871 (6).jpg,1,sd14_cifake,train
data/CIFake/train/FAKE/3457 (4).jpg,1,sd14_cifake,train
data/CIFake/train/FAKE/4139 (4).jpg,1,sd14_cifake,train
data/CIFake/train/FAKE/5024 (7).jpg,1,sd14_cifake,train
data/CIFake/train/FAKE/3246 (10).jpg,1,sd14_cifake,train
data/CIFake/train/FAKE/5569 (2).jpg,1,sd14_cifake,train
data/CIFake/train/FAKE/5497 (7).jpg,1,sd14_cifake,train
data/CIFake/train/FAKE/4221 (9).jpg,1,sd14_cifake,train
data/CIFake/train/FAKE/4643 (5).jpg,1,sd14_cifake,train
data/CIFake/train/FAKE/3850 (8).jpg,1,sd14_cifake,train
data/CIFake/train/FAKE/3726 (5).jpg,1,sd14_cifake,train
data/CIFake/train/FAKE/2263 (10).jpg,1,sd14_cifake,train
data/CIFake/train/FAKE/1592 (6).jpg,1,sd14_cifake,train
data/CIFake/train/FAKE/3203 (9).jpg,1,sd14_cifake,train
data/CIFake/train/FAKE/2312 (7).jpg,1,sd14_cifake,train
data/CIFake/train/FAKE/4075 (6).jpg,1,sd14_cifake,train
data/CIFake/train/FAKE/4706 (5).jpg,1,sd14_cifake,train
data/CIFake/train/FAKE/5567 (10).jpg,1,sd14_cifake,train
data/CIFake/train/FAKE/5283 (3).jpg,1,sd14_cifake,train
data/CIFake/train/FAKE/2440.jpg,1,sd14_cifake,train
data/CIFake/train/FAKE/2051 (10).jpg,1,sd14_cifake,train
data/CIFake/train/FAKE/4163 (7).jpg,1,sd14_cifake,train
data/CIFake/train/FAKE/4040 (4).jpg,1,sd14_cifake,train
data/CIFake/train/FAKE/5902 (7).jpg,1,sd14_cifake,train
data/CIFake/train/FAKE/1917 (6).jpg,1,sd14_cifake,train
data/CIFake/train/FAKE/1628 (6).jpg,1,sd14_cifake,train
data/CIFake/train/FAKE/2956 (10).jpg,1,sd14_cifake,train
data/CIFake/train/FAKE/1892 (10).jpg,1,sd14_cifake,train
data/CIFake/train/FAKE/2544 (4).jpg,1,sd14_cifake,train
data/CIFake/train/FAKE/5976 (3).jpg,1,sd14_cifake,train
data/CIFake/train/FAKE/4078 (10).jpg,1,sd14_cifake,train
data/CIFake/train/FAKE/4684.jpg,1,sd14_cifake,train
data/CIFake/train/FAKE/4503 (8).jpg,1,sd14_cifake,train
data/CIFake/train/FAKE/1777.jpg,1,sd14_cifake,train
data/CIFake/train/FAKE/2516.jpg,1,sd14_cifake,train
data/CIFake/train/FAKE/2813 (3).jpg,1,sd14_cifake,train
data/CIFake/train/FAKE/2090 (2).jpg,1,sd14_cifake,train
data/CIFake/train/FAKE/1696 (5).jpg,1,sd14_cifake,train
data/CIFake/train/FAKE/2310 (10).jpg,1,sd14_cifake,train
data/CIFake/train/FAKE/2014 (4).jpg,1,sd14_cifake,train
data/CIFake/train/FAKE/1036.jpg,1,sd14_cifake,train
data/CIFake/train/FAKE/2380 (9).jpg,1,sd14_cifake,train
data/CIFake/train/FAKE/5571.jpg,1,sd14_cifake,train
data/CIFake/train/FAKE/3064 (5).jpg,1,sd14_cifake,train
data/CIFake/train/FAKE/1320 (9).jpg,1,sd14_cifake,train
data/CIFake/train/FAKE/4945 (5).jpg,1,sd14_cifake,train
data/CIFake/train/FAKE/3655 (10).jpg,1,sd14_cifake,train
data/CIFake/train/FAKE/2398 (3).jpg,1,sd14_cifake,train
data/CIFake/train/FAKE/2138 (7).jpg,1,sd14_cifake,train
data/CIFake/train/FAKE/4094 (8).jpg,1,sd14_cifake,train
data/CIFake/train/FAKE/2263 (3).jpg,1,sd14_cifake,train
data/CIFake/train/FAKE/4853 (10).jpg,1,sd14_cifake,train
data/CIFake/train/FAKE/1057 (7).jpg,1,sd14_cifake,train
data/CIFake/train/FAKE/5916 (5).jpg,1,sd14_cifake,train
data/CIFake/train/FAKE/3265.jpg,1,sd14_cifake,train
data/CIFake/train/FAKE/1583 (3).jpg,1,sd14_cifake,train
data/CIFake/train/FAKE/5494.jpg,1,sd14_cifake,train
data/CIFake/train/FAKE/1261 (4).jpg,1,sd14_cifake,train
data/CIFake/train/FAKE/2457 (3).jpg,1,sd14_cifake,train
data/CIFake/train/FAKE/1301 (3).jpg,1,sd14_cifake,train
data/CIFake/train/FAKE/1972 (10).jpg,1,sd14_cifake,train
data/CIFake/train/FAKE/1446 (9).jpg,1,sd14_cifake,train
data/CIFake/train/FAKE/3678 (2).jpg,1,sd14_cifake,train
data/CIFake/train/FAKE/3538.jpg,1,sd14_cifake,train
data/CIFake/train/FAKE/4679 (6).jpg,1,sd14_cifake,train
data/CIFake/train/FAKE/1678 (7).jpg,1,sd14_cifake,train
data/CIFake/train/FAKE/1156 (7).jpg,1,sd14_cifake,train
data/CIFake/train/FAKE/2635 (4).jpg,1,sd14_cifake,train
data/CIFake/train/FAKE/5727 (10).jpg,1,sd14_cifake,train
data/CIFake/train/FAKE/4118 (7).jpg,1,sd14_cifake,train
data/CIFake/train/FAKE/4290 (2).jpg,1,sd14_cifake,train
data/CIFake/train/FAKE/3354 (4).jpg,1,sd14_cifake,train
data/CIFake/train/FAKE/5485 (4).jpg,1,sd14_cifake,train
data/CIFake/train/FAKE/5442 (9).jpg,1,sd14_cifake,train
data/CIFake/train/FAKE/1882.jpg,1,sd14_cifake,train
data/CIFake/train/FAKE/5545.jpg,1,sd14_cifake,train
data/CIFake/train/FAKE/4409 (8).jpg,1,sd14_cifake,train
data/CIFake/train/FAKE/3966 (2).jpg,1,sd14_cifake,train
data/CIFake/train/FAKE/5445.jpg,1,sd14_cifake,train
data/CIFake/train/FAKE/1203 (7).jpg,1,sd14_cifake,train
data/CIFake/train/FAKE/5634 (6).jpg,1,sd14_cifake,train
data/CIFake/train/FAKE/4871 (9).jpg,1,sd14_cifake,train
data/CIFake/train/FAKE/5866 (2).jpg,1,sd14_cifake,train
data/CIFake/train/FAKE/4617.jpg,1,sd14_cifake,train
data/CIFake/train/FAKE/1129 (4).jpg,1,sd14_cifake,train
data/CIFake/train/FAKE/1377 (7).jpg,1,sd14_cifake,train
data/CIFake/train/FAKE/5447 (10).jpg,1,sd14_cifake,train
data/CIFake/train/FAKE/5743 (4).jpg,1,sd14_cifake,train
data/CIFake/train/FAKE/3296.jpg,1,sd14_cifake,train
data/CIFake/train/FAKE/1516 (7).jpg,1,sd14_cifake,train
data/CIFake/train/FAKE/3529 (3).jpg,1,sd14_cifake,train
data/CIFake/train/FAKE/5610 (10).jpg,1,sd14_cifake,train
data/CIFake/train/FAKE/5873 (5).jpg,1,sd14_cifake,train
data/CIFake/train/FAKE/4988 (9).jpg,1,sd14_cifake,train
data/CIFake/train/FAKE/4968 (3).jpg,1,sd14_cifake,train
data/CIFake/train/FAKE/2248.jpg,1,sd14_cifake,train
data/CIFake/train/FAKE/1747 (2).jpg,1,sd14_cifake,train
data/CIFake/train/FAKE/4879 (10).jpg,1,sd14_cifake,train
data/CIFake/train/FAKE/1147 (2).jpg,1,sd14_cifake,train
data/CIFake/train/FAKE/2151.jpg,1,sd14_cifake,train
data/CIFake/train/FAKE/4058 (6).jpg,1,sd14_cifake,train
data/CIFake/train/FAKE/3094 (5).jpg,1,sd14_cifake,train
data/CIFake/train/FAKE/5544 (7).jpg,1,sd14_cifake,train
data/CIFake/train/FAKE/3481.jpg,1,sd14_cifake,train
data/CIFake/train/FAKE/5435 (2).jpg,1,sd14_cifake,train
data/CIFake/train/FAKE/5401.jpg,1,sd14_cifake,train
data/CIFake/train/FAKE/2054 (8).jpg,1,sd14_cifake,train
data/CIFake/train/FAKE/4249 (6).jpg,1,sd14_cifake,train
data/CIFake/train/FAKE/5859 (10).jpg,1,sd14_cifake,train
data/CIFake/train/FAKE/5893.jpg,1,sd14_cifake,train
data/CIFake/train/FAKE/2723 (6).jpg,1,sd14_cifake,train
data/CIFake/train/FAKE/3545 (6).jpg,1,sd14_cifake,train
data/CIFake/train/FAKE/4562.jpg,1,sd14_cifake,train
data/CIFake/train/FAKE/4165.jpg,1,sd14_cifake,train
data/CIFake/train/FAKE/1662 (2).jpg,1,sd14_cifake,train
data/CIFake/train/FAKE/1047 (2).jpg,1,sd14_cifake,train
data/CIFake/train/FAKE/3467 (3).jpg,1,sd14_cifake,train
data/CIFake/train/FAKE/2642 (10).jpg,1,sd14_cifake,train
data/CIFake/train/FAKE/5848 (5).jpg,1,sd14_cifake,train
data/CIFake/train/FAKE/1780 (5).jpg,1,sd14_cifake,train
data/CIFake/train/FAKE/5514 (5).jpg,1,sd14_cifake,train
data/CIFake/train/FAKE/1910 (8).jpg,1,sd14_cifake,train
data/CIFake/train/FAKE/5477 (6).jpg,1,sd14_cifake,train
data/CIFake/train/FAKE/5230 (7).jpg,1,sd14_cifake,train
data/CIFake/train/FAKE/2856 (5).jpg,1,sd14_cifake,train
data/CIFake/train/FAKE/5473 (9).jpg,1,sd14_cifake,train
data/CIFake/train/FAKE/1681 (10).jpg,1,sd14_cifake,train
data/CIFake/train/FAKE/4056 (2).jpg,1,sd14_cifake,train
data/CIFake/train/FAKE/2977 (7).jpg,1,sd14_cifake,train
data/CIFake/train/FAKE/1300 (10).jpg,1,sd14_cifake,train
data/CIFake/train/FAKE/5494 (10).jpg,1,sd14_cifake,train
data/CIFake/train/FAKE/3989 (9).jpg,1,sd14_cifake,train
data/CIFake/train/FAKE/3903 (7).jpg,1,sd14_cifake,train
data/CIFake/train/FAKE/4190 (4).jpg,1,sd14_cifake,train
data/CIFake/train/FAKE/4047 (9).jpg,1,sd14_cifake,train
data/CIFake/train/FAKE/5855 (7).jpg,1,sd14_cifake,train
data/CIFake/train/FAKE/3261 (3).jpg,1,sd14_cifake,train
data/CIFake/train/FAKE/4671 (10).jpg,1,sd14_cifake,train
data/CIFake/train/FAKE/2523 (8).jpg,1,sd14_cifake,train
data/CIFake/train/FAKE/5246 (4).jpg,1,sd14_cifake,train
data/CIFake/train/FAKE/1333 (3).jpg,1,sd14_cifake,train
data/CIFake/train/FAKE/1216 (8).jpg,1,sd14_cifake,train
data/CIFake/train/FAKE/2306 (9).jpg,1,sd14_cifake,train
data/CIFake/train/FAKE/3057 (3).jpg,1,sd14_cifake,train
data/CIFake/train/FAKE/5332 (2).jpg,1,sd14_cifake,train
data/CIFake/train/FAKE/3545 (3).jpg,1,sd14_cifake,train
data/CIFake/train/FAKE/4539 (8).jpg,1,sd14_cifake,train
data/CIFake/train/FAKE/4682 (4).jpg,1,sd14_cifake,train
data/CIFake/train/FAKE/3625 (2).jpg,1,sd14_cifake,train
data/CIFake/train/FAKE/3602 (8).jpg,1,sd14_cifake,train
data/CIFake/train/FAKE/2065.jpg,1,sd14_cifake,train
data/CIFake/train/FAKE/2556.jpg,1,sd14_cifake,train
data/CIFake/train/FAKE/5499 (8).jpg,1,sd14_cifake,train
data/CIFake/train/FAKE/1898.jpg,1,sd14_cifake,train
data/CIFake/train/FAKE/4424 (8).jpg,1,sd14_cifake,train
data/CIFake/train/FAKE/2580 (5).jpg,1,sd14_cifake,train
data/CIFake/train/FAKE/4627 (6).jpg,1,sd14_cifake,train
data/CIFake/train/FAKE/5572 (10).jpg,1,sd14_cifake,train
data/CIFake/train/FAKE/4851 (5).jpg,1,sd14_cifake,train
data/CIFake/train/FAKE/3704.jpg,1,sd14_cifake,train
data/CIFake/train/FAKE/4192.jpg,1,sd14_cifake,train
data/CIFake/train/FAKE/2315 (5).jpg,1,sd14_cifake,train
data/CIFake/train/FAKE/3894 (9).jpg,1,sd14_cifake,train
data/CIFake/train/FAKE/1657 (2).jpg,1,sd14_cifake,train
data/CIFake/train/FAKE/4529 (9).jpg,1,sd14_cifake,train
data/CIFake/train/FAKE/5021 (6).jpg,1,sd14_cifake,train
data/CIFake/train/FAKE/5427 (2).jpg,1,sd14_cifake,train
data/CIFake/train/FAKE/3604 (8).jpg,1,sd14_cifake,train
data/CIFake/train/FAKE/2226 (6).jpg,1,sd14_cifake,train
data/CIFake/train/FAKE/4937 (7).jpg,1,sd14_cifake,train
data/CIFake/train/FAKE/1655 (7).jpg,1,sd14_cifake,train
data/CIFake/train/FAKE/3457 (8).jpg,1,sd14_cifake,train
data/CIFake/train/FAKE/5052 (5).jpg,1,sd14_cifake,train
data/CIFake/train/FAKE/1038 (7).jpg,1,sd14_cifake,train
data/CIFake/train/FAKE/5640 (5).jpg,1,sd14_cifake,train
data/CIFake/train/FAKE/5378 (8).jpg,1,sd14_cifake,train
data/CIFake/train/FAKE/5304 (9).jpg,1,sd14_cifake,train
data/CIFake/train/FAKE/2589 (8).jpg,1,sd14_cifake,train
data/CIFake/train/FAKE/2700 (2).jpg,1,sd14_cifake,train
data/CIFake/train/FAKE/4870 (6).jpg,1,sd14_cifake,train
data/CIFake/train/FAKE/3713 (4).jpg,1,sd14_cifake,train
data/CIFake/train/FAKE/5391 (10).jpg,1,sd14_cifake,train
data/CIFake/train/FAKE/1758 (9).jpg,1,sd14_cifake,train
data/CIFake/train/FAKE/4779 (2).jpg,1,sd14_cifake,train
data/CIFake/train/FAKE/4359 (10).jpg,1,sd14_cifake,train
data/CIFake/train/FAKE/5309 (8).jpg,1,sd14_cifake,train
data/CIFake/train/FAKE/1826.jpg,1,sd14_cifake,train
data/CIFake/train/FAKE/3961 (7).jpg,1,sd14_cifake,train
data/CIFake/train/FAKE/3120 (7).jpg,1,sd14_cifake,train
data/CIFake/train/FAKE/4841 (2).jpg,1,sd14_cifake,train
data/CIFake/train/FAKE/1811 (9).jpg,1,sd14_cifake,train
data/CIFake/train/FAKE/1287 (8).jpg,1,sd14_cifake,train
data/CIFake/train/FAKE/1356 (5).jpg,1,sd14_cifake,train
data/CIFake/train/FAKE/5283.jpg,1,sd14_cifake,train
data/CIFake/train/FAKE/4762 (8).jpg,1,sd14_cifake,train
data/CIFake/train/FAKE/2231 (7).jpg,1,sd14_cifake,train
data/CIFake/train/FAKE/1529 (7).jpg,1,sd14_cifake,train
data/CIFake/train/FAKE/5241 (9).jpg,1,sd14_cifake,train
data/CIFake/train/FAKE/5731.jpg,1,sd14_cifake,train
data/CIFake/train/FAKE/2361 (2).jpg,1,sd14_cifake,train
data/CIFake/train/FAKE/2280 (8).jpg,1,sd14_cifake,train
data/CIFake/train/FAKE/3391 (4).jpg,1,sd14_cifake,train
data/CIFake/train/FAKE/4472 (3).jpg,1,sd14_cifake,train
data/CIFake/train/FAKE/1536.jpg,1,sd14_cifake,train
data/CIFake/train/FAKE/3993 (4).jpg,1,sd14_cifake,train
data/CIFake/train/FAKE/1117 (5).jpg,1,sd14_cifake,train
data/CIFake/train/FAKE/2953 (4).jpg,1,sd14_cifake,train
data/CIFake/train/FAKE/4291 (10).jpg,1,sd14_cifake,train
data/CIFake/train/FAKE/1971 (3).jpg,1,sd14_cifake,train
data/CIFake/train/FAKE/1574 (9).jpg,1,sd14_cifake,train
data/CIFake/train/FAKE/5542 (8).jpg,1,sd14_cifake,train
data/CIFake/train/FAKE/3195 (6).jpg,1,sd14_cifake,train
data/CIFake/train/FAKE/4367 (9).jpg,1,sd14_cifake,train
data/CIFake/train/FAKE/4831.jpg,1,sd14_cifake,train
data/CIFake/train/FAKE/5617 (3).jpg,1,sd14_cifake,train
data/CIFake/train/FAKE/2526.jpg,1,sd14_cifake,train
data/CIFake/train/FAKE/4435.jpg,1,sd14_cifake,train
data/CIFake/train/FAKE/1708 (10).jpg,1,sd14_cifake,train
data/CIFake/train/FAKE/5269 (9).jpg,1,sd14_cifake,train
data/CIFake/train/FAKE/4303 (8).jpg,1,sd14_cifake,train
data/CIFake/train/FAKE/5034 (5).jpg,1,sd14_cifake,train
data/CIFake/train/FAKE/2491 (9).jpg,1,sd14_cifake,train
data/CIFake/train/FAKE/3246 (2).jpg,1,sd14_cifake,train
data/CIFake/train/FAKE/2899 (5).jpg,1,sd14_cifake,train
data/CIFake/train/FAKE/2080 (6).jpg,1,sd14_cifake,train
data/CIFake/train/FAKE/5090 (6).jpg,1,sd14_cifake,train
data/CIFake/train/FAKE/4176 (4).jpg,1,sd14_cifake,train
data/CIFake/train/FAKE/4182 (4).jpg,1,sd14_cifake,train
data/CIFake/train/FAKE/2904 (9).jpg,1,sd14_cifake,train
data/CIFake/train/FAKE/5779 (5).jpg,1,sd14_cifake,train
data/CIFake/train/FAKE/2503.jpg,1,sd14_cifake,train
data/CIFake/train/FAKE/5721 (4).jpg,1,sd14_cifake,train
data/CIFake/train/FAKE/4472 (4).jpg,1,sd14_cifake,train
data/CIFake/train/FAKE/3853 (4).jpg,1,sd14_cifake,train
data/CIFake/train/FAKE/2187.jpg,1,sd14_cifake,train
data/CIFake/train/FAKE/5653 (9).jpg,1,sd14_cifake,train
data/CIFake/train/FAKE/1692 (3).jpg,1,sd14_cifake,train
data/CIFake/train/FAKE/3095 (6).jpg,1,sd14_cifake,train
data/CIFake/train/FAKE/5750 (8).jpg,1,sd14_cifake,train
data/CIFake/train/FAKE/4909 (5).jpg,1,sd14_cifake,train
data/CIFake/train/FAKE/3600 (4).jpg,1,sd14_cifake,train
data/CIFake/train/FAKE/4615 (5).jpg,1,sd14_cifake,train
data/CIFake/train/FAKE/3499 (9).jpg,1,sd14_cifake,train
data/CIFake/train/FAKE/2626 (9).jpg,1,sd14_cifake,train
data/CIFake/train/FAKE/2158 (9).jpg,1,sd14_cifake,train
data/CIFake/train/FAKE/5233 (2).jpg,1,sd14_cifake,train
data/CIFake/train/FAKE/5342.jpg,1,sd14_cifake,train
data/CIFake/train/FAKE/5770 (9).jpg,1,sd14_cifake,train
data/CIFake/train/FAKE/5461 (5).jpg,1,sd14_cifake,train
data/CIFake/train/FAKE/5888 (7).jpg,1,sd14_cifake,train
data/CIFake/train/FAKE/3308 (5).jpg,1,sd14_cifake,train
data/CIFake/train/FAKE/2431 (7).jpg,1,sd14_cifake,train
data/CIFake/train/FAKE/5199 (8).jpg,1,sd14_cifake,train
data/CIFake/train/FAKE/2085 (4).jpg,1,sd14_cifake,train
data/CIFake/train/FAKE/4085 (4).jpg,1,sd14_cifake,train
data/CIFake/train/FAKE/4480 (2).jpg,1,sd14_cifake,train
data/CIFake/train/FAKE/3101 (4).jpg,1,sd14_cifake,train
data/CIFake/train/FAKE/4184 (2).jpg,1,sd14_cifake,train
data/CIFake/train/FAKE/1008 (4).jpg,1,sd14_cifake,train
data/CIFake/train/FAKE/2234 (5).jpg,1,sd14_cifake,train
data/CIFake/train/FAKE/5051 (7).jpg,1,sd14_cifake,train
data/CIFake/train/FAKE/1566 (2).jpg,1,sd14_cifake,train
data/CIFake/train/FAKE/2119 (6).jpg,1,sd14_cifake,train
data/CIFake/train/FAKE/2075 (9).jpg,1,sd14_cifake,train
data/CIFake/train/FAKE/2804.jpg,1,sd14_cifake,train
data/CIFake/train/FAKE/5151 (7).jpg,1,sd14_cifake,train
data/CIFake/train/FAKE/3417 (8).jpg,1,sd14_cifake,train
data/CIFake/train/FAKE/5887 (4).jpg,1,sd14_cifake,train
data/CIFake/train/FAKE/3758 (3).jpg,1,sd14_cifake,train
data/CIFake/train/FAKE/1258 (3).jpg,1,sd14_cifake,train
data/CIFake/train/FAKE/1488 (10).jpg,1,sd14_cifake,train
data/CIFake/train/FAKE/1958 (2).jpg,1,sd14_cifake,train
data/CIFake/train/FAKE/5485 (8).jpg,1,sd14_cifake,train
data/CIFake/train/FAKE/1316 (2).jpg,1,sd14_cifake,train
data/CIFake/train/FAKE/4510 (4).jpg,1,sd14_cifake,train
data/CIFake/train/FAKE/3151 (9).jpg,1,sd14_cifake,train
data/CIFake/train/FAKE/3025 (5).jpg,1,sd14_cifake,train
data/CIFake/train/FAKE/5521 (4).jpg,1,sd14_cifake,train
data/CIFake/train/FAKE/4920.jpg,1,sd14_cifake,train
data/CIFake/train/FAKE/3792 (4).jpg,1,sd14_cifake,train
data/CIFake/train/FAKE/2837 (3).jpg,1,sd14_cifake,train
data/CIFake/train/FAKE/5152 (2).jpg,1,sd14_cifake,train
data/CIFake/train/FAKE/4714.jpg,1,sd14_cifake,train
data/CIFake/train/FAKE/2179 (9).jpg,1,sd14_cifake,train
data/CIFake/train/FAKE/4345 (10).jpg,1,sd14_cifake,train
data/CIFake/train/FAKE/3903.jpg,1,sd14_cifake,train
data/CIFake/train/FAKE/5545 (10).jpg,1,sd14_cifake,train
data/CIFake/train/FAKE/3588 (7).jpg,1,sd14_cifake,train
data/CIFake/train/FAKE/5338 (7).jpg,1,sd14_cifake,train
data/CIFake/train/FAKE/2714 (6).jpg,1,sd14_cifake,train
data/CIFake/train/FAKE/3744 (9).jpg,1,sd14_cifake,train
data/CIFake/train/FAKE/3421 (2).jpg,1,sd14_cifake,train
data/CIFake/train/FAKE/3731 (4).jpg,1,sd14_cifake,train
data/CIFake/train/FAKE/4191 (5).jpg,1,sd14_cifake,train
data/CIFake/train/FAKE/5406 (5).jpg,1,sd14_cifake,train
data/CIFake/train/FAKE/1869 (5).jpg,1,sd14_cifake,train
data/CIFake/train/FAKE/4134 (3).jpg,1,sd14_cifake,train
data/CIFake/train/FAKE/5788 (5).jpg,1,sd14_cifake,train
data/CIFake/train/FAKE/4607 (8).jpg,1,sd14_cifake,train
data/CIFake/train/FAKE/5583 (10).jpg,1,sd14_cifake,train
data/CIFake/train/FAKE/2446.jpg,1,sd14_cifake,train
data/CIFake/train/FAKE/2470 (2).jpg,1,sd14_cifake,train
data/CIFake/train/FAKE/5010 (10).jpg,1,sd14_cifake,train
data/CIFake/train/FAKE/2453 (3).jpg,1,sd14_cifake,train
data/CIFake/train/FAKE/5884 (7).jpg,1,sd14_cifake,train
data/CIFake/train/FAKE/1415 (10).jpg,1,sd14_cifake,train
data/CIFake/train/FAKE/1261 (8).jpg,1,sd14_cifake,train
data/CIFake/train/FAKE/2233 (7).jpg,1,sd14_cifake,train
data/CIFake/train/FAKE/1032.jpg,1,sd14_cifake,train
data/CIFake/train/FAKE/3868 (4).jpg,1,sd14_cifake,train
data/CIFake/train/FAKE/5765 (2).jpg,1,sd14_cifake,train
data/CIFake/train/FAKE/5381 (7).jpg,1,sd14_cifake,train
data/CIFake/train/FAKE/5338 (3).jpg,1,sd14_cifake,train
data/CIFake/train/FAKE/3052 (7).jpg,1,sd14_cifake,train
data/CIFake/train/FAKE/1698 (6).jpg,1,sd14_cifake,train
data/CIFake/train/FAKE/4008 (10).jpg,1,sd14_cifake,train
data/CIFake/train/FAKE/4384 (10).jpg,1,sd14_cifake,train
data/CIFake/train/FAKE/5901 (5).jpg,1,sd14_cifake,train
data/CIFake/train/FAKE/4224 (6).jpg,1,sd14_cifake,train
data/CIFake/train/FAKE/4719 (10).jpg,1,sd14_cifake,train
data/CIFake/train/FAKE/5562 (5).jpg,1,sd14_cifake,train
data/CIFake/train/FAKE/4614.jpg,1,sd14_cifake,train
data/CIFake/train/FAKE/3325 (3).jpg,1,sd14_cifake,train
data/CIFake/train/FAKE/3246.jpg,1,sd14_cifake,train
data/CIFake/train/FAKE/1844.jpg,1,sd14_cifake,train
data/CIFake/train/FAKE/5970 (2).jpg,1,sd14_cifake,train
data/CIFake/train/FAKE/1048 (10).jpg,1,sd14_cifake,train
data/CIFake/train/FAKE/5374 (4).jpg,1,sd14_cifake,train
data/CIFake/train/FAKE/4372 (10).jpg,1,sd14_cifake,train
data/CIFake/train/FAKE/5776 (3).jpg,1,sd14_cifake,train
data/CIFake/train/FAKE/5403 (2).jpg,1,sd14_cifake,train
data/CIFake/train/FAKE/4563 (4).jpg,1,sd14_cifake,train
data/CIFake/train/FAKE/1844 (10).jpg,1,sd14_cifake,train
data/CIFake/train/FAKE/3114 (3).jpg,1,sd14_cifake,train
data/CIFake/train/FAKE/4791 (7).jpg,1,sd14_cifake,train
data/CIFake/train/FAKE/1966 (4).jpg,1,sd14_cifake,train
data/CIFake/train/FAKE/1899 (4).jpg,1,sd14_cifake,train
data/CIFake/train/FAKE/5233 (6).jpg,1,sd14_cifake,train
data/CIFake/train/FAKE/1475 (8).jpg,1,sd14_cifake,train
data/CIFake/train/FAKE/3763.jpg,1,sd14_cifake,train
data/CIFake/train/FAKE/4106 (4).jpg,1,sd14_cifake,train
data/CIFake/train/FAKE/1681 (3).jpg,1,sd14_cifake,train
data/CIFake/train/FAKE/3979 (6).jpg,1,sd14_cifake,train
data/CIFake/train/FAKE/2386 (2).jpg,1,sd14_cifake,train
data/CIFake/train/FAKE/5599 (8).jpg,1,sd14_cifake,train
data/CIFake/train/FAKE/1597 (8).jpg,1,sd14_cifake,train
data/CIFake/train/FAKE/3922.jpg,1,sd14_cifake,train
data/CIFake/train/FAKE/2833 (6).jpg,1,sd14_cifake,train
data/CIFake/train/FAKE/5999 (9).jpg,1,sd14_cifake,train
data/CIFake/train/FAKE/2930 (2).jpg,1,sd14_cifake,train
data/CIFake/train/FAKE/2907 (10).jpg,1,sd14_cifake,train
data/CIFake/train/FAKE/4664 (10).jpg,1,sd14_cifake,train
data/CIFake/train/FAKE/1573 (6).jpg,1,sd14_cifake,train
data/CIFake/train/FAKE/4864 (10).jpg,1,sd14_cifake,train
data/CIFake/train/FAKE/5858 (7).jpg,1,sd14_cifake,train
data/CIFake/train/FAKE/2491 (10).jpg,1,sd14_cifake,train
data/CIFake/train/FAKE/2336.jpg,1,sd14_cifake,train
data/CIFake/train/FAKE/2031 (3).jpg,1,sd14_cifake,train
data/CIFake/train/FAKE/5744 (7).jpg,1,sd14_cifake,train
data/CIFake/train/FAKE/4772 (9).jpg,1,sd14_cifake,train
data/CIFake/train/FAKE/5973 (8).jpg,1,sd14_cifake,train
data/CIFake/train/FAKE/4284 (2).jpg,1,sd14_cifake,train
data/CIFake/train/FAKE/1834 (6).jpg,1,sd14_cifake,train
data/CIFake/train/FAKE/3707 (4).jpg,1,sd14_cifake,train
data/CIFake/train/FAKE/4434 (9).jpg,1,sd14_cifake,train
data/CIFake/train/FAKE/3626 (6).jpg,1,sd14_cifake,train
data/CIFake/train/FAKE/5306 (9).jpg,1,sd14_cifake,train
data/CIFake/train/FAKE/4009 (6).jpg,1,sd14_cifake,train
data/CIFake/train/FAKE/5340 (9).jpg,1,sd14_cifake,train
data/CIFake/train/FAKE/1926 (6).jpg,1,sd14_cifake,train
data/CIFake/train/FAKE/4857.jpg,1,sd14_cifake,train
data/CIFake/train/FAKE/2690 (10).jpg,1,sd14_cifake,train
data/CIFake/train/FAKE/4775 (7).jpg,1,sd14_cifake,train
data/CIFake/train/FAKE/1756 (4).jpg,1,sd14_cifake,train
data/CIFake/train/FAKE/3214 (7).jpg,1,sd14_cifake,train
data/CIFake/train/FAKE/3774 (7).jpg,1,sd14_cifake,train
data/CIFake/train/FAKE/3643 (9).jpg,1,sd14_cifake,train
data/CIFake/train/FAKE/4100 (2).jpg,1,sd14_cifake,train
data/CIFake/train/FAKE/1697 (8).jpg,1,sd14_cifake,train
data/CIFake/train/FAKE/4376 (9).jpg,1,sd14_cifake,train
data/CIFake/train/FAKE/5425 (2).jpg,1,sd14_cifake,train
data/CIFake/train/FAKE/4933 (6).jpg,1,sd14_cifake,train
data/CIFake/train/FAKE/5242 (7).jpg,1,sd14_cifake,train
data/CIFake/train/FAKE/5022 (10).jpg,1,sd14_cifake,train
data/CIFake/train/FAKE/1550 (8).jpg,1,sd14_cifake,train
data/CIFake/train/FAKE/4605 (3).jpg,1,sd14_cifake,train
data/CIFake/train/FAKE/4837 (6).jpg,1,sd14_cifake,train
data/CIFake/train/FAKE/2707.jpg,1,sd14_cifake,train
data/CIFake/train/FAKE/2086 (9).jpg,1,sd14_cifake,train
data/CIFake/train/FAKE/4357 (4).jpg,1,sd14_cifake,train
data/CIFake/train/FAKE/4975 (6).jpg,1,sd14_cifake,train
data/CIFake/train/FAKE/2071 (7).jpg,1,sd14_cifake,train
data/CIFake/train/FAKE/2662 (3).jpg,1,sd14_cifake,train
data/CIFake/train/FAKE/2164 (7).jpg,1,sd14_cifake,train
data/CIFake/train/FAKE/3233 (2).jpg,1,sd14_cifake,train
data/CIFake/train/FAKE/2958.jpg,1,sd14_cifake,train
data/CIFake/train/FAKE/5196 (5).jpg,1,sd14_cifake,train
data/CIFake/train/FAKE/5460 (5).jpg,1,sd14_cifake,train
data/CIFake/train/FAKE/4475 (8).jpg,1,sd14_cifake,train
data/CIFake/train/FAKE/5767 (3).jpg,1,sd14_cifake,train
data/CIFake/train/FAKE/3312 (8).jpg,1,sd14_cifake,train
data/CIFake/train/FAKE/1299 (7).jpg,1,sd14_cifake,train
data/CIFake/train/FAKE/4525 (7).jpg,1,sd14_cifake,train
data/CIFake/train/FAKE/3562 (5).jpg,1,sd14_cifake,train
data/CIFake/train/FAKE/2309 (10).jpg,1,sd14_cifake,train
data/CIFake/train/FAKE/1772 (3).jpg,1,sd14_cifake,train
data/CIFake/train/FAKE/3500 (8).jpg,1,sd14_cifake,train
data/CIFake/train/FAKE/3991 (4).jpg,1,sd14_cifake,train
data/CIFake/train/FAKE/3777 (5).jpg,1,sd14_cifake,train
data/CIFake/train/FAKE/1284 (7).jpg,1,sd14_cifake,train
data/CIFake/train/FAKE/4637 (8).jpg,1,sd14_cifake,train
data/CIFake/train/FAKE/4195 (9).jpg,1,sd14_cifake,train
data/CIFake/train/FAKE/3888 (10).jpg,1,sd14_cifake,train
data/CIFake/train/FAKE/3735.jpg,1,sd14_cifake,train
data/CIFake/train/FAKE/5418 (8).jpg,1,sd14_cifake,train
data/CIFake/train/FAKE/1240 (3).jpg,1,sd14_cifake,train
data/CIFake/train/FAKE/1261 (6).jpg,1,sd14_cifake,train
data/CIFake/train/FAKE/3957 (6).jpg,1,sd14_cifake,train
data/CIFake/train/FAKE/1706 (3).jpg,1,sd14_cifake,train
data/CIFake/train/FAKE/2478 (2).jpg,1,sd14_cifake,train
data/CIFake/train/FAKE/2466 (5).jpg,1,sd14_cifake,train
data/CIFake/train/FAKE/2624 (4).jpg,1,sd14_cifake,train
data/CIFake/train/FAKE/5461 (10).jpg,1,sd14_cifake,train
data/CIFake/train/FAKE/4549 (10).jpg,1,sd14_cifake,train
data/CIFake/train/FAKE/2475 (3).jpg,1,sd14_cifake,train
data/CIFake/train/FAKE/1711 (6).jpg,1,sd14_cifake,train
data/CIFake/train/FAKE/5321 (6).jpg,1,sd14_cifake,train
data/CIFake/train/FAKE/4313 (3).jpg,1,sd14_cifake,train
data/CIFake/train/FAKE/4222 (10).jpg,1,sd14_cifake,train
data/CIFake/train/FAKE/5086 (9).jpg,1,sd14_cifake,train
data/CIFake/train/FAKE/4830 (5).jpg,1,sd14_cifake,train
data/CIFake/train/FAKE/4743 (6).jpg,1,sd14_cifake,train
data/CIFake/train/FAKE/4110 (3).jpg,1,sd14_cifake,train
data/CIFake/train/FAKE/3852 (4).jpg,1,sd14_cifake,train
data/CIFake/train/FAKE/4908 (4).jpg,1,sd14_cifake,train
data/CIFake/train/FAKE/1227 (10).jpg,1,sd14_cifake,train
data/CIFake/train/FAKE/4948 (8).jpg,1,sd14_cifake,train
data/CIFake/train/FAKE/4137.jpg,1,sd14_cifake,train
data/CIFake/train/FAKE/4509 (6).jpg,1,sd14_cifake,train
data/CIFake/train/FAKE/3806.jpg,1,sd14_cifake,train
data/CIFake/train/FAKE/3682 (3).jpg,1,sd14_cifake,train
data/CIFake/train/FAKE/2993 (8).jpg,1,sd14_cifake,train
data/CIFake/train/FAKE/5361 (7).jpg,1,sd14_cifake,train
data/CIFake/train/FAKE/3472 (10).jpg,1,sd14_cifake,train
data/CIFake/train/FAKE/5242 (10).jpg,1,sd14_cifake,train
data/CIFake/train/FAKE/5454 (6).jpg,1,sd14_cifake,train
data/CIFake/train/FAKE/2530.jpg,1,sd14_cifake,train
data/CIFake/train/FAKE/3911 (10).jpg,1,sd14_cifake,train
data/CIFake/train/FAKE/2822.jpg,1,sd14_cifake,train
data/CIFake/train/FAKE/5957 (6).jpg,1,sd14_cifake,train
data/CIFake/train/FAKE/4114 (4).jpg,1,sd14_cifake,train
data/CIFake/train/FAKE/2301 (9).jpg,1,sd14_cifake,train
data/CIFake/train/FAKE/2996 (9).jpg,1,sd14_cifake,train
data/CIFake/train/FAKE/5797 (3).jpg,1,sd14_cifake,train
data/CIFake/train/FAKE/3267 (6).jpg,1,sd14_cifake,train
data/CIFake/train/FAKE/5006 (6).jpg,1,sd14_cifake,train
data/CIFake/train/FAKE/5075 (10).jpg,1,sd14_cifake,train
data/CIFake/train/FAKE/5904 (9).jpg,1,sd14_cifake,train
data/CIFake/train/FAKE/4690 (4).jpg,1,sd14_cifake,train
data/CIFake/train/FAKE/1977 (5).jpg,1,sd14_cifake,train
data/CIFake/train/FAKE/5135 (6).jpg,1,sd14_cifake,train
data/CIFake/train/FAKE/3170 (4).jpg,1,sd14_cifake,train
data/CIFake/train/FAKE/1256 (9).jpg,1,sd14_cifake,train
data/CIFake/train/FAKE/2868 (7).jpg,1,sd14_cifake,train
data/CIFake/train/FAKE/4109 (10).jpg,1,sd14_cifake,train
data/CIFake/train/FAKE/1726.jpg,1,sd14_cifake,train
data/CIFake/train/FAKE/1429 (10).jpg,1,sd14_cifake,train
data/CIFake/train/FAKE/3657 (2).jpg,1,sd14_cifake,train
data/CIFake/train/FAKE/2163 (10).jpg,1,sd14_cifake,train
data/CIFake/train/FAKE/4788 (4).jpg,1,sd14_cifake,train
data/CIFake/train/FAKE/2937 (3).jpg,1,sd14_cifake,train
data/CIFake/train/FAKE/3512 (2).jpg,1,sd14_cifake,train
data/CIFake/train/FAKE/1357 (7).jpg,1,sd14_cifake,train
data/CIFake/train/FAKE/4205 (4).jpg,1,sd14_cifake,train
data/CIFake/train/FAKE/3070 (3).jpg,1,sd14_cifake,train
data/CIFake/train/FAKE/5110 (6).jpg,1,sd14_cifake,train
data/CIFake/train/FAKE/3920 (8).jpg,1,sd14_cifake,train
data/CIFake/train/FAKE/4269 (6).jpg,1,sd14_cifake,train
data/CIFake/train/FAKE/2105 (2).jpg,1,sd14_cifake,train
data/CIFake/train/FAKE/4147 (9).jpg,1,sd14_cifake,train
data/CIFake/train/FAKE/2927.jpg,1,sd14_cifake,train
data/CIFake/train/FAKE/1001 (2).jpg,1,sd14_cifake,train
data/CIFake/train/FAKE/1184 (9).jpg,1,sd14_cifake,train
data/CIFake/train/FAKE/5883.jpg,1,sd14_cifake,train
data/CIFake/train/FAKE/5169 (4).jpg,1,sd14_cifake,train
data/CIFake/train/FAKE/3214 (10).jpg,1,sd14_cifake,train
data/CIFake/train/FAKE/4424 (7).jpg,1,sd14_cifake,train
data/CIFake/train/FAKE/3708 (2).jpg,1,sd14_cifake,train
data/CIFake/train/FAKE/4891 (4).jpg,1,sd14_cifake,train
data/CIFake/train/FAKE/5660 (3).jpg,1,sd14_cifake,train
data/CIFake/train/FAKE/1461 (7).jpg,1,sd14_cifake,train
data/CIFake/train/FAKE/4359 (7).jpg,1,sd14_cifake,train
data/CIFake/train/FAKE/5690 (3).jpg,1,sd14_cifake,train
data/CIFake/train/FAKE/2174 (10).jpg,1,sd14_cifake,train
data/CIFake/train/FAKE/1030 (9).jpg,1,sd14_cifake,train
data/CIFake/train/FAKE/5700.jpg,1,sd14_cifake,train
data/CIFake/train/FAKE/1074 (7).jpg,1,sd14_cifake,train
data/CIFake/train/FAKE/2852 (6).jpg,1,sd14_cifake,train
data/CIFake/train/FAKE/2450 (7).jpg,1,sd14_cifake,train
data/CIFake/train/FAKE/1028 (5).jpg,1,sd14_cifake,train
data/CIFake/train/FAKE/1904 (9).jpg,1,sd14_cifake,train
data/CIFake/train/FAKE/3164 (2).jpg,1,sd14_cifake,train
data/CIFake/train/FAKE/5206 (6).jpg,1,sd14_cifake,train
data/CIFake/train/FAKE/2663 (2).jpg,1,sd14_cifake,train
data/CIFake/train/FAKE/1624 (2).jpg,1,sd14_cifake,train
data/CIFake/train/FAKE/2682 (10).jpg,1,sd14_cifake,train
data/CIFake/train/FAKE/4290 (6).jpg,1,sd14_cifake,train
data/CIFake/train/FAKE/4269 (2).jpg,1,sd14_cifake,train
data/CIFake/train/FAKE/1670 (6).jpg,1,sd14_cifake,train
data/CIFake/train/FAKE/1331 (4).jpg,1,sd14_cifake,train
data/CIFake/train/FAKE/4608.jpg,1,sd14_cifake,train
data/CIFake/train/FAKE/5400 (6).jpg,1,sd14_cifake,train
data/CIFake/train/FAKE/1166 (9).jpg,1,sd14_cifake,train
data/CIFake/train/FAKE/5283 (7).jpg,1,sd14_cifake,train
data/CIFake/train/FAKE/1035 (9).jpg,1,sd14_cifake,train
data/CIFake/train/FAKE/5081 (10).jpg,1,sd14_cifake,train
data/CIFake/train/FAKE/1052 (3).jpg,1,sd14_cifake,train
data/CIFake/train/FAKE/5817 (5).jpg,1,sd14_cifake,train
data/CIFake/train/FAKE/4385 (9).jpg,1,sd14_cifake,train
data/CIFake/train/FAKE/2107 (5).jpg,1,sd14_cifake,train
data/CIFake/train/FAKE/5507 (4).jpg,1,sd14_cifake,train
data/CIFake/train/FAKE/4787 (9).jpg,1,sd14_cifake,train
data/CIFake/train/FAKE/2046 (2).jpg,1,sd14_cifake,train
data/CIFake/train/FAKE/5765 (6).jpg,1,sd14_cifake,train
data/CIFake/train/FAKE/4706 (4).jpg,1,sd14_cifake,train
data/CIFake/train/FAKE/5155 (3).jpg,1,sd14_cifake,train
data/CIFake/train/FAKE/3941 (4).jpg,1,sd14_cifake,train
data/CIFake/train/FAKE/2925 (4).jpg,1,sd14_cifake,train
data/CIFake/train/FAKE/3679 (5).jpg,1,sd14_cifake,train
data/CIFake/train/FAKE/1663 (9).jpg,1,sd14_cifake,train
data/CIFake/train/FAKE/4406 (3).jpg,1,sd14_cifake,train
data/CIFake/train/FAKE/3059 (4).jpg,1,sd14_cifake,train
data/CIFake/train/FAKE/1661 (8).jpg,1,sd14_cifake,train
data/CIFake/train/FAKE/5158 (3).jpg,1,sd14_cifake,train
data/CIFake/train/FAKE/1441 (5).jpg,1,sd14_cifake,train
data/CIFake/train/FAKE/1740.jpg,1,sd14_cifake,train
data/CIFake/train/FAKE/1791 (3).jpg,1,sd14_cifake,train
data/CIFake/train/FAKE/4883 (2).jpg,1,sd14_cifake,train
data/CIFake/train/FAKE/4959 (8).jpg,1,sd14_cifake,train
data/CIFake/train/FAKE/1480 (10).jpg,1,sd14_cifake,train
data/CIFake/train/FAKE/4170 (4).jpg,1,sd14_cifake,train
data/CIFake/train/FAKE/2199 (8).jpg,1,sd14_cifake,train
data/CIFake/train/FAKE/3749 (9).jpg,1,sd14_cifake,train
data/CIFake/train/FAKE/1759 (6).jpg,1,sd14_cifake,train
data/CIFake/train/FAKE/4386 (10).jpg,1,sd14_cifake,train
data/CIFake/train/FAKE/3717 (3).jpg,1,sd14_cifake,train
data/CIFake/train/FAKE/2935 (7).jpg,1,sd14_cifake,train
data/CIFake/train/FAKE/3604 (2).jpg,1,sd14_cifake,train
data/CIFake/train/FAKE/2725 (7).jpg,1,sd14_cifake,train
data/CIFake/train/FAKE/1234 (9).jpg,1,sd14_cifake,train
data/CIFake/train/FAKE/3811 (3).jpg,1,sd14_cifake,train
data/CIFake/train/FAKE/4384.jpg,1,sd14_cifake,train
data/CIFake/train/FAKE/5309 (2).jpg,1,sd14_cifake,train
data/CIFake/train/FAKE/2711 (5).jpg,1,sd14_cifake,train
data/CIFake/train/FAKE/4089 (5).jpg,1,sd14_cifake,train
data/CIFake/train/FAKE/2565 (6).jpg,1,sd14_cifake,train
data/CIFake/train/FAKE/2551 (8).jpg,1,sd14_cifake,train
data/CIFake/train/FAKE/5617 (5).jpg,1,sd14_cifake,train
data/CIFake/train/FAKE/5990 (4).jpg,1,sd14_cifake,train
data/CIFake/train/FAKE/5593 (4).jpg,1,sd14_cifake,train
data/CIFake/train/FAKE/3144.jpg,1,sd14_cifake,train
data/CIFake/train/FAKE/2334.jpg,1,sd14_cifake,train
data/CIFake/train/FAKE/4592 (3).jpg,1,sd14_cifake,train
data/CIFake/train/FAKE/1211 (8).jpg,1,sd14_cifake,train
data/CIFake/train/FAKE/1352 (6).jpg,1,sd14_cifake,train
data/CIFake/train/FAKE/5130 (8).jpg,1,sd14_cifake,train
data/CIFake/train/FAKE/2525 (5).jpg,1,sd14_cifake,train
data/CIFake/train/FAKE/1631 (2).jpg,1,sd14_cifake,train
data/CIFake/train/FAKE/3445 (4).jpg,1,sd14_cifake,train
data/CIFake/train/FAKE/1894 (3).jpg,1,sd14_cifake,train
data/CIFake/train/FAKE/3285 (4).jpg,1,sd14_cifake,train
data/CIFake/train/FAKE/2138 (10).jpg,1,sd14_cifake,train
data/CIFake/train/FAKE/2394 (4).jpg,1,sd14_cifake,train
data/CIFake/train/FAKE/4548 (5).jpg,1,sd14_cifake,train
data/CIFake/train/FAKE/4793 (9).jpg,1,sd14_cifake,train
data/CIFake/train/FAKE/1486 (3).jpg,1,sd14_cifake,train
data/CIFake/train/FAKE/2308 (6).jpg,1,sd14_cifake,train
data/CIFake/train/FAKE/1610 (2).jpg,1,sd14_cifake,train
data/CIFake/train/FAKE/2388 (7).jpg,1,sd14_cifake,train
data/CIFake/train/FAKE/3394 (10).jpg,1,sd14_cifake,train
data/CIFake/train/FAKE/2725 (6).jpg,1,sd14_cifake,train
data/CIFake/train/FAKE/1628 (9).jpg,1,sd14_cifake,train
data/CIFake/train/FAKE/3604 (9).jpg,1,sd14_cifake,train
data/CIFake/train/FAKE/1483 (10).jpg,1,sd14_cifake,train
data/CIFake/train/FAKE/3498 (5).jpg,1,sd14_cifake,train
data/CIFake/train/FAKE/5384 (6).jpg,1,sd14_cifake,train
data/CIFake/train/FAKE/3871.jpg,1,sd14_cifake,train
data/CIFake/train/FAKE/5839 (6).jpg,1,sd14_cifake,train
data/CIFake/train/FAKE/5496 (10).jpg,1,sd14_cifake,train
data/CIFake/train/FAKE/3200 (4).jpg,1,sd14_cifake,train
data/CIFake/train/FAKE/2323 (3).jpg,1,sd14_cifake,train
data/CIFake/train/FAKE/3643.jpg,1,sd14_cifake,train
data/CIFake/train/FAKE/2738 (5).jpg,1,sd14_cifake,train
data/CIFake/train/FAKE/5648.jpg,1,sd14_cifake,train
data/CIFake/train/FAKE/5855 (9).jpg,1,sd14_cifake,train
data/CIFake/train/FAKE/1060.jpg,1,sd14_cifake,train
data/CIFake/train/FAKE/3272 (9).jpg,1,sd14_cifake,train
data/CIFake/train/FAKE/4659 (2).jpg,1,sd14_cifake,train
data/CIFake/train/FAKE/2456 (8).jpg,1,sd14_cifake,train
data/CIFake/train/FAKE/4750 (4).jpg,1,sd14_cifake,train
data/CIFake/train/FAKE/3172.jpg,1,sd14_cifake,train
data/CIFake/train/FAKE/3173.jpg,1,sd14_cifake,train
data/CIFake/train/FAKE/3539 (9).jpg,1,sd14_cifake,train
data/CIFake/train/FAKE/5288.jpg,1,sd14_cifake,train
data/CIFake/train/FAKE/3319 (7).jpg,1,sd14_cifake,train
data/CIFake/train/FAKE/3253 (6).jpg,1,sd14_cifake,train
data/CIFake/train/FAKE/1561 (7).jpg,1,sd14_cifake,train
data/CIFake/train/FAKE/5962 (4).jpg,1,sd14_cifake,train
data/CIFake/train/FAKE/1122 (10).jpg,1,sd14_cifake,train
data/CIFake/train/FAKE/5337 (8).jpg,1,sd14_cifake,train
data/CIFake/train/FAKE/2315 (2).jpg,1,sd14_cifake,train
data/CIFake/train/FAKE/1856 (3).jpg,1,sd14_cifake,train
data/CIFake/train/FAKE/3868 (7).jpg,1,sd14_cifake,train
data/CIFake/train/FAKE/3788 (5).jpg,1,sd14_cifake,train
data/CIFake/train/FAKE/3501 (4).jpg,1,sd14_cifake,train
data/CIFake/train/FAKE/3450 (5).jpg,1,sd14_cifake,train
data/CIFake/train/FAKE/1643 (6).jpg,1,sd14_cifake,train
data/CIFake/train/FAKE/1635 (7).jpg,1,sd14_cifake,train
data/CIFake/train/FAKE/2973 (7).jpg,1,sd14_cifake,train
data/CIFake/train/FAKE/5873 (8).jpg,1,sd14_cifake,train
data/CIFake/train/FAKE/2556 (8).jpg,1,sd14_cifake,train
data/CIFake/train/FAKE/3704 (4).jpg,1,sd14_cifake,train
data/CIFake/train/FAKE/5665 (4).jpg,1,sd14_cifake,train
data/CIFake/train/FAKE/3651 (6).jpg,1,sd14_cifake,train
data/CIFake/train/FAKE/2958 (5).jpg,1,sd14_cifake,train
data/CIFake/train/FAKE/3587 (4).jpg,1,sd14_cifake,train
data/CIFake/train/FAKE/1192 (10).jpg,1,sd14_cifake,train
data/CIFake/train/FAKE/1687 (6).jpg,1,sd14_cifake,train
data/CIFake/train/FAKE/2560 (9).jpg,1,sd14_cifake,train
data/CIFake/train/FAKE/4394 (10).jpg,1,sd14_cifake,train
data/CIFake/train/FAKE/5696 (7).jpg,1,sd14_cifake,train
data/CIFake/train/FAKE/4758 (5).jpg,1,sd14_cifake,train
data/CIFake/train/FAKE/1807 (2).jpg,1,sd14_cifake,train
data/CIFake/train/FAKE/3410 (10).jpg,1,sd14_cifake,train
data/CIFake/train/FAKE/5810 (9).jpg,1,sd14_cifake,train
data/CIFake/train/FAKE/2933 (2).jpg,1,sd14_cifake,train
data/CIFake/train/FAKE/2868 (3).jpg,1,sd14_cifake,train
data/CIFake/train/FAKE/1110 (7).jpg,1,sd14_cifake,train
data/CIFake/train/FAKE/2726 (3).jpg,1,sd14_cifake,train
data/CIFake/train/FAKE/3499 (7).jpg,1,sd14_cifake,train
data/CIFake/train/FAKE/5048 (2).jpg,1,sd14_cifake,train
data/CIFake/train/FAKE/4322 (3).jpg,1,sd14_cifake,train
data/CIFake/train/FAKE/5328 (9).jpg,1,sd14_cifake,train
data/CIFake/train/FAKE/3045 (4).jpg,1,sd14_cifake,train
data/CIFake/train/FAKE/2054 (7).jpg,1,sd14_cifake,train
data/CIFake/train/FAKE/3713 (2).jpg,1,sd14_cifake,train
data/CIFake/train/FAKE/5930 (9).jpg,1,sd14_cifake,train
data/CIFake/train/FAKE/1751 (2).jpg,1,sd14_cifake,train
data/CIFake/train/FAKE/3073 (2).jpg,1,sd14_cifake,train
data/CIFake/train/FAKE/3695 (4).jpg,1,sd14_cifake,train
data/CIFake/train/FAKE/2460 (8).jpg,1,sd14_cifake,train
data/CIFake/train/FAKE/1517 (5).jpg,1,sd14_cifake,train
data/CIFake/train/FAKE/1906.jpg,1,sd14_cifake,train
data/CIFake/train/FAKE/3340 (6).jpg,1,sd14_cifake,train
data/CIFake/train/FAKE/2841 (2).jpg,1,sd14_cifake,train
data/CIFake/train/FAKE/1179 (9).jpg,1,sd14_cifake,train
data/CIFake/train/FAKE/5051 (8).jpg,1,sd14_cifake,train
data/CIFake/train/FAKE/2677 (10).jpg,1,sd14_cifake,train
data/CIFake/train/FAKE/1620 (8).jpg,1,sd14_cifake,train
data/CIFake/train/FAKE/2083.jpg,1,sd14_cifake,train
data/CIFake/train/FAKE/5133 (8).jpg,1,sd14_cifake,train
data/CIFake/train/FAKE/1328 (3).jpg,1,sd14_cifake,train
data/CIFake/train/FAKE/1351 (8).jpg,1,sd14_cifake,train
data/CIFake/train/FAKE/2712 (5).jpg,1,sd14_cifake,train
data/CIFake/train/FAKE/4745 (3).jpg,1,sd14_cifake,train
data/CIFake/train/FAKE/1451 (8).jpg,1,sd14_cifake,train
data/CIFake/train/FAKE/4651 (3).jpg,1,sd14_cifake,train
data/CIFake/train/FAKE/2707 (7).jpg,1,sd14_cifake,train
data/CIFake/train/FAKE/2234 (9).jpg,1,sd14_cifake,train
data/CIFake/train/FAKE/5289 (7).jpg,1,sd14_cifake,train
data/CIFake/train/FAKE/5962 (10).jpg,1,sd14_cifake,train
data/CIFake/train/FAKE/1574 (3).jpg,1,sd14_cifake,train
data/CIFake/train/FAKE/4405 (9).jpg,1,sd14_cifake,train
data/CIFake/train/FAKE/2613 (4).jpg,1,sd14_cifake,train
data/CIFake/train/FAKE/1131 (5).jpg,1,sd14_cifake,train
data/CIFake/train/FAKE/5470 (9).jpg,1,sd14_cifake,train
data/CIFake/train/FAKE/1355 (7).jpg,1,sd14_cifake,train
data/CIFake/train/FAKE/5746 (10).jpg,1,sd14_cifake,train
data/CIFake/train/FAKE/1490 (7).jpg,1,sd14_cifake,train
data/CIFake/train/FAKE/5807 (4).jpg,1,sd14_cifake,train
data/CIFake/train/FAKE/3528 (9).jpg,1,sd14_cifake,train
data/CIFake/train/FAKE/1656 (7).jpg,1,sd14_cifake,train
data/CIFake/train/FAKE/5336 (7).jpg,1,sd14_cifake,train
data/CIFake/train/FAKE/4251 (5).jpg,1,sd14_cifake,train
data/CIFake/train/FAKE/1866 (5).jpg,1,sd14_cifake,train
data/CIFake/train/FAKE/2139 (5).jpg,1,sd14_cifake,train
data/CIFake/train/FAKE/1477 (7).jpg,1,sd14_cifake,train
data/CIFake/train/FAKE/4494 (5).jpg,1,sd14_cifake,train
data/CIFake/train/FAKE/5800 (3).jpg,1,sd14_cifake,train
data/CIFake/train/FAKE/5804 (3).jpg,1,sd14_cifake,train
data/CIFake/train/FAKE/2932 (8).jpg,1,sd14_cifake,train
data/CIFake/train/FAKE/4100 (8).jpg,1,sd14_cifake,train
data/CIFake/train/FAKE/4039 (4).jpg,1,sd14_cifake,train
data/CIFake/train/FAKE/1838 (5).jpg,1,sd14_cifake,train
data/CIFake/train/FAKE/2557 (2).jpg,1,sd14_cifake,train
data/CIFake/train/FAKE/5671 (10).jpg,1,sd14_cifake,train
data/CIFake/train/FAKE/1585 (3).jpg,1,sd14_cifake,train
data/CIFake/train/FAKE/1073 (10).jpg,1,sd14_cifake,train
data/CIFake/train/FAKE/2810 (2).jpg,1,sd14_cifake,train
data/CIFake/train/FAKE/4021 (2).jpg,1,sd14_cifake,train
data/CIFake/train/FAKE/3863 (10).jpg,1,sd14_cifake,train
data/CIFake/train/FAKE/1782 (6).jpg,1,sd14_cifake,train
data/CIFake/train/FAKE/1347 (8).jpg,1,sd14_cifake,train
data/CIFake/train/FAKE/3431 (6).jpg,1,sd14_cifake,train
data/CIFake/train/FAKE/4412 (10).jpg,1,sd14_cifake,train
data/CIFake/train/FAKE/4806 (2).jpg,1,sd14_cifake,train
data/CIFake/train/FAKE/3730 (10).jpg,1,sd14_cifake,train
data/CIFake/train/FAKE/4754 (2).jpg,1,sd14_cifake,train
data/CIFake/train/FAKE/4625 (7).jpg,1,sd14_cifake,train
data/CIFake/train/FAKE/5182 (5).jpg,1,sd14_cifake,train
data/CIFake/train/FAKE/3114 (4).jpg,1,sd14_cifake,train
data/CIFake/train/FAKE/3343 (10).jpg,1,sd14_cifake,train
data/CIFake/train/FAKE/5840 (10).jpg,1,sd14_cifake,train
data/CIFake/train/FAKE/5728 (9).jpg,1,sd14_cifake,train
data/CIFake/train/FAKE/4520 (3).jpg,1,sd14_cifake,train
data/CIFake/train/FAKE/5593 (10).jpg,1,sd14_cifake,train
data/CIFake/train/FAKE/3459 (9).jpg,1,sd14_cifake,train
data/CIFake/train/FAKE/1661 (9).jpg,1,sd14_cifake,train
data/CIFake/train/FAKE/1609 (2).jpg,1,sd14_cifake,train
data/CIFake/train/FAKE/5399 (5).jpg,1,sd14_cifake,train
data/CIFake/train/FAKE/4618 (3).jpg,1,sd14_cifake,train
data/CIFake/train/FAKE/2749 (7).jpg,1,sd14_cifake,train
data/CIFake/train/FAKE/4369 (5).jpg,1,sd14_cifake,train
data/CIFake/train/FAKE/2711 (4).jpg,1,sd14_cifake,train
data/CIFake/train/FAKE/4694.jpg,1,sd14_cifake,train
data/CIFake/train/FAKE/1027 (10).jpg,1,sd14_cifake,train
data/CIFake/train/FAKE/4150 (10).jpg,1,sd14_cifake,train
data/CIFake/train/FAKE/5655 (7).jpg,1,sd14_cifake,train
data/CIFake/train/FAKE/1682 (3).jpg,1,sd14_cifake,train
data/CIFake/train/FAKE/5453 (7).jpg,1,sd14_cifake,train
data/CIFake/train/FAKE/1893 (8).jpg,1,sd14_cifake,train
data/CIFake/train/FAKE/2689 (6).jpg,1,sd14_cifake,train
data/CIFake/train/FAKE/2736 (8).jpg,1,sd14_cifake,train
data/CIFake/train/FAKE/4227 (2).jpg,1,sd14_cifake,train
data/CIFake/train/FAKE/2449 (7).jpg,1,sd14_cifake,train
data/CIFake/train/FAKE/2874.jpg,1,sd14_cifake,train
data/CIFake/train/FAKE/3623 (10).jpg,1,sd14_cifake,train
data/CIFake/train/FAKE/1370.jpg,1,sd14_cifake,train
data/CIFake/train/FAKE/5824 (9).jpg,1,sd14_cifake,train
data/CIFake/train/FAKE/3328 (4).jpg,1,sd14_cifake,train
data/CIFake/train/FAKE/1007 (9).jpg,1,sd14_cifake,train
data/CIFake/train/FAKE/4820.jpg,1,sd14_cifake,train
data/CIFake/train/FAKE/5473 (2).jpg,1,sd14_cifake,train
data/CIFake/train/FAKE/5176 (10).jpg,1,sd14_cifake,train
data/CIFake/train/FAKE/1807 (6).jpg,1,sd14_cifake,train
data/CIFake/train/FAKE/4816 (4).jpg,1,sd14_cifake,train
data/CIFake/train/FAKE/2814 (6).jpg,1,sd14_cifake,train
data/CIFake/train/FAKE/3574.jpg,1,sd14_cifake,train
data/CIFake/train/FAKE/1788 (3).jpg,1,sd14_cifake,train
data/CIFake/train/FAKE/5660 (7).jpg,1,sd14_cifake,train
data/CIFake/train/FAKE/4761 (10).jpg,1,sd14_cifake,train
data/CIFake/train/FAKE/3445 (2).jpg,1,sd14_cifake,train
data/CIFake/train/FAKE/1700.jpg,1,sd14_cifake,train
data/CIFake/train/FAKE/1255 (9).jpg,1,sd14_cifake,train
data/CIFake/train/FAKE/1809.jpg,1,sd14_cifake,train
data/CIFake/train/FAKE/5698 (6).jpg,1,sd14_cifake,train
data/CIFake/train/FAKE/3001.jpg,1,sd14_cifake,train
data/CIFake/train/FAKE/3508 (3).jpg,1,sd14_cifake,train
data/CIFake/train/FAKE/5295 (8).jpg,1,sd14_cifake,train
data/CIFake/train/FAKE/4048 (10).jpg,1,sd14_cifake,train
data/CIFake/train/FAKE/2316 (6).jpg,1,sd14_cifake,train
data/CIFake/train/FAKE/2171 (3).jpg,1,sd14_cifake,train
data/CIFake/train/FAKE/5183 (3).jpg,1,sd14_cifake,train
data/CIFake/train/FAKE/4682.jpg,1,sd14_cifake,train
data/CIFake/train/FAKE/3946 (3).jpg,1,sd14_cifake,train
data/CIFake/train/FAKE/4411 (9).jpg,1,sd14_cifake,train
data/CIFake/train/FAKE/2287 (6).jpg,1,sd14_cifake,train
data/CIFake/train/FAKE/2014 (6).jpg,1,sd14_cifake,train
data/CIFake/test/REAL/0742.jpg,0,real,test
data/CIFake/test/REAL/0452 (9).jpg,0,real,test
data/CIFake/test/REAL/0699 (6).jpg,0,real,test
data/CIFake/test/REAL/0529 (9).jpg,0,real,test
data/CIFake/test/REAL/0421 (7).jpg,0,real,test
data/CIFake/test/REAL/0265 (4).jpg,0,real,test
data/CIFake/test/REAL/0121 (3).jpg,0,real,test
data/CIFake/test/REAL/0454 (4).jpg,0,real,test
data/CIFake/test/REAL/0102 (3).jpg,0,real,test
data/CIFake/test/REAL/0627 (2).jpg,0,real,test
data/CIFake/test/REAL/0636 (7).jpg,0,real,test
data/CIFake/test/REAL/0545 (10).jpg,0,real,test
data/CIFake/test/REAL/0098 (5).jpg,0,real,test
data/CIFake/test/REAL/0423 (10).jpg,0,real,test
data/CIFake/test/REAL/0433 (7).jpg,0,real,test
data/CIFake/test/REAL/0291 (6).jpg,0,real,test
data/CIFake/test/REAL/0721 (9).jpg,0,real,test
data/CIFake/test/REAL/0113 (8).jpg,0,real,test
data/CIFake/test/REAL/0805 (7).jpg,0,real,test
data/CIFake/test/REAL/0328 (8).jpg,0,real,test
data/CIFake/test/REAL/0999.jpg,0,real,test
data/CIFake/test/REAL/0643 (3).jpg,0,real,test
data/CIFake/test/REAL/0292 (4).jpg,0,real,test
data/CIFake/test/REAL/0806 (2).jpg,0,real,test
data/CIFake/test/REAL/0177 (7).jpg,0,real,test
data/CIFake/test/REAL/0235 (8).jpg,0,real,test
data/CIFake/test/REAL/0885 (8).jpg,0,real,test
data/CIFake/test/REAL/0706 (6).jpg,0,real,test
data/CIFake/test/REAL/0357 (9).jpg,0,real,test
data/CIFake/test/REAL/0174 (10).jpg,0,real,test
data/CIFake/test/REAL/0723 (5).jpg,0,real,test
data/CIFake/test/REAL/0424 (4).jpg,0,real,test
data/CIFake/test/REAL/0169 (3).jpg,0,real,test
data/CIFake/test/REAL/0057 (2).jpg,0,real,test
data/CIFake/test/REAL/0119 (5).jpg,0,real,test
data/CIFake/test/REAL/0115 (4).jpg,0,real,test
data/CIFake/test/REAL/0936 (10).jpg,0,real,test
data/CIFake/test/REAL/0410 (6).jpg,0,real,test
data/CIFake/test/REAL/0730 (6).jpg,0,real,test
data/CIFake/test/REAL/0030 (8).jpg,0,real,test
data/CIFake/test/REAL/0815 (5).jpg,0,real,test
data/CIFake/test/REAL/0243 (9).jpg,0,real,test
data/CIFake/test/REAL/0001 (5).jpg,0,real,test
data/CIFake/test/REAL/0061.jpg,0,real,test
data/CIFake/test/REAL/0639 (8).jpg,0,real,test
data/CIFake/test/REAL/0436 (6).jpg,0,real,test
data/CIFake/test/REAL/0248 (4).jpg,0,real,test
data/CIFake/test/REAL/0540 (4).jpg,0,real,test
data/CIFake/test/REAL/0641 (2).jpg,0,real,test
data/CIFake/test/REAL/0941 (5).jpg,0,real,test
data/CIFake/test/REAL/0006 (10).jpg,0,real,test
data/CIFake/test/REAL/0844 (5).jpg,0,real,test
data/CIFake/test/REAL/0803.jpg,0,real,test
data/CIFake/test/REAL/0783 (4).jpg,0,real,test
data/CIFake/test/REAL/0714 (5).jpg,0,real,test
data/CIFake/test/REAL/0661 (8).jpg,0,real,test
data/CIFake/test/REAL/0114 (9).jpg,0,real,test
data/CIFake/test/REAL/0884.jpg,0,real,test
data/CIFake/test/REAL/0370 (10).jpg,0,real,test
data/CIFake/test/REAL/0005 (5).jpg,0,real,test
data/CIFake/test/REAL/0629 (9).jpg,0,real,test
data/CIFake/test/REAL/0789 (9).jpg,0,real,test
data/CIFake/test/REAL/0198 (6).jpg,0,real,test
data/CIFake/test/REAL/0929 (4).jpg,0,real,test
data/CIFake/test/REAL/0877 (10).jpg,0,real,test
data/CIFake/test/REAL/0588 (10).jpg,0,real,test
data/CIFake/test/REAL/0546 (4).jpg,0,real,test
data/CIFake/test/REAL/0496 (2).jpg,0,real,test
data/CIFake/test/REAL/0656 (4).jpg,0,real,test
data/CIFake/test/REAL/0090 (5).jpg,0,real,test
data/CIFake/test/REAL/0148 (6).jpg,0,real,test
data/CIFake/test/REAL/0598 (6).jpg,0,real,test
data/CIFake/test/REAL/0875.jpg,0,real,test
data/CIFake/test/REAL/0557 (2).jpg,0,real,test
data/CIFake/test/REAL/0131 (9).jpg,0,real,test
data/CIFake/test/REAL/0753 (10).jpg,0,real,test
data/CIFake/test/REAL/0475 (10).jpg,0,real,test
data/CIFake/test/REAL/0332 (8).jpg,0,real,test
data/CIFake/test/REAL/0289 (4).jpg,0,real,test
data/CIFake/test/REAL/0908 (5).jpg,0,real,test
data/CIFake/test/REAL/0064 (5).jpg,0,real,test
data/CIFake/test/REAL/0629 (5).jpg,0,real,test
data/CIFake/test/REAL/0312.jpg,0,real,test
data/CIFake/test/REAL/0489 (7).jpg,0,real,test
data/CIFake/test/REAL/0639 (2).jpg,0,real,test
data/CIFake/test/REAL/0174.jpg,0,real,test
data/CIFake/test/REAL/0588 (7).jpg,0,real,test
data/CIFake/test/REAL/0797 (10).jpg,0,real,test
data/CIFake/test/REAL/0139 (10).jpg,0,real,test
data/CIFake/test/REAL/0717 (6).jpg,0,real,test
data/CIFake/test/REAL/0310 (5).jpg,0,real,test
data/CIFake/test/REAL/0229 (3).jpg,0,real,test
data/CIFake/test/REAL/0058 (5).jpg,0,real,test
data/CIFake/test/REAL/0316 (4).jpg,0,real,test
data/CIFake/test/REAL/0041 (6).jpg,0,real,test
data/CIFake/test/REAL/0971 (5).jpg,0,real,test
data/CIFake/test/REAL/0390 (8).jpg,0,real,test
data/CIFake/test/REAL/0801 (6).jpg,0,real,test
data/CIFake/test/REAL/0636.jpg,0,real,test
data/CIFake/test/REAL/0103 (3).jpg,0,real,test
data/CIFake/test/REAL/0885 (7).jpg,0,real,test
data/CIFake/test/REAL/0504 (2).jpg,0,real,test
data/CIFake/test/REAL/0818 (7).jpg,0,real,test
data/CIFake/test/REAL/0874 (9).jpg,0,real,test
data/CIFake/test/REAL/0736 (2).jpg,0,real,test
data/CIFake/test/REAL/0026 (9).jpg,0,real,test
data/CIFake/test/REAL/0060 (7).jpg,0,real,test
data/CIFake/test/REAL/0555 (9).jpg,0,real,test
data/CIFake/test/REAL/0091 (9).jpg,0,real,test
data/CIFake/test/REAL/0553 (4).jpg,0,real,test
data/CIFake/test/REAL/0070 (2).jpg,0,real,test
data/CIFake/test/REAL/0664 (4).jpg,0,real,test
data/CIFake/test/REAL/0193 (7).jpg,0,real,test
data/CIFake/test/REAL/0346 (9).jpg,0,real,test
data/CIFake/test/REAL/0857 (10).jpg,0,real,test
data/CIFake/test/REAL/0750.jpg,0,real,test
data/CIFake/test/REAL/0879 (2).jpg,0,real,test
data/CIFake/test/REAL/0244 (10).jpg,0,real,test
data/CIFake/test/REAL/0949 (3).jpg,0,real,test
data/CIFake/test/REAL/0381 (8).jpg,0,real,test
data/CIFake/test/REAL/0118 (10).jpg,0,real,test
data/CIFake/test/REAL/0060 (5).jpg,0,real,test
data/CIFake/test/REAL/0231.jpg,0,real,test
data/CIFake/test/REAL/0801 (10).jpg,0,real,test
data/CIFake/test/REAL/0031 (3).jpg,0,real,test
data/CIFake/test/REAL/0772 (10).jpg,0,real,test
data/CIFake/test/REAL/0075 (10).jpg,0,real,test
data/CIFake/test/REAL/0397 (7).jpg,0,real,test
data/CIFake/test/REAL/0213 (9).jpg,0,real,test
data/CIFake/test/REAL/0023 (6).jpg,0,real,test
data/CIFake/test/REAL/0282 (3).jpg,0,real,test
data/CIFake/test/REAL/0081 (9).jpg,0,real,test
data/CIFake/test/REAL/0503 (6).jpg,0,real,test
data/CIFake/test/REAL/0159 (5).jpg,0,real,test
data/CIFake/test/REAL/0747 (5).jpg,0,real,test
data/CIFake/test/REAL/0279 (7).jpg,0,real,test
data/CIFake/test/REAL/0968 (4).jpg,0,real,test
data/CIFake/test/REAL/0104 (8).jpg,0,real,test
data/CIFake/test/REAL/0174 (3).jpg,0,real,test
data/CIFake/test/REAL/0187 (10).jpg,0,real,test
data/CIFake/test/REAL/0814 (6).jpg,0,real,test
data/CIFake/test/REAL/0974 (9).jpg,0,real,test
data/CIFake/test/REAL/0361 (4).jpg,0,real,test
data/CIFake/test/REAL/0103 (4).jpg,0,real,test
data/CIFake/test/REAL/0332 (10).jpg,0,real,test
data/CIFake/test/REAL/0698 (4).jpg,0,real,test
data/CIFake/test/REAL/0552 (8).jpg,0,real,test
data/CIFake/test/REAL/0658 (7).jpg,0,real,test
data/CIFake/test/REAL/0531 (3).jpg,0,real,test
data/CIFake/test/REAL/0197.jpg,0,real,test
data/CIFake/test/REAL/0943 (7).jpg,0,real,test
data/CIFake/test/REAL/0894 (4).jpg,0,real,test
data/CIFake/test/REAL/0225 (10).jpg,0,real,test
data/CIFake/test/REAL/0526 (9).jpg,0,real,test
data/CIFake/test/REAL/0349 (4).jpg,0,real,test
data/CIFake/test/REAL/0074 (7).jpg,0,real,test
data/CIFake/test/REAL/0971 (8).jpg,0,real,test
data/CIFake/test/REAL/0284 (2).jpg,0,real,test
data/CIFake/test/REAL/0549 (7).jpg,0,real,test
data/CIFake/test/REAL/0103 (6).jpg,0,real,test
data/CIFake/test/REAL/0197 (9).jpg,0,real,test
data/CIFake/test/REAL/0448 (8).jpg,0,real,test
data/CIFake/test/REAL/0231 (5).jpg,0,real,test
data/CIFake/test/REAL/0680 (2).jpg,0,real,test
data/CIFake/test/REAL/0275 (4).jpg,0,real,test
data/CIFake/test/REAL/0606 (10).jpg,0,real,test
data/CIFake/test/REAL/0906 (8).jpg,0,real,test
data/CIFake/test/REAL/0270 (4).jpg,0,real,test
data/CIFake/test/REAL/0718 (8).jpg,0,real,test
data/CIFake/test/REAL/0399 (2).jpg,0,real,test
data/CIFake/test/REAL/0953 (6).jpg,0,real,test
data/CIFake/test/REAL/0066 (7).jpg,0,real,test
data/CIFake/test/REAL/0218 (6).jpg,0,real,test
data/CIFake/test/REAL/0163 (8).jpg,0,real,test
data/CIFake/test/REAL/0616 (3).jpg,0,real,test
data/CIFake/test/REAL/0258 (5).jpg,0,real,test
data/CIFake/test/REAL/0025 (7).jpg,0,real,test
data/CIFake/test/REAL/0797 (9).jpg,0,real,test
data/CIFake/test/REAL/0132 (3).jpg,0,real,test
data/CIFake/test/REAL/0010 (5).jpg,0,real,test
data/CIFake/test/REAL/0011 (9).jpg,0,real,test
data/CIFake/test/REAL/0293.jpg,0,real,test
data/CIFake/test/REAL/0146 (10).jpg,0,real,test
data/CIFake/test/REAL/0972 (8).jpg,0,real,test
data/CIFake/test/REAL/0464 (9).jpg,0,real,test
data/CIFake/test/REAL/0681.jpg,0,real,test
data/CIFake/test/REAL/0779 (9).jpg,0,real,test
data/CIFake/test/REAL/0207.jpg,0,real,test
data/CIFake/test/REAL/0337 (8).jpg,0,real,test
data/CIFake/test/REAL/0234 (5).jpg,0,real,test
data/CIFake/test/REAL/0443.jpg,0,real,test
data/CIFake/test/REAL/0737.jpg,0,real,test
data/CIFake/test/REAL/0675 (10).jpg,0,real,test
data/CIFake/test/REAL/0391.jpg,0,real,test
data/CIFake/test/REAL/0285.jpg,0,real,test
data/CIFake/test/REAL/0061 (7).jpg,0,real,test
data/CIFake/test/REAL/0976.jpg,0,real,test
data/CIFake/test/REAL/0294.jpg,0,real,test
data/CIFake/test/REAL/0819 (10).jpg,0,real,test
data/CIFake/test/REAL/0144 (3).jpg,0,real,test
data/CIFake/test/REAL/0493 (5).jpg,0,real,test
data/CIFake/test/REAL/0569.jpg,0,real,test
data/CIFake/test/REAL/0686 (2).jpg,0,real,test
data/CIFake/test/REAL/0007 (5).jpg,0,real,test
data/CIFake/test/REAL/0913 (8).jpg,0,real,test
data/CIFake/test/REAL/0386 (10).jpg,0,real,test
data/CIFake/test/REAL/0314 (5).jpg,0,real,test
data/CIFake/test/REAL/0192 (6).jpg,0,real,test
data/CIFake/test/REAL/0868 (7).jpg,0,real,test
data/CIFake/test/REAL/0156 (8).jpg,0,real,test
data/CIFake/test/REAL/0592.jpg,0,real,test
data/CIFake/test/REAL/0884 (3).jpg,0,real,test
data/CIFake/test/REAL/0831 (6).jpg,0,real,test
data/CIFake/test/REAL/0359 (3).jpg,0,real,test
data/CIFake/test/REAL/0760 (6).jpg,0,real,test
data/CIFake/test/REAL/0340.jpg,0,real,test
data/CIFake/test/REAL/0086.jpg,0,real,test
data/CIFake/test/REAL/0317 (4).jpg,0,real,test
data/CIFake/test/REAL/0184 (7).jpg,0,real,test
data/CIFake/test/REAL/0244 (5).jpg,0,real,test
data/CIFake/test/REAL/0777 (3).jpg,0,real,test
data/CIFake/test/REAL/0815 (2).jpg,0,real,test
data/CIFake/test/REAL/0288 (9).jpg,0,real,test
data/CIFake/test/REAL/0261 (8).jpg,0,real,test
data/CIFake/test/REAL/0070 (7).jpg,0,real,test
data/CIFake/test/REAL/0088 (6).jpg,0,real,test
data/CIFake/test/REAL/0596 (7).jpg,0,real,test
data/CIFake/test/REAL/0467 (10).jpg,0,real,test
data/CIFake/test/REAL/0343 (4).jpg,0,real,test
data/CIFake/test/REAL/0712 (2).jpg,0,real,test
data/CIFake/test/REAL/0411 (9).jpg,0,real,test
data/CIFake/test/REAL/0547 (8).jpg,0,real,test
data/CIFake/test/REAL/0742 (5).jpg,0,real,test
data/CIFake/test/REAL/0070.jpg,0,real,test
data/CIFake/test/REAL/0171 (10).jpg,0,real,test
data/CIFake/test/REAL/0085.jpg,0,real,test
data/CIFake/test/REAL/0880 (5).jpg,0,real,test
data/CIFake/test/REAL/0288 (2).jpg,0,real,test
data/CIFake/test/REAL/0258.jpg,0,real,test
data/CIFake/test/REAL/0047 (7).jpg,0,real,test
data/CIFake/test/REAL/0794 (8).jpg,0,real,test
data/CIFake/test/REAL/0843 (7).jpg,0,real,test
data/CIFake/test/REAL/0190 (2).jpg,0,real,test
data/CIFake/test/REAL/0116 (10).jpg,0,real,test
data/CIFake/test/REAL/0385 (6).jpg,0,real,test
data/CIFake/test/REAL/0728 (8).jpg,0,real,test
data/CIFake/test/REAL/0971 (10).jpg,0,real,test
data/CIFake/test/REAL/0949 (9).jpg,0,real,test
data/CIFake/test/REAL/0534 (10).jpg,0,real,test
data/CIFake/test/REAL/0686 (6).jpg,0,real,test
data/CIFake/test/REAL/0325 (7).jpg,0,real,test
data/CIFake/test/REAL/0533 (7).jpg,0,real,test
data/CIFake/test/REAL/0376.jpg,0,real,test
data/CIFake/test/REAL/0180 (5).jpg,0,real,test
data/CIFake/test/REAL/0534 (4).jpg,0,real,test
data/CIFake/test/REAL/0373 (2).jpg,0,real,test
data/CIFake/test/REAL/0160 (7).jpg,0,real,test
data/CIFake/test/REAL/0388 (5).jpg,0,real,test
data/CIFake/test/REAL/0675.jpg,0,real,test
data/CIFake/test/REAL/0327 (7).jpg,0,real,test
data/CIFake/test/REAL/0615 (3).jpg,0,real,test
data/CIFake/test/REAL/0361 (6).jpg,0,real,test
data/CIFake/test/REAL/0120 (5).jpg,0,real,test
data/CIFake/test/REAL/0771 (7).jpg,0,real,test
data/CIFake/test/REAL/0958 (7).jpg,0,real,test
data/CIFake/test/REAL/0793 (7).jpg,0,real,test
data/CIFake/test/REAL/0089 (10).jpg,0,real,test
data/CIFake/test/REAL/0714 (2).jpg,0,real,test
data/CIFake/test/REAL/0237 (5).jpg,0,real,test
data/CIFake/test/REAL/0354 (2).jpg,0,real,test
data/CIFake/test/REAL/0998 (5).jpg,0,real,test
data/CIFake/test/REAL/0745 (5).jpg,0,real,test
data/CIFake/test/REAL/0291 (8).jpg,0,real,test
data/CIFake/test/REAL/0634 (7).jpg,0,real,test
data/CIFake/test/REAL/0611.jpg,0,real,test
data/CIFake/test/REAL/0223 (5).jpg,0,real,test
data/CIFake/test/REAL/0749.jpg,0,real,test
data/CIFake/test/REAL/0318 (2).jpg,0,real,test
data/CIFake/test/REAL/0587 (6).jpg,0,real,test
data/CIFake/test/REAL/0441 (9).jpg,0,real,test
data/CIFake/test/REAL/0331 (4).jpg,0,real,test
data/CIFake/test/REAL/0550 (4).jpg,0,real,test
data/CIFake/test/REAL/0208 (5).jpg,0,real,test
data/CIFake/test/REAL/0052 (6).jpg,0,real,test
data/CIFake/test/REAL/0931 (8).jpg,0,real,test
data/CIFake/test/REAL/0097 (8).jpg,0,real,test
data/CIFake/test/REAL/0459 (8).jpg,0,real,test
data/CIFake/test/REAL/0223 (7).jpg,0,real,test
data/CIFake/test/REAL/0182 (10).jpg,0,real,test
data/CIFake/test/REAL/0762 (8).jpg,0,real,test
data/CIFake/test/REAL/0751 (4).jpg,0,real,test
data/CIFake/test/REAL/0685 (3).jpg,0,real,test
data/CIFake/test/REAL/0280 (5).jpg,0,real,test
data/CIFake/test/REAL/0562.jpg,0,real,test
data/CIFake/test/REAL/0360 (3).jpg,0,real,test
data/CIFake/test/REAL/0483 (6).jpg,0,real,test
data/CIFake/test/REAL/0988.jpg,0,real,test
data/CIFake/test/REAL/0256 (9).jpg,0,real,test
data/CIFake/test/REAL/0278 (5).jpg,0,real,test
data/CIFake/test/REAL/0947 (2).jpg,0,real,test
data/CIFake/test/REAL/0905 (7).jpg,0,real,test
data/CIFake/test/REAL/0376 (4).jpg,0,real,test
data/CIFake/test/REAL/0141 (7).jpg,0,real,test
data/CIFake/test/REAL/0674 (6).jpg,0,real,test
data/CIFake/test/REAL/0854 (9).jpg,0,real,test
data/CIFake/test/REAL/0354 (7).jpg,0,real,test
data/CIFake/test/REAL/0969 (3).jpg,0,real,test
data/CIFake/test/REAL/0775 (8).jpg,0,real,test
data/CIFake/test/REAL/0758 (2).jpg,0,real,test
data/CIFake/test/REAL/0457 (4).jpg,0,real,test
data/CIFake/test/REAL/0023 (8).jpg,0,real,test
data/CIFake/test/REAL/0701 (5).jpg,0,real,test
data/CIFake/test/REAL/0404 (2).jpg,0,real,test
data/CIFake/test/REAL/0406 (10).jpg,0,real,test
data/CIFake/test/REAL/0536 (3).jpg,0,real,test
data/CIFake/test/REAL/0711 (5).jpg,0,real,test
data/CIFake/test/REAL/0949 (4).jpg,0,real,test
data/CIFake/test/REAL/0364 (4).jpg,0,real,test
data/CIFake/test/REAL/0969 (6).jpg,0,real,test
data/CIFake/test/REAL/0939.jpg,0,real,test
data/CIFake/test/REAL/0008 (4).jpg,0,real,test
data/CIFake/test/REAL/0684 (5).jpg,0,real,test
data/CIFake/test/REAL/0072 (5).jpg,0,real,test
data/CIFake/test/REAL/0065 (7).jpg,0,real,test
data/CIFake/test/REAL/0771 (2).jpg,0,real,test
data/CIFake/test/REAL/0826 (2).jpg,0,real,test
data/CIFake/test/REAL/0055 (10).jpg,0,real,test
data/CIFake/test/REAL/0697 (5).jpg,0,real,test
data/CIFake/test/REAL/0870 (2).jpg,0,real,test
data/CIFake/test/REAL/0646 (10).jpg,0,real,test
data/CIFake/test/REAL/0785 (3).jpg,0,real,test
data/CIFake/test/REAL/0160 (6).jpg,0,real,test
data/CIFake/test/REAL/0741 (3).jpg,0,real,test
data/CIFake/test/REAL/0811 (5).jpg,0,real,test
data/CIFake/test/REAL/0394 (10).jpg,0,real,test
data/CIFake/test/REAL/0136 (2).jpg,0,real,test
data/CIFake/test/REAL/0915 (10).jpg,0,real,test
data/CIFake/test/REAL/0020 (4).jpg,0,real,test
data/CIFake/test/REAL/0666 (3).jpg,0,real,test
data/CIFake/test/REAL/0357 (2).jpg,0,real,test
data/CIFake/test/REAL/0217 (5).jpg,0,real,test
data/CIFake/test/REAL/0587 (3).jpg,0,real,test
data/CIFake/test/REAL/0484 (7).jpg,0,real,test
data/CIFake/test/REAL/0391 (7).jpg,0,real,test
data/CIFake/test/REAL/0148 (7).jpg,0,real,test
data/CIFake/test/REAL/0026 (10).jpg,0,real,test
data/CIFake/test/REAL/0786 (10).jpg,0,real,test
data/CIFake/test/REAL/0499 (5).jpg,0,real,test
data/CIFake/test/REAL/0265 (10).jpg,0,real,test
data/CIFake/test/REAL/0752 (5).jpg,0,real,test
data/CIFake/test/REAL/0934 (6).jpg,0,real,test
data/CIFake/test/REAL/0956 (3).jpg,0,real,test
data/CIFake/test/REAL/0039.jpg,0,real,test
data/CIFake/test/REAL/0745 (3).jpg,0,real,test
data/CIFake/test/REAL/0759 (9).jpg,0,real,test
data/CIFake/test/REAL/0227 (2).jpg,0,real,test
data/CIFake/test/REAL/0664 (2).jpg,0,real,test
data/CIFake/test/REAL/0303 (10).jpg,0,real,test
data/CIFake/test/REAL/0606 (9).jpg,0,real,test
data/CIFake/test/REAL/0760 (8).jpg,0,real,test
data/CIFake/test/REAL/0002 (3).jpg,0,real,test
data/CIFake/test/REAL/0115 (9).jpg,0,real,test
data/CIFake/test/REAL/0630 (6).jpg,0,real,test
data/CIFake/test/REAL/0545 (5).jpg,0,real,test
data/CIFake/test/REAL/0869 (9).jpg,0,real,test
data/CIFake/test/REAL/0053 (6).jpg,0,real,test
data/CIFake/test/REAL/0485.jpg,0,real,test
data/CIFake/test/REAL/0697 (8).jpg,0,real,test
data/CIFake/test/REAL/0442 (10).jpg,0,real,test
data/CIFake/test/REAL/0888 (8).jpg,0,real,test
data/CIFake/test/REAL/0942 (5).jpg,0,real,test
data/CIFake/test/REAL/0339 (4).jpg,0,real,test
data/CIFake/test/REAL/0132 (7).jpg,0,real,test
data/CIFake/test/REAL/0550 (10).jpg,0,real,test
data/CIFake/test/REAL/0089 (9).jpg,0,real,test
data/CIFake/test/REAL/0843 (4).jpg,0,real,test
data/CIFake/test/REAL/0596 (4).jpg,0,real,test
data/CIFake/test/REAL/0084 (5).jpg,0,real,test
data/CIFake/test/REAL/0181 (9).jpg,0,real,test
data/CIFake/test/REAL/0627 (5).jpg,0,real,test
data/CIFake/test/REAL/0598.jpg,0,real,test
data/CIFake/test/REAL/0762 (5).jpg,0,real,test
data/CIFake/test/REAL/0066.jpg,0,real,test
data/CIFake/test/REAL/0600 (4).jpg,0,real,test
data/CIFake/test/REAL/0287 (2).jpg,0,real,test
data/CIFake/test/REAL/0915 (6).jpg,0,real,test
data/CIFake/test/REAL/0109 (8).jpg,0,real,test
data/CIFake/test/REAL/0918 (8).jpg,0,real,test
data/CIFake/test/REAL/0335 (5).jpg,0,real,test
data/CIFake/test/REAL/0226 (8).jpg,0,real,test
data/CIFake/test/REAL/0548 (8).jpg,0,real,test
data/CIFake/test/REAL/0390.jpg,0,real,test
data/CIFake/test/REAL/0884 (2).jpg,0,real,test
data/CIFake/test/REAL/0186 (10).jpg,0,real,test
data/CIFake/test/REAL/0783.jpg,0,real,test
data/CIFake/test/REAL/0950 (5).jpg,0,real,test
data/CIFake/test/REAL/0343 (8).jpg,0,real,test
data/CIFake/test/REAL/0369 (4).jpg,0,real,test
data/CIFake/test/REAL/0525 (10).jpg,0,real,test
data/CIFake/test/REAL/0577 (9).jpg,0,real,test
data/CIFake/test/REAL/0438 (10).jpg,0,real,test
data/CIFake/test/REAL/0825 (10).jpg,0,real,test
data/CIFake/test/REAL/0692.jpg,0,real,test
data/CIFake/test/REAL/0454 (10).jpg,0,real,test
data/CIFake/test/REAL/0089 (3).jpg,0,real,test
data/CIFake/test/REAL/0103 (9).jpg,0,real,test
data/CIFake/test/REAL/0610 (9).jpg,0,real,test
data/CIFake/test/REAL/0565 (7).jpg,0,real,test
data/CIFake/test/REAL/0796 (7).jpg,0,real,test
data/CIFake/test/REAL/0821 (6).jpg,0,real,test
data/CIFake/test/REAL/0862.jpg,0,real,test
data/CIFake/test/REAL/0201 (10).jpg,0,real,test
data/CIFake/test/REAL/0770 (4).jpg,0,real,test
data/CIFake/test/REAL/0871 (5).jpg,0,real,test
data/CIFake/test/REAL/0873 (10).jpg,0,real,test
data/CIFake/test/REAL/0478 (9).jpg,0,real,test
data/CIFake/test/REAL/0740 (6).jpg,0,real,test
data/CIFake/test/REAL/0603 (2).jpg,0,real,test
data/CIFake/test/REAL/0107 (6).jpg,0,real,test
data/CIFake/test/REAL/0308 (6).jpg,0,real,test
data/CIFake/test/REAL/0750 (2).jpg,0,real,test
data/CIFake/test/REAL/0143 (10).jpg,0,real,test
data/CIFake/test/REAL/0131 (4).jpg,0,real,test
data/CIFake/test/REAL/0640 (10).jpg,0,real,test
data/CIFake/test/REAL/0292.jpg,0,real,test
data/CIFake/test/REAL/0472 (5).jpg,0,real,test
data/CIFake/test/REAL/0126 (10).jpg,0,real,test
data/CIFake/test/REAL/0179 (2).jpg,0,real,test
data/CIFake/test/REAL/0269.jpg,0,real,test
data/CIFake/test/REAL/0452 (2).jpg,0,real,test
data/CIFake/test/REAL/0183 (6).jpg,0,real,test
data/CIFake/test/REAL/0242 (5).jpg,0,real,test
data/CIFake/test/REAL/0813 (2).jpg,0,real,test
data/CIFake/test/REAL/0246 (6).jpg,0,real,test
data/CIFake/test/REAL/0334 (7).jpg,0,real,test
data/CIFake/test/REAL/0853 (10).jpg,0,real,test
data/CIFake/test/REAL/0037 (2).jpg,0,real,test
data/CIFake/test/REAL/0480 (4).jpg,0,real,test
data/CIFake/test/REAL/0682 (5).jpg,0,real,test
data/CIFake/test/REAL/0887 (10).jpg,0,real,test
data/CIFake/test/REAL/0216 (4).jpg,0,real,test
data/CIFake/test/REAL/0776 (5).jpg,0,real,test
data/CIFake/test/REAL/0568 (10).jpg,0,real,test
data/CIFake/test/REAL/0688 (4).jpg,0,real,test
data/CIFake/test/REAL/0727 (3).jpg,0,real,test
data/CIFake/test/REAL/0035 (2).jpg,0,real,test
data/CIFake/test/REAL/0477 (7).jpg,0,real,test
data/CIFake/test/REAL/0309 (8).jpg,0,real,test
data/CIFake/test/REAL/0103 (2).jpg,0,real,test
data/CIFake/test/REAL/0036 (2).jpg,0,real,test
data/CIFake/test/REAL/0380 (7).jpg,0,real,test
data/CIFake/test/REAL/0851 (4).jpg,0,real,test
data/CIFake/test/REAL/0948 (2).jpg,0,real,test
data/CIFake/test/REAL/0561 (7).jpg,0,real,test
data/CIFake/test/REAL/0534 (7).jpg,0,real,test
data/CIFake/test/REAL/0796 (6).jpg,0,real,test
data/CIFake/test/REAL/0972 (2).jpg,0,real,test
data/CIFake/test/REAL/0898 (7).jpg,0,real,test
data/CIFake/test/REAL/0729 (6).jpg,0,real,test
data/CIFake/test/REAL/0750 (4).jpg,0,real,test
data/CIFake/test/REAL/0498 (3).jpg,0,real,test
data/CIFake/test/REAL/0216 (2).jpg,0,real,test
data/CIFake/test/REAL/0502 (2).jpg,0,real,test
data/CIFake/test/REAL/0281 (4).jpg,0,real,test
data/CIFake/test/REAL/0425.jpg,0,real,test
data/CIFake/test/REAL/0371 (6).jpg,0,real,test
data/CIFake/test/REAL/0793 (4).jpg,0,real,test
data/CIFake/test/REAL/0609 (4).jpg,0,real,test
data/CIFake/test/REAL/0472 (10).jpg,0,real,test
data/CIFake/test/REAL/0077 (6).jpg,0,real,test
data/CIFake/test/REAL/0243 (10).jpg,0,real,test
data/CIFake/test/REAL/0578 (6).jpg,0,real,test
data/CIFake/test/REAL/0465.jpg,0,real,test
data/CIFake/test/REAL/0746.jpg,0,real,test
data/CIFake/test/REAL/0272 (6).jpg,0,real,test
data/CIFake/test/REAL/0263 (5).jpg,0,real,test
data/CIFake/test/REAL/0467 (4).jpg,0,real,test
data/CIFake/test/REAL/0298 (7).jpg,0,real,test
data/CIFake/test/REAL/0287 (4).jpg,0,real,test
data/CIFake/test/REAL/0251 (5).jpg,0,real,test
data/CIFake/test/REAL/0264 (2).jpg,0,real,test
data/CIFake/test/REAL/0389 (8).jpg,0,real,test
data/CIFake/test/REAL/0191 (6).jpg,0,real,test
data/CIFake/test/REAL/0067 (5).jpg,0,real,test
data/CIFake/test/REAL/0518 (8).jpg,0,real,test
data/CIFake/test/REAL/0941 (4).jpg,0,real,test
data/CIFake/test/REAL/0207 (3).jpg,0,real,test
data/CIFake/test/REAL/0722 (4).jpg,0,real,test
data/CIFake/test/REAL/0426 (7).jpg,0,real,test
data/CIFake/test/REAL/0605 (7).jpg,0,real,test
data/CIFake/test/REAL/0302 (3).jpg,0,real,test
data/CIFake/test/REAL/0336 (2).jpg,0,real,test
data/CIFake/test/REAL/0921 (6).jpg,0,real,test
data/CIFake/test/REAL/0056 (9).jpg,0,real,test
data/CIFake/test/REAL/0519 (3).jpg,0,real,test
data/CIFake/test/REAL/0563 (4).jpg,0,real,test
data/CIFake/test/REAL/0242 (4).jpg,0,real,test
data/CIFake/test/REAL/0610.jpg,0,real,test
data/CIFake/test/REAL/0734 (8).jpg,0,real,test
data/CIFake/test/REAL/0884 (6).jpg,0,real,test
data/CIFake/test/FAKE/338 (4).jpg,1,sd14_cifake,test
data/CIFake/test/FAKE/886 (4).jpg,1,sd14_cifake,test
data/CIFake/test/FAKE/543 (10).jpg,1,sd14_cifake,test
data/CIFake/test/FAKE/278 (10).jpg,1,sd14_cifake,test
data/CIFake/test/FAKE/134 (9).jpg,1,sd14_cifake,test
data/CIFake/test/FAKE/695 (9).jpg,1,sd14_cifake,test
data/CIFake/test/FAKE/835 (3).jpg,1,sd14_cifake,test
data/CIFake/test/FAKE/312 (2).jpg,1,sd14_cifake,test
data/CIFake/test/FAKE/774 (5).jpg,1,sd14_cifake,test
data/CIFake/test/FAKE/570 (7).jpg,1,sd14_cifake,test
data/CIFake/test/FAKE/328 (7).jpg,1,sd14_cifake,test
data/CIFake/test/FAKE/104 (10).jpg,1,sd14_cifake,test
data/CIFake/test/FAKE/903 (9).jpg,1,sd14_cifake,test
data/CIFake/test/FAKE/847 (4).jpg,1,sd14_cifake,test
data/CIFake/test/FAKE/587 (8).jpg,1,sd14_cifake,test
data/CIFake/test/FAKE/534 (3).jpg,1,sd14_cifake,test
data/CIFake/test/FAKE/798 (5).jpg,1,sd14_cifake,test
data/CIFake/test/FAKE/525 (9).jpg,1,sd14_cifake,test
data/CIFake/test/FAKE/944.jpg,1,sd14_cifake,test
data/CIFake/test/FAKE/314.jpg,1,sd14_cifake,test
data/CIFake/test/FAKE/932 (10).jpg,1,sd14_cifake,test
data/CIFake/test/FAKE/750 (4).jpg,1,sd14_cifake,test
data/CIFake/test/FAKE/598.jpg,1,sd14_cifake,test
data/CIFake/test/FAKE/264 (10).jpg,1,sd14_cifake,test
data/CIFake/test/FAKE/804 (8).jpg,1,sd14_cifake,test
data/CIFake/test/FAKE/157 (7).jpg,1,sd14_cifake,test
data/CIFake/test/FAKE/303 (5).jpg,1,sd14_cifake,test
data/CIFake/test/FAKE/910 (7).jpg,1,sd14_cifake,test
data/CIFake/test/FAKE/270 (5).jpg,1,sd14_cifake,test
data/CIFake/test/FAKE/552 (8).jpg,1,sd14_cifake,test
data/CIFake/test/FAKE/134 (7).jpg,1,sd14_cifake,test
data/CIFake/test/FAKE/691 (10).jpg,1,sd14_cifake,test
data/CIFake/test/FAKE/423 (10).jpg,1,sd14_cifake,test
data/CIFake/test/FAKE/756 (7).jpg,1,sd14_cifake,test
data/CIFake/test/FAKE/625 (6).jpg,1,sd14_cifake,test
data/CIFake/test/FAKE/234 (6).jpg,1,sd14_cifake,test
data/CIFake/test/FAKE/58 (8).jpg,1,sd14_cifake,test
data/CIFake/test/FAKE/18 (2).jpg,1,sd14_cifake,test
data/CIFake/test/FAKE/996 (4).jpg,1,sd14_cifake,test
data/CIFake/test/FAKE/386 (8).jpg,1,sd14_cifake,test
data/CIFake/test/FAKE/959 (9).jpg,1,sd14_cifake,test
data/CIFake/test/FAKE/875 (6).jpg,1,sd14_cifake,test
data/CIFake/test/FAKE/425.jpg,1,sd14_cifake,test
data/CIFake/test/FAKE/508 (4).jpg,1,sd14_cifake,test
data/CIFake/test/FAKE/387 (7).jpg,1,sd14_cifake,test
data/CIFake/test/FAKE/130.jpg,1,sd14_cifake,test
data/CIFake/test/FAKE/220.jpg,1,sd14_cifake,test
data/CIFake/test/FAKE/893 (2).jpg,1,sd14_cifake,test
data/CIFake/test/FAKE/755 (9).jpg,1,sd14_cifake,test
data/CIFake/test/FAKE/227 (2).jpg,1,sd14_cifake,test
data/CIFake/test/FAKE/853 (6).jpg,1,sd14_cifake,test
data/CIFake/test/FAKE/680 (3).jpg,1,sd14_cifake,test
data/CIFake/test/FAKE/385 (6).jpg,1,sd14_cifake,test
data/CIFake/test/FAKE/821 (6).jpg,1,sd14_cifake,test
data/CIFake/test/FAKE/567 (7).jpg,1,sd14_cifake,test
data/CIFake/test/FAKE/989 (3).jpg,1,sd14_cifake,test
data/CIFake/test/FAKE/991 (4).jpg,1,sd14_cifake,test
data/CIFake/test/FAKE/853 (2).jpg,1,sd14_cifake,test
data/CIFake/test/FAKE/180 (9).jpg,1,sd14_cifake,test
data/CIFake/test/FAKE/630 (6).jpg,1,sd14_cifake,test
data/CIFake/test/FAKE/685 (4).jpg,1,sd14_cifake,test
data/CIFake/test/FAKE/316 (4).jpg,1,sd14_cifake,test
data/CIFake/test/FAKE/729 (7).jpg,1,sd14_cifake,test
data/CIFake/test/FAKE/643 (7).jpg,1,sd14_cifake,test
data/CIFake/test/FAKE/668 (7).jpg,1,sd14_cifake,test
data/CIFake/test/FAKE/648 (9).jpg,1,sd14_cifake,test
data/CIFake/test/FAKE/115.jpg,1,sd14_cifake,test
data/CIFake/test/FAKE/518 (4).jpg,1,sd14_cifake,test
data/CIFake/test/FAKE/607 (2).jpg,1,sd14_cifake,test
data/CIFake/test/FAKE/616 (7).jpg,1,sd14_cifake,test
data/CIFake/test/FAKE/756 (10).jpg,1,sd14_cifake,test
data/CIFake/test/FAKE/926 (2).jpg,1,sd14_cifake,test
data/CIFake/test/FAKE/227 (6).jpg,1,sd14_cifake,test
data/CIFake/test/FAKE/416 (4).jpg,1,sd14_cifake,test
data/CIFake/test/FAKE/753 (9).jpg,1,sd14_cifake,test
data/CIFake/test/FAKE/710.jpg,1,sd14_cifake,test
data/CIFake/test/FAKE/750.jpg,1,sd14_cifake,test
data/CIFake/test/FAKE/523 (9).jpg,1,sd14_cifake,test
data/CIFake/test/FAKE/34 (4).jpg,1,sd14_cifake,test
data/CIFake/test/FAKE/723 (5).jpg,1,sd14_cifake,test
data/CIFake/test/FAKE/709 (7).jpg,1,sd14_cifake,test
data/CIFake/test/FAKE/303 (7).jpg,1,sd14_cifake,test
data/CIFake/test/FAKE/965 (10).jpg,1,sd14_cifake,test
data/CIFake/test/FAKE/980 (7).jpg,1,sd14_cifake,test
data/CIFake/test/FAKE/225 (10).jpg,1,sd14_cifake,test
data/CIFake/test/FAKE/31 (4).jpg,1,sd14_cifake,test
data/CIFake/test/FAKE/404 (5).jpg,1,sd14_cifake,test
data/CIFake/test/FAKE/545 (9).jpg,1,sd14_cifake,test
data/CIFake/test/FAKE/799 (7).jpg,1,sd14_cifake,test
data/CIFake/test/FAKE/873 (7).jpg,1,sd14_cifake,test
data/CIFake/test/FAKE/593 (6).jpg,1,sd14_cifake,test
data/CIFake/test/FAKE/196 (4).jpg,1,sd14_cifake,test
data/CIFake/test/FAKE/97 (8).jpg,1,sd14_cifake,test
data/CIFake/test/FAKE/652 (7).jpg,1,sd14_cifake,test
data/CIFake/test/FAKE/228.jpg,1,sd14_cifake,test
data/CIFake/test/FAKE/107 (9).jpg,1,sd14_cifake,test
data/CIFake/test/FAKE/701 (9).jpg,1,sd14_cifake,test
data/CIFake/test/FAKE/500 (9).jpg,1,sd14_cifake,test
data/CIFake/test/FAKE/71 (2).jpg,1,sd14_cifake,test
data/CIFake/test/FAKE/356 (6).jpg,1,sd14_cifake,test
data/CIFake/test/FAKE/918 (7).jpg,1,sd14_cifake,test
data/CIFake/test/FAKE/780 (2).jpg,1,sd14_cifake,test
data/CIFake/test/FAKE/936 (5).jpg,1,sd14_cifake,test
data/CIFake/test/FAKE/30 (4).jpg,1,sd14_cifake,test
data/CIFake/test/FAKE/392 (5).jpg,1,sd14_cifake,test
data/CIFake/test/FAKE/372 (8).jpg,1,sd14_cifake,test
data/CIFake/test/FAKE/661 (5).jpg,1,sd14_cifake,test
data/CIFake/test/FAKE/525 (3).jpg,1,sd14_cifake,test
data/CIFake/test/FAKE/915 (5).jpg,1,sd14_cifake,test
data/CIFake/test/FAKE/821 (8).jpg,1,sd14_cifake,test
data/CIFake/test/FAKE/160 (2).jpg,1,sd14_cifake,test
data/CIFake/test/FAKE/543 (8).jpg,1,sd14_cifake,test
data/CIFake/test/FAKE/961 (9).jpg,1,sd14_cifake,test
data/CIFake/test/FAKE/546.jpg,1,sd14_cifake,test
data/CIFake/test/FAKE/827 (6).jpg,1,sd14_cifake,test
data/CIFake/test/FAKE/923 (4).jpg,1,sd14_cifake,test
data/CIFake/test/FAKE/782 (4).jpg,1,sd14_cifake,test
data/CIFake/test/FAKE/429 (9).jpg,1,sd14_cifake,test
data/CIFake/test/FAKE/137.jpg,1,sd14_cifake,test
data/CIFake/test/FAKE/101 (10).jpg,1,sd14_cifake,test
data/CIFake/test/FAKE/325 (4).jpg,1,sd14_cifake,test
data/CIFake/test/FAKE/486 (4).jpg,1,sd14_cifake,test
data/CIFake/test/FAKE/540 (8).jpg,1,sd14_cifake,test
data/CIFake/test/FAKE/796 (3).jpg,1,sd14_cifake,test
data/CIFake/test/FAKE/281 (5).jpg,1,sd14_cifake,test
data/CIFake/test/FAKE/522 (4).jpg,1,sd14_cifake,test
data/CIFake/test/FAKE/713 (5).jpg,1,sd14_cifake,test
data/CIFake/test/FAKE/362 (9).jpg,1,sd14_cifake,test
data/CIFake/test/FAKE/823.jpg,1,sd14_cifake,test
data/CIFake/test/FAKE/459.jpg,1,sd14_cifake,test
data/CIFake/test/FAKE/14 (7).jpg,1,sd14_cifake,test
data/CIFake/test/FAKE/274 (6).jpg,1,sd14_cifake,test
data/CIFake/test/FAKE/507 (2).jpg,1,sd14_cifake,test
data/CIFake/test/FAKE/825 (9).jpg,1,sd14_cifake,test
data/CIFake/test/FAKE/197 (4).jpg,1,sd14_cifake,test
data/CIFake/test/FAKE/982 (3).jpg,1,sd14_cifake,test
data/CIFake/test/FAKE/631 (8).jpg,1,sd14_cifake,test
data/CIFake/test/FAKE/956 (10).jpg,1,sd14_cifake,test
data/CIFake/test/FAKE/807 (3).jpg,1,sd14_cifake,test
data/CIFake/test/FAKE/932 (7).jpg,1,sd14_cifake,test
data/CIFake/test/FAKE/741 (5).jpg,1,sd14_cifake,test
data/CIFake/test/FAKE/479 (6).jpg,1,sd14_cifake,test
data/CIFake/test/FAKE/80.jpg,1,sd14_cifake,test
data/CIFake/test/FAKE/274.jpg,1,sd14_cifake,test
data/CIFake/test/FAKE/649 (5).jpg,1,sd14_cifake,test
data/CIFake/test/FAKE/854 (8).jpg,1,sd14_cifake,test
data/CIFake/test/FAKE/947 (6).jpg,1,sd14_cifake,test
data/CIFake/test/FAKE/123 (8).jpg,1,sd14_cifake,test
data/CIFake/test/FAKE/481 (3).jpg,1,sd14_cifake,test
data/CIFake/test/FAKE/338 (9).jpg,1,sd14_cifake,test
data/CIFake/test/FAKE/956.jpg,1,sd14_cifake,test
data/CIFake/test/FAKE/184 (9).jpg,1,sd14_cifake,test
data/CIFake/test/FAKE/313 (5).jpg,1,sd14_cifake,test
data/CIFake/test/FAKE/57 (8).jpg,1,sd14_cifake,test
data/CIFake/test/FAKE/779 (4).jpg,1,sd14_cifake,test
data/CIFake/test/FAKE/298.jpg,1,sd14_cifake,test
data/CIFake/test/FAKE/339 (6).jpg,1,sd14_cifake,test
data/CIFake/test/FAKE/176 (7).jpg,1,sd14_cifake,test
data/CIFake/test/FAKE/50 (8).jpg,1,sd14_cifake,test
data/CIFake/test/FAKE/630 (8).jpg,1,sd14_cifake,test
data/CIFake/test/FAKE/717 (4).jpg,1,sd14_cifake,test
data/CIFake/test/FAKE/623 (3).jpg,1,sd14_cifake,test
data/CIFake/test/FAKE/17 (9).jpg,1,sd14_cifake,test
data/CIFake/test/FAKE/525.jpg,1,sd14_cifake,test
data/CIFake/test/FAKE/528 (9).jpg,1,sd14_cifake,test
data/CIFake/test/FAKE/88 (8).jpg,1,sd14_cifake,test
data/CIFake/test/FAKE/210 (9).jpg,1,sd14_cifake,test
data/CIFake/test/FAKE/856.jpg,1,sd14_cifake,test
data/CIFake/test/FAKE/384 (6).jpg,1,sd14_cifake,test
data/CIFake/test/FAKE/369 (3).jpg,1,sd14_cifake,test
data/CIFake/test/FAKE/237 (9).jpg,1,sd14_cifake,test
data/CIFake/test/FAKE/982 (10).jpg,1,sd14_cifake,test
data/CIFake/test/FAKE/344 (9).jpg,1,sd14_cifake,test
data/CIFake/test/FAKE/90 (9).jpg,1,sd14_cifake,test
data/CIFake/test/FAKE/574 (6).jpg,1,sd14_cifake,test
data/CIFake/test/FAKE/565 (10).jpg,1,sd14_cifake,test
data/CIFake/test/FAKE/542 (3).jpg,1,sd14_cifake,test
data/CIFake/test/FAKE/499 (8).jpg,1,sd14_cifake,test
data/CIFake/test/FAKE/632.jpg,1,sd14_cifake,test
data/CIFake/test/FAKE/24 (10).jpg,1,sd14_cifake,test
data/CIFake/test/FAKE/887 (6).jpg,1,sd14_cifake,test
data/CIFake/test/FAKE/954 (4).jpg,1,sd14_cifake,test
data/CIFake/test/FAKE/617 (2).jpg,1,sd14_cifake,test
data/CIFake/test/FAKE/31 (5).jpg,1,sd14_cifake,test
data/CIFake/test/FAKE/117 (2).jpg,1,sd14_cifake,test
data/CIFake/test/FAKE/862.jpg,1,sd14_cifake,test
data/CIFake/test/FAKE/513 (10).jpg,1,sd14_cifake,test
data/CIFake/test/FAKE/649 (2).jpg,1,sd14_cifake,test
data/CIFake/test/FAKE/813 (5).jpg,1,sd14_cifake,test
data/CIFake/test/FAKE/706 (10).jpg,1,sd14_cifake,test
data/CIFake/test/FAKE/60 (6).jpg,1,sd14_cifake,test
data/CIFake/test/FAKE/339 (2).jpg,1,sd14_cifake,test
data/CIFake/test/FAKE/249 (9).jpg,1,sd14_cifake,test
data/CIFake/test/FAKE/419.jpg,1,sd14_cifake,test
data/CIFake/test/FAKE/326 (3).jpg,1,sd14_cifake,test
data/CIFake/test/FAKE/840 (8).jpg,1,sd14_cifake,test
data/CIFake/test/FAKE/424 (3).jpg,1,sd14_cifake,test
data/CIFake/test/FAKE/376 (8).jpg,1,sd14_cifake,test
data/CIFake/test/FAKE/922 (4).jpg,1,sd14_cifake,test
data/CIFake/test/FAKE/874 (3).jpg,1,sd14_cifake,test
data/CIFake/test/FAKE/883 (8).jpg,1,sd14_cifake,test
data/CIFake/test/FAKE/910.jpg,1,sd14_cifake,test
data/CIFake/test/FAKE/266 (8).jpg,1,sd14_cifake,test
data/CIFake/test/FAKE/713 (8).jpg,1,sd14_cifake,test
data/CIFake/test/FAKE/778 (5).jpg,1,sd14_cifake,test
data/CIFake/test/FAKE/210 (2).jpg,1,sd14_cifake,test
data/CIFake/test/FAKE/27.jpg,1,sd14_cifake,test
data/CIFake/test/FAKE/292 (10).jpg,1,sd14_cifake,test
data/CIFake/test/FAKE/123 (5).jpg,1,sd14_cifake,test
data/CIFake/test/FAKE/805 (7).jpg,1,sd14_cifake,test
data/CIFake/test/FAKE/611 (6).jpg,1,sd14_cifake,test
data/CIFake/test/FAKE/558 (5).jpg,1,sd14_cifake,test
data/CIFake/test/FAKE/633 (10).jpg,1,sd14_cifake,test
data/CIFake/test/FAKE/302 (8).jpg,1,sd14_cifake,test
data/CIFake/test/FAKE/750 (10).jpg,1,sd14_cifake,test
data/CIFake/test/FAKE/980 (2).jpg,1,sd14_cifake,test
data/CIFake/test/FAKE/870 (10).jpg,1,sd14_cifake,test
data/CIFake/test/FAKE/602 (5).jpg,1,sd14_cifake,test
data/CIFake/test/FAKE/352 (2).jpg,1,sd14_cifake,test
data/CIFake/test/FAKE/548 (2).jpg,1,sd14_cifake,test
data/CIFake/test/FAKE/140 (2).jpg,1,sd14_cifake,test
data/CIFake/test/FAKE/273 (4).jpg,1,sd14_cifake,test
data/CIFake/test/FAKE/426 (4).jpg,1,sd14_cifake,test
data/CIFake/test/FAKE/288 (9).jpg,1,sd14_cifake,test
data/CIFake/test/FAKE/308 (3).jpg,1,sd14_cifake,test
data/CIFake/test/FAKE/432 (3).jpg,1,sd14_cifake,test
data/CIFake/test/FAKE/551 (7).jpg,1,sd14_cifake,test
data/CIFake/test/FAKE/283 (4).jpg,1,sd14_cifake,test
data/CIFake/test/FAKE/407 (9).jpg,1,sd14_cifake,test
data/CIFake/test/FAKE/290 (4).jpg,1,sd14_cifake,test
data/CIFake/test/FAKE/213 (8).jpg,1,sd14_cifake,test
data/CIFake/test/FAKE/725 (10).jpg,1,sd14_cifake,test
data/CIFake/test/FAKE/263 (10).jpg,1,sd14_cifake,test
data/CIFake/test/FAKE/212 (4).jpg,1,sd14_cifake,test
data/CIFake/test/FAKE/125 (9).jpg,1,sd14_cifake,test
data/CIFake/test/FAKE/812 (5).jpg,1,sd14_cifake,test
data/CIFake/test/FAKE/734 (6).jpg,1,sd14_cifake,test
data/CIFake/test/FAKE/160 (7).jpg,1,sd14_cifake,test
data/CIFake/test/FAKE/388 (8).jpg,1,sd14_cifake,test
data/CIFake/test/FAKE/257 (7).jpg,1,sd14_cifake,test
data/CIFake/test/FAKE/146 (8).jpg,1,sd14_cifake,test
data/CIFake/test/FAKE/856 (3).jpg,1,sd14_cifake,test
data/CIFake/test/FAKE/973 (9).jpg,1,sd14_cifake,test
data/CIFake/test/FAKE/186 (2).jpg,1,sd14_cifake,test
data/CIFake/test/FAKE/790 (6).jpg,1,sd14_cifake,test
data/CIFake/test/FAKE/273 (9).jpg,1,sd14_cifake,test
data/CIFake/test/FAKE/471 (6).jpg,1,sd14_cifake,test
data/CIFake/test/FAKE/161.jpg,1,sd14_cifake,test
data/CIFake/test/FAKE/196 (6).jpg,1,sd14_cifake,test
data/CIFake/test/FAKE/543 (3).jpg,1,sd14_cifake,test
data/CIFake/test/FAKE/112 (9).jpg,1,sd14_cifake,test
data/CIFake/test/FAKE/240 (2).jpg,1,sd14_cifake,test
data/CIFake/test/FAKE/280 (9).jpg,1,sd14_cifake,test
data/CIFake/test/FAKE/986.jpg,1,sd14_cifake,test
data/CIFake/test/FAKE/400 (6).jpg,1,sd14_cifake,test
data/CIFake/test/FAKE/965 (8).jpg,1,sd14_cifake,test
data/CIFake/test/FAKE/393 (8).jpg,1,sd14_cifake,test
data/CIFake/test/FAKE/370 (8).jpg,1,sd14_cifake,test
data/CIFake/test/FAKE/616.jpg,1,sd14_cifake,test
data/CIFake/test/FAKE/140.jpg,1,sd14_cifake,test
data/CIFake/test/FAKE/231 (8).jpg,1,sd14_cifake,test
data/CIFake/test/FAKE/312 (5).jpg,1,sd14_cifake,test
data/CIFake/test/FAKE/507 (5).jpg,1,sd14_cifake,test
data/CIFake/test/FAKE/953 (9).jpg,1,sd14_cifake,test
data/CIFake/test/FAKE/610 (9).jpg,1,sd14_cifake,test
data/CIFake/test/FAKE/618 (10).jpg,1,sd14_cifake,test
data/CIFake/test/FAKE/335 (10).jpg,1,sd14_cifake,test
data/CIFake/test/FAKE/837 (3).jpg,1,sd14_cifake,test
data/CIFake/test/FAKE/455 (3).jpg,1,sd14_cifake,test
data/CIFake/test/FAKE/843 (3).jpg,1,sd14_cifake,test
data/CIFake/test/FAKE/94 (3).jpg,1,sd14_cifake,test
data/CIFake/test/FAKE/199.jpg,1,sd14_cifake,test
data/CIFake/test/FAKE/244 (4).jpg,1,sd14_cifake,test
data/CIFake/test/FAKE/951 (3).jpg,1,sd14_cifake,test
data/CIFake/test/FAKE/118.jpg,1,sd14_cifake,test
data/CIFake/test/FAKE/879 (5).jpg,1,sd14_cifake,test
data/CIFake/test/FAKE/418 (6).jpg,1,sd14_cifake,test
data/CIFake/test/FAKE/380 (9).jpg,1,sd14_cifake,test
data/CIFake/test/FAKE/513 (8).jpg,1,sd14_cifake,test
data/CIFake/test/FAKE/351 (5).jpg,1,sd14_cifake,test
data/CIFake/test/FAKE/891 (10).jpg,1,sd14_cifake,test
data/CIFake/test/FAKE/243 (7).jpg,1,sd14_cifake,test
data/CIFake/test/FAKE/413 (7).jpg,1,sd14_cifake,test
data/CIFake/test/FAKE/842 (10).jpg,1,sd14_cifake,test
data/CIFake/test/FAKE/799 (8).jpg,1,sd14_cifake,test
data/CIFake/test/FAKE/639 (5).jpg,1,sd14_cifake,test
data/CIFake/test/FAKE/968 (7).jpg,1,sd14_cifake,test
data/CIFake/test/FAKE/371 (4).jpg,1,sd14_cifake,test
data/CIFake/test/FAKE/747 (4).jpg,1,sd14_cifake,test
data/CIFake/test/FAKE/256 (9).jpg,1,sd14_cifake,test
data/CIFake/test/FAKE/365 (4).jpg,1,sd14_cifake,test
data/CIFake/test/FAKE/621 (4).jpg,1,sd14_cifake,test
data/CIFake/test/FAKE/658.jpg,1,sd14_cifake,test
data/CIFake/test/FAKE/723 (9).jpg,1,sd14_cifake,test
data/CIFake/test/FAKE/414 (10).jpg,1,sd14_cifake,test
data/CIFake/test/FAKE/857 (6).jpg,1,sd14_cifake,test
data/CIFake/test/FAKE/433 (9).jpg,1,sd14_cifake,test
data/CIFake/test/FAKE/7 (8).jpg,1,sd14_cifake,test
data/CIFake/test/FAKE/264 (9).jpg,1,sd14_cifake,test
data/CIFake/test/FAKE/561.jpg,1,sd14_cifake,test
data/CIFake/test/FAKE/280 (6).jpg,1,sd14_cifake,test
data/CIFake/test/FAKE/786 (4).jpg,1,sd14_cifake,test
data/CIFake/test/FAKE/260 (8).jpg,1,sd14_cifake,test
data/CIFake/test/FAKE/865 (6).jpg,1,sd14_cifake,test
data/CIFake/test/FAKE/299 (7).jpg,1,sd14_cifake,test
data/CIFake/test/FAKE/83 (4).jpg,1,sd14_cifake,test
data/CIFake/test/FAKE/630 (9).jpg,1,sd14_cifake,test
data/CIFake/test/FAKE/523 (4).jpg,1,sd14_cifake,test
data/CIFake/test/FAKE/92 (9).jpg,1,sd14_cifake,test
data/CIFake/test/FAKE/158 (6).jpg,1,sd14_cifake,test
data/CIFake/test/FAKE/219 (8).jpg,1,sd14_cifake,test
data/CIFake/test/FAKE/582 (6).jpg,1,sd14_cifake,test
data/CIFake/test/FAKE/826 (9).jpg,1,sd14_cifake,test
data/CIFake/test/FAKE/269 (6).jpg,1,sd14_cifake,test
data/CIFake/test/FAKE/666 (5).jpg,1,sd14_cifake,test
data/CIFake/test/FAKE/516 (7).jpg,1,sd14_cifake,test
data/CIFake/test/FAKE/772 (7).jpg,1,sd14_cifake,test
data/CIFake/test/FAKE/984 (7).jpg,1,sd14_cifake,test
data/CIFake/test/FAKE/559 (2).jpg,1,sd14_cifake,test
data/CIFake/test/FAKE/753 (4).jpg,1,sd14_cifake,test
data/CIFake/test/FAKE/431 (10).jpg,1,sd14_cifake,test
data/CIFake/test/FAKE/915 (6).jpg,1,sd14_cifake,test
data/CIFake/test/FAKE/7 (3).jpg,1,sd14_cifake,test
data/CIFake/test/FAKE/527 (2).jpg,1,sd14_cifake,test
data/CIFake/test/FAKE/73 (2).jpg,1,sd14_cifake,test
data/CIFake/test/FAKE/377 (4).jpg,1,sd14_cifake,test
data/CIFake/test/FAKE/200 (10).jpg,1,sd14_cifake,test
data/CIFake/test/FAKE/80 (4).jpg,1,sd14_cifake,test
data/CIFake/test/FAKE/640 (10).jpg,1,sd14_cifake,test
data/CIFake/test/FAKE/362 (8).jpg,1,sd14_cifake,test
data/CIFake/test/FAKE/116.jpg,1,sd14_cifake,test
data/CIFake/test/FAKE/823 (6).jpg,1,sd14_cifake,test
data/CIFake/test/FAKE/253 (4).jpg,1,sd14_cifake,test
data/CIFake/test/FAKE/683 (5).jpg,1,sd14_cifake,test
data/CIFake/test/FAKE/744 (8).jpg,1,sd14_cifake,test
data/CIFake/test/FAKE/87 (4).jpg,1,sd14_cifake,test
data/CIFake/test/FAKE/223 (3).jpg,1,sd14_cifake,test
data/CIFake/test/FAKE/274 (4).jpg,1,sd14_cifake,test
data/CIFake/test/FAKE/309 (9).jpg,1,sd14_cifake,test
data/CIFake/test/FAKE/680 (9).jpg,1,sd14_cifake,test
data/CIFake/test/FAKE/69 (4).jpg,1,sd14_cifake,test
data/CIFake/test/FAKE/97 (6).jpg,1,sd14_cifake,test
data/CIFake/test/FAKE/248 (7).jpg,1,sd14_cifake,test
data/CIFake/test/FAKE/347 (5).jpg,1,sd14_cifake,test
data/CIFake/test/FAKE/194 (10).jpg,1,sd14_cifake,test
data/CIFake/test/FAKE/634.jpg,1,sd14_cifake,test
data/CIFake/test/FAKE/392 (2).jpg,1,sd14_cifake,test
data/CIFake/test/FAKE/598 (9).jpg,1,sd14_cifake,test
data/CIFake/test/FAKE/394 (2).jpg,1,sd14_cifake,test
data/CIFake/test/FAKE/976 (8).jpg,1,sd14_cifake,test
data/CIFake/test/FAKE/695 (4).jpg,1,sd14_cifake,test
data/CIFake/test/FAKE/28 (2).jpg,1,sd14_cifake,test
data/CIFake/test/FAKE/441 (6).jpg,1,sd14_cifake,test
data/CIFake/test/FAKE/724 (9).jpg,1,sd14_cifake,test
data/CIFake/test/FAKE/834 (8).jpg,1,sd14_cifake,test
data/CIFake/test/FAKE/509 (4).jpg,1,sd14_cifake,test
data/CIFake/test/FAKE/957 (5).jpg,1,sd14_cifake,test
data/CIFake/test/FAKE/974 (7).jpg,1,sd14_cifake,test
data/CIFake/test/FAKE/500 (3).jpg,1,sd14_cifake,test
data/CIFake/test/FAKE/689 (8).jpg,1,sd14_cifake,test
data/CIFake/test/FAKE/623 (5).jpg,1,sd14_cifake,test
data/CIFake/test/FAKE/80 (6).jpg,1,sd14_cifake,test
data/CIFake/test/FAKE/695 (7).jpg,1,sd14_cifake,test
data/CIFake/test/FAKE/812 (9).jpg,1,sd14_cifake,test
data/CIFake/test/FAKE/852.jpg,1,sd14_cifake,test
data/CIFake/test/FAKE/509.jpg,1,sd14_cifake,test
data/CIFake/test/FAKE/315 (5).jpg,1,sd14_cifake,test
data/CIFake/test/FAKE/769 (9).jpg,1,sd14_cifake,test
data/CIFake/test/FAKE/258 (10).jpg,1,sd14_cifake,test
data/CIFake/test/FAKE/279 (2).jpg,1,sd14_cifake,test
data/CIFake/test/FAKE/468 (8).jpg,1,sd14_cifake,test
data/CIFake/test/FAKE/82 (8).jpg,1,sd14_cifake,test
data/CIFake/test/FAKE/831 (8).jpg,1,sd14_cifake,test
data/CIFake/test/FAKE/439 (2).jpg,1,sd14_cifake,test
data/CIFake/test/FAKE/297 (6).jpg,1,sd14_cifake,test
data/CIFake/test/FAKE/141 (7).jpg,1,sd14_cifake,test
data/CIFake/test/FAKE/245 (2).jpg,1,sd14_cifake,test
data/CIFake/test/FAKE/176 (6).jpg,1,sd14_cifake,test
data/CIFake/test/FAKE/199 (8).jpg,1,sd14_cifake,test
data/CIFake/test/FAKE/833 (2).jpg,1,sd14_cifake,test
data/CIFake/test/FAKE/137 (9).jpg,1,sd14_cifake,test
data/CIFake/test/FAKE/362 (5).jpg,1,sd14_cifake,test
data/CIFake/test/FAKE/662.jpg,1,sd14_cifake,test
data/CIFake/test/FAKE/990 (6).jpg,1,sd14_cifake,test
data/CIFake/test/FAKE/580 (7).jpg,1,sd14_cifake,test
data/CIFake/test/FAKE/323 (3).jpg,1,sd14_cifake,test
data/CIFake/test/FAKE/545 (10).jpg,1,sd14_cifake,test
data/CIFake/test/FAKE/24 (9).jpg,1,sd14_cifake,test
data/CIFake/test/FAKE/210 (4).jpg,1,sd14_cifake,test
data/CIFake/test/FAKE/865 (9).jpg,1,sd14_cifake,test
data/CIFake/test/FAKE/824 (5).jpg,1,sd14_cifake,test
data/CIFake/test/FAKE/786 (6).jpg,1,sd14_cifake,test
data/CIFake/test/FAKE/396 (9).jpg,1,sd14_cifake,test
data/CIFake/test/FAKE/530.jpg,1,sd14_cifake,test
data/CIFake/test/FAKE/832 (8).jpg,1,sd14_cifake,test
data/CIFake/test/FAKE/821 (3).jpg,1,sd14_cifake,test
data/CIFake/test/FAKE/843 (10).jpg,1,sd14_cifake,test
data/CIFake/test/FAKE/484 (8).jpg,1,sd14_cifake,test
data/CIFake/test/FAKE/899 (8).jpg,1,sd14_cifake,test
data/CIFake/test/FAKE/604.jpg,1,sd14_cifake,test
data/CIFake/test/FAKE/896 (7).jpg,1,sd14_cifake,test
data/CIFake/test/FAKE/904 (6).jpg,1,sd14_cifake,test
data/CIFake/test/FAKE/123.jpg,1,sd14_cifake,test
data/CIFake/test/FAKE/144 (8).jpg,1,sd14_cifake,test
data/CIFake/test/FAKE/733 (2).jpg,1,sd14_cifake,test
data/CIFake/test/FAKE/274 (2).jpg,1,sd14_cifake,test
data/CIFake/test/FAKE/664 (6).jpg,1,sd14_cifake,test
data/CIFake/test/FAKE/762 (5).jpg,1,sd14_cifake,test
data/CIFake/test/FAKE/562 (4).jpg,1,sd14_cifake,test
data/CIFake/test/FAKE/653 (6).jpg,1,sd14_cifake,test
data/CIFake/test/FAKE/751 (10).jpg,1,sd14_cifake,test
data/CIFake/test/FAKE/777 (2).jpg,1,sd14_cifake,test
data/CIFake/test/FAKE/150.jpg,1,sd14_cifake,test
data/CIFake/test/FAKE/146 (9).jpg,1,sd14_cifake,test
data/CIFake/test/FAKE/359 (8).jpg,1,sd14_cifake,test
data/CIFake/test/FAKE/92 (10).jpg,1,sd14_cifake,test
data/CIFake/test/FAKE/545 (6).jpg,1,sd14_cifake,test
data/CIFake/test/FAKE/34.jpg,1,sd14_cifake,test
data/CIFake/test/FAKE/823 (3).jpg,1,sd14_cifake,test
data/CIFake/test/FAKE/733 (7).jpg,1,sd14_cifake,test
data/CIFake/test/FAKE/297 (4).jpg,1,sd14_cifake,test
data/CIFake/test/FAKE/559.jpg,1,sd14_cifake,test
data/CIFake/test/FAKE/672 (5).jpg,1,sd14_cifake,test
data/CIFake/test/FAKE/817 (7).jpg,1,sd14_cifake,test
data/CIFake/test/FAKE/26 (3).jpg,1,sd14_cifake,test
data/CIFake/test/FAKE/938 (10).jpg,1,sd14_cifake,test
data/CIFake/test/FAKE/915 (4).jpg,1,sd14_cifake,test
data/CIFake/test/FAKE/894 (8).jpg,1,sd14_cifake,test
data/CIFake/test/FAKE/942 (6).jpg,1,sd14_cifake,test
data/CIFake/test/FAKE/791 (8).jpg,1,sd14_cifake,test
data/CIFake/test/FAKE/80 (8).jpg,1,sd14_cifake,test
data/CIFake/test/FAKE/928 (2).jpg,1,sd14_cifake,test
data/CIFake/test/FAKE/329 (10).jpg,1,sd14_cifake,test
data/CIFake/test/FAKE/846 (2).jpg,1,sd14_cifake,test
data/CIFake/test/FAKE/180 (4).jpg,1,sd14_cifake,test
data/CIFake/test/FAKE/676 (3).jpg,1,sd14_cifake,test
data/CIFake/test/FAKE/487 (6).jpg,1,sd14_cifake,test
data/CIFake/test/FAKE/828 (6).jpg,1,sd14_cifake,test
data/CIFake/test/FAKE/970 (4).jpg,1,sd14_cifake,test
data/CIFake/test/FAKE/655.jpg,1,sd14_cifake,test
data/CIFake/test/FAKE/618.jpg,1,sd14_cifake,test
data/CIFake/test/FAKE/518 (10).jpg,1,sd14_cifake,test
data/CIFake/test/FAKE/571 (10).jpg,1,sd14_cifake,test
data/CIFake/test/FAKE/189 (7).jpg,1,sd14_cifake,test
data/CIFake/test/FAKE/14 (2).jpg,1,sd14_cifake,test
data/CIFake/test/FAKE/97 (5).jpg,1,sd14_cifake,test
data/CIFake/test/FAKE/164.jpg,1,sd14_cifake,test
data/CIFake/test/FAKE/288 (10).jpg,1,sd14_cifake,test
data/CIFake/test/FAKE/639 (4).jpg,1,sd14_cifake,test
data/CIFake/test/FAKE/612 (6).jpg,1,sd14_cifake,test
data/CIFake/test/FAKE/96 (8).jpg,1,sd14_cifake,test
data/CIFake/test/FAKE/138 (10).jpg,1,sd14_cifake,test
data/CIFake/test/FAKE/601 (2).jpg,1,sd14_cifake,test
data/CIFake/test/FAKE/66 (6).jpg,1,sd14_cifake,test
data/CIFake/test/FAKE/241 (5).jpg,1,sd14_cifake,test
data/CIFake/test/FAKE/73 (5).jpg,1,sd14_cifake,test
data/CIFake/test/FAKE/607 (5).jpg,1,sd14_cifake,test
data/CIFake/test/FAKE/705.jpg,1,sd14_cifake,test
data/CIFake/test/FAKE/616 (6).jpg,1,sd14_cifake,test
data/CIFake/test/FAKE/181 (5).jpg,1,sd14_cifake,test
data/CIFake/test/FAKE/459 (2).jpg,1,sd14_cifake,test
data/CIFake/test/FAKE/463 (7).jpg,1,sd14_cifake,test
data/CIFake/test/FAKE/444 (5).jpg,1,sd14_cifake,test
data/CIFake/test/FAKE/559 (4).jpg,1,sd14_cifake,test
data/CIFake/test/FAKE/972 (9).jpg,1,sd14_cifake,test
data/CIFake/test/FAKE/223 (2).jpg,1,sd14_cifake,test
data/CIFake/test/FAKE/195 (4).jpg,1,sd14_cifake,test
data/CIFake/test/FAKE/548 (6).jpg,1,sd14_cifake,test
data/CIFake/test/FAKE/267 (6).jpg,1,sd14_cifake,test
data/CIFake/test/FAKE/597 (2).jpg,1,sd14_cifake,test
data/CIFake/test/FAKE/349 (2).jpg,1,sd14_cifake,test
data/CIFake/test/FAKE/127 (3).jpg,1,sd14_cifake,test
data/CIFake/test/FAKE/58 (4).jpg,1,sd14_cifake,test
data/CIFake/test/FAKE/153 (3).jpg,1,sd14_cifake,test
data/CIFake/test/FAKE/779 (2).jpg,1,sd14_cifake,test
data/CIFake/test/FAKE/721 (2).jpg,1,sd14_cifake,test
data/CIFake/test/FAKE/936 (7).jpg,1,sd14_cifake,test
data/CIFake/test/FAKE/858 (4).jpg,1,sd14_cifake,test
data/CIFake/test/FAKE/72 (10).jpg,1,sd14_cifake,test
data/CIFake/test/FAKE/491 (9).jpg,1,sd14_cifake,test
data/CIFake/test/FAKE/128 (5).jpg,1,sd14_cifake,test
data/CIFake/test/FAKE/791 (6).jpg,1,sd14_cifake,test
data/CIFake/test/FAKE/966 (4).jpg,1,sd14_cifake,test
data/CIFake/test/FAKE/130 (5).jpg,1,sd14_cifake,test
data/CIFake/test/FAKE/565 (6).jpg,1,sd14_cifake,test
data/CIFake/test/FAKE/655 (9).jpg,1,sd14_cifake,test
data/CIFake/test/FAKE/94 (5).jpg,1,sd14_cifake,test
data/CIFake/test/FAKE/674 (5).jpg,1,sd14_cifake,test
data/CIFake/test/FAKE/574 (3).jpg,1,sd14_cifake,test
data/CIFake/test/FAKE/943 (10).jpg,1,sd14_cifake,test
data/CIFake/test/FAKE/242 (2).jpg,1,sd14_cifake,test
data/CIFake/test/FAKE/819 (2).jpg,1,sd14_cifake,test
data/CIFake/test/FAKE/245.jpg,1,sd14_cifake,test
data/CIFake/test/FAKE/401 (4).jpg,1,sd14_cifake,test
data/CIFake/test/FAKE/594 (5).jpg,1,sd14_cifake,test
data/CIFake/test/FAKE/830 (9).jpg,1,sd14_cifake,test
data/CIFake/test/FAKE/84 (8).jpg,1,sd14_cifake,test
data/CIFake/test/FAKE/6 (4).jpg,1,sd14_cifake,test
data/CIFake/test/FAKE/344 (10).jpg,1,sd14_cifake,test
data/CIFake/test/FAKE/54 (8).jpg,1,sd14_cifake,test
